horizon_min,feature_set,model,split,candidate_regime,rows,mae,rmse,median_ae,r2,mean_bias_error,p90_absolute_error,p95_absolute_error
1,A_raw,extra_trees,test,abnormal_target_candidate,86,0.4090264211886302,0.5957644501249285,0.2356583333333342,0.5030032456551417,0.2727623385012917,1.044905555555558,1.2998791666666651
1,A_raw,extra_trees,test,missing_sensor_candidate,996,0.2847294399821509,0.35842640334230724,0.2352361111111101,0.21441522245628553,0.09348118585452932,0.5832777777777789,0.6779486111111108
1,A_raw,extra_trees,test,ordinary,2294,0.26412642739513714,0.32281902060080764,0.23556388888888868,0.34902435279442146,0.07888805725079916,0.5274527777777781,0.6053412499999992
1,A_raw,extra_trees,test,stable_candidate,2657,0.2687161408020743,0.32877438757130145,0.23757222222222474,0.3255852409986403,0.09757943273533226,0.5330888888888907,0.619456666666667
1,A_raw,extra_trees,test,startup_shutdown_candidate,41,0.2182892953929544,0.4713084256279549,0.08244444444444454,0.1624867890264483,0.06934972899728963,0.23817222222222156,1.490538888888894
1,A_raw,extra_trees,test,transition_candidate,572,0.2696479312354311,0.3376768414125724,0.22832222222222143,0.39500235548399976,0.0787186674436674,0.5619494444444433,0.6277416666666663
1,A_raw,extra_trees,valid,abnormal_target_candidate,48,0.6547658564814807,0.7147392612299467,0.7070722222222203,-1.855495646816589,0.6020410879629621,0.9859344444444436,1.0809386111111101
1,A_raw,extra_trees,valid,missing_sensor_candidate,661,0.35484330223566996,0.4301375197912962,0.3232888888888876,-0.003561669148606672,0.17962094553706545,0.6733777777777785,0.7838555555555562
1,A_raw,extra_trees,valid,ordinary,2250,0.2981751160493827,0.3806959159853492,0.2657333333333334,0.277027894826946,0.11657230123456794,0.5979505555555575,0.7175194444444443
1,A_raw,extra_trees,valid,stable_candidate,2512,0.29099154148973816,0.36278374692465415,0.2475805555555537,0.30053819679875926,0.12223248098018402,0.6104044444444446,0.7161722222222232
1,A_raw,extra_trees,valid,startup_shutdown_candidate,360,0.3460862577160496,0.4490557828444864,0.31170000000000186,-0.6740633707287056,-0.2595216589506177,0.6651700000000005,0.7443174999999996
1,A_raw,extra_trees,valid,transition_candidate,814,0.3062259493584494,0.3737492067288386,0.27129722222222163,0.12431338945249937,0.07061798867048881,0.6147622222222235,0.7258155555555549
1,A_raw,hist_gradient_boosting,test,abnormal_target_candidate,86,0.5777167315243612,0.7977024705598947,0.3686064277276042,0.10898245240730509,0.5265739289009118,1.4000776441960303,1.6655830291735225
1,A_raw,hist_gradient_boosting,test,missing_sensor_candidate,996,0.3338696237455794,0.4108727108574839,0.2944664902812706,-0.032304132142106035,0.10993953735314521,0.6699925822738022,0.7460656797134297
1,A_raw,hist_gradient_boosting,test,ordinary,2294,0.3311630766426179,0.3961365205561461,0.31150199440055637,0.019751297277189495,0.11562016587902305,0.6308180933059526,0.7151839627293409
1,A_raw,hist_gradient_boosting,test,stable_candidate,2657,0.34176419633540894,0.40692309487597494,0.3221884556756187,-0.03313194117497664,0.13252857216145839,0.650289260141402,0.7286608906829154
1,A_raw,hist_gradient_boosting,test,startup_shutdown_candidate,41,0.2137786366575933,0.5282080722203365,0.029829370289576218,-0.05194086527216113,0.13722649367477882,0.2775610812787974,1.7325830291735222
1,A_raw,hist_gradient_boosting,test,transition_candidate,572,0.34175691656718565,0.41804558789940877,0.3111124667584564,0.07274663399774095,0.10525004653397849,0.6657582757014917,0.7581142345090128
1,A_raw,hist_gradient_boosting,valid,abnormal_target_candidate,48,0.6776773919097566,0.7406361611619201,0.7411489958992146,-2.066168724454158,0.6251922774029567,1.0382116292814074,1.1055754139045868
1,A_raw,hist_gradient_boosting,valid,missing_sensor_candidate,661,0.39353031003509914,0.46430681722343226,0.3828119519657367,-0.16933657118034073,0.17277061524395348,0.7080144980776684,0.8057856074378282
1,A_raw,hist_gradient_boosting,valid,ordinary,2250,0.32333577957561416,0.4050433454307304,0.28424531264532327,0.18159531250335204,0.13308898293979007,0.6333954805940352,0.7389949868030125
1,A_raw,hist_gradient_boosting,valid,stable_candidate,2512,0.323610025799463,0.39516029219458204,0.2866758216791645,0.17012065604966042,0.14231941959133226,0.6498958565412518,0.7452545253505652
1,A_raw,hist_gradient_boosting,valid,startup_shutdown_candidate,360,0.31505441430417497,0.4197179234406894,0.2669503233558812,-0.4624678848854349,-0.2323694473115423,0.6080535086673513,0.7397950097379605
1,A_raw,hist_gradient_boosting,valid,transition_candidate,814,0.3141594821673039,0.38317333384871516,0.27285900727584167,0.07959555908652538,0.07709169197384193,0.6326315144616731,0.7357540042823711
1,A_raw,ridge,test,abnormal_target_candidate,86,0.5830875784309896,0.856798750297847,0.4099358662016277,-0.027926427257747077,0.4180136682632815,1.5257600193694962,1.7391396155319896
1,A_raw,ridge,test,missing_sensor_candidate,996,0.3048298542330979,0.3824255266728258,0.25877153777814765,0.10569261359347881,0.07857077919353461,0.6254426694102921,0.7295913455399821
1,A_raw,ridge,test,ordinary,2294,0.29963105654984173,0.3622176624911404,0.271760463462952,0.18043055624056625,0.0026419065865269467,0.5809153646654002,0.6702371827987751
1,A_raw,ridge,test,stable_candidate,2657,0.3046604891849068,0.36751558651381744,0.27666446197926575,0.15728129063193008,0.02613915267036159,0.5875901830754312,0.6854768127962262
1,A_raw,ridge,test,startup_shutdown_candidate,41,0.23960541503360813,0.5686851433340421,0.042247210571281,-0.21934057051073297,0.22048015714384459,0.290671127578241,1.7525687081277148
1,A_raw,ridge,test,transition_candidate,572,0.32182934635019633,0.3884849033879336,0.3006144989790034,0.1992454344648159,-0.0011827934074536113,0.5903157234974917,0.6936383284009955
1,A_raw,ridge,valid,abnormal_target_candidate,48,0.6753781536441417,0.7361361182744873,0.7422143274655841,-2.029022351995251,0.6335691836828711,0.9945405503892717,1.11297859380115
1,A_raw,ridge,valid,missing_sensor_candidate,661,0.35457328777182406,0.4580705411234461,0.2881142815348774,-0.13813593996287477,0.15813342531114186,0.783371154834839,0.9355655747548699
1,A_raw,ridge,valid,ordinary,2250,0.2934206805464442,0.3754295413822139,0.25390421321892376,0.2968920780894371,0.05020856273887471,0.5838123783422675,0.6705748313613206
1,A_raw,ridge,valid,stable_candidate,2512,0.2874518580671089,0.35078539879028725,0.2589040008440602,0.34603971433915937,0.06263957971405186,0.5769399178171101,0.6705266951896931
1,A_raw,ridge,valid,startup_shutdown_candidate,360,0.2689117660683493,0.36845892599139074,0.22830355168347882,-0.1270663164408874,0.07901509409550918,0.5205268251487514,0.6582412141484478
1,A_raw,ridge,valid,transition_candidate,814,0.2797324616427281,0.345039559576999,0.24775222008459075,0.2536785364054356,0.04570756333935442,0.5538240977050439,0.6477387318369969
1,B_temporal,extra_trees,test,abnormal_target_candidate,86,0.46575762273901805,0.657330822824026,0.2434777777777759,0.394976313792894,0.32861795865633103,1.1001472222222235,1.3232930555555589
1,B_temporal,extra_trees,test,missing_sensor_candidate,996,0.304647439759036,0.37030355665479664,0.2684916666666677,0.1614888585972446,0.07920278335564479,0.589783333333334,0.667980555555554
1,B_temporal,extra_trees,test,ordinary,2294,0.28928734379540844,0.34843554280513545,0.26321944444444245,0.24161207409006125,0.08836607575317257,0.5641644444444436,0.6395961111111115
1,B_temporal,extra_trees,test,stable_candidate,2657,0.301673142223895,0.3650219401859081,0.2729888888888894,0.16867842967472968,0.0999099673817588,0.5834366666666675,0.6606222222222203
1,B_temporal,extra_trees,test,startup_shutdown_candidate,41,0.20588441734417304,0.49049006717817584,0.06670555555555246,0.09292814264071858,0.17081178861788568,0.14915555555555393,1.5823388888888879
1,B_temporal,extra_trees,test,transition_candidate,572,0.29919276418026425,0.36219117084452784,0.2771138888888842,0.30397177912035245,0.07155474941724939,0.5847149999999989,0.6807133333333332
1,B_temporal,extra_trees,valid,abnormal_target_candidate,48,0.6492767361111115,0.7094751656348863,0.6794055555555545,-1.8135887625485654,0.6094607638888889,0.9814088888888892,1.0319569444444476
1,B_temporal,extra_trees,valid,missing_sensor_candidate,661,0.35338870398386296,0.4221486892854361,0.33365555555555915,0.03336992719958687,0.169527769373004,0.6328444444444425,0.7717000000000009
1,B_temporal,extra_trees,valid,ordinary,2250,0.28234279753086416,0.36226768305395557,0.2404722222222233,0.34532720774127745,0.11545306913580258,0.569571111111112,0.6678277777777788
1,B_temporal,extra_trees,valid,stable_candidate,2512,0.27770359164897385,0.345796860422878,0.23783611111111114,0.3645074685329108,0.12049051220806796,0.5682527777777772,0.6692666666666676
1,B_temporal,extra_trees,valid,startup_shutdown_candidate,360,0.30062168209876544,0.4024637128616111,0.25062222222222186,-0.3446980209103472,-0.10992930555555554,0.5901177777777796,0.7161161111111133
1,B_temporal,extra_trees,valid,transition_candidate,814,0.2816686186186188,0.3461965461902367,0.24569444444444422,0.2486650147052465,0.09331167076167077,0.5738883333333341,0.6736566666666661
1,B_temporal,hist_gradient_boosting,test,abnormal_target_candidate,86,0.5918339117922333,0.7817336522367125,0.4116273299639417,0.1442990802762647,0.5289361669359695,1.265883959933662,1.7961394206219983
1,B_temporal,hist_gradient_boosting,test,missing_sensor_candidate,996,0.3131704629223251,0.388805665962611,0.26905452601058144,0.0756036092179152,0.10075289902239831,0.6338562120810227,0.7296442016798128
1,B_temporal,hist_gradient_boosting,test,ordinary,2294,0.31694832880709306,0.3772770287419937,0.29666370339953296,0.11086596026211826,0.10085431475973161,0.5921421631397492,0.6734245016009233
1,B_temporal,hist_gradient_boosting,test,stable_candidate,2657,0.32533754457286396,0.38480775165506254,0.30699194607495883,0.07611325794143475,0.11045268030947156,0.6070309866329936,0.6921890220897605
1,B_temporal,hist_gradient_boosting,test,startup_shutdown_candidate,41,0.20239717275275382,0.520942592037585,0.04988942062199797,-0.02320108514169905,0.18973729831014646,0.10488942062199769,1.5857043797015287
1,B_temporal,hist_gradient_boosting,test,transition_candidate,572,0.3311095427173289,0.39979453512609125,0.305539062814451,0.15194340302105236,0.09519409213368864,0.6313722079150782,0.7093374715802738
1,B_temporal,hist_gradient_boosting,valid,abnormal_target_candidate,48,0.6893162463181964,0.7490837855697231,0.7360460156215813,-2.1365124642601625,0.6379119954377804,1.0397146541295805,1.1084467713152093
1,B_temporal,hist_gradient_boosting,valid,missing_sensor_candidate,661,0.3937153418791722,0.4590397653160584,0.38716436698855006,-0.1429573629257428,0.20047392371236372,0.6845564878197177,0.7632224372609553
1,B_temporal,hist_gradient_boosting,valid,ordinary,2250,0.32595177824374794,0.40616268971335057,0.2896366933394372,0.17706571133876892,0.16614166546911321,0.6353117273867459,0.7362848643663571
1,B_temporal,hist_gradient_boosting,valid,stable_candidate,2512,0.32811981557265074,0.395403709903417,0.29901999639359467,0.16909793412896734,0.17334184583057088,0.6296509620798741,0.7382263368521876
1,B_temporal,hist_gradient_boosting,valid,startup_shutdown_candidate,360,0.26808459707047205,0.3670966679723671,0.21745110605987605,-0.11874779418894388,-0.15311462340781468,0.5449559476923425,0.6250015159702883
1,B_temporal,hist_gradient_boosting,valid,transition_candidate,814,0.3132899120564746,0.3771298148913451,0.276657605012117,0.10840035669045245,0.12764467486412928,0.6097509213662896,0.7210216016694847
1,B_temporal,ridge,test,abnormal_target_candidate,86,0.5957265851219564,0.860586980263113,0.35486536038154526,-0.03703622150222596,0.26263064450231133,1.5736139430933518,1.8645325725088857
1,B_temporal,ridge,test,missing_sensor_candidate,996,0.2745546916259328,0.3559940722638106,0.22460076952175623,0.22504121857374504,0.03334207484330916,0.5838163093334456,0.7280958032903033
1,B_temporal,ridge,test,ordinary,2294,0.26908309421228893,0.31985026411464285,0.24755887480788363,0.3609424968579623,-0.010045112937788994,0.5050194380242194,0.5744529169822745
1,B_temporal,ridge,test,stable_candidate,2657,0.2696008558837858,0.3228474111413166,0.24900427220045174,0.3496820710940213,0.0019438525126117688,0.5092564338464002,0.5738069581174006
1,B_temporal,ridge,test,startup_shutdown_candidate,41,0.3469116591189931,0.5793687449239333,0.15265613608043793,-0.26558519067697794,0.19514762899214805,0.6668624987060401,1.6203865171610428
1,B_temporal,ridge,test,transition_candidate,572,0.2794831564502836,0.33873195358745445,0.25263071520943914,0.39121567195703977,-0.019431734561479726,0.5157511460679605,0.6028534584851467
1,B_temporal,ridge,valid,abnormal_target_candidate,48,0.5283693177012189,0.5833194588656294,0.5727368403026363,-0.9019502513346274,0.4772918711356744,0.7615086544792115,0.8411764055236473
1,B_temporal,ridge,valid,missing_sensor_candidate,661,0.34401230281177864,0.46865234458281185,0.24960023602475623,-0.1913270423373854,0.16726918376542588,0.849398921236519,1.0530440095475004
1,B_temporal,ridge,valid,ordinary,2250,0.2550778546722791,0.3268410978291551,0.22810654070264125,0.4671089496901998,0.06898945305197263,0.48791132948098176,0.5587575930233504
1,B_temporal,ridge,valid,stable_candidate,2512,0.2482023579689808,0.3004669749117067,0.22238298281377666,0.5201982272243133,0.07330777270978217,0.48759579897881444,0.5580008592473207
1,B_temporal,ridge,valid,startup_shutdown_candidate,360,0.22167245679622052,0.3317671376331138,0.16792986330554438,0.08622759505407585,0.05164483702609021,0.45614170561605677,0.5616561039002859
1,B_temporal,ridge,valid,transition_candidate,814,0.2508827140845007,0.3096723773905523,0.22800504364671426,0.398835832227177,0.06671741541411957,0.4850690403661757,0.5723764635627427
1,C_process,extra_trees,test,abnormal_target_candidate,86,0.4178678940568475,0.5957706777393387,0.2538499999999999,0.5029928552388444,0.2555992894056854,0.960041666666668,1.3446972222222238
1,C_process,extra_trees,test,missing_sensor_candidate,996,0.27535654841588564,0.3410025797804569,0.23940833333333433,0.28893647746902884,0.022883433734939878,0.5456527777777787,0.6416263888888873
1,C_process,extra_trees,test,ordinary,2294,0.2480641891891892,0.30522067628181115,0.22022222222222254,0.4180650894855724,0.012827029448803597,0.489445555555556,0.5635591666666668
1,C_process,extra_trees,test,stable_candidate,2657,0.2516090578346505,0.3102452115600996,0.21753888888888717,0.3994609047970139,0.02343713043114619,0.5041788888888886,0.5921844444444437
1,C_process,extra_trees,test,startup_shutdown_candidate,41,0.23770596205962036,0.488813392809632,0.06240000000000023,0.09911894975567037,0.06411571815718271,0.45462222222221627,1.470188888888888
1,C_process,extra_trees,test,transition_candidate,572,0.24562610722610725,0.3085972713595006,0.20565555555555637,0.49471629421476737,0.019363636363636354,0.5121244444444436,0.5807274999999976
1,C_process,extra_trees,valid,abnormal_target_candidate,48,0.6241767361111114,0.6820944732507163,0.6424888888888889,-1.6006103451991693,0.5913292824074078,0.9795844444444444,1.0146916666666652
1,C_process,extra_trees,valid,missing_sensor_candidate,661,0.3103554084720122,0.381014267087749,0.28235555555555614,0.21257012426024458,0.14983925449655403,0.5958722222222228,0.6885555555555545
1,C_process,extra_trees,valid,ordinary,2250,0.26985535802469124,0.34795130608932345,0.23349722222222358,0.39604852343555963,0.10157125679012356,0.5376394444444432,0.6188122222222201
1,C_process,extra_trees,valid,stable_candidate,2512,0.2627244692144374,0.3246203309151928,0.2277722222222227,0.43995903994616414,0.10719631104033979,0.5273455555555574,0.6128505555555575
1,C_process,extra_trees,valid,startup_shutdown_candidate,360,0.2808052160493826,0.3857462628883194,0.23029166666666612,-0.23530659931071685,-0.11137064814814769,0.5475605555555555,0.6795825000000043
1,C_process,extra_trees,valid,transition_candidate,814,0.2667646328146327,0.3286839130918188,0.2283611111111119,0.3227561846819531,0.07348353125853137,0.5367783333333345,0.625598611111112
1,C_process,hist_gradient_boosting,test,abnormal_target_candidate,86,0.5526415464870095,0.7770380341087174,0.3975363367039684,0.1545480370651452,0.48187541188019906,1.364246721318347,1.7768602676823906
1,C_process,hist_gradient_boosting,test,missing_sensor_candidate,996,0.2599597132795341,0.3191446574454115,0.23606337229321728,0.37717185726719893,0.022284315080415215,0.5031060913057033,0.5851382282476507
1,C_process,hist_gradient_boosting,test,ordinary,2294,0.25412888646495074,0.3101518832400755,0.22812032635024604,0.39910947501537186,0.012832798349585929,0.49326387154619605,0.5609276202176022
1,C_process,hist_gradient_boosting,test,stable_candidate,2657,0.25810198038371257,0.31497266518398215,0.22635533525808427,0.38101967942850723,0.028683295635477647,0.5176635744612054,0.5965063934316581
1,C_process,hist_gradient_boosting,test,startup_shutdown_candidate,41,0.2275093769850185,0.5410353992678497,0.05312485335747219,-0.10365318665220791,0.16030989382052768,0.29481995804285077,1.776124853357473
1,C_process,hist_gradient_boosting,test,transition_candidate,572,0.2617362747420426,0.3238444654924421,0.2396257049612025,0.44355263674672707,0.017982151972261474,0.49368912337243365,0.5961605968583993
1,C_process,hist_gradient_boosting,valid,abnormal_target_candidate,48,0.6405828465839772,0.684639261239256,0.6811838300245068,-1.620051485966067,0.6000694847231056,0.92973572835349,0.9863741768645606
1,C_process,hist_gradient_boosting,valid,missing_sensor_candidate,661,0.33091702698309944,0.3941728972648735,0.31152857498649844,0.15724190836796637,0.16459919973729226,0.5964119959623133,0.6971826297205457
1,C_process,hist_gradient_boosting,valid,ordinary,2250,0.287739393690069,0.3636520261697634,0.2597772944754668,0.3403142108113665,0.13090273254032608,0.5606976672744541,0.6482700929311321
1,C_process,hist_gradient_boosting,valid,stable_candidate,2512,0.28260707241182875,0.34290597200952166,0.251688534397851,0.37508858651132404,0.13786725429405394,0.5477424343380178,0.6409915202285539
1,C_process,hist_gradient_boosting,valid,startup_shutdown_candidate,360,0.3279867128331147,0.4274626586142687,0.29095035270892566,-0.5169374454663165,-0.1910272795170171,0.6112958134126928,0.740733369851889
1,C_process,hist_gradient_boosting,valid,transition_candidate,814,0.2985002306631258,0.3625576548880433,0.26625721378343226,0.17597135622695914,0.0859906364413537,0.5894865683366376,0.684321530414713
1,C_process,ridge,test,abnormal_target_candidate,86,0.545285566577972,0.7185791847779454,0.4502579641272213,0.27697444354808776,0.22586221438756302,0.9660351348303795,1.4583847473902645
1,C_process,ridge,test,missing_sensor_candidate,996,0.2992687468404222,0.37926910253207596,0.24059475264144314,0.12039437331050173,0.052715110875293625,0.615954580416922,0.7610870240375007
1,C_process,ridge,test,ordinary,2294,0.28984301948316765,0.3508248046091071,0.26401589003505066,0.23117571165724626,0.01503459486598661,0.560106593683471,0.651590703938088
1,C_process,ridge,test,stable_candidate,2657,0.29489028906330633,0.3565406099997912,0.2627945734116466,0.20686134345556761,0.039110520898226815,0.5770594177239489,0.6634444961980532
1,C_process,ridge,test,startup_shutdown_candidate,41,0.36015473304357287,0.5272903960827743,0.21516618594232106,-0.04828888599006076,-0.004175131331836979,0.8195509127297171,1.028889982326234
1,C_process,ridge,test,transition_candidate,572,0.31372833357336455,0.37875746067972327,0.2867399286968757,0.23884426740725906,-0.00537396167199737,0.5895173618154014,0.6719948665003314
1,C_process,ridge,valid,abnormal_target_candidate,48,0.6460890276015272,0.7075536608332683,0.6712274588436795,-1.7983690523235416,0.5994980606230538,0.9113691081731782,1.0166578173760736
1,C_process,ridge,valid,missing_sensor_candidate,661,0.39889487953472597,0.5349590038168607,0.28415421075337655,-0.5522812614971857,0.13173176703485875,0.9799528496967618,1.1831874038162482
1,C_process,ridge,valid,ordinary,2250,0.2886640072120019,0.36928835052129844,0.2521707901460495,0.3197065010216632,0.04882108558444894,0.5663170828964899,0.6549585022418538
1,C_process,ridge,valid,stable_candidate,2512,0.28311318702826366,0.3449417794263785,0.2536106986266775,0.36764645443313104,0.06318022362970263,0.5597936849075531,0.6551908194447559
1,C_process,ridge,valid,startup_shutdown_candidate,360,0.26427684559087006,0.3641809309605391,0.2253518894744806,-0.10104662607947446,0.03174102944340778,0.5219404984513428,0.6388394579833568
1,C_process,ridge,valid,transition_candidate,814,0.2832754124806964,0.34870782955940366,0.2515063355976883,0.23772522642369143,0.03001405972052918,0.5463685015634747,0.6354987243932416
1,D_full,extra_trees,test,abnormal_target_candidate,86,0.41688134090070117,0.6037364594389301,0.2541877380952364,0.48961348660517234,0.2689832272056106,1.0307938095238072,1.497419900793652
1,D_full,extra_trees,test,missing_sensor_candidate,996,0.2609688537084849,0.3161924316480269,0.23474091269841502,0.3886414197231849,0.016214975019124136,0.4971409920634908,0.5817566865079375
1,D_full,extra_trees,test,ordinary,2294,0.24178735322303874,0.29594736874836963,0.2141830952380941,0.4528889617588673,0.024237523646918925,0.4747938809523788,0.5524278492063499
1,D_full,extra_trees,test,stable_candidate,2657,0.24613382090434976,0.3008882054644771,0.21731976190475955,0.4351391967646032,0.034471333763464077,0.48849914285714463,0.5594820793650807
1,D_full,extra_trees,test,startup_shutdown_candidate,41,0.19494519550909795,0.4770376277967887,0.0632931746031744,0.14200149283417507,0.1562823654665113,0.13362650793650843,1.4819645238095251
1,D_full,extra_trees,test,transition_candidate,572,0.24394222090409592,0.3033534539267486,0.21366190476190638,0.5117423929274156,0.030580771242646347,0.49604250793650734,0.5477545158730153
1,D_full,extra_trees,valid,abnormal_target_candidate,48,0.5455778323412693,0.5999032771184352,0.5652459523809519,-1.011632731005144,0.5122702860449729,0.8382559841269821,0.9020857857142841
1,D_full,extra_trees,valid,missing_sensor_candidate,661,0.30444004670652935,0.3647176372852617,0.2846157142857084,0.2784890218695951,0.14282189263501685,0.5580403174603177,0.6271961111111093
1,D_full,extra_trees,valid,ordinary,2250,0.26614337657848325,0.33870852049331407,0.23855123015873048,0.4277084296259305,0.11373500825396823,0.5155308095238115,0.6001973730158741
1,D_full,extra_trees,valid,stable_candidate,2512,0.2602325486553432,0.3165592880175456,0.23351829365079446,0.4674278154841811,0.11961977782832874,0.5023116190476151,0.5950356468253967
1,D_full,extra_trees,valid,startup_shutdown_candidate,360,0.32664856150793703,0.42829397460093976,0.2958439682539691,-0.5228433675544997,-0.24156665806878377,0.6139529761904735,0.7297144642857165
1,D_full,extra_trees,valid,transition_candidate,814,0.28070109224484247,0.3389011781364924,0.24815996031745957,0.2799969977028882,0.07459629426504419,0.5529519285714282,0.6324992936507948
1,D_full,hist_gradient_boosting,test,abnormal_target_candidate,86,0.4244293961364564,0.6375558093282603,0.28361912112087584,0.4308315773230602,0.3138614139072625,1.0280134640522354,1.6517570424020116
1,D_full,hist_gradient_boosting,test,missing_sensor_candidate,996,0.25698756662763067,0.3133432789112439,0.2346712785817786,0.39960946344120474,0.0038334868198396273,0.4924875734527987,0.5669803811612479
1,D_full,hist_gradient_boosting,test,ordinary,2294,0.2382360610532693,0.2901105531312462,0.21621258365640372,0.47425691998622377,0.0003754336861882695,0.45472162695499757,0.5414750499395199
1,D_full,hist_gradient_boosting,test,stable_candidate,2657,0.2423426027266594,0.2948349466909532,0.22155817520145504,0.4576382803934782,0.010855853521482842,0.4697244046030644,0.5394096583283993
1,D_full,hist_gradient_boosting,test,startup_shutdown_candidate,41,0.21739781038792702,0.496986716400611,0.04685731599363052,0.06874027569798347,0.10376403035307698,0.28370928960664976,1.3937108945458334
1,D_full,hist_gradient_boosting,test,transition_candidate,572,0.2461330729837299,0.2988939784173085,0.22440791496372992,0.525992229068278,0.0043997650432949864,0.4638351129990892,0.5392294785798969
1,D_full,hist_gradient_boosting,valid,abnormal_target_candidate,48,0.5230936561727034,0.5760172428171295,0.5262565682034213,-0.8546296246535645,0.48813617459564557,0.8124515009715628,0.8585642665300095
1,D_full,hist_gradient_boosting,valid,missing_sensor_candidate,661,0.33248710547634724,0.3947307036855391,0.3149398739004283,0.15485499388679735,0.15742497992834006,0.5834688151809253,0.669212730121771
1,D_full,hist_gradient_boosting,valid,ordinary,2250,0.26404304774638954,0.33947852618970975,0.22806714882739332,0.42510342478976326,0.12070799883816517,0.5220566834403183,0.6157684453556818
1,D_full,hist_gradient_boosting,valid,stable_candidate,2512,0.26054173928980273,0.3202323408534651,0.22952936890288989,0.45499719290884055,0.12792273883423622,0.5214055400000019,0.603193950853747
1,D_full,hist_gradient_boosting,valid,startup_shutdown_candidate,360,0.3257369103558162,0.43519133547584676,0.2717250734812531,-0.5722868679806803,-0.18070573999572956,0.6166206542542958,0.7507054264692881
1,D_full,hist_gradient_boosting,valid,transition_candidate,814,0.2779917750861965,0.3436944533941645,0.23940326852889804,0.25948613043599333,0.0846708326299045,0.5585929175480653,0.6420090161866746
1,D_full,ridge,test,abnormal_target_candidate,86,0.537333792505193,0.7201506904056016,0.4217572984465221,0.27380852610804507,0.13429873244712207,0.989099649571406,1.3862381301300748
1,D_full,ridge,test,missing_sensor_candidate,996,0.27155523969661344,0.36288759981496665,0.20928427649411407,0.1947377739586278,0.05463673348698076,0.5710641428040235,0.7610664165503436
1,D_full,ridge,test,ordinary,2294,0.2615373648354681,0.3095941611294965,0.24278852476661772,0.4012686017581991,-0.006795275471337644,0.4828915423048897,0.5570369579172288
1,D_full,ridge,test,stable_candidate,2657,0.26195098123593014,0.312334417944478,0.24468833371377663,0.39134555279557204,0.005589833636372547,0.49084892450324524,0.5469855095442532
1,D_full,ridge,test,startup_shutdown_candidate,41,0.46876824748825885,0.5755322479243766,0.37324031086098053,-0.2488796369130113,0.12300499714309424,0.7739073704966302,0.8411006468455007
1,D_full,ridge,test,transition_candidate,572,0.27607959621739125,0.33209233038165054,0.2547644579318149,0.4148478276960129,-0.0210550666527555,0.5133908402364058,0.6007036695740063
1,D_full,ridge,valid,abnormal_target_candidate,48,0.5055031117300668,0.5633546051179351,0.5489405878622069,-0.773984913594886,0.45618955002914285,0.7509793287494035,0.8320684270620022
1,D_full,ridge,valid,missing_sensor_candidate,661,0.35523228801126605,0.49805385741900116,0.251780395372041,-0.34549481364259016,0.16727874083616268,0.9506180169344152,1.1431899560840133
1,D_full,ridge,valid,ordinary,2250,0.2511120268276542,0.3221195507450917,0.22372670328536337,0.48239403240537404,0.06816204950077427,0.481986549385439,0.5484706881396587
1,D_full,ridge,valid,stable_candidate,2512,0.2431676938239748,0.29510927401901155,0.21496743097515747,0.5371566006263622,0.07424562121448651,0.47978899880072723,0.5480323514934261
1,D_full,ridge,valid,startup_shutdown_candidate,360,0.21137808815454637,0.32227249701904903,0.15225028276178598,0.13778059052404312,0.00980761775074981,0.43597868539547596,0.5453403738581286
1,D_full,ridge,valid,transition_candidate,814,0.24690780554962607,0.30554562718998474,0.22799494713838087,0.4147515184336762,0.05942945523858281,0.4610330341709388,0.5702295477434296
5,A_raw,extra_trees,test,abnormal_target_candidate,86,0.3539677850735799,0.522368279606424,0.20254041666666645,0.6024231531601927,0.26291695968399237,0.8857464087301592,1.2701915509259254
5,A_raw,extra_trees,test,missing_sensor_candidate,1000,0.2856547311915524,0.3525049924150694,0.24876375000000017,0.23933995412806885,0.08131810769493159,0.5800976626984147,0.665187861111112
5,A_raw,extra_trees,test,ordinary,2306,0.26832174176179063,0.3269025434465962,0.24334732142857174,0.34360267765807295,0.07078200180340277,0.520379285714287,0.5922015674603136
5,A_raw,extra_trees,test,stable_candidate,2640,0.2711980537563446,0.329119568738863,0.24696630952380882,0.3218427352193849,0.07847347032186208,0.520684305555555,0.5995249537037015
5,A_raw,extra_trees,test,startup_shutdown_candidate,41,0.3772571335200749,0.6758763404980017,0.09086051820728258,0.03357354945230506,0.19965318025855291,1.3996467460317454,1.661101783380019
5,A_raw,extra_trees,test,transition_candidate,572,0.2834881033947655,0.3437960340720578,0.25467609126984225,0.37337226471801876,0.06995249400692241,0.5620230634920614,0.637870587301587
5,A_raw,extra_trees,valid,abnormal_target_candidate,48,0.6264963969431422,0.6879187933323878,0.6716686309523805,-1.4736098093355143,0.5210537357328247,0.9474492195767231,1.02210801984127
5,A_raw,extra_trees,valid,missing_sensor_candidate,657,0.3580382742924686,0.4217223292982661,0.3371927777777728,0.039285115889831634,0.16955504227258278,0.6657850476190468,0.7522116190476186
5,A_raw,extra_trees,valid,ordinary,2276,0.28284120500792564,0.35665130078840906,0.24044388227513114,0.33153051126338506,0.11599842108527243,0.596408908730159,0.7022211111111112
5,A_raw,extra_trees,valid,stable_candidate,2486,0.28196071732495254,0.3658956049784546,0.23791095238095306,0.32827521008538707,0.10570905934578437,0.5834671320346327,0.7054573710317471
5,A_raw,extra_trees,valid,startup_shutdown_candidate,360,0.3462526836841747,0.4408216671368735,0.3120500793650791,-0.6656529540948508,-0.2535502591991945,0.6433816448412704,0.7726657989417981
5,A_raw,extra_trees,valid,transition_candidate,818,0.29453816077376604,0.37017854826479807,0.25131785714285826,0.1668786674288817,0.05961143086096163,0.5896705714285708,0.7102807023809513
5,A_raw,hist_gradient_boosting,test,abnormal_target_candidate,86,0.5355191867773925,0.7325520584533994,0.29606343823916426,0.21811212694407023,0.45978620746811116,1.4587536351858095,1.657432172720633
5,A_raw,hist_gradient_boosting,test,missing_sensor_candidate,1000,0.3193640469413758,0.39819685653239434,0.27422459873235994,0.029365518282163494,0.11719752526222502,0.6362359817919376,0.7617197223796861
5,A_raw,hist_gradient_boosting,test,ordinary,2306,0.32899393101605906,0.3954753943739678,0.3087290826508031,0.03934126245005587,0.12393301787584747,0.6183061721593219,0.7143075013539102
5,A_raw,hist_gradient_boosting,test,stable_candidate,2640,0.32922709247141474,0.395992867850268,0.3021664739896943,0.01825717494643231,0.13409242259416493,0.6199361656134686,0.7092907536984724
5,A_raw,hist_gradient_boosting,test,startup_shutdown_candidate,41,0.36512935427991927,0.7348709502681392,0.042991685232241394,-0.14250071289827249,0.3111868625748866,1.7249916852322418,1.764991685232241
5,A_raw,hist_gradient_boosting,test,transition_candidate,572,0.34261981602058067,0.41291245222443135,0.31726301140735735,0.09609279403599669,0.10734200907033536,0.6708759695590372,0.7660724766509691
5,A_raw,hist_gradient_boosting,valid,abnormal_target_candidate,48,0.6296417329679646,0.6915248344423598,0.6783867885834507,-1.4996108946934625,0.5347099357315642,0.9440795223117595,0.9920093645626945
5,A_raw,hist_gradient_boosting,valid,missing_sensor_candidate,657,0.4016889296408783,0.46175188515983584,0.39704383133908117,-0.15175121837347505,0.17570548915655232,0.7034665712172709,0.8108521035416006
5,A_raw,hist_gradient_boosting,valid,ordinary,2276,0.3213058378789511,0.3949754861076256,0.2791872654058576,0.18015028655104626,0.15802548848534412,0.64611705202182,0.7522070826633298
5,A_raw,hist_gradient_boosting,valid,stable_candidate,2486,0.32421774333587955,0.40464865170261344,0.28988874016475386,0.17845154044814115,0.15338265407671767,0.6369431078547949,0.7434256734010742
5,A_raw,hist_gradient_boosting,valid,startup_shutdown_candidate,360,0.311348139887893,0.41056961106967516,0.2532491444200886,-0.44488158671642264,-0.22533153596781652,0.5915998608375153,0.7413537691983397
5,A_raw,hist_gradient_boosting,valid,transition_candidate,818,0.3169245414538851,0.3952336408572078,0.27200163343809436,0.05028441418022456,0.09224935423641954,0.6226418627880991,0.7344518510412281
5,A_raw,ridge,test,abnormal_target_candidate,86,0.5544091573943292,0.7501476665434176,0.3580989902421532,0.18009975425981561,0.40737948900666776,1.4399349028221913,1.6764331730607194
5,A_raw,ridge,test,missing_sensor_candidate,1000,0.3080526699060761,0.3872710072187875,0.26279356319770386,0.08189990766781363,0.06702156657180738,0.6029117819294343,0.7743484101224214
5,A_raw,ridge,test,ordinary,2306,0.3050630390301001,0.36529289913267216,0.27775350720416636,0.18037978395296617,-0.004347166420750744,0.5799488247669089,0.6616483889521438
5,A_raw,ridge,test,stable_candidate,2640,0.3041334779733193,0.36538503728937277,0.2786743258516271,0.16415735441162693,0.012374705450061347,0.5775091121995031,0.6617276106407763
5,A_raw,ridge,test,startup_shutdown_candidate,41,0.4107109749171396,0.8008585119412588,0.06360010221509604,-0.35689396739702106,0.3794940202113947,1.7409044023686384,1.9282732694856204
5,A_raw,ridge,test,transition_candidate,572,0.3287659088821992,0.3829333796688796,0.30627104810836414,0.22258245475281435,-0.012795275430656436,0.5862534862875887,0.6837717075226942
5,A_raw,ridge,valid,abnormal_target_candidate,48,0.615427573473137,0.6735548478162333,0.6491644816916855,-1.3713888781416976,0.5578842160748471,0.94067834341274,1.0037169086019069
5,A_raw,ridge,valid,missing_sensor_candidate,657,0.3644096803011607,0.4689813459394832,0.2929944242836946,-0.1880985432110649,0.14809234135017596,0.8248062285891027,1.004423434779495
5,A_raw,ridge,valid,ordinary,2276,0.2845743513531026,0.3514789033929864,0.2441341151496026,0.3507791032996527,0.0609692728322954,0.5827588521938107,0.6774392864891698
5,A_raw,ridge,valid,stable_candidate,2486,0.2796811809993578,0.3574759969972727,0.24352108517250048,0.35883358935530485,0.05728131182315169,0.5509843048551533,0.6520908402499783
5,A_raw,ridge,valid,startup_shutdown_candidate,360,0.2434412405121117,0.3450165925723886,0.18748283955660217,-0.02032521044363622,0.06953626040001569,0.49194441744089284,0.5986583285047378
5,A_raw,ridge,valid,transition_candidate,818,0.27369788515234994,0.3465593277115651,0.23087606761139057,0.2698014872063117,0.04952532698004495,0.5533130055694909,0.6242566180032891
5,B_temporal,extra_trees,test,abnormal_target_candidate,86,0.40010949612403107,0.5580999108331187,0.24370555555555384,0.5461718847316435,0.30785032299741577,0.9552277777777753,1.0868013888888899
5,B_temporal,extra_trees,test,missing_sensor_candidate,1000,0.2987188722222223,0.3653291074846416,0.2661138888888894,0.18298766631684982,0.07209702777777752,0.5840138888888889,0.6957113888888863
5,B_temporal,extra_trees,test,ordinary,2306,0.29995790209116313,0.36151279385997837,0.2802638888888902,0.19725511948773333,0.08399130288137224,0.5750249999999992,0.6703194444444427
5,B_temporal,extra_trees,test,stable_candidate,2640,0.30016558922558917,0.36328059562469167,0.27381388888888747,0.1737577291674619,0.08805459595959583,0.5774766666666652,0.6516022222222202
5,B_temporal,extra_trees,test,startup_shutdown_candidate,41,0.37946585365853625,0.6888456451076684,0.14213888888888704,-0.0038715681293519655,0.22694878048780576,1.6026111111111128,1.7065000000000001
5,B_temporal,extra_trees,test,transition_candidate,572,0.3085386849261849,0.3708413380398267,0.27846666666666753,0.2709049207065175,0.065284858197358,0.5922055555555561,0.672919999999999
5,B_temporal,extra_trees,valid,abnormal_target_candidate,48,0.6304912037037039,0.6939442753402618,0.6703527777777794,-1.5171322909301095,0.5509618055555561,0.9401616666666671,1.0840313888888888
5,B_temporal,extra_trees,valid,missing_sensor_candidate,657,0.35500646879756487,0.42467331091784977,0.3445222222222242,0.025792963179003592,0.16996818028073743,0.6704011111111118,0.7435966666666682
5,B_temporal,extra_trees,valid,ordinary,2276,0.2870059656317125,0.3630724939735106,0.23588888888888881,0.30724341680458445,0.12879892110915842,0.5941916666666662,0.7319097222222242
5,B_temporal,extra_trees,valid,stable_candidate,2486,0.29048617591847675,0.3745817460877535,0.2501555555555539,0.2960039703208346,0.1223471216590686,0.5969805555555538,0.7192319444444446
5,B_temporal,extra_trees,valid,startup_shutdown_candidate,360,0.30516083333333316,0.4051901616211681,0.2500111111111112,-0.407266785586498,-0.18761774691357994,0.6044522222222231,0.7230888888888896
5,B_temporal,extra_trees,valid,transition_candidate,818,0.2956299171420808,0.38088748829538027,0.2403666666666675,0.11797849739912014,0.08778063705514805,0.600496666666666,0.7448886111111125
5,B_temporal,hist_gradient_boosting,test,abnormal_target_candidate,86,0.5244100458864683,0.6919255262263132,0.40734557437124597,0.3024325670383047,0.44292993597942654,1.2875070893969278,1.6252585342355967
5,B_temporal,hist_gradient_boosting,test,missing_sensor_candidate,1000,0.31035836350204976,0.38195635417841456,0.2733847222055594,0.10692580751219549,0.08060250658953373,0.6239813403162112,0.724807904282784
5,B_temporal,hist_gradient_boosting,test,ordinary,2306,0.32104984548352394,0.3813001212915368,0.3041553120691658,0.1069740306976622,0.09051132947678225,0.5946832266535891,0.6824544204690848
5,B_temporal,hist_gradient_boosting,test,stable_candidate,2640,0.31757715037171097,0.378123607884906,0.29529594265108194,0.10486076305084857,0.09382790852925121,0.5936619990045277,0.6728929563495628
5,B_temporal,hist_gradient_boosting,test,startup_shutdown_candidate,41,0.3529074796218105,0.732253217079294,0.03380761449333036,-0.1343756530189948,0.3057702913767175,1.5998561228138968,1.7561057804469602
5,B_temporal,hist_gradient_boosting,test,transition_candidate,572,0.33449606537842463,0.40032747439720295,0.32105785053689484,0.15035269985513855,0.07020463537061089,0.6426827562869254,0.7100716435584093
5,B_temporal,hist_gradient_boosting,valid,abnormal_target_candidate,48,0.679486066618745,0.7363486300297678,0.7705459757037483,-1.8341563988073233,0.5978979912100061,0.9720649239792204,1.0535154403189286
5,B_temporal,hist_gradient_boosting,valid,missing_sensor_candidate,657,0.3837644521981413,0.4427042919638712,0.3734063372468288,-0.05868995109082964,0.18506852728301745,0.6792252577678396,0.7513517766891803
5,B_temporal,hist_gradient_boosting,valid,ordinary,2276,0.3169842072478443,0.3907508219317861,0.2712657709716897,0.19759474338142835,0.1638690279317763,0.640044413556943,0.7567083251696238
5,B_temporal,hist_gradient_boosting,valid,stable_candidate,2486,0.31950171683492273,0.3995741634054485,0.28347145759005876,0.1989275646937524,0.15678427501728603,0.6206429023475639,0.7448345858273435
5,B_temporal,hist_gradient_boosting,valid,startup_shutdown_candidate,360,0.23754121632293376,0.33728347095527206,0.1998798308231411,0.02490086532878255,-0.11386007843983895,0.4844117087435445,0.5539958798406402
5,B_temporal,hist_gradient_boosting,valid,transition_candidate,818,0.3005491194380063,0.37901244258809236,0.2514053593182899,0.1266412123289654,0.11650218748647385,0.6014538957009964,0.7251126659197156
5,B_temporal,ridge,test,abnormal_target_candidate,86,0.49821774943143743,0.7050730793855542,0.3164584720913828,0.2756711935404962,0.1145895356240894,1.3961032469424746,1.807548502035941
5,B_temporal,ridge,test,missing_sensor_candidate,1000,0.2829772834186624,0.36260940905609423,0.2331072558184557,0.19510690979439138,0.019795744444382195,0.5974330012458996,0.7081948403292336
5,B_temporal,ridge,test,ordinary,2306,0.27661704124601555,0.3311904565364308,0.2521121612486583,0.3262700883315036,-0.0068812514487740515,0.5198120845702636,0.5897357070473905
5,B_temporal,ridge,test,stable_candidate,2640,0.2740154166416703,0.3290244495373526,0.25314876151997545,0.32223466849961735,0.0022731753046593764,0.5162719461943279,0.598981836686595
5,B_temporal,ridge,test,startup_shutdown_candidate,41,0.5123100927010279,0.768438510727798,0.24496775395089365,-0.24925921960856745,0.431496953685673,1.5214341281678507,1.8534245275825896
5,B_temporal,ridge,test,transition_candidate,572,0.28435552271884107,0.337455156766002,0.26388003148995764,0.3962737955129497,-0.028569375066620564,0.5360393860884459,0.6141563422885623
5,B_temporal,ridge,valid,abnormal_target_candidate,48,0.5810830168359602,0.6336007097159808,0.6230637806715666,-1.0983994138504634,0.5141199175865926,0.8442325343341325,0.8924167980933913
5,B_temporal,ridge,valid,missing_sensor_candidate,657,0.34850976486807056,0.4627751303867147,0.25345139748126755,-0.15686145087315406,0.16317342456477918,0.8716145989196757,1.0255152134961307
5,B_temporal,ridge,valid,ordinary,2276,0.2597700985379276,0.31738071106457794,0.23391647689292405,0.47063524547680013,0.08141595726872215,0.5142431049599967,0.5946936940645751
5,B_temporal,ridge,valid,stable_candidate,2486,0.2560693667236027,0.32902664454954766,0.22988442195904835,0.4568258075446999,0.07479320651507343,0.5039921769620026,0.5742220758393413
5,B_temporal,ridge,valid,startup_shutdown_candidate,360,0.22294734038501685,0.31966769163172043,0.17514467269436906,0.12409673760139683,0.059813798878182764,0.4471053975531128,0.5451479205965372
5,B_temporal,ridge,valid,transition_candidate,818,0.2571076193245797,0.3305145005314018,0.21274176214841312,0.33584905504445417,0.0702072873330668,0.5113794528612687,0.5949680943954603
5,C_process,extra_trees,test,abnormal_target_candidate,86,0.33314655315614605,0.4900270988320859,0.18911432539682416,0.6501292095428723,0.24287660760428195,0.8382724603174587,1.188440912698411
5,C_process,extra_trees,test,missing_sensor_candidate,1000,0.25309602882275145,0.3117100353190403,0.23945976190476248,0.40521277823527546,0.008639065436507963,0.4872745000000004,0.5731468492063477
5,C_process,extra_trees,test,ordinary,2306,0.23582428960546686,0.29183280931549327,0.20816009920634837,0.47688348232572875,0.005383267904961408,0.46197277777777757,0.549204345238099
5,C_process,extra_trees,test,stable_candidate,2640,0.23665861773989885,0.29209935730080205,0.20940529761904703,0.46582419793938845,0.012743515537317698,0.4592522936507904,0.5474164166666688
5,C_process,extra_trees,test,startup_shutdown_candidate,41,0.3954328976172882,0.6863168324983022,0.15755078643578813,0.003485503460491368,0.20123103192200653,1.478294444444444,1.632107619047618
5,C_process,extra_trees,test,transition_candidate,572,0.24971456398609798,0.30581564151331414,0.21765591269841167,0.5041763052541766,0.010683697798413789,0.496940861111109,0.5611243095238093
5,C_process,extra_trees,valid,abnormal_target_candidate,48,0.5581332029872138,0.6147735296368052,0.5873147619047616,-0.9755460871647375,0.49630870397927734,0.8964860158730188,0.9647523809523811
5,C_process,extra_trees,valid,missing_sensor_candidate,657,0.3067193967488905,0.36408627885271694,0.2866427777777787,0.2839391159285253,0.14024761705443214,0.5832455396825391,0.6626752857142869
5,C_process,extra_trees,valid,ordinary,2276,0.264139328209706,0.3287628050582936,0.2286836706349229,0.4319856348462432,0.12109669478384985,0.5369702777777814,0.6406681646825398
5,C_process,extra_trees,valid,stable_candidate,2486,0.26431670664717116,0.3402712356351035,0.231979920634922,0.41906510145479914,0.1101342402959217,0.5244700793650798,0.623425882936508
5,C_process,extra_trees,valid,startup_shutdown_candidate,360,0.28309749301881293,0.38023692559539046,0.24696593253968135,-0.23927370142380155,-0.1128743359788367,0.5502782936507967,0.667809488095235
5,C_process,extra_trees,valid,transition_candidate,818,0.27415081457549056,0.3441981131684771,0.2408581349206358,0.2797177215239106,0.07994350208923542,0.5516043809523843,0.6454416428571427
5,C_process,hist_gradient_boosting,test,abnormal_target_candidate,86,0.4164354275678011,0.5760667478130419,0.2920409961497441,0.5164814884213524,0.29139465021212824,1.069031957595107,1.3854050728618468
5,C_process,hist_gradient_boosting,test,missing_sensor_candidate,1000,0.2576909061772074,0.3143464321930615,0.2352598766560332,0.3951089872051643,0.005361110237660747,0.4962793040851944,0.5828421632872217
5,C_process,hist_gradient_boosting,test,ordinary,2306,0.2515608798293327,0.30635123894979205,0.22667721378738293,0.42353959348484915,0.01705928444855933,0.489327286503503,0.560593282258901
5,C_process,hist_gradient_boosting,test,stable_candidate,2640,0.24812764012369168,0.30453529217497705,0.22594350529533447,0.4193716095545311,0.029387757966702458,0.475398734491349,0.5638190413983748
5,C_process,hist_gradient_boosting,test,startup_shutdown_candidate,41,0.46457633356325767,0.6836235404031301,0.24558665208529185,0.01129133979477126,0.10978551814616527,1.491550304636716,1.523031900085778
5,C_process,hist_gradient_boosting,test,transition_candidate,572,0.2648191900501176,0.32014543184937444,0.23726370288187404,0.4566214295264045,0.002058596062404524,0.5205365411167522,0.6115357672737154
5,C_process,hist_gradient_boosting,valid,abnormal_target_candidate,48,0.5397063366001875,0.5913524192516404,0.5741400054990429,-0.8278880849510184,0.44567644742028306,0.7634880032841588,0.9343445516130863
5,C_process,hist_gradient_boosting,valid,missing_sensor_candidate,657,0.3391571881842182,0.39231559287271306,0.3175276039632742,0.16859531845381814,0.15468564597705173,0.5972496030240741,0.6919272082184492
5,C_process,hist_gradient_boosting,valid,ordinary,2276,0.27013638590263434,0.33600248453551473,0.22768570464785665,0.40669372421036243,0.13105958559761274,0.5543689333108306,0.6583876485743527
5,C_process,hist_gradient_boosting,valid,stable_candidate,2486,0.26448940780466385,0.3422172835017629,0.2301223279071083,0.4124012415426782,0.12217743535122394,0.5344022457328537,0.6336824551297466
5,C_process,hist_gradient_boosting,valid,startup_shutdown_candidate,360,0.3269118012438743,0.4280630248213671,0.2716026094242743,-0.5706307144936313,-0.26026209068653544,0.6398281450557668,0.7302143407537892
5,C_process,hist_gradient_boosting,valid,transition_candidate,818,0.28420375102709167,0.3590077127102531,0.24514976089886886,0.2164020037741251,0.06235914434638044,0.5840290182779272,0.6819015589902483
5,C_process,ridge,test,abnormal_target_candidate,86,0.49216963585472706,0.6019743672848286,0.4659707231542365,0.4720126844413759,0.2174353488935339,0.8715297252686938,1.1741790588835452
5,C_process,ridge,test,missing_sensor_candidate,1000,0.30132420681011374,0.38458557854923525,0.24208988755124672,0.09458840802315094,0.04453899229978061,0.6446665739518913,0.7585271380833426
5,C_process,ridge,test,ordinary,2306,0.29333669665553014,0.35156452097133295,0.2678826101318714,0.2408278234787975,0.006662791614000393,0.5568045849569749,0.6370861505995116
5,C_process,ridge,test,stable_candidate,2640,0.2926483709058766,0.35144114764049633,0.26722412209388047,0.22673522868381912,0.024069225243903227,0.553642076289036,0.6377790203000644
5,C_process,ridge,test,startup_shutdown_candidate,41,0.5259253533738878,0.8018665796734932,0.2450081362753238,-0.36031205405802313,0.1771573185985164,1.4074955158044418,1.9702834982879462
5,C_process,ridge,test,transition_candidate,572,0.32478874466968066,0.38083772456674153,0.29770196975926844,0.23106821820180834,-0.01823992044060021,0.5772037240035435,0.6875063300950855
5,C_process,ridge,valid,abnormal_target_candidate,48,0.5885523591402259,0.6457863098750182,0.6388057200017077,-1.1798896750813275,0.5254272230560476,0.8581912651001853,0.8994513311698514
5,C_process,ridge,valid,missing_sensor_candidate,657,0.4071291797204592,0.5483847699595313,0.29663687591858334,-0.624471497073009,0.12266434644226774,1.047680849594347,1.2332671768626622
5,C_process,ridge,valid,ordinary,2276,0.2803395753730301,0.3447543058495888,0.2428288640298053,0.37538362896154687,0.06334860924550574,0.563460775698017,0.6606323559887906
5,C_process,ridge,valid,stable_candidate,2486,0.274375162547275,0.35062379096032337,0.23725334006600995,0.3831781458951574,0.060514051577364794,0.536822479200878,0.6387045396466511
5,C_process,ridge,valid,startup_shutdown_candidate,360,0.2372208831215499,0.3319881783160693,0.19213199574375484,0.05527829670294637,0.02354446091665326,0.4800604858424848,0.5929691661194559
5,C_process,ridge,valid,transition_candidate,818,0.27622409393170266,0.350967631901048,0.2290133650886137,0.2511067953172863,0.03657608837383395,0.5518544020747541,0.6480235272264602
5,D_full,extra_trees,test,abnormal_target_candidate,86,0.3477028368401628,0.5158826944768,0.21289269841269842,0.6122342825382854,0.27875475452196474,0.8226216666666675,1.1901757738095244
5,D_full,extra_trees,test,missing_sensor_candidate,1000,0.2581225579365082,0.3160483724852253,0.23578484126984112,0.38854123125886353,0.016236393333333255,0.5014154920634931,0.580429134920635
5,D_full,extra_trees,test,ordinary,2306,0.23567169492283768,0.29009217128106,0.21222055555555386,0.48310513368940233,0.015407740573245792,0.4538224603174603,0.5341547023809547
5,D_full,extra_trees,test,stable_candidate,2640,0.23644210332491591,0.2908028519743896,0.2102846428571432,0.47055563442602133,0.01861325730519482,0.46556550793650714,0.5436214206349216
5,D_full,extra_trees,test,startup_shutdown_candidate,41,0.35850271002710077,0.7244874919394422,0.03942317460317746,-0.11044257305341065,0.3200345799458,1.6244081746031718,1.7576566666666658
5,D_full,extra_trees,test,transition_candidate,572,0.24613148948273947,0.3029460274229638,0.21465357142856956,0.5134377487943913,0.02306268217893219,0.4889687063492072,0.5825564325396824
5,D_full,extra_trees,valid,abnormal_target_candidate,48,0.5512663806216935,0.5994124775083582,0.591555515873015,-0.8780554221906007,0.4690659077380955,0.846347769841272,0.9106846507936515
5,D_full,extra_trees,valid,missing_sensor_candidate,657,0.3170558091130922,0.3695580937703554,0.30310904761904567,0.2622541713898864,0.1380432305332077,0.5771063333333349,0.6566313650793651
5,D_full,extra_trees,valid,ordinary,2276,0.26198199549474144,0.3243809918646673,0.23113376984127054,0.4470259393833287,0.11357443642424749,0.5300698015873024,0.6213126190476181
5,D_full,extra_trees,valid,stable_candidate,2486,0.2605073656923214,0.33286426887866155,0.2259940873015882,0.4440812175570569,0.10852647856568218,0.5108533730158742,0.5992921825396835
5,D_full,extra_trees,valid,startup_shutdown_candidate,360,0.32529932738095235,0.4264295241392117,0.28189297619047426,-0.5586664431434227,-0.23417150286596092,0.6372439682539681,0.7470155119047608
5,D_full,extra_trees,valid,transition_candidate,818,0.27429835943260744,0.3462577294699161,0.2425985317460313,0.2710718657085355,0.05639614827104425,0.5407539841269836,0.6417656547619058
5,D_full,hist_gradient_boosting,test,abnormal_target_candidate,86,0.3885513929907077,0.532575175429737,0.28905992778103595,0.5867343304441712,0.2526704123863516,0.8318124903788089,1.2608883100540562
5,D_full,hist_gradient_boosting,test,missing_sensor_candidate,1000,0.25662006847268043,0.3121658005108301,0.23670243945359903,0.4034721766313202,0.012411633357327232,0.49586245424929454,0.5651985080997802
5,D_full,hist_gradient_boosting,test,ordinary,2306,0.24137309873246823,0.2940753444180397,0.2181585414346623,0.4688130092452507,0.024396960929745148,0.4600577900608318,0.5436571816909215
5,D_full,hist_gradient_boosting,test,stable_candidate,2640,0.24010743366420143,0.29123238610454383,0.21659908588662002,0.46899043397353557,0.03371027515409172,0.45626705039329724,0.5329502777239333
5,D_full,hist_gradient_boosting,test,startup_shutdown_candidate,41,0.4403653028757475,0.6522339190201142,0.2142943022119308,0.10000296123192542,0.10598515506835916,1.3494950772299763,1.5304618967158028
5,D_full,hist_gradient_boosting,test,transition_candidate,572,0.25473918353320746,0.3064122312211556,0.23498401343722808,0.5022398978128934,0.00820368516725312,0.49053954228763313,0.5536445768453975
5,D_full,hist_gradient_boosting,valid,abnormal_target_candidate,48,0.5355794284779487,0.5798618241309952,0.5838607825362452,-0.7575426832941112,0.4532709299023747,0.767756710152231,0.8438260249475067
5,D_full,hist_gradient_boosting,valid,missing_sensor_candidate,657,0.3237649433741367,0.3736503733429854,0.30290209958924486,0.24582493908156822,0.13714310101206667,0.5840590545866099,0.6503854750669154
5,D_full,hist_gradient_boosting,valid,ordinary,2276,0.2656178982385297,0.33011904687255816,0.23011035696492677,0.4272895207463272,0.13455840035218106,0.5524088557083848,0.6520426361228164
5,D_full,hist_gradient_boosting,valid,stable_candidate,2486,0.26083339617499257,0.3369031848426688,0.2228303082236831,0.43050853013909696,0.125208709325147,0.531348500619826,0.6218815293744764
5,D_full,hist_gradient_boosting,valid,startup_shutdown_candidate,360,0.36113335289630866,0.45733231110139655,0.3291502151042538,-0.792761123547089,-0.31554115922231063,0.6850582620975624,0.7614120894356049
5,D_full,hist_gradient_boosting,valid,transition_candidate,818,0.2914686187084449,0.36856730605056387,0.24615696833869993,0.17411538540026972,0.06387008007198322,0.5914440979066286,0.6940964296642612
5,D_full,ridge,test,abnormal_target_candidate,86,0.4126882312408545,0.5599610319456396,0.3058985421013922,0.5431400354808487,-0.011303116690161912,0.7951822445108716,0.9529956929151533
5,D_full,ridge,test,missing_sensor_candidate,1000,0.278841550310267,0.365475890181032,0.22156128518887463,0.18233101256341366,0.041692854109623124,0.5944307873892576,0.7640467519145355
5,D_full,ridge,test,ordinary,2306,0.2684242339072819,0.3200473329264904,0.2465203313278499,0.3708435889567231,-0.004163460050529722,0.499600530982943,0.5638594457633874
5,D_full,ridge,test,stable_candidate,2640,0.26617573664759725,0.31764010473917226,0.24658420456293761,0.3683250290282203,0.005665705712140224,0.4943574460110316,0.574961795638687
5,D_full,ridge,test,startup_shutdown_candidate,41,0.6317116732098634,0.8489504882933601,0.45250598386079766,-0.5247514143303031,0.3734111554894721,1.130826317498535,2.170047281041132
5,D_full,ridge,test,transition_candidate,572,0.28359722721355074,0.3383689751907538,0.25590724426999323,0.3929996234852924,-0.03053962171070756,0.5414467120673848,0.645769678441473
5,D_full,ridge,valid,abnormal_target_candidate,48,0.5608361154843472,0.614778630458116,0.624305593820174,-0.9755788698038732,0.49262916317986066,0.8104396286392064,0.8686413227951736
5,D_full,ridge,valid,missing_sensor_candidate,657,0.3622750414304381,0.49521460812396695,0.24731992644302103,-0.3247325897441167,0.16469204450660216,0.9734793204114726,1.1519335750671722
5,D_full,ridge,valid,ordinary,2276,0.25570865595073783,0.31194531922804747,0.23055867333094238,0.4886115541973728,0.08032438551153032,0.5052552739077338,0.5792986067605095
5,D_full,ridge,valid,stable_candidate,2486,0.25025129652453937,0.32223160001586054,0.22290226525210244,0.47902936342970115,0.07473422900738132,0.4914335770802287,0.5602325648367783
5,D_full,ridge,valid,startup_shutdown_candidate,360,0.2081560166050182,0.30340945477875075,0.1564834753849258,0.21092756160734727,0.01626840092750483,0.4231756622709941,0.5164746032183707
5,D_full,ridge,valid,transition_candidate,818,0.25150600543097734,0.3260402410323813,0.20912038526766086,0.3537089076356278,0.06180059154952417,0.5065680001625407,0.592556252238761
10,A_raw,extra_trees,test,abnormal_target_candidate,85,0.31518872549019555,0.47293363587428133,0.19893333333333096,0.7073743726816153,0.24835447712418277,0.8127177777777771,1.2331299999999994
10,A_raw,extra_trees,test,missing_sensor_candidate,1004,0.291680338092076,0.3646310454439051,0.24443888888888665,0.2143834790280893,0.08553738767153612,0.5892338888888862,0.7176086111111126
10,A_raw,extra_trees,test,ordinary,2290,0.2750703835516739,0.337769924759753,0.2459944444444453,0.30677775751197256,0.08272544371664248,0.5452538888888911,0.6261608333333323
10,A_raw,extra_trees,test,stable_candidate,2655,0.27654673802050633,0.33788128188453687,0.25301666666666733,0.29924394113063646,0.08840929043733002,0.5363066666666635,0.6276427777777792
10,A_raw,extra_trees,test,startup_shutdown_candidate,41,0.49176510840108467,0.7046683856506614,0.2742500000000021,0.03198370733716549,0.13359166666666597,1.452738888888888,1.4958500000000008
10,A_raw,extra_trees,test,transition_candidate,569,0.2909327523921107,0.3517095365549668,0.2693722222222199,0.35177612339889475,0.07734428334309715,0.5496155555555546,0.6282155555555562
10,A_raw,extra_trees,valid,abnormal_target_candidate,49,0.5399354875283441,0.6085926436204439,0.5185555555555563,-1.4650549144439786,0.45291281179138276,0.9392599999999993,1.0376744444444423
10,A_raw,extra_trees,valid,missing_sensor_candidate,653,0.36201944444444456,0.43750714211783504,0.3380722222222232,0.005155081657380989,0.18179717968351197,0.7020577777777786,0.7873622222222229
10,A_raw,extra_trees,valid,ordinary,2248,0.29685345986555967,0.3743501065603247,0.2567499999999985,0.3018455917219641,0.1258341241597471,0.5944311111111114,0.708490833333334
10,A_raw,extra_trees,valid,stable_candidate,2515,0.2867309531698698,0.36244977268142053,0.24295555555555914,0.3117029166847598,0.12772754031367375,0.5807788888888914,0.6941138888888873
10,A_raw,extra_trees,valid,startup_shutdown_candidate,360,0.350252669753087,0.4598119137830621,0.30370000000000097,-0.6550113098974173,-0.27034615740740825,0.7020450000000003,0.8317713888888921
10,A_raw,extra_trees,valid,transition_candidate,819,0.2919563424230092,0.3634084655698008,0.24850555555555331,0.19271283117850935,0.07591808438475105,0.5890500000000017,0.6801977777777765
10,A_raw,hist_gradient_boosting,test,abnormal_target_candidate,85,0.5510124082121289,0.7316241486029149,0.3585860130062226,0.29969372890348334,0.3982281422408159,1.5325215052964674,1.5429215052964669
10,A_raw,hist_gradient_boosting,test,missing_sensor_candidate,1004,0.3285148510665614,0.4091706016298271,0.28551490398846635,0.010736084756222453,0.10740637521670822,0.6760400805950354,0.7746603347830908
10,A_raw,hist_gradient_boosting,test,ordinary,2290,0.33454246611909516,0.4021292598238978,0.30729476115593535,0.017433657019050197,0.12237582377330689,0.6396357353143108,0.7195947518142232
10,A_raw,hist_gradient_boosting,test,stable_candidate,2655,0.3383556249006916,0.4048172339893685,0.3195662242818127,-0.005904107017776772,0.13208453920306842,0.6336710797525807,0.7250731697818323
10,A_raw,hist_gradient_boosting,test,startup_shutdown_candidate,41,0.42135803570506375,0.7929325131848003,0.0678928045650764,-0.22570383075848666,0.32904128078073214,1.7011071954349237,1.7061071954349227
10,A_raw,hist_gradient_boosting,test,transition_candidate,569,0.3431044731934791,0.41231284188186546,0.31527722495153654,0.10913795112830615,0.10737983311675589,0.6409746726988821,0.7273171019329412
10,A_raw,hist_gradient_boosting,valid,abnormal_target_candidate,49,0.5678403445610924,0.6397242545178864,0.539740739073407,-1.7236972687217325,0.5078929657016918,0.946048455069083,1.0113590931257466
10,A_raw,hist_gradient_boosting,valid,missing_sensor_candidate,653,0.4030139077550643,0.47817097275901327,0.3913449035724206,-0.18836953423343217,0.20174956423131352,0.7510303459714748,0.8398171047585421
10,A_raw,hist_gradient_boosting,valid,ordinary,2248,0.32855323682177934,0.41176993762080843,0.28355747253381924,0.15529544595430245,0.1545637944606399,0.6535461710297671,0.7639760969968952
10,A_raw,hist_gradient_boosting,valid,stable_candidate,2515,0.3246247253780119,0.4053284984560982,0.28079244959727845,0.1392152871636293,0.15624192423865735,0.6482977417060738,0.7866029025122118
10,A_raw,hist_gradient_boosting,valid,startup_shutdown_candidate,360,0.2716852789433134,0.3645673983265751,0.23035731833957307,-0.04039003677808917,-0.11509722760395438,0.5269679192040547,0.6156645917756803
10,A_raw,hist_gradient_boosting,valid,transition_candidate,819,0.3074831078108477,0.38329540184028604,0.25461541009496536,0.10194034039734212,0.12123885224142637,0.6353926963196237,0.7182429874981645
10,A_raw,ridge,test,abnormal_target_candidate,85,0.5574839580843314,0.7698126118511593,0.3733770618829304,0.22467819945374345,0.3309438228838291,1.5292397594479603,1.6737100552718587
10,A_raw,ridge,test,missing_sensor_candidate,1004,0.30337306427825816,0.3851801267022405,0.25633364657025925,0.12334025278821037,0.07301877630706047,0.6338826532492201,0.794413530280497
10,A_raw,ridge,test,ordinary,2290,0.3069555827894459,0.36927477399179914,0.27550643469127145,0.17142883254158803,0.0062924815184631265,0.5836419229800073,0.6784148186204567
10,A_raw,ridge,test,stable_candidate,2655,0.30884772532324933,0.370537731654959,0.28220902788472557,0.15724085830912649,0.020913881213437378,0.588402856861477,0.6816989449952853
10,A_raw,ridge,test,startup_shutdown_candidate,41,0.4459940169032401,0.8130728644043451,0.09189151221367098,-0.2887599337007174,0.40617243331169944,1.691927471973349,1.7252594302069912
10,A_raw,ridge,test,transition_candidate,569,0.3162569295522507,0.37863773617074337,0.2930536662219847,0.24871533391456346,-0.00395170360000887,0.594049358823835,0.684145792169349
10,A_raw,ridge,valid,abnormal_target_candidate,49,0.5116877496562858,0.5900957109793978,0.5184087679239084,-1.317491327742463,0.46664289337080644,0.8795896326380713,1.0353269237964795
10,A_raw,ridge,valid,missing_sensor_candidate,653,0.37432235142934855,0.4862475218467675,0.29956427604228963,-0.22885288569937057,0.15912003277914,0.8058609658963206,1.0250491954818925
10,A_raw,ridge,valid,ordinary,2248,0.2980918859289004,0.3782643969525471,0.2589586695438699,0.28716913603893945,0.05134657499044057,0.5996435522451998,0.6807848386536669
10,A_raw,ridge,valid,stable_candidate,2515,0.29162293231890596,0.362302844816358,0.2563769972039527,0.3122608396348594,0.05931217446189284,0.5834841422209442,0.6790754783732577
10,A_raw,ridge,valid,startup_shutdown_candidate,360,0.27369618231909937,0.3666233969731532,0.22614587530172692,-0.05215780393377978,0.079201537863919,0.5070402002053261,0.6585981312617131
10,A_raw,ridge,valid,transition_candidate,819,0.2782457352988441,0.3447668165021779,0.24573989019563136,0.2734108852018604,0.05596869693031708,0.557337259793717,0.6711694962042218
10,B_temporal,extra_trees,test,abnormal_target_candidate,85,0.3309328076563961,0.48151347194968863,0.20139928571428456,0.6966605905994362,0.2592429309056955,0.8283963015872996,1.1246613174603155
10,B_temporal,extra_trees,test,missing_sensor_candidate,1004,0.2927628502656041,0.3584325673054396,0.2537472619047625,0.24086634015391184,0.08070829436223372,0.5798306111111123,0.6700969007936487
10,B_temporal,extra_trees,test,ordinary,2290,0.28600039990989123,0.34382890869490934,0.2591326190476204,0.2816843768893156,0.07993506234837464,0.5466635793650801,0.6182417301587287
10,B_temporal,extra_trees,test,stable_candidate,2655,0.2891496339042836,0.34594939918270745,0.2681838888888901,0.26537829384749934,0.07966929414402295,0.54273434920635,0.6282135952380931
10,B_temporal,extra_trees,test,startup_shutdown_candidate,41,0.40418833139759947,0.7629870398371116,0.0861120634920649,-0.1348733919036056,0.32571072783584987,1.6710120634920624,1.684183571428573
10,B_temporal,extra_trees,test,transition_candidate,569,0.2898675985438112,0.3502158256644388,0.26286301587301786,0.3572704467809005,0.07157628127876815,0.5677297301587323,0.622697650793652
10,B_temporal,extra_trees,valid,abnormal_target_candidate,49,0.5457734207968898,0.6103330936423553,0.5383307936507915,-1.4791741767140403,0.46504342403628074,0.8792571746031738,0.9883563492063469
10,B_temporal,extra_trees,valid,missing_sensor_candidate,653,0.37859391574904594,0.4492145510470045,0.36343944444444354,-0.04880010673034607,0.1894439128321059,0.6919379841269824,0.7789790476190476
10,B_temporal,extra_trees,valid,ordinary,2248,0.30076141677964197,0.37952362041778326,0.26319734126983985,0.28241527914356035,0.1392518859797775,0.6134644682539679,0.6988025555555559
10,B_temporal,extra_trees,valid,stable_candidate,2515,0.29388198371674723,0.3691344309383149,0.2550703968253991,0.28608028139510444,0.14172630805642342,0.5905474761904759,0.7236701428571439
10,B_temporal,extra_trees,valid,startup_shutdown_candidate,360,0.2755006192680777,0.3722762853173871,0.23866761904761802,-0.0848539386235092,-0.11782285207231015,0.5301596825396838,0.6271409563492071
10,B_temporal,extra_trees,valid,transition_candidate,819,0.2910071375273758,0.35870979319877816,0.24890325396825652,0.2134534380518891,0.11744409277671207,0.5851258888888883,0.6959003492063507
10,B_temporal,hist_gradient_boosting,test,abnormal_target_candidate,85,0.3528381658503694,0.5100396937811893,0.239350595843435,0.659654584804299,0.20524934318567778,0.8761505049042022,1.193039677574847
10,B_temporal,hist_gradient_boosting,test,missing_sensor_candidate,1004,0.3195710724802073,0.388510385956034,0.2787731316239457,0.10811555650538285,0.0935610759130974,0.6404326280114153,0.7303208875444771
10,B_temporal,hist_gradient_boosting,test,ordinary,2290,0.3351262397357343,0.3948481608598279,0.3155839395040063,0.052692940790224796,0.11510579768947878,0.6193711403686771,0.6954284241550301
10,B_temporal,hist_gradient_boosting,test,stable_candidate,2655,0.3384464777996916,0.39774514399350475,0.3223178709440351,0.02893485209160096,0.11524975272260371,0.6170757448125627,0.6822046551628234
10,B_temporal,hist_gradient_boosting,test,startup_shutdown_candidate,41,0.41385551195154696,0.7603909126621687,0.08226226869837383,-0.12716352784382723,0.2971861338867589,1.6678587042879673,1.6948587042879684
10,B_temporal,hist_gradient_boosting,test,transition_candidate,569,0.33051757315207564,0.3934750773757967,0.3201390056105211,0.18868184564518875,0.0789785104657016,0.6191746574818353,0.6801515836747783
10,B_temporal,hist_gradient_boosting,valid,abnormal_target_candidate,49,0.5096706291991235,0.5701688650342235,0.4735418010975181,-1.1636160684175194,0.4366467868515876,0.8231156675568073,0.880621672231597
10,B_temporal,hist_gradient_boosting,valid,missing_sensor_candidate,653,0.38649106540685196,0.45711309656288,0.3921704368325045,-0.08600648912331099,0.19761003165291335,0.6953081399344275,0.7717837900064437
10,B_temporal,hist_gradient_boosting,valid,ordinary,2248,0.3167796083750373,0.3943946195372071,0.2766412520680879,0.22507883010851026,0.1788272197601449,0.6183032016937288,0.7466367766482457
10,B_temporal,hist_gradient_boosting,valid,stable_candidate,2515,0.3145906103735676,0.38939315726493795,0.2769875598347724,0.20556769383979645,0.1817279058783289,0.6225172576045742,0.7386874847243663
10,B_temporal,hist_gradient_boosting,valid,startup_shutdown_candidate,360,0.2868452684484049,0.3773204904905324,0.25720628500053344,-0.11445184415146814,-0.15351541907410426,0.5370526853691858,0.636497831369237
10,B_temporal,hist_gradient_boosting,valid,transition_candidate,819,0.3065219147968405,0.3759817974526886,0.27529457562517123,0.13588486985430093,0.13933928970010817,0.6146345114209916,0.7301842815786158
10,B_temporal,ridge,test,abnormal_target_candidate,85,0.5330095858320044,0.7021077768858675,0.4063816923828423,0.355059694549708,0.14042182997949168,1.4363144454044918,1.5881943918969619
10,B_temporal,ridge,test,missing_sensor_candidate,1004,0.2835966659512767,0.3637888399795111,0.22875945770767103,0.21800843862754116,0.02921314592943267,0.598988784915158,0.7274299189422191
10,B_temporal,ridge,test,ordinary,2290,0.2831846384551681,0.3353497048604709,0.26566243225355457,0.3166764451017665,-0.009033892178962928,0.5163526904843179,0.6029063515008348
10,B_temporal,ridge,test,stable_candidate,2655,0.2805146120197182,0.3347719997732634,0.2609230642946354,0.31208172289477654,-0.002964220968183665,0.5180285898360477,0.5905784179219995
10,B_temporal,ridge,test,startup_shutdown_candidate,41,0.5682530906320332,0.859579173232919,0.1992934777671298,-0.4404057966388777,0.4447361480604719,1.7862858342557395,1.812483197984612
10,B_temporal,ridge,test,transition_candidate,569,0.2883570475980881,0.3480869807634384,0.2654866715474089,0.36506057389431923,-0.02790865912676008,0.5283729566498226,0.609111028615045
10,B_temporal,ridge,valid,abnormal_target_candidate,49,0.4963252645351573,0.567004426820406,0.5272596989927454,-1.139666567197576,0.4458520945045531,0.854942347570071,0.9095207384437436
10,B_temporal,ridge,valid,missing_sensor_candidate,653,0.35589783059366503,0.47477339056914414,0.24901117923301186,-0.17154191762591076,0.16601654105203845,0.8328350014970632,1.0096533643652843
10,B_temporal,ridge,valid,ordinary,2248,0.26385210094045475,0.332535374365939,0.23896712297231026,0.4491019119114483,0.0753132380360209,0.5041543318399828,0.5988270759322126
10,B_temporal,ridge,valid,stable_candidate,2515,0.254115550929047,0.3155653098026041,0.2272166857326674,0.4782544233022826,0.08196490944063489,0.5014191688924163,0.591086473664078
10,B_temporal,ridge,valid,startup_shutdown_candidate,360,0.22203161751788877,0.316400567639929,0.18360407378016141,0.2163628174410812,0.052708533504998725,0.4317683786735274,0.515935363319132
10,B_temporal,ridge,valid,transition_candidate,819,0.25013142878401456,0.3106864849255694,0.21800547717271712,0.4099583171175005,0.07219717481426213,0.4869805373981558,0.5909938904710195
10,C_process,extra_trees,test,abnormal_target_candidate,85,0.32962763585434207,0.4874907185930002,0.22490134920634652,0.6890828665854043,0.246236124183007,0.6724003809523822,1.2534910158730155
10,C_process,extra_trees,test,missing_sensor_candidate,1004,0.28562910437614636,0.3563860539811205,0.25864146825396706,0.2495103202186153,0.032023949677480665,0.5586852936507986,0.67392085714286
10,C_process,extra_trees,test,ordinary,2290,0.2618607611885123,0.32326353160430754,0.22945000000000437,0.36504351795670065,0.015489928190198855,0.5204343650793648,0.6153535158730175
10,C_process,extra_trees,test,stable_candidate,2655,0.25935036224952424,0.32226044797660575,0.22716976190475968,0.36254048491624347,0.026930432048944235,0.5145603174603159,0.6044512698412683
10,C_process,extra_trees,test,startup_shutdown_candidate,41,0.42707300619434774,0.7656257730309647,0.0962037301587344,-0.14273671403419974,0.29067880952380937,1.6505536507936505,1.7275115873015867
10,C_process,extra_trees,test,transition_candidate,569,0.26335637177913523,0.32710302414629083,0.24715269841269638,0.43930607101505703,0.02852700070205774,0.50849553968254,0.6015850000000001
10,C_process,extra_trees,valid,abnormal_target_candidate,49,0.47188960668394364,0.5440169885994565,0.4536822222222252,-0.9696911143595148,0.41654871585142,0.8254697857142848,0.89736707142857
10,C_process,extra_trees,valid,missing_sensor_candidate,653,0.34302616382015677,0.4141605319165286,0.32097825396825286,0.10849761115725298,0.17507202561079652,0.6676730317460319,0.7375096349206355
10,C_process,extra_trees,valid,ordinary,2248,0.2839831408808009,0.3570161212127413,0.2518951587301572,0.36500366744533874,0.12465859898347666,0.5491698055555575,0.6541645912698433
10,C_process,extra_trees,valid,stable_candidate,2515,0.27804661218848886,0.3478338575380025,0.24290071428571203,0.36609529945764374,0.12604292330591135,0.5526724761904741,0.6503393095238076
10,C_process,extra_trees,valid,startup_shutdown_candidate,360,0.29622592982069407,0.393628182969274,0.25691315476190635,-0.21286621155975927,-0.13400682855673215,0.5551568730158737,0.6617965535714283
10,C_process,extra_trees,valid,transition_candidate,819,0.2707830079106667,0.3359555886673562,0.23624952380952458,0.31007527370240284,0.09538364467249393,0.5546833968253949,0.6360425714285702
10,C_process,hist_gradient_boosting,test,abnormal_target_candidate,85,0.5441543160184178,0.7107097084906626,0.3629655700316228,0.33915980899941167,0.3549208460798642,1.4208168042672118,1.4849740110429202
10,C_process,hist_gradient_boosting,test,missing_sensor_candidate,1004,0.2825067765633317,0.35221864672626446,0.251947461061544,0.2669594308016624,0.03161825201918669,0.5712846492692976,0.6615957802330769
10,C_process,hist_gradient_boosting,test,ordinary,2290,0.27515202090211016,0.33833201286135095,0.24254120196977258,0.3044686342977011,0.031640848608247264,0.5490675329980534,0.6306751271366074
10,C_process,hist_gradient_boosting,test,stable_candidate,2655,0.27239340783843674,0.33413075223576455,0.24403351070317392,0.3147145799950225,0.043752951367327875,0.5308523768274922,0.615979760489367
10,C_process,hist_gradient_boosting,test,startup_shutdown_candidate,41,0.4566059351370859,0.8167040393123389,0.1032816181697207,-0.3002968148661662,0.3297599842917482,1.7699631335172015,1.7784524664504229
10,C_process,hist_gradient_boosting,test,transition_candidate,569,0.28033987586656506,0.34434958141106387,0.2606394203845461,0.378622027190063,0.02735958330409827,0.5465249198620341,0.633157326635903
10,C_process,hist_gradient_boosting,valid,abnormal_target_candidate,49,0.5275823960726883,0.599705635360952,0.4925060718825751,-1.3935883438860777,0.4838389216061481,0.8936661001589397,0.9296129513258601
10,C_process,hist_gradient_boosting,valid,missing_sensor_candidate,653,0.3614733581660971,0.4294577447177586,0.3347835066489466,0.04142528323159611,0.2016297445149914,0.6739426161306724,0.7539861509640197
10,C_process,hist_gradient_boosting,valid,ordinary,2248,0.3059947869893561,0.3842377978360913,0.2679244922757098,0.2644778911752369,0.1551517235573651,0.5966561859855064,0.7163204928082967
10,C_process,hist_gradient_boosting,valid,stable_candidate,2515,0.29951465732579036,0.3752107788691037,0.25765048499552456,0.2623830670310454,0.15854227131270607,0.5948987987133644,0.7212530831883058
10,C_process,hist_gradient_boosting,valid,startup_shutdown_candidate,360,0.2572258849016848,0.3489565763357688,0.21444881565064478,0.046801607596675954,-0.007787655172812889,0.48820706693379534,0.5744386929744449
10,C_process,hist_gradient_boosting,valid,transition_candidate,819,0.2808286917909447,0.35359185787274394,0.22823025830867927,0.23573762095723794,0.1356120149544399,0.5888496787745692,0.6908571933723247
10,C_process,ridge,test,abnormal_target_candidate,85,0.446808475782908,0.5892723710967226,0.33699297687189045,0.5456985635649845,0.1395702434559628,0.9646838128289339,1.388242934436223
10,C_process,ridge,test,missing_sensor_candidate,1004,0.30275825938017836,0.3833344093795573,0.25245200388771316,0.13172173055195913,0.042646954784631354,0.6251314177826784,0.7244504458586528
10,C_process,ridge,test,ordinary,2290,0.2967734695862562,0.357686464541572,0.2670943564853223,0.22261609144708883,0.020621517426310285,0.5674368517150157,0.6594402729365337
10,C_process,ridge,test,stable_candidate,2655,0.2983536891483274,0.35862728504896535,0.2752040380187726,0.21054886773736836,0.03635661813726641,0.5686216702951459,0.6561543735334974
10,C_process,ridge,test,startup_shutdown_candidate,41,0.6417706788822883,0.9291597878676239,0.38549960518440507,-0.6830379311984658,0.19119483072275356,1.8876228179268146,1.9503291434984629
10,C_process,ridge,test,transition_candidate,569,0.30776411679850435,0.36719509115672117,0.28703628747379106,0.2934376878936722,-0.007237490319501918,0.5745405366466907,0.6640236840375726
10,C_process,ridge,valid,abnormal_target_candidate,49,0.4860457927079003,0.5600149941411691,0.47389750761881544,-1.0872405907937104,0.4306947954293389,0.8185200071890026,0.8491298687609795
10,C_process,ridge,valid,missing_sensor_candidate,653,0.4261850613946591,0.571111544196524,0.3127223883718848,-0.6952235209806001,0.13062064565863946,1.0284257479253252,1.2643206246342913
10,C_process,ridge,valid,ordinary,2248,0.2937081342162592,0.3715654158153386,0.2578316284653752,0.3121937289346539,0.05121978802599646,0.5839284936173605,0.6662184020941742
10,C_process,ridge,valid,stable_candidate,2515,0.28652516764411,0.35508343704803746,0.25016506667168414,0.3393961570375492,0.060055840196369566,0.5639954725953593,0.6609734445318678
10,C_process,ridge,valid,startup_shutdown_candidate,360,0.26354819499723176,0.3562260507380056,0.22985440234966248,0.00667382678058448,0.02946338425274636,0.49261536292706,0.6327729533597825
10,C_process,ridge,valid,transition_candidate,819,0.28012089443470334,0.34929556090610975,0.24215259763049524,0.2541970401610595,0.038535474461837235,0.5562437354759002,0.677726066166238
10,D_full,extra_trees,test,abnormal_target_candidate,85,0.3495175816993465,0.49187834876708963,0.25310555555555503,0.6834608988422367,0.26016647058823555,0.7317588888888898,0.8351100000000014
10,D_full,extra_trees,test,missing_sensor_candidate,1004,0.2563129537405932,0.3189119385192726,0.22147499999999987,0.3990409532102208,0.019050403939796377,0.5015122222222236,0.5952472222222225
10,D_full,extra_trees,test,ordinary,2290,0.24889217612809314,0.3042610205547584,0.2267861111111129,0.43749916695209745,0.02744441290635614,0.486296111111109,0.5573402777777752
10,D_full,extra_trees,test,stable_candidate,2655,0.2496834651600754,0.3044937164005653,0.22718888888888777,0.4308912474970623,0.028206403013182613,0.4756244444444448,0.5484355555555573
10,D_full,extra_trees,test,startup_shutdown_candidate,41,0.40015027100271033,0.7687091296553643,0.052572222222222464,-0.15195939136792203,0.33331205962059574,1.706966666666668,1.7383555555555574
10,D_full,extra_trees,test,transition_candidate,569,0.24801645186486998,0.3041081392051636,0.21957777777777743,0.515367178911268,0.02041520210896304,0.48615222222222126,0.5527888888888872
10,D_full,extra_trees,valid,abnormal_target_candidate,49,0.5002778911564627,0.5754421475960088,0.5122055555555551,-1.2038221198989474,0.44481077097505667,0.8722366666666655,0.9411144444444451
10,D_full,extra_trees,valid,missing_sensor_candidate,653,0.32891909137314934,0.39356470197898735,0.3199333333333314,0.19496016111769066,0.1647697975157392,0.5956444444444461,0.6582566666666664
10,D_full,extra_trees,valid,ordinary,2248,0.27442855377619607,0.3475309107449874,0.24177499999999874,0.39829663626268763,0.1294711249505733,0.5433738888888914,0.6523569444444463
10,D_full,extra_trees,valid,stable_candidate,2515,0.26578132759001544,0.3323643086535874,0.23172222222222416,0.42122598231302644,0.13316448641484432,0.5306733333333311,0.6373183333333335
10,D_full,extra_trees,valid,startup_shutdown_candidate,360,0.32299665123456744,0.41830453389310895,0.27580000000000116,-0.3697006762707973,-0.20177211419753016,0.6097605555555541,0.7331772222222219
10,D_full,extra_trees,valid,transition_candidate,819,0.27085708859042185,0.33470376313501293,0.23848888888888986,0.3152072395784201,0.09402296838963507,0.5440788888888851,0.6247444444444435
10,D_full,hist_gradient_boosting,test,abnormal_target_candidate,85,0.3863594914566468,0.5483044031093235,0.2500651410590482,0.6066714973214677,0.3059727784634258,0.8439698441815685,1.1247746512056638
10,D_full,hist_gradient_boosting,test,missing_sensor_candidate,1004,0.2638303666880185,0.32326489527515384,0.23491493244549666,0.3825235294917586,0.021693274441278904,0.5142897764696164,0.5851101346177272
10,D_full,hist_gradient_boosting,test,ordinary,2290,0.254928577148539,0.31008267924163146,0.22957687324188925,0.4157677180265249,0.023982882012173103,0.4797069030633024,0.5723016176723388
10,D_full,hist_gradient_boosting,test,stable_candidate,2655,0.2506297305221197,0.3035640023906497,0.22987781057282497,0.4343612738765684,0.02733406005075454,0.479705553657876,0.5655420856879224
10,D_full,hist_gradient_boosting,test,startup_shutdown_candidate,41,0.4146953675541279,0.7750277590324252,0.1053371742258431,-0.17097495733397206,0.32553814027380673,1.7181452241232318,1.7451452241232328
10,D_full,hist_gradient_boosting,test,transition_candidate,569,0.25696766286173056,0.3113486757341194,0.24205839876255375,0.49201512583782714,0.007498404289913977,0.4967243607554582,0.5521229063846289
10,D_full,hist_gradient_boosting,valid,abnormal_target_candidate,49,0.45791547532033783,0.5329245541818806,0.4597390904793617,-0.8901865245327643,0.4290125157977154,0.8374510211432341,0.9296716989364638
10,D_full,hist_gradient_boosting,valid,missing_sensor_candidate,653,0.3460312497535712,0.4052343048015087,0.33503594518130697,0.14651184547628004,0.17500701569006538,0.5930823268616203,0.6814895135050352
10,D_full,hist_gradient_boosting,valid,ordinary,2248,0.2860067933472076,0.3598602807031146,0.25611795875353494,0.35484600460412663,0.1542282991450314,0.5529016582620139,0.6697991510182922
10,D_full,hist_gradient_boosting,valid,stable_candidate,2515,0.2825177321462884,0.350096253020635,0.24655371835098272,0.3578223432371529,0.16177661867600746,0.5627063659211113,0.6653874358251509
10,D_full,hist_gradient_boosting,valid,startup_shutdown_candidate,360,0.3073768817620861,0.39462755837046576,0.26893523913266737,-0.21903267732384557,-0.18974620094812514,0.5805755574428568,0.6357775540424585
10,D_full,hist_gradient_boosting,valid,transition_candidate,819,0.2743378054885387,0.3362639963202697,0.2398777551536604,0.30880798875182525,0.10962492102235201,0.5295283794851656,0.6413550989876056
10,D_full,ridge,test,abnormal_target_candidate,85,0.38581738287196915,0.5314443600692645,0.30241088313854725,0.6304888422418986,-0.012879294946227722,0.7407524135619207,1.1448511590395403
10,D_full,ridge,test,missing_sensor_candidate,1004,0.2807743042291538,0.36651195214440446,0.22478067080077402,0.20625755231657705,0.049059196325908355,0.5933607171782735,0.7658729645423568
10,D_full,ridge,test,ordinary,2290,0.27436960247498626,0.32370755986108485,0.25609523484976826,0.36329799317667166,-0.006727424840982108,0.5029073134978865,0.5797697151486079
10,D_full,ridge,test,stable_candidate,2655,0.2725890888996425,0.32314998284911844,0.25430392586394035,0.35901647149700266,0.00010931429261825366,0.4951917525231017,0.5685620714287462
10,D_full,ridge,test,startup_shutdown_candidate,41,0.7768037249051782,1.0235332865316702,0.5463666275770436,-1.0422882260967419,0.37167577368917715,2.1343634830832556,2.1806023819874873
10,D_full,ridge,test,transition_candidate,569,0.2826304896046509,0.33864047524031243,0.2557022188236644,0.3990553612710772,-0.03194494473065387,0.5299016538400759,0.6324376561946126
10,D_full,ridge,valid,abnormal_target_candidate,49,0.47458399969981874,0.5442376052197287,0.5032877157253459,-0.9712889861802214,0.42135989739889007,0.8075463531256845,0.8622667614272789
10,D_full,ridge,valid,missing_sensor_candidate,653,0.36654585259460365,0.503944923053556,0.24521293287703116,-0.3199310348991178,0.1655171281613761,0.9331580830254869,1.1367079020273088
10,D_full,ridge,valid,ordinary,2248,0.25850005480868127,0.3263191356326824,0.23237569810373593,0.4695057923786111,0.07291806954611324,0.49806387877102837,0.582750931422749
10,D_full,ridge,valid,stable_candidate,2515,0.24746685870029012,0.3075217659423304,0.21960538593353718,0.5045133180957474,0.08045632604445108,0.4894265245571805,0.5701061209375269
10,D_full,ridge,valid,startup_shutdown_candidate,360,0.2100060517849186,0.3047245797419766,0.16988667125270052,0.27313208298464653,0.005391439148557185,0.4153244065555148,0.46660473685218906
10,D_full,ridge,valid,transition_candidate,819,0.244653821458233,0.3055343712120571,0.21225378379163828,0.4293653795412229,0.061762743561732225,0.487489932498221,0.5790999914834226
15,A_raw,extra_trees,test,abnormal_target_candidate,85,0.35079175594884443,0.49096214458306464,0.26645198412698434,0.7038762367487842,0.27275937904252634,0.600705849206348,1.3054268333333328
15,A_raw,extra_trees,test,missing_sensor_candidate,1008,0.31801004396498206,0.39835369585345204,0.283364047619048,0.047019923820921905,0.07969081877420423,0.6244488373015885,0.7442988888888894
15,A_raw,extra_trees,test,ordinary,2304,0.2821177256052365,0.34235269892225817,0.2525995304232822,0.2970352606276312,0.05739859827752623,0.555091563492062,0.6490638373015849
15,A_raw,extra_trees,test,stable_candidate,2635,0.2809865273530321,0.3450825263908047,0.24769515873016346,0.2817684372253557,0.05276345020598922,0.541441714285714,0.6306767619047609
15,A_raw,extra_trees,test,startup_shutdown_candidate,41,0.48767699896760863,0.8385307686781768,0.10119023809523853,-0.2082092063757468,0.3935666776358243,1.6505680952380963,1.6914387301587315
15,A_raw,extra_trees,test,transition_candidate,571,0.296373043843521,0.3697025296169187,0.2524834126984139,0.3141198425943321,0.0660473894528316,0.5852450000000005,0.6719568584656077
15,A_raw,extra_trees,valid,abnormal_target_candidate,49,0.5972367888309725,0.6715272401765756,0.6346320238095249,-1.927312175973738,0.5246638847169462,0.997187222222221,1.0321849841269861
15,A_raw,extra_trees,valid,missing_sensor_candidate,650,0.3965109687358937,0.46668303562080693,0.37668475529100487,-0.14394854860089756,0.20874219866707375,0.7282365873015861,0.8343389034992768
15,A_raw,extra_trees,valid,ordinary,2276,0.33134772617187064,0.4153570146516458,0.28715100529100557,0.1345925274799057,0.16629087065334108,0.6781975595238103,0.8155572808441542
15,A_raw,extra_trees,valid,stable_candidate,2493,0.3277412054438781,0.4169168827258833,0.2831773280423242,0.1330894366485723,0.166064205530434,0.66159756926407,0.769107
15,A_raw,extra_trees,valid,startup_shutdown_candidate,360,0.28275437896825356,0.35636162859235737,0.24642874999999975,-0.29898613214669023,-0.14170898177542532,0.5932351428571434,0.6869702182539673
15,A_raw,extra_trees,valid,transition_candidate,815,0.31283415602245973,0.39261957494755373,0.2584813492063507,0.012769647949072871,0.1369377143666379,0.6542345714285706,0.7805405476190457
15,A_raw,hist_gradient_boosting,test,abnormal_target_candidate,85,0.5948053201402759,0.7753661001095556,0.45080917905601225,0.2614313593398653,0.3678023360458965,1.251586144252109,1.741868963324412
15,A_raw,hist_gradient_boosting,test,missing_sensor_candidate,1008,0.34433200134692044,0.43139190108540837,0.29642047312406916,-0.11760952437014804,0.10055351590024669,0.6959384885480268,0.8417987212579967
15,A_raw,hist_gradient_boosting,test,ordinary,2304,0.35063232354132,0.419420197019515,0.3278936746024481,-0.055078344741759766,0.10798144424226537,0.6732081522536895,0.7694113578126625
15,A_raw,hist_gradient_boosting,test,stable_candidate,2635,0.34914556281149417,0.41992665604116824,0.32601528172792804,-0.06356842527959672,0.10658792522296696,0.6651711261631543,0.7483456858734725
15,A_raw,hist_gradient_boosting,test,startup_shutdown_candidate,41,0.49410170638750145,0.8887251162666177,0.038494317340484585,-0.35718497314632547,0.4747325688212969,1.7124689633244117,1.7234689633244127
15,A_raw,hist_gradient_boosting,test,transition_candidate,571,0.3597508193308489,0.44399988817516184,0.31992570158408107,0.010743036496911662,0.090472308326197,0.7102165308823984,0.8074790635948865
15,A_raw,hist_gradient_boosting,valid,abnormal_target_candidate,49,0.602859248526529,0.6769541320943007,0.5773600574707061,-1.9748170197628592,0.5336328801593544,0.989974882228033,1.0905632121341489
15,A_raw,hist_gradient_boosting,valid,missing_sensor_candidate,650,0.4116550304525607,0.4830726642794582,0.40363656229844747,-0.22570903864040748,0.19827894728102657,0.7556657371203084,0.8592163731517003
15,A_raw,hist_gradient_boosting,valid,ordinary,2276,0.3520622802127816,0.43509105626755584,0.31158225314591004,0.05040623529915089,0.17269269798749265,0.7015930899305864,0.8332677277669522
15,A_raw,hist_gradient_boosting,valid,stable_candidate,2493,0.34721123422667116,0.43676659369626913,0.30641945022422057,0.04857587705445643,0.1720604693419954,0.6797446123855813,0.784304413458213
15,A_raw,hist_gradient_boosting,valid,startup_shutdown_candidate,360,0.25916191020458,0.3242371898248778,0.21380948768123886,-0.07534618322777509,-0.06769678995510221,0.5249836399024969,0.5928977658853314
15,A_raw,hist_gradient_boosting,valid,transition_candidate,815,0.3214545973849932,0.4069474916627463,0.2730492587001212,-0.06059934331257244,0.15367685156582298,0.6737014408790408,0.7964865252728676
15,A_raw,ridge,test,abnormal_target_candidate,85,0.6354116573422373,0.848758236154732,0.4501369296916362,0.11499596972401438,0.1424312385436653,1.6382755987650137,1.7166443589284974
15,A_raw,ridge,test,missing_sensor_candidate,1008,0.32031361846608025,0.40521634992585887,0.26808269623144465,0.013902086643183265,0.0517438765211907,0.6715113465475525,0.8320567106140181
15,A_raw,ridge,test,ordinary,2304,0.3198480699018369,0.3844786319821582,0.2904773879447591,0.11339444939187171,-0.02113394552559738,0.6217090004703026,0.7157238263816108
15,A_raw,ridge,test,stable_candidate,2635,0.32337748078522127,0.3903004685965236,0.2971441918524249,0.08120908143117478,-0.014758904391779558,0.6220290072134694,0.7043676780453696
15,A_raw,ridge,test,startup_shutdown_candidate,41,0.5175991235557569,0.89698453286383,0.07656690434060387,-0.38252834244006806,0.49589371965032863,1.7241805555161083,1.747469358326878
15,A_raw,ridge,test,transition_candidate,571,0.33732573649881203,0.4052154904190846,0.2993814804467618,0.17602227259709813,-0.01617192610096334,0.627737618279097,0.7145612815311528
15,A_raw,ridge,valid,abnormal_target_candidate,49,0.5299080448414463,0.6209110808221727,0.51486929253916,-1.5026527330254518,0.4805080938093736,0.9476828651274044,1.0244785611169105
15,A_raw,ridge,valid,missing_sensor_candidate,650,0.38040245167768816,0.47771738050097334,0.31053315327015074,-0.1986835567234453,0.16692378155001186,0.8072154170612307,0.9752684890199529
15,A_raw,ridge,valid,ordinary,2276,0.3121882022942452,0.3880894863759829,0.27432119299981395,0.24448812080804805,0.07309564077025921,0.6381787546165594,0.7492599820764498
15,A_raw,ridge,valid,stable_candidate,2493,0.30952465707580173,0.39126035805955356,0.272902248640003,0.23650354107727145,0.07731655199665904,0.6036764373678853,0.7039559209401247
15,A_raw,ridge,valid,startup_shutdown_candidate,360,0.27187657127959763,0.3389305218991113,0.23732677565798088,-0.175016608575165,0.11569511231635689,0.5448702856350913,0.6597950174781475
15,A_raw,ridge,valid,transition_candidate,815,0.2826304757965946,0.3601760542636201,0.23400628669956447,0.1691851047991666,0.08114761309373232,0.6118577624974769,0.7179798963655439
15,B_temporal,extra_trees,test,abnormal_target_candidate,85,0.3271369281045751,0.48210622133618375,0.2259555555555579,0.7144627865097076,0.2139782352941177,0.7136288888888901,1.2595211111111135
15,B_temporal,extra_trees,test,missing_sensor_candidate,1008,0.31752213403880075,0.39657196206456685,0.26950833333333346,0.05552572937572431,0.07059305555555576,0.6364944444444468,0.7601213888888897
15,B_temporal,extra_trees,test,ordinary,2304,0.3115557966820989,0.37758712617052226,0.2868472222222218,0.14489314750668336,0.06675088252314809,0.6051888888888909,0.6944491666666671
15,B_temporal,extra_trees,test,stable_candidate,2635,0.31132577904279995,0.3758764995523759,0.2808611111111148,0.1478640338621774,0.06129673413451405,0.5895566666666653,0.6971966666666669
15,B_temporal,extra_trees,test,startup_shutdown_candidate,41,0.49428834688346857,0.8538036810610706,0.08283888888889024,-0.2526224191155517,0.47349078590785826,1.6980666666666675,1.7262666666666657
15,B_temporal,extra_trees,test,transition_candidate,571,0.3140620646040087,0.3895443782157014,0.2807055555555529,0.23852214690800855,0.06334390932087958,0.645016666666665,0.7277583333333322
15,B_temporal,extra_trees,valid,abnormal_target_candidate,49,0.5760265306122447,0.6722535022481909,0.6050666666666658,-1.9336474229112905,0.49344285714285696,1.0098299999999991,1.159093333333335
15,B_temporal,extra_trees,valid,missing_sensor_candidate,650,0.3967909572649572,0.46376136909192117,0.3803083333333337,-0.12967001732611094,0.18589649572649566,0.7130455555555546,0.8342975000000004
15,B_temporal,extra_trees,valid,ordinary,2276,0.3260435876781877,0.4103549744934514,0.26953055555555405,0.15531078881164406,0.1508976542667446,0.6583027777777763,0.8006208333333302
15,B_temporal,extra_trees,valid,stable_candidate,2493,0.3247401256852519,0.4133470612396887,0.279705555555557,0.14787160038181202,0.15003885546196008,0.6436788888888911,0.7630933333333314
15,B_temporal,extra_trees,valid,startup_shutdown_candidate,360,0.2930257407407407,0.36304772837798954,0.2403666666666675,-0.3481868660068368,-0.10919216049382716,0.6027961111111125,0.701231111111108
15,B_temporal,extra_trees,valid,transition_candidate,815,0.3013461281526924,0.380916066446409,0.24518888888889023,0.07074868605757356,0.12904330606680284,0.6363333333333341,0.733975000000001
15,B_temporal,hist_gradient_boosting,test,abnormal_target_candidate,85,0.491079016372506,0.6566563678061944,0.4031042483453131,0.47027122387750786,0.3970606916714245,0.8518202839702859,1.654577772794024
15,B_temporal,hist_gradient_boosting,test,missing_sensor_candidate,1008,0.34115641188618645,0.4214947755893738,0.28938237924912613,-0.06691669557660518,0.09049461515201684,0.6725511134854145,0.7890010076363371
15,B_temporal,hist_gradient_boosting,test,ordinary,2304,0.34656138389603464,0.4151458180174715,0.31830081974881885,-0.03368297713749757,0.0864881944574258,0.6687669194555437,0.7699559630785265
15,B_temporal,hist_gradient_boosting,test,stable_candidate,2635,0.3443944428393002,0.4138748000215732,0.3149314456313199,-0.03313367204375872,0.08213634053548809,0.6591104637040075,0.748071262940119
15,B_temporal,hist_gradient_boosting,test,startup_shutdown_candidate,41,0.51631200579338,0.9094193276032798,0.05956346192269457,-0.42112570310334796,0.5162192509367044,1.7791449120694498,1.8089896201822935
15,B_temporal,hist_gradient_boosting,test,transition_candidate,571,0.3557991015345388,0.4359180577423728,0.3187519955549565,0.0464288255466917,0.07777283030647382,0.7009928516729147,0.8158504333092091
15,B_temporal,hist_gradient_boosting,valid,abnormal_target_candidate,49,0.5888086025633731,0.6602908926679284,0.573226277507418,-1.8301690988044115,0.5104174936024564,0.9716615850181797,1.0499192726567304
15,B_temporal,hist_gradient_boosting,valid,missing_sensor_candidate,650,0.40783645472526553,0.4700258313908876,0.4150877411136209,-0.16039517922229019,0.19120836589478213,0.7154941811865609,0.8039268227927772
15,B_temporal,hist_gradient_boosting,valid,ordinary,2276,0.3491080843279072,0.42932331902613713,0.30467687979733693,0.07541573419247583,0.16339261303112496,0.6879006512756263,0.8106441073286152
15,B_temporal,hist_gradient_boosting,valid,stable_candidate,2493,0.34755270362775587,0.4334122739436831,0.3088179663071404,0.06313342814370593,0.16203160502176983,0.6668376685165661,0.7695766237119113
15,B_temporal,hist_gradient_boosting,valid,startup_shutdown_candidate,360,0.2742242787375616,0.3410273072490931,0.2495815487425599,-0.18960000215668193,-0.08553379160352173,0.5478554927303897,0.6307366865176809
15,B_temporal,hist_gradient_boosting,valid,transition_candidate,815,0.32303861583409677,0.4029511281720764,0.2742987823219387,-0.0398707303002499,0.14862904545487654,0.6538470593294939,0.7669340151088812
15,B_temporal,ridge,test,abnormal_target_candidate,85,0.603218859163244,0.7609378721899844,0.5220687143015699,0.28866259777821246,0.11161596252421717,1.0200935395237964,1.570675786186089
15,B_temporal,ridge,test,missing_sensor_candidate,1008,0.3137131550431467,0.39873828291304736,0.2659207159958683,0.045178943164287055,0.021931268724160104,0.66342719873638,0.8031731460081635
15,B_temporal,ridge,test,ordinary,2304,0.3036502090599136,0.3657060675763164,0.27424258698625703,0.19785965327734845,-0.024099411554759944,0.595198042493931,0.6768380005426807
15,B_temporal,ridge,test,stable_candidate,2635,0.30512055839122215,0.3722794019871979,0.2766946597036295,0.16409569143240776,-0.023533185055818414,0.5913279328478228,0.6865231029971084
15,B_temporal,ridge,test,startup_shutdown_candidate,41,0.7147280157009172,1.018565807070419,0.3185629556838432,-0.7827166492524082,0.5275638541951592,1.9661389073408717,1.9741650066372713
15,B_temporal,ridge,test,transition_candidate,571,0.31991509841529925,0.391353880432499,0.293896332783957,0.2314313186230713,-0.028183638031863495,0.6155021169806556,0.6975971097424969
15,B_temporal,ridge,valid,abnormal_target_candidate,49,0.4985707113276985,0.5669391684773862,0.5252329180634039,-1.0864822542821115,0.4283443546042292,0.8666033598017546,0.9031399285532924
15,B_temporal,ridge,valid,missing_sensor_candidate,650,0.3820107655790962,0.49752884428407235,0.2869310591931047,-0.3001665587852371,0.17279891742763004,0.8967389302227842,1.0547547912779043
15,B_temporal,ridge,valid,ordinary,2276,0.29570280264557697,0.3668236127794315,0.25505070795709095,0.325018126832773,0.08175358612965161,0.5832982430233429,0.6924424876617219
15,B_temporal,ridge,valid,stable_candidate,2493,0.28949805168983395,0.37022734076952857,0.2601662734532244,0.3163838621846162,0.08492508802657892,0.560407650479248,0.6557505350772006
15,B_temporal,ridge,valid,startup_shutdown_candidate,360,0.2729729525906153,0.347497512839383,0.22026127307283172,-0.23516803971237255,0.0836875229337936,0.551621774183254,0.6220129758203955
15,B_temporal,ridge,valid,transition_candidate,815,0.27635420056471405,0.35193482514077495,0.23085940522450166,0.20677007510230982,0.07931966212142949,0.5862081665721857,0.6875515101167771
15,C_process,extra_trees,test,abnormal_target_candidate,85,0.331321161998133,0.4728327339455203,0.25119682539682486,0.7253419609673881,0.24543362324930007,0.5403536190476195,1.158863222222223
15,C_process,extra_trees,test,missing_sensor_candidate,1008,0.2904294960804188,0.3677898807441279,0.25582408730158424,0.18764534880954586,-2.5246116684730592e-05,0.5918353690476174,0.6917498571428574
15,C_process,extra_trees,test,ordinary,2304,0.26850948416873766,0.32972290893057316,0.2343608730158726,0.3479449318281669,-0.01053141609756626,0.5403121031746055,0.6316307400793695
15,C_process,extra_trees,test,stable_candidate,2635,0.2753367719573982,0.3392956849401981,0.2451300793650777,0.3056551455507921,-0.013491164444663478,0.5333137936507927,0.641076373015872
15,C_process,extra_trees,test,startup_shutdown_candidate,41,0.5296259320557491,0.7771952398223252,0.2444928571428555,-0.03792123776489875,0.24785837495160704,1.5197322222222205,1.5603276984126975
15,C_process,extra_trees,test,transition_candidate,571,0.27240640378010794,0.3407896547134061,0.24292960317460555,0.41720448686781175,-0.0006257981954479862,0.5349354761904781,0.6310985317460283
15,C_process,extra_trees,valid,abnormal_target_candidate,49,0.5581123841917719,0.6252313042314862,0.5438864285714278,-1.537600195265337,0.4969578198898606,0.9334960634920644,1.0009190952380957
15,C_process,extra_trees,valid,missing_sensor_candidate,650,0.3546739262311762,0.4190022930119728,0.33927045634920727,0.07786339369030626,0.17154542887667876,0.6596148333333316,0.7599440634920647
15,C_process,extra_trees,valid,ordinary,2276,0.3151082377619613,0.39152577452122567,0.2791117857142851,0.23104972439908333,0.15495940398630187,0.6190183134920622,0.7447266468253981
15,C_process,extra_trees,valid,stable_candidate,2493,0.3124922306054838,0.3942455999839117,0.27605468253968546,0.22480843011399965,0.1524371247959895,0.5993610317460337,0.6977650000000015
15,C_process,extra_trees,valid,startup_shutdown_candidate,360,0.264025583443563,0.32407591682951686,0.23877876984126978,-0.07427671201640629,-0.015261066247795219,0.52432772222222,0.6189013333333316
15,C_process,extra_trees,valid,transition_candidate,815,0.29695099883143433,0.37107504968690713,0.24625182539682733,0.11814311375650166,0.1474950232090107,0.6172811111111113,0.7319562936507927
15,C_process,hist_gradient_boosting,test,abnormal_target_candidate,85,0.5076818393331523,0.6666851935869077,0.4042784535210604,0.4539670317468354,0.33038544471505454,0.995999518468973,1.5494599329990426
15,C_process,hist_gradient_boosting,test,missing_sensor_candidate,1008,0.2807016396764121,0.35542017043399154,0.2384009510699503,0.24136956666922893,0.01509458177882507,0.5507972269677595,0.6724563297042067
15,C_process,hist_gradient_boosting,test,ordinary,2304,0.27626979023930115,0.33681947635281845,0.2441736776534702,0.3195747490349472,0.007676687235890489,0.5423524434446878,0.6340825968154922
15,C_process,hist_gradient_boosting,test,stable_candidate,2635,0.2780456636578578,0.3407505068270695,0.2502249510849488,0.2996879978527608,0.00954716596331442,0.5435505633702828,0.6364894885323428
15,C_process,hist_gradient_boosting,test,startup_shutdown_candidate,41,0.5908503197967805,0.9447150154227337,0.2099939452880708,-0.533577650895652,0.47074033046491076,1.835708149835897,1.8397081498358965
15,C_process,hist_gradient_boosting,test,transition_candidate,571,0.2822105053550562,0.34988789430552875,0.25067413329355936,0.38567070181124175,0.005500059934328764,0.5547304109877036,0.6440675902386976
15,C_process,hist_gradient_boosting,valid,abnormal_target_candidate,49,0.54092206925729,0.604916821110405,0.5241051843541484,-1.3753799863602878,0.4856381229095619,0.8831220690685564,0.9998069113857655
15,C_process,hist_gradient_boosting,valid,missing_sensor_candidate,650,0.34762641182612236,0.409799760721756,0.3267122978266972,0.11792428723740889,0.17680178156047882,0.640318965530752,0.7237265484636345
15,C_process,hist_gradient_boosting,valid,ordinary,2276,0.3142946893468759,0.3891736381755851,0.27507488235578315,0.24026108719479466,0.16050466347455347,0.6221649813282495,0.7397579463633899
15,C_process,hist_gradient_boosting,valid,stable_candidate,2493,0.3136194960729354,0.39532429798148605,0.2813155348652021,0.2205606132349024,0.16043143673238178,0.5973570315955724,0.7041261311440551
15,C_process,hist_gradient_boosting,valid,startup_shutdown_candidate,360,0.24062096231473037,0.30019608617256655,0.20024833964177713,0.07820850621294984,0.01982408025406124,0.5026848096043656,0.5808352999215919
15,C_process,hist_gradient_boosting,valid,transition_candidate,815,0.29149912436137165,0.3697026158663024,0.24216309563243144,0.12465420668317717,0.15563588421228433,0.5999064579655018,0.729665008680952
15,C_process,ridge,test,abnormal_target_candidate,85,0.452184894913834,0.6297449156326219,0.2957846940173763,0.5128007793489526,-0.06738528187534949,1.154009654630661,1.4877025513349607
15,C_process,ridge,test,missing_sensor_candidate,1008,0.3208022623508217,0.4054047181133466,0.2701012073433846,0.012985081935686704,0.014029708014439417,0.6521544089668556,0.8197265463669091
15,C_process,ridge,test,ordinary,2304,0.30584885562473996,0.3694310589964073,0.27443011685348395,0.1814356258091968,-0.0068748501218755965,0.5946968795968202,0.6888533892884774
15,C_process,ridge,test,stable_candidate,2635,0.3091971031523397,0.3746922845504603,0.2800256120863125,0.1532249573058555,0.0008050958390243584,0.5948711006070685,0.6773499116218674
15,C_process,ridge,test,startup_shutdown_candidate,41,0.7886915966955473,1.012683520226621,0.5417871661752471,-0.7621854854603616,0.1994991667143017,1.7569006809654244,1.8791704148076533
15,C_process,ridge,test,transition_candidate,571,0.3245338029914054,0.3858877570269831,0.2877656677272782,0.25275091041069664,-0.022273043864712124,0.6273468428090876,0.6949948029416921
15,C_process,ridge,valid,abnormal_target_candidate,49,0.5040539317541552,0.5892933092109827,0.4594852539686549,-1.2542640798710343,0.43846738504277666,0.8645916191406829,0.9778084176849148
15,C_process,ridge,valid,missing_sensor_candidate,650,0.42795930727861226,0.5583614801575366,0.32479685372111966,-0.6375454514159213,0.14458338355272327,1.0316727111058652,1.2106146445092338
15,C_process,ridge,valid,ordinary,2276,0.3065210933833398,0.3805336493877606,0.2730289092600513,0.2736203403840133,0.07201987416280245,0.6214092571336298,0.7246449451446924
15,C_process,ridge,valid,stable_candidate,2493,0.30359376504634855,0.3834919436599461,0.2668013169868573,0.26652076955159576,0.07755779995239112,0.5893790497469172,0.6880001483661669
15,C_process,ridge,valid,startup_shutdown_candidate,360,0.261144405870128,0.3209141428798594,0.2368583189870579,-0.053417087673534924,0.05738967962924412,0.5263910631940917,0.6250767537476858
15,C_process,ridge,valid,transition_candidate,815,0.28164316893042335,0.36017055757930033,0.23100878889019327,0.1692104629111585,0.06247797542802596,0.5908269858710714,0.7012343303173988
15,D_full,extra_trees,test,abnormal_target_candidate,85,0.3517917647058827,0.5081835614376642,0.2633166666666682,0.6827376985661571,0.2594318954248364,0.7186288888888894,1.2324422222222213
15,D_full,extra_trees,test,missing_sensor_candidate,1008,0.29658810074955905,0.3700109205626801,0.2611944444444454,0.17780429545230747,0.026297745811287684,0.5896194444444447,0.7001344444444456
15,D_full,extra_trees,test,ordinary,2304,0.2811694275655865,0.343626752703722,0.24803333333333377,0.2917934069063929,0.02395843701774692,0.5650344444444454,0.6492486111111135
15,D_full,extra_trees,test,stable_candidate,2635,0.2814367636516973,0.3463249937126889,0.250444444444442,0.2765871505436506,0.018804560404807217,0.5517900000000001,0.6535405555555566
15,D_full,extra_trees,test,startup_shutdown_candidate,41,0.5043353658536583,0.8890460587975771,0.07167777777777395,-0.3581653820980233,0.49849850948509494,1.7958999999999996,1.8077111111111126
15,D_full,extra_trees,test,transition_candidate,571,0.2735650710254913,0.3419140500641858,0.23561666666666525,0.4133524122130511,0.028817279626386434,0.5542888888888875,0.6297555555555556
15,D_full,extra_trees,valid,abnormal_target_candidate,49,0.5605317460317457,0.6280140616068743,0.5351277777777756,-1.56023898575963,0.49688571428571354,0.9764588888888899,1.0114688888888885
15,D_full,extra_trees,valid,missing_sensor_candidate,650,0.355863888888889,0.41971716182059227,0.34710000000000285,0.07471415536158821,0.16642108547008544,0.6447427777777783,0.7421736111111114
15,D_full,extra_trees,valid,ordinary,2276,0.31109541837531735,0.38806632468186836,0.27198611111111237,0.2445782980144927,0.14664851835578988,0.6321305555555528,0.7423361111111109
15,D_full,extra_trees,valid,stable_candidate,2493,0.31074211124481876,0.39255679029647084,0.2781111111111123,0.2314355024835082,0.14421526273565974,0.6004988888888886,0.7079977777777746
15,D_full,extra_trees,valid,startup_shutdown_candidate,360,0.2882112654320989,0.35012924339851864,0.26102777777777764,-0.2539476768644413,-0.05400731481481605,0.5636450000000042,0.6652852777777809
15,D_full,extra_trees,valid,transition_candidate,815,0.2926309747784595,0.367673118697203,0.2455111111111119,0.13423831898034477,0.13537293796864328,0.6073711111111116,0.7289238888888899
15,D_full,hist_gradient_boosting,test,abnormal_target_candidate,85,0.35786139843174725,0.5126233592788075,0.22385960492201384,0.6771698931812302,0.1815662202595656,0.8937613841757195,1.167637342299114
15,D_full,hist_gradient_boosting,test,missing_sensor_candidate,1008,0.28915329844572946,0.36026048345451234,0.2542957374631989,0.22056594988851586,0.007453645926685714,0.5868106002346127,0.6972615866138159
15,D_full,hist_gradient_boosting,test,ordinary,2304,0.27317422319633067,0.33352679271996,0.24801642820168368,0.3328131408581817,0.014789411340925885,0.5365020812389781,0.6308276458136023
15,D_full,hist_gradient_boosting,test,stable_candidate,2635,0.27549186037842527,0.336878151920032,0.246614492658356,0.31551451920153506,0.012767585066822351,0.5373029473592076,0.6286135224697288
15,D_full,hist_gradient_boosting,test,startup_shutdown_candidate,41,0.5767347519988915,0.9137203948360969,0.24199375334447026,-0.4345998202685837,0.36592485226676097,1.6547142381413789,1.705714238141379
15,D_full,hist_gradient_boosting,test,transition_candidate,571,0.2788312854744001,0.34251742173458777,0.24658644044070677,0.4112800852338724,0.003930494003759449,0.5503384322338025,0.6284286540118975
15,D_full,hist_gradient_boosting,valid,abnormal_target_candidate,49,0.5120279414930612,0.5827820834441217,0.5087630928818072,-1.204723615537692,0.4386359742018626,0.8874421356273704,0.9156950504351178
15,D_full,hist_gradient_boosting,valid,missing_sensor_candidate,650,0.3621013523913565,0.42706437348149323,0.33013918732658887,0.04203608571940953,0.17449074138480936,0.6740100742380556,0.7700009415566726
15,D_full,hist_gradient_boosting,valid,ordinary,2276,0.3084552226737878,0.38621125068027623,0.27433027205954374,0.2517833225246169,0.15746253630116708,0.6111585842548388,0.7437769670613767
15,D_full,hist_gradient_boosting,valid,stable_candidate,2493,0.3076027529973287,0.3903875527080859,0.26946582379212636,0.23990608627523835,0.15753029027884138,0.5970941584665096,0.7028022489078798
15,D_full,hist_gradient_boosting,valid,startup_shutdown_candidate,360,0.29811574187462253,0.36161190444293634,0.26534322272610034,-0.337544016947122,-0.12728969039083912,0.5839490719628054,0.6752917931289264
15,D_full,hist_gradient_boosting,valid,transition_candidate,815,0.2979151809295582,0.3752150542236451,0.24442662182342367,0.0983559703273792,0.13027311415782952,0.6174443771082182,0.7219226350550996
15,D_full,ridge,test,abnormal_target_candidate,85,0.420884995262244,0.545528693307803,0.3309580902597631,0.6343947346530749,-0.07865056957181148,0.7857215704086442,1.1125651466240198
15,D_full,ridge,test,missing_sensor_candidate,1008,0.30724424276535484,0.3967519531026747,0.2433199341592749,0.05466820288006902,0.04002003365323599,0.652649534424262,0.824827812252023
15,D_full,ridge,test,ordinary,2304,0.2934939471617894,0.3530556874761201,0.26633861285929594,0.2523945587520017,-0.02235660822856489,0.5777908280461381,0.6535139438591381
15,D_full,ridge,test,stable_candidate,2635,0.2957195542683653,0.3596883714641328,0.2645707911020825,0.21968250583145477,-0.020827160265673748,0.5724479385283768,0.6506028571236657
15,D_full,ridge,test,startup_shutdown_candidate,41,0.9454645968323432,1.1704294612963484,0.7169377034694566,-1.3539358579799372,0.3628622319307622,2.0671374385621437,2.101276071916587
15,D_full,ridge,test,transition_candidate,571,0.3116296618587586,0.3752487403516319,0.28439154569817937,0.29338658103828363,-0.033733798168731545,0.6023016770442666,0.678992274946502
15,D_full,ridge,valid,abnormal_target_candidate,49,0.47562733336356466,0.5423956940652369,0.47883769632611717,-0.9097399656909777,0.40195628140959627,0.817936944108291,0.8946594484039516
15,D_full,ridge,valid,missing_sensor_candidate,650,0.3931671981140114,0.5244089382718431,0.2863082160602408,-0.4444504021087594,0.17148851815129093,0.9940290645830346,1.184008295510828
15,D_full,ridge,valid,ordinary,2276,0.2903602099194492,0.36010703756880813,0.24799146167667718,0.34950979718090114,0.07825805823684093,0.5719871444317866,0.6812303813910954
15,D_full,ridge,valid,stable_candidate,2493,0.2834128895235442,0.3626960666976939,0.2517115734633677,0.3439136190269366,0.08266374069736135,0.5458726965898905,0.6343643285248597
15,D_full,ridge,valid,startup_shutdown_candidate,360,0.26492887628964884,0.3355649840628757,0.22477926546327787,-0.1517969311368259,0.03141776667456452,0.5329346867884283,0.6415030160140368
15,D_full,ridge,valid,transition_candidate,815,0.27087859546094994,0.34676155412915227,0.22670631130475272,0.22991886669769335,0.06739269011689296,0.5711454389658248,0.6579738424854846
