horizon_min,feature_set,model,feature,importance
1,A_raw,extra_trees,PRODUCTION_TSP_BALANCE,0.031034448596869043
1,A_raw,extra_trees,FLOW_RATE_PHOSPHORIC_ACID_1,0.08552900748553968
1,A_raw,extra_trees,FLOW_RATE_PHOSPHORIC_ACID_2,0.08741295937297125
1,A_raw,extra_trees,FLOW_RATE_GROUND_PHOSPHATE,0.053712338100685125
1,A_raw,extra_trees,FLOW_RATE_SLURRY_T_PER_HR,0.0735467839407671
1,A_raw,extra_trees,FLOW_RATE_SLURRY_M3_HR,0.033967200187804934
1,A_raw,extra_trees,RECYCLAGE,0.061478450022363
1,A_raw,extra_trees,PRESSURE_VAPEUR,0.019773242774181913
1,A_raw,extra_trees,TEMPERATURE_VAPEUR,0.026741992271713134
1,A_raw,extra_trees,TEMPERATURE_CUVE_ATTAQUE,0.08033393244638705
1,A_raw,extra_trees,TEMPERATURE_CUVE_DE_PASSAGE,0.06141966213090786
1,A_raw,extra_trees,TEMPERATURE_SLURRY_PULVERISATEUR,0.04274026580788688
1,A_raw,extra_trees,DEPRESSURE_SECHEUR,0.028595717700255242
1,A_raw,extra_trees,LEVEL_CUVE_PASSAGE,0.031077630269985956
1,A_raw,extra_trees,TEMPERATURE_GAZ_SORTIE_SECHEUR,0.020573932649219407
1,A_raw,extra_trees,FLOW_RATE_FIOUL,0.03197567415034625
1,A_raw,extra_trees,TEMPERATURE_AIR_CHAUD,0.017521341847258745
1,A_raw,extra_trees,FLOW_RATE_LIQUIDE_LAVAGE,0.018735936187884664
1,A_raw,extra_trees,FLOW_RATE_VAPEUR,0.03701694120812819
1,A_raw,extra_trees,FLOW_RATE_SLURRY_M3_HR_2,0.11709186329812782
1,A_raw,extra_trees,TEMPERATURE_BRIQUE,0.0397206795507169
1,B_temporal,extra_trees,PRODUCTION_TSP_BALANCE,0.019273585821704117
1,B_temporal,extra_trees,PRODUCTION_TSP_BALANCE_roll_mean_30,0.006700461006228245
1,B_temporal,extra_trees,PRODUCTION_TSP_BALANCE_roll_std_10,0.0014106340731295899
1,B_temporal,extra_trees,PRODUCTION_TSP_BALANCE_diff_5,0.0017121504149890348
1,B_temporal,extra_trees,PRODUCTION_TSP_BALANCE_slope_10,0.0015275841007335541
1,B_temporal,extra_trees,FLOW_RATE_PHOSPHORIC_ACID_1,0.02121414020025534
1,B_temporal,extra_trees,FLOW_RATE_PHOSPHORIC_ACID_1_lag_10,0.011198680128920084
1,B_temporal,extra_trees,FLOW_RATE_PHOSPHORIC_ACID_1_roll_mean_10,0.0200160991915959
1,B_temporal,extra_trees,FLOW_RATE_PHOSPHORIC_ACID_1_roll_mean_30,0.01122966351265625
1,B_temporal,extra_trees,FLOW_RATE_PHOSPHORIC_ACID_1_roll_std_10,0.001152714832165203
1,B_temporal,extra_trees,FLOW_RATE_PHOSPHORIC_ACID_1_diff_5,0.0031605957211198158
1,B_temporal,extra_trees,FLOW_RATE_PHOSPHORIC_ACID_1_slope_10,0.0033619474908029947
1,B_temporal,extra_trees,FLOW_RATE_PHOSPHORIC_ACID_2,0.03737472256821007
1,B_temporal,extra_trees,FLOW_RATE_PHOSPHORIC_ACID_2_lag_10,0.030233612987999762
1,B_temporal,extra_trees,FLOW_RATE_PHOSPHORIC_ACID_2_roll_mean_30,0.01807842453570365
1,B_temporal,extra_trees,FLOW_RATE_PHOSPHORIC_ACID_2_roll_std_10,0.002145922967868229
1,B_temporal,extra_trees,FLOW_RATE_PHOSPHORIC_ACID_2_diff_5,0.0013921210352468914
1,B_temporal,extra_trees,FLOW_RATE_PHOSPHORIC_ACID_2_slope_10,0.001588696751390803
1,B_temporal,extra_trees,FLOW_RATE_GROUND_PHOSPHATE,0.010769678491593758
1,B_temporal,extra_trees,FLOW_RATE_GROUND_PHOSPHATE_lag_10,0.01204513668740343
1,B_temporal,extra_trees,FLOW_RATE_GROUND_PHOSPHATE_roll_mean_10,0.006147567018366503
1,B_temporal,extra_trees,FLOW_RATE_GROUND_PHOSPHATE_roll_mean_30,0.01231386380195802
1,B_temporal,extra_trees,FLOW_RATE_GROUND_PHOSPHATE_roll_std_10,0.0017745114726940758
1,B_temporal,extra_trees,FLOW_RATE_GROUND_PHOSPHATE_diff_5,0.001072586276858725
1,B_temporal,extra_trees,FLOW_RATE_GROUND_PHOSPHATE_slope_10,0.0013489782307963354
1,B_temporal,extra_trees,FLOW_RATE_SLURRY_T_PER_HR,0.03330221050709406
1,B_temporal,extra_trees,FLOW_RATE_SLURRY_T_PER_HR_lag_10,0.0035718444666619485
1,B_temporal,extra_trees,FLOW_RATE_SLURRY_T_PER_HR_roll_mean_30,0.004744840563277151
1,B_temporal,extra_trees,FLOW_RATE_SLURRY_T_PER_HR_roll_std_10,0.0015410767916181102
1,B_temporal,extra_trees,FLOW_RATE_SLURRY_T_PER_HR_diff_5,0.011631181115494263
1,B_temporal,extra_trees,FLOW_RATE_SLURRY_T_PER_HR_slope_10,0.006740310982642031
1,B_temporal,extra_trees,FLOW_RATE_SLURRY_M3_HR,0.02015166129656487
1,B_temporal,extra_trees,FLOW_RATE_SLURRY_M3_HR_lag_10,0.003084839712088629
1,B_temporal,extra_trees,FLOW_RATE_SLURRY_M3_HR_roll_mean_10,0.004591578176636584
1,B_temporal,extra_trees,FLOW_RATE_SLURRY_M3_HR_roll_mean_30,0.005436137609330718
1,B_temporal,extra_trees,FLOW_RATE_SLURRY_M3_HR_roll_std_10,0.002011438366148727
1,B_temporal,extra_trees,FLOW_RATE_SLURRY_M3_HR_diff_5,0.006024170301408906
1,B_temporal,extra_trees,FLOW_RATE_SLURRY_M3_HR_slope_10,0.004271660853332008
1,B_temporal,extra_trees,RECYCLAGE,0.0403986891816307
1,B_temporal,extra_trees,RECYCLAGE_lag_10,0.008158504233568908
1,B_temporal,extra_trees,RECYCLAGE_roll_mean_30,0.022426755308013715
1,B_temporal,extra_trees,RECYCLAGE_roll_std_10,0.0021567572268826993
1,B_temporal,extra_trees,RECYCLAGE_diff_5,0.0009652484347719752
1,B_temporal,extra_trees,RECYCLAGE_slope_10,0.002430242033306709
1,B_temporal,extra_trees,PRESSURE_VAPEUR,0.009001684248089432
1,B_temporal,extra_trees,PRESSURE_VAPEUR_lag_5,0.005493519417348254
1,B_temporal,extra_trees,PRESSURE_VAPEUR_lag_10,0.0016333360203831073
1,B_temporal,extra_trees,PRESSURE_VAPEUR_roll_mean_10,0.0038579914096839047
1,B_temporal,extra_trees,PRESSURE_VAPEUR_roll_mean_30,0.004166951680994391
1,B_temporal,extra_trees,PRESSURE_VAPEUR_roll_std_10,0.0039948797811767
1,B_temporal,extra_trees,PRESSURE_VAPEUR_diff_5,0.004095474658932266
1,B_temporal,extra_trees,PRESSURE_VAPEUR_slope_10,0.010346833658016724
1,B_temporal,extra_trees,TEMPERATURE_VAPEUR,0.0017796647738340654
1,B_temporal,extra_trees,TEMPERATURE_VAPEUR_lag_1,0.0022325506189099136
1,B_temporal,extra_trees,TEMPERATURE_VAPEUR_lag_5,0.0014697340739407414
1,B_temporal,extra_trees,TEMPERATURE_VAPEUR_lag_10,0.0014376419324308041
1,B_temporal,extra_trees,TEMPERATURE_VAPEUR_roll_mean_10,0.002117957966632377
1,B_temporal,extra_trees,TEMPERATURE_VAPEUR_roll_mean_30,0.0035732778019784473
1,B_temporal,extra_trees,TEMPERATURE_VAPEUR_roll_std_10,0.0012874187692118243
1,B_temporal,extra_trees,TEMPERATURE_VAPEUR_diff_5,0.003651096318302649
1,B_temporal,extra_trees,TEMPERATURE_VAPEUR_slope_10,0.003330579401565033
1,B_temporal,extra_trees,TEMPERATURE_CUVE_ATTAQUE,0.018103019659789558
1,B_temporal,extra_trees,TEMPERATURE_CUVE_ATTAQUE_lag_15,0.0162590150588918
1,B_temporal,extra_trees,TEMPERATURE_CUVE_ATTAQUE_roll_mean_10,0.03208156114619985
1,B_temporal,extra_trees,TEMPERATURE_CUVE_ATTAQUE_roll_mean_30,0.017270267346388393
1,B_temporal,extra_trees,TEMPERATURE_CUVE_ATTAQUE_roll_std_10,0.0023925195552668547
1,B_temporal,extra_trees,TEMPERATURE_CUVE_ATTAQUE_diff_5,0.00405699340694208
1,B_temporal,extra_trees,TEMPERATURE_CUVE_ATTAQUE_slope_10,0.0012373967083554717
1,B_temporal,extra_trees,TEMPERATURE_CUVE_DE_PASSAGE,0.02260713342100969
1,B_temporal,extra_trees,TEMPERATURE_CUVE_DE_PASSAGE_roll_mean_30,0.010026821732988014
1,B_temporal,extra_trees,TEMPERATURE_CUVE_DE_PASSAGE_roll_std_10,0.0016267957579801312
1,B_temporal,extra_trees,TEMPERATURE_CUVE_DE_PASSAGE_diff_5,0.0014129492759718193
1,B_temporal,extra_trees,TEMPERATURE_CUVE_DE_PASSAGE_slope_10,0.0027043894766193375
1,B_temporal,extra_trees,TEMPERATURE_SLURRY_PULVERISATEUR,0.01687623722805559
1,B_temporal,extra_trees,TEMPERATURE_SLURRY_PULVERISATEUR_roll_mean_30,0.0066135760071316324
1,B_temporal,extra_trees,TEMPERATURE_SLURRY_PULVERISATEUR_roll_std_10,0.0019683915166576788
1,B_temporal,extra_trees,TEMPERATURE_SLURRY_PULVERISATEUR_diff_5,0.005007375305912392
1,B_temporal,extra_trees,TEMPERATURE_SLURRY_PULVERISATEUR_slope_10,0.004527887385164287
1,B_temporal,extra_trees,DEPRESSURE_SECHEUR,0.002310427057993927
1,B_temporal,extra_trees,DEPRESSURE_SECHEUR_lag_1,0.0026284120892172344
1,B_temporal,extra_trees,DEPRESSURE_SECHEUR_lag_5,0.006341946224385154
1,B_temporal,extra_trees,DEPRESSURE_SECHEUR_lag_10,0.0015841267495787538
1,B_temporal,extra_trees,DEPRESSURE_SECHEUR_roll_mean_10,0.002546746964708183
1,B_temporal,extra_trees,DEPRESSURE_SECHEUR_roll_mean_30,0.0035601854657925144
1,B_temporal,extra_trees,DEPRESSURE_SECHEUR_roll_std_10,0.0013921216201750965
1,B_temporal,extra_trees,DEPRESSURE_SECHEUR_diff_5,0.0009887635726511235
1,B_temporal,extra_trees,DEPRESSURE_SECHEUR_slope_10,0.0014523065153378048
1,B_temporal,extra_trees,LEVEL_CUVE_PASSAGE,0.0049448014307102274
1,B_temporal,extra_trees,LEVEL_CUVE_PASSAGE_lag_5,0.0037336078805470193
1,B_temporal,extra_trees,LEVEL_CUVE_PASSAGE_lag_10,0.008272737591186496
1,B_temporal,extra_trees,LEVEL_CUVE_PASSAGE_roll_mean_10,0.004253734915073826
1,B_temporal,extra_trees,LEVEL_CUVE_PASSAGE_roll_mean_30,0.007719588018480489
1,B_temporal,extra_trees,LEVEL_CUVE_PASSAGE_roll_std_10,0.0012557529035416319
1,B_temporal,extra_trees,LEVEL_CUVE_PASSAGE_diff_5,0.0024507211455813056
1,B_temporal,extra_trees,LEVEL_CUVE_PASSAGE_slope_10,0.0012681740513449033
1,B_temporal,extra_trees,TEMPERATURE_GAZ_SORTIE_SECHEUR,0.0016763265117081636
1,B_temporal,extra_trees,TEMPERATURE_GAZ_SORTIE_SECHEUR_lag_5,0.002021863829700843
1,B_temporal,extra_trees,TEMPERATURE_GAZ_SORTIE_SECHEUR_lag_10,0.0014888538032763294
1,B_temporal,extra_trees,TEMPERATURE_GAZ_SORTIE_SECHEUR_roll_mean_10,0.0021859921700576475
1,B_temporal,extra_trees,TEMPERATURE_GAZ_SORTIE_SECHEUR_roll_mean_30,0.0037246966884026756
1,B_temporal,extra_trees,TEMPERATURE_GAZ_SORTIE_SECHEUR_roll_std_10,0.0014229932196721804
1,B_temporal,extra_trees,TEMPERATURE_GAZ_SORTIE_SECHEUR_diff_5,0.0012068405823871112
1,B_temporal,extra_trees,TEMPERATURE_GAZ_SORTIE_SECHEUR_slope_10,0.0018361405669283439
1,B_temporal,extra_trees,FLOW_RATE_FIOUL,0.005878403332872056
1,B_temporal,extra_trees,FLOW_RATE_FIOUL_lag_10,0.0026834368082034547
1,B_temporal,extra_trees,FLOW_RATE_FIOUL_roll_mean_10,0.003565145638621006
1,B_temporal,extra_trees,FLOW_RATE_FIOUL_roll_mean_30,0.005314618605470564
1,B_temporal,extra_trees,FLOW_RATE_FIOUL_roll_std_10,0.003942440719693465
1,B_temporal,extra_trees,FLOW_RATE_FIOUL_diff_5,0.006065435117290536
1,B_temporal,extra_trees,FLOW_RATE_FIOUL_slope_10,0.00138783775721944
1,B_temporal,extra_trees,TEMPERATURE_AIR_CHAUD,0.0048084390612401036
1,B_temporal,extra_trees,TEMPERATURE_AIR_CHAUD_lag_10,0.0016260317317461147
1,B_temporal,extra_trees,TEMPERATURE_AIR_CHAUD_roll_mean_30,0.004192506998076392
1,B_temporal,extra_trees,TEMPERATURE_AIR_CHAUD_roll_std_10,0.0010496175772015362
1,B_temporal,extra_trees,TEMPERATURE_AIR_CHAUD_diff_5,0.0016632184171361804
1,B_temporal,extra_trees,TEMPERATURE_AIR_CHAUD_slope_10,0.0013065271128203952
1,B_temporal,extra_trees,FLOW_RATE_LIQUIDE_LAVAGE,0.002051256533566781
1,B_temporal,extra_trees,FLOW_RATE_LIQUIDE_LAVAGE_lag_5,0.006997825368074523
1,B_temporal,extra_trees,FLOW_RATE_LIQUIDE_LAVAGE_lag_10,0.003074528701768554
1,B_temporal,extra_trees,FLOW_RATE_LIQUIDE_LAVAGE_roll_mean_30,0.004151401467308999
1,B_temporal,extra_trees,FLOW_RATE_LIQUIDE_LAVAGE_roll_std_10,0.0012446396804499848
1,B_temporal,extra_trees,FLOW_RATE_LIQUIDE_LAVAGE_diff_5,0.0011291765139713021
1,B_temporal,extra_trees,FLOW_RATE_LIQUIDE_LAVAGE_slope_10,0.007751561255422896
1,B_temporal,extra_trees,FLOW_RATE_VAPEUR,0.011198260187900494
1,B_temporal,extra_trees,FLOW_RATE_VAPEUR_lag_10,0.009197430549089716
1,B_temporal,extra_trees,FLOW_RATE_VAPEUR_roll_mean_30,0.007713649816491425
1,B_temporal,extra_trees,FLOW_RATE_VAPEUR_roll_std_10,0.001293794053785076
1,B_temporal,extra_trees,FLOW_RATE_VAPEUR_diff_5,0.004370376011183377
1,B_temporal,extra_trees,FLOW_RATE_VAPEUR_slope_10,0.001861171165776192
1,B_temporal,extra_trees,FLOW_RATE_SLURRY_M3_HR_2,0.03723956516698449
1,B_temporal,extra_trees,FLOW_RATE_SLURRY_M3_HR_2_roll_mean_10,0.04087525009541102
1,B_temporal,extra_trees,FLOW_RATE_SLURRY_M3_HR_2_roll_mean_30,0.040684366321276894
1,B_temporal,extra_trees,FLOW_RATE_SLURRY_M3_HR_2_roll_std_10,0.0014237930854140684
1,B_temporal,extra_trees,FLOW_RATE_SLURRY_M3_HR_2_diff_5,0.004914686310121988
1,B_temporal,extra_trees,FLOW_RATE_SLURRY_M3_HR_2_slope_10,0.0022195375804660447
1,B_temporal,extra_trees,TEMPERATURE_BRIQUE,0.007765767877305985
1,B_temporal,extra_trees,TEMPERATURE_BRIQUE_roll_mean_10,0.00887668994495922
1,B_temporal,extra_trees,TEMPERATURE_BRIQUE_roll_mean_30,0.00979194128255372
1,B_temporal,extra_trees,TEMPERATURE_BRIQUE_roll_std_10,0.005656306755290875
1,B_temporal,extra_trees,TEMPERATURE_BRIQUE_diff_5,0.0015481711990499069
1,B_temporal,extra_trees,TEMPERATURE_BRIQUE_slope_10,0.0008271066851961252
1,B_temporal,extra_trees,PRODUCTION_TSP_BALANCE_missing,8.617219079117641e-05
1,B_temporal,extra_trees,FLOW_RATE_PHOSPHORIC_ACID_1_missing,0.00018295594559474847
1,B_temporal,extra_trees,FLOW_RATE_PHOSPHORIC_ACID_2_missing,0.0002688520629527328
1,B_temporal,extra_trees,FLOW_RATE_GROUND_PHOSPHATE_missing,0.00014133495909248638
1,B_temporal,extra_trees,FLOW_RATE_SLURRY_T_PER_HR_missing,2.238932338305759e-05
1,B_temporal,extra_trees,FLOW_RATE_SLURRY_M3_HR_missing,0.00022419846876260466
1,B_temporal,extra_trees,RECYCLAGE_missing,0.00011704397801101772
1,B_temporal,extra_trees,PRESSURE_VAPEUR_missing,5.0183084965074246e-05
1,B_temporal,extra_trees,TEMPERATURE_VAPEUR_missing,0.0003180847219320743
1,B_temporal,extra_trees,TEMPERATURE_CUVE_ATTAQUE_missing,0.0007283140804377843
1,B_temporal,extra_trees,TEMPERATURE_CUVE_DE_PASSAGE_missing,0.0001700894643396883
1,B_temporal,extra_trees,TEMPERATURE_SLURRY_PULVERISATEUR_missing,4.5353846588672704e-05
1,B_temporal,extra_trees,DEPRESSURE_SECHEUR_missing,0.00022884060379772594
1,B_temporal,extra_trees,LEVEL_CUVE_PASSAGE_missing,0.0007971911881400674
1,B_temporal,extra_trees,TEMPERATURE_GAZ_SORTIE_SECHEUR_missing,2.4704509096225262e-05
1,B_temporal,extra_trees,FLOW_RATE_FIOUL_missing,0.0014307915766448311
1,B_temporal,extra_trees,TEMPERATURE_AIR_CHAUD_missing,0.00028755494809372146
1,B_temporal,extra_trees,FLOW_RATE_LIQUIDE_LAVAGE_missing,0.00019408088329731917
1,B_temporal,extra_trees,FLOW_RATE_VAPEUR_missing,0.0001580593130842663
1,B_temporal,extra_trees,FLOW_RATE_SLURRY_M3_HR_2_missing,0.0041383344161872735
1,B_temporal,extra_trees,TEMPERATURE_BRIQUE_missing,0.0006495473783392418
1,C_process,extra_trees,PRODUCTION_TSP_BALANCE,0.01652987380106442
1,C_process,extra_trees,FLOW_RATE_PHOSPHORIC_ACID_1,0.03694715920895894
1,C_process,extra_trees,FLOW_RATE_PHOSPHORIC_ACID_2,0.02404288070983568
1,C_process,extra_trees,FLOW_RATE_GROUND_PHOSPHATE,0.01772955361465604
1,C_process,extra_trees,FLOW_RATE_SLURRY_T_PER_HR,0.03066475511662391
1,C_process,extra_trees,FLOW_RATE_SLURRY_M3_HR,0.025176869268235202
1,C_process,extra_trees,RECYCLAGE,0.055658490297149386
1,C_process,extra_trees,PRESSURE_VAPEUR,0.007272790483902346
1,C_process,extra_trees,TEMPERATURE_VAPEUR,0.009721887472872134
1,C_process,extra_trees,TEMPERATURE_CUVE_ATTAQUE,0.06587423406991154
1,C_process,extra_trees,TEMPERATURE_CUVE_DE_PASSAGE,0.04899537721646882
1,C_process,extra_trees,TEMPERATURE_SLURRY_PULVERISATEUR,0.017818769541448697
1,C_process,extra_trees,DEPRESSURE_SECHEUR,0.012098063646986927
1,C_process,extra_trees,LEVEL_CUVE_PASSAGE,0.015552789966651872
1,C_process,extra_trees,TEMPERATURE_GAZ_SORTIE_SECHEUR,0.013059501385691234
1,C_process,extra_trees,FLOW_RATE_FIOUL,0.020180359026490437
1,C_process,extra_trees,TEMPERATURE_AIR_CHAUD,0.007366378901102708
1,C_process,extra_trees,FLOW_RATE_LIQUIDE_LAVAGE,0.014286744157364561
1,C_process,extra_trees,FLOW_RATE_VAPEUR,0.04874494564871065
1,C_process,extra_trees,FLOW_RATE_SLURRY_M3_HR_2,0.05376294657811332
1,C_process,extra_trees,TEMPERATURE_BRIQUE,0.019719050508632412
1,C_process,extra_trees,TOTAL_ACID_FLOW,0.07494616423625958
1,C_process,extra_trees,ACID_FLOW_IMBALANCE,0.022733437951425083
1,C_process,extra_trees,ACID_TO_PHOSPHATE_RATIO,0.13911484163548965
1,C_process,extra_trees,TOTAL_SLURRY_M3_FLOW,0.03749411314542721
1,C_process,extra_trees,SLURRY_DENSITY_PROXY,0.02308826397418066
1,C_process,extra_trees,ATTACK_PASSAGE_TEMP_GRADIENT,0.009519353538113841
1,C_process,extra_trees,HOT_AIR_DRYER_OUTLET_GRADIENT,0.008967554285081886
1,C_process,extra_trees,STEAM_SLURRY_TEMP_GRADIENT,0.009352631432962095
1,C_process,extra_trees,STEAM_ENERGY_PROXY,0.010018521702993869
1,C_process,extra_trees,DRYING_INTENSITY_PROXY,0.023427561921096702
1,C_process,extra_trees,RECYCLE_TO_PRODUCTION_RATIO,0.01987029832431498
1,C_process,extra_trees,FLOW_RATE_PHOSPHORIC_ACID_1_CV_10,0.00909903802884768
1,C_process,extra_trees,FLOW_RATE_PHOSPHORIC_ACID_2_CV_10,0.012299199402020369
1,C_process,extra_trees,FLOW_RATE_GROUND_PHOSPHATE_CV_10,0.007241410660100951
1,C_process,extra_trees,FLOW_RATE_FIOUL_CV_10,0.01122767331959701
1,C_process,extra_trees,FLOW_RATE_VAPEUR_CV_10,0.006167496000620188
1,C_process,extra_trees,PRODUCTION_TSP_BALANCE_missing,0.00030271719251064114
1,C_process,extra_trees,FLOW_RATE_PHOSPHORIC_ACID_1_missing,0.00044260792169940996
1,C_process,extra_trees,FLOW_RATE_PHOSPHORIC_ACID_2_missing,0.0006841705311879341
1,C_process,extra_trees,FLOW_RATE_GROUND_PHOSPHATE_missing,0.000741766114605114
1,C_process,extra_trees,FLOW_RATE_SLURRY_T_PER_HR_missing,0.00013280707335647078
1,C_process,extra_trees,FLOW_RATE_SLURRY_M3_HR_missing,0.00039866847723977214
1,C_process,extra_trees,RECYCLAGE_missing,0.00038262932354513095
1,C_process,extra_trees,PRESSURE_VAPEUR_missing,0.00015943009871957444
1,C_process,extra_trees,TEMPERATURE_VAPEUR_missing,0.0005905511217046942
1,C_process,extra_trees,TEMPERATURE_CUVE_ATTAQUE_missing,0.0018257095994862096
1,C_process,extra_trees,TEMPERATURE_CUVE_DE_PASSAGE_missing,0.0003383027842837077
1,C_process,extra_trees,TEMPERATURE_SLURRY_PULVERISATEUR_missing,0.00013746706451815588
1,C_process,extra_trees,DEPRESSURE_SECHEUR_missing,8.90964512220256e-05
1,C_process,extra_trees,LEVEL_CUVE_PASSAGE_missing,0.0010836897371705614
1,C_process,extra_trees,TEMPERATURE_GAZ_SORTIE_SECHEUR_missing,0.00023045130770003134
1,C_process,extra_trees,FLOW_RATE_FIOUL_missing,0.0017349110425398295
1,C_process,extra_trees,TEMPERATURE_AIR_CHAUD_missing,0.0005662032133476973
1,C_process,extra_trees,FLOW_RATE_LIQUIDE_LAVAGE_missing,0.00035248696452385065
1,C_process,extra_trees,FLOW_RATE_VAPEUR_missing,0.00033014544732973733
1,C_process,extra_trees,FLOW_RATE_SLURRY_M3_HR_2_missing,0.0027572160865115495
1,C_process,extra_trees,TEMPERATURE_BRIQUE_missing,0.0009479922673948899
1,D_full,extra_trees,PRODUCTION_TSP_BALANCE,0.00933017268590081
1,D_full,extra_trees,PRODUCTION_TSP_BALANCE_roll_mean_30,0.009090028261651988
1,D_full,extra_trees,PRODUCTION_TSP_BALANCE_roll_std_10,0.001155169996678242
1,D_full,extra_trees,PRODUCTION_TSP_BALANCE_diff_5,0.0035153704034486086
1,D_full,extra_trees,PRODUCTION_TSP_BALANCE_slope_10,0.0010920602124844213
1,D_full,extra_trees,FLOW_RATE_PHOSPHORIC_ACID_1,0.013512417153586948
1,D_full,extra_trees,FLOW_RATE_PHOSPHORIC_ACID_1_lag_10,0.009724036955657423
1,D_full,extra_trees,FLOW_RATE_PHOSPHORIC_ACID_1_roll_mean_10,0.014719083143617277
1,D_full,extra_trees,FLOW_RATE_PHOSPHORIC_ACID_1_roll_mean_30,0.008843371186693934
1,D_full,extra_trees,FLOW_RATE_PHOSPHORIC_ACID_1_roll_std_10,0.000911668468063979
1,D_full,extra_trees,FLOW_RATE_PHOSPHORIC_ACID_1_diff_5,0.0023876438425613294
1,D_full,extra_trees,FLOW_RATE_PHOSPHORIC_ACID_1_slope_10,0.002676823545518761
1,D_full,extra_trees,FLOW_RATE_PHOSPHORIC_ACID_2,0.04129224656678643
1,D_full,extra_trees,FLOW_RATE_PHOSPHORIC_ACID_2_lag_10,0.019193947707513377
1,D_full,extra_trees,FLOW_RATE_PHOSPHORIC_ACID_2_roll_mean_30,0.007765851729887061
1,D_full,extra_trees,FLOW_RATE_PHOSPHORIC_ACID_2_roll_std_10,0.0010903832874147308
1,D_full,extra_trees,FLOW_RATE_PHOSPHORIC_ACID_2_diff_5,0.0007996612882546353
1,D_full,extra_trees,FLOW_RATE_PHOSPHORIC_ACID_2_slope_10,0.0008950092874883389
1,D_full,extra_trees,FLOW_RATE_GROUND_PHOSPHATE,0.014066239212154745
1,D_full,extra_trees,FLOW_RATE_GROUND_PHOSPHATE_lag_10,0.005076327630111954
1,D_full,extra_trees,FLOW_RATE_GROUND_PHOSPHATE_roll_mean_10,0.022264421063497745
1,D_full,extra_trees,FLOW_RATE_GROUND_PHOSPHATE_roll_mean_30,0.005258503347978402
1,D_full,extra_trees,FLOW_RATE_GROUND_PHOSPHATE_roll_std_10,0.0008712734149490827
1,D_full,extra_trees,FLOW_RATE_GROUND_PHOSPHATE_diff_5,0.0022475285278246754
1,D_full,extra_trees,FLOW_RATE_GROUND_PHOSPHATE_slope_10,0.0010115828253704242
1,D_full,extra_trees,FLOW_RATE_SLURRY_T_PER_HR,0.027304422195010048
1,D_full,extra_trees,FLOW_RATE_SLURRY_T_PER_HR_lag_10,0.002471827373225645
1,D_full,extra_trees,FLOW_RATE_SLURRY_T_PER_HR_roll_mean_30,0.0034496671109905436
1,D_full,extra_trees,FLOW_RATE_SLURRY_T_PER_HR_roll_std_10,0.0015616303332522665
1,D_full,extra_trees,FLOW_RATE_SLURRY_T_PER_HR_diff_5,0.010058311238643567
1,D_full,extra_trees,FLOW_RATE_SLURRY_T_PER_HR_slope_10,0.006211183152036333
1,D_full,extra_trees,FLOW_RATE_SLURRY_M3_HR,0.004386724779008209
1,D_full,extra_trees,FLOW_RATE_SLURRY_M3_HR_lag_10,0.0016358128532056886
1,D_full,extra_trees,FLOW_RATE_SLURRY_M3_HR_roll_mean_10,0.002901910063790002
1,D_full,extra_trees,FLOW_RATE_SLURRY_M3_HR_roll_mean_30,0.0038133996583192592
1,D_full,extra_trees,FLOW_RATE_SLURRY_M3_HR_roll_std_10,0.0012939190605417903
1,D_full,extra_trees,FLOW_RATE_SLURRY_M3_HR_diff_5,0.006291236844176546
1,D_full,extra_trees,FLOW_RATE_SLURRY_M3_HR_slope_10,0.005624816620285708
1,D_full,extra_trees,RECYCLAGE,0.015569210515934328
1,D_full,extra_trees,RECYCLAGE_lag_10,0.015342360859736533
1,D_full,extra_trees,RECYCLAGE_roll_mean_30,0.02810549591525411
1,D_full,extra_trees,RECYCLAGE_roll_std_10,0.0011518648409527116
1,D_full,extra_trees,RECYCLAGE_diff_5,0.0008985008337337439
1,D_full,extra_trees,RECYCLAGE_slope_10,0.0019750719401325782
1,D_full,extra_trees,PRESSURE_VAPEUR,0.005603446220087857
1,D_full,extra_trees,PRESSURE_VAPEUR_lag_5,0.0029905128405004386
1,D_full,extra_trees,PRESSURE_VAPEUR_lag_10,0.001198401096433597
1,D_full,extra_trees,PRESSURE_VAPEUR_roll_mean_10,0.0021012780820303333
1,D_full,extra_trees,PRESSURE_VAPEUR_roll_mean_30,0.0052546861713055415
1,D_full,extra_trees,PRESSURE_VAPEUR_roll_std_10,0.0023897268633662413
1,D_full,extra_trees,PRESSURE_VAPEUR_diff_5,0.0006514900700203522
1,D_full,extra_trees,PRESSURE_VAPEUR_slope_10,0.003978668526783499
1,D_full,extra_trees,TEMPERATURE_VAPEUR,0.0012357062240212402
1,D_full,extra_trees,TEMPERATURE_VAPEUR_lag_1,0.0013913628172261129
1,D_full,extra_trees,TEMPERATURE_VAPEUR_lag_5,0.001095304858865008
1,D_full,extra_trees,TEMPERATURE_VAPEUR_lag_10,0.0029303292841469744
1,D_full,extra_trees,TEMPERATURE_VAPEUR_roll_mean_10,0.001849632473461865
1,D_full,extra_trees,TEMPERATURE_VAPEUR_roll_mean_30,0.003631531625519878
1,D_full,extra_trees,TEMPERATURE_VAPEUR_roll_std_10,0.001171929700597435
1,D_full,extra_trees,TEMPERATURE_VAPEUR_diff_5,0.0007933028599037066
1,D_full,extra_trees,TEMPERATURE_VAPEUR_slope_10,0.000998605339466483
1,D_full,extra_trees,TEMPERATURE_CUVE_ATTAQUE,0.021525182487042344
1,D_full,extra_trees,TEMPERATURE_CUVE_ATTAQUE_lag_15,0.016680931876583354
1,D_full,extra_trees,TEMPERATURE_CUVE_ATTAQUE_roll_mean_10,0.03102442706204134
1,D_full,extra_trees,TEMPERATURE_CUVE_ATTAQUE_roll_mean_30,0.02575128617525727
1,D_full,extra_trees,TEMPERATURE_CUVE_ATTAQUE_roll_std_10,0.0013664514274617677
1,D_full,extra_trees,TEMPERATURE_CUVE_ATTAQUE_diff_5,0.0027657248329290536
1,D_full,extra_trees,TEMPERATURE_CUVE_ATTAQUE_slope_10,0.0014930796279034972
1,D_full,extra_trees,TEMPERATURE_CUVE_DE_PASSAGE,0.016765413179933606
1,D_full,extra_trees,TEMPERATURE_CUVE_DE_PASSAGE_roll_mean_30,0.009685677451650955
1,D_full,extra_trees,TEMPERATURE_CUVE_DE_PASSAGE_roll_std_10,0.003052901491978748
1,D_full,extra_trees,TEMPERATURE_CUVE_DE_PASSAGE_diff_5,0.0013223452519261646
1,D_full,extra_trees,TEMPERATURE_CUVE_DE_PASSAGE_slope_10,0.004183482797373392
1,D_full,extra_trees,TEMPERATURE_SLURRY_PULVERISATEUR,0.006718409149078614
1,D_full,extra_trees,TEMPERATURE_SLURRY_PULVERISATEUR_roll_mean_30,0.005777324478431818
1,D_full,extra_trees,TEMPERATURE_SLURRY_PULVERISATEUR_roll_std_10,0.0013145440927471543
1,D_full,extra_trees,TEMPERATURE_SLURRY_PULVERISATEUR_diff_5,0.001963898321682245
1,D_full,extra_trees,TEMPERATURE_SLURRY_PULVERISATEUR_slope_10,0.0012366583935984532
1,D_full,extra_trees,DEPRESSURE_SECHEUR,0.0015535113793851418
1,D_full,extra_trees,DEPRESSURE_SECHEUR_lag_1,0.002261653721122519
1,D_full,extra_trees,DEPRESSURE_SECHEUR_lag_5,0.0016405530606294226
1,D_full,extra_trees,DEPRESSURE_SECHEUR_lag_10,0.0012902651245010153
1,D_full,extra_trees,DEPRESSURE_SECHEUR_roll_mean_10,0.0020194192665971703
1,D_full,extra_trees,DEPRESSURE_SECHEUR_roll_mean_30,0.0031301130827464645
1,D_full,extra_trees,DEPRESSURE_SECHEUR_roll_std_10,0.0009687616745484221
1,D_full,extra_trees,DEPRESSURE_SECHEUR_diff_5,0.0010066564493281136
1,D_full,extra_trees,DEPRESSURE_SECHEUR_slope_10,0.0008868778373058837
1,D_full,extra_trees,LEVEL_CUVE_PASSAGE,0.0034289894810679944
1,D_full,extra_trees,LEVEL_CUVE_PASSAGE_lag_5,0.0031090485713827663
1,D_full,extra_trees,LEVEL_CUVE_PASSAGE_lag_10,0.002625534044431915
1,D_full,extra_trees,LEVEL_CUVE_PASSAGE_roll_mean_10,0.00550306543466438
1,D_full,extra_trees,LEVEL_CUVE_PASSAGE_roll_mean_30,0.006225984989761481
1,D_full,extra_trees,LEVEL_CUVE_PASSAGE_roll_std_10,0.0009733574766621636
1,D_full,extra_trees,LEVEL_CUVE_PASSAGE_diff_5,0.0023887942210687432
1,D_full,extra_trees,LEVEL_CUVE_PASSAGE_slope_10,0.001580604700893699
1,D_full,extra_trees,TEMPERATURE_GAZ_SORTIE_SECHEUR,0.002262390256394963
1,D_full,extra_trees,TEMPERATURE_GAZ_SORTIE_SECHEUR_lag_5,0.0011468028312878974
1,D_full,extra_trees,TEMPERATURE_GAZ_SORTIE_SECHEUR_lag_10,0.001126088481429068
1,D_full,extra_trees,TEMPERATURE_GAZ_SORTIE_SECHEUR_roll_mean_10,0.001754378014078989
1,D_full,extra_trees,TEMPERATURE_GAZ_SORTIE_SECHEUR_roll_mean_30,0.003848112342796052
1,D_full,extra_trees,TEMPERATURE_GAZ_SORTIE_SECHEUR_roll_std_10,0.001259212771744985
1,D_full,extra_trees,TEMPERATURE_GAZ_SORTIE_SECHEUR_diff_5,0.0009963795285455885
1,D_full,extra_trees,TEMPERATURE_GAZ_SORTIE_SECHEUR_slope_10,0.0019180425182334336
1,D_full,extra_trees,FLOW_RATE_FIOUL,0.004310653923887195
1,D_full,extra_trees,FLOW_RATE_FIOUL_lag_10,0.002233621414544619
1,D_full,extra_trees,FLOW_RATE_FIOUL_roll_mean_10,0.010086732125913237
1,D_full,extra_trees,FLOW_RATE_FIOUL_roll_mean_30,0.004118467825690145
1,D_full,extra_trees,FLOW_RATE_FIOUL_roll_std_10,0.001098607143211075
1,D_full,extra_trees,FLOW_RATE_FIOUL_diff_5,0.0032468866329655338
1,D_full,extra_trees,FLOW_RATE_FIOUL_slope_10,0.001214298789170391
1,D_full,extra_trees,TEMPERATURE_AIR_CHAUD,0.00594384171446932
1,D_full,extra_trees,TEMPERATURE_AIR_CHAUD_lag_10,0.0012041461577090408
1,D_full,extra_trees,TEMPERATURE_AIR_CHAUD_roll_mean_30,0.003212975208061167
1,D_full,extra_trees,TEMPERATURE_AIR_CHAUD_roll_std_10,0.0007768180584595494
1,D_full,extra_trees,TEMPERATURE_AIR_CHAUD_diff_5,0.0011437321536602086
1,D_full,extra_trees,TEMPERATURE_AIR_CHAUD_slope_10,0.0011422420458037674
1,D_full,extra_trees,FLOW_RATE_LIQUIDE_LAVAGE,0.006883415181700285
1,D_full,extra_trees,FLOW_RATE_LIQUIDE_LAVAGE_lag_5,0.003095788573303572
1,D_full,extra_trees,FLOW_RATE_LIQUIDE_LAVAGE_lag_10,0.0017773535136910788
1,D_full,extra_trees,FLOW_RATE_LIQUIDE_LAVAGE_roll_mean_30,0.004475154908247026
1,D_full,extra_trees,FLOW_RATE_LIQUIDE_LAVAGE_roll_std_10,0.0008637298110301298
1,D_full,extra_trees,FLOW_RATE_LIQUIDE_LAVAGE_diff_5,0.001255820273528901
1,D_full,extra_trees,FLOW_RATE_LIQUIDE_LAVAGE_slope_10,0.001742100231210802
1,D_full,extra_trees,FLOW_RATE_VAPEUR,0.006646153143620698
1,D_full,extra_trees,FLOW_RATE_VAPEUR_lag_10,0.012262280730109378
1,D_full,extra_trees,FLOW_RATE_VAPEUR_roll_mean_30,0.004823341395509362
1,D_full,extra_trees,FLOW_RATE_VAPEUR_roll_std_10,0.002071755853244958
1,D_full,extra_trees,FLOW_RATE_VAPEUR_diff_5,0.0009806535432339961
1,D_full,extra_trees,FLOW_RATE_VAPEUR_slope_10,0.0009813794124549373
1,D_full,extra_trees,FLOW_RATE_SLURRY_M3_HR_2,0.021391442368116284
1,D_full,extra_trees,FLOW_RATE_SLURRY_M3_HR_2_roll_mean_10,0.02682593894556624
1,D_full,extra_trees,FLOW_RATE_SLURRY_M3_HR_2_roll_mean_30,0.020269921394854767
1,D_full,extra_trees,FLOW_RATE_SLURRY_M3_HR_2_roll_std_10,0.00099320435449424
1,D_full,extra_trees,FLOW_RATE_SLURRY_M3_HR_2_diff_5,0.0008603627555592538
1,D_full,extra_trees,FLOW_RATE_SLURRY_M3_HR_2_slope_10,0.0018124327376043603
1,D_full,extra_trees,TEMPERATURE_BRIQUE,0.004842337103862926
1,D_full,extra_trees,TEMPERATURE_BRIQUE_roll_mean_10,0.006149263384039609
1,D_full,extra_trees,TEMPERATURE_BRIQUE_roll_mean_30,0.007728095401627145
1,D_full,extra_trees,TEMPERATURE_BRIQUE_roll_std_10,0.0037432208900149014
1,D_full,extra_trees,TEMPERATURE_BRIQUE_diff_5,0.0007266029020160478
1,D_full,extra_trees,TEMPERATURE_BRIQUE_slope_10,0.0012251942924393854
1,D_full,extra_trees,TOTAL_ACID_FLOW,0.05116104938614859
1,D_full,extra_trees,ACID_FLOW_IMBALANCE,0.008663600211659654
1,D_full,extra_trees,ACID_TO_PHOSPHATE_RATIO,0.11117743887322805
1,D_full,extra_trees,TOTAL_SLURRY_M3_FLOW,0.011000644171820433
1,D_full,extra_trees,SLURRY_DENSITY_PROXY,0.007819483835558399
1,D_full,extra_trees,ATTACK_PASSAGE_TEMP_GRADIENT,0.0017515430779747679
1,D_full,extra_trees,HOT_AIR_DRYER_OUTLET_GRADIENT,0.0013872084126165412
1,D_full,extra_trees,STEAM_SLURRY_TEMP_GRADIENT,0.001328831227845929
1,D_full,extra_trees,STEAM_ENERGY_PROXY,0.0015236013972510444
1,D_full,extra_trees,DRYING_INTENSITY_PROXY,0.01420619965195847
1,D_full,extra_trees,RECYCLE_TO_PRODUCTION_RATIO,0.0079450675383806
1,D_full,extra_trees,FLOW_RATE_PHOSPHORIC_ACID_1_CV_10,0.0008641391265614024
1,D_full,extra_trees,FLOW_RATE_PHOSPHORIC_ACID_2_CV_10,0.0009555410870903375
1,D_full,extra_trees,FLOW_RATE_GROUND_PHOSPHATE_CV_10,0.001245362972342011
1,D_full,extra_trees,FLOW_RATE_FIOUL_CV_10,0.0011180789634153356
1,D_full,extra_trees,FLOW_RATE_VAPEUR_CV_10,0.0010634948960657213
1,D_full,extra_trees,PRODUCTION_TSP_BALANCE_missing,4.24674818615481e-05
1,D_full,extra_trees,FLOW_RATE_PHOSPHORIC_ACID_1_missing,0.00013821364924262612
1,D_full,extra_trees,FLOW_RATE_PHOSPHORIC_ACID_2_missing,0.0002393980141781746
1,D_full,extra_trees,FLOW_RATE_GROUND_PHOSPHATE_missing,0.0003501599309910385
1,D_full,extra_trees,FLOW_RATE_SLURRY_T_PER_HR_missing,3.1977361791370245e-06
1,D_full,extra_trees,FLOW_RATE_SLURRY_M3_HR_missing,0.00014962064169696227
1,D_full,extra_trees,RECYCLAGE_missing,7.085521508349108e-05
1,D_full,extra_trees,PRESSURE_VAPEUR_missing,3.202146945246581e-05
1,D_full,extra_trees,TEMPERATURE_VAPEUR_missing,9.229498762634867e-05
1,D_full,extra_trees,TEMPERATURE_CUVE_ATTAQUE_missing,0.0006316944521896546
1,D_full,extra_trees,TEMPERATURE_CUVE_DE_PASSAGE_missing,0.0001336498156718766
1,D_full,extra_trees,TEMPERATURE_SLURRY_PULVERISATEUR_missing,8.072640486401812e-05
1,D_full,extra_trees,DEPRESSURE_SECHEUR_missing,6.56813645871736e-05
1,D_full,extra_trees,LEVEL_CUVE_PASSAGE_missing,0.000558770524203164
1,D_full,extra_trees,TEMPERATURE_GAZ_SORTIE_SECHEUR_missing,1.8453882218086325e-05
1,D_full,extra_trees,FLOW_RATE_FIOUL_missing,0.0008147520638753201
1,D_full,extra_trees,TEMPERATURE_AIR_CHAUD_missing,0.00023205862186050682
1,D_full,extra_trees,FLOW_RATE_LIQUIDE_LAVAGE_missing,0.00010581620278405852
1,D_full,extra_trees,FLOW_RATE_VAPEUR_missing,8.431358439704859e-05
1,D_full,extra_trees,FLOW_RATE_SLURRY_M3_HR_2_missing,0.0023616668952319703
1,D_full,extra_trees,TEMPERATURE_BRIQUE_missing,0.000786497591973015
5,A_raw,extra_trees,PRODUCTION_TSP_BALANCE,0.0330967510199073
5,A_raw,extra_trees,FLOW_RATE_PHOSPHORIC_ACID_1,0.0769274396552149
5,A_raw,extra_trees,FLOW_RATE_PHOSPHORIC_ACID_2,0.10425325672685865
5,A_raw,extra_trees,FLOW_RATE_GROUND_PHOSPHATE,0.05504215514277238
5,A_raw,extra_trees,FLOW_RATE_SLURRY_T_PER_HR,0.050225365345247866
5,A_raw,extra_trees,FLOW_RATE_SLURRY_M3_HR,0.023088558952646224
5,A_raw,extra_trees,RECYCLAGE,0.08439003095159733
5,A_raw,extra_trees,PRESSURE_VAPEUR,0.027502488163135875
5,A_raw,extra_trees,TEMPERATURE_VAPEUR,0.01564418213655744
5,A_raw,extra_trees,TEMPERATURE_CUVE_ATTAQUE,0.09226557821106027
5,A_raw,extra_trees,TEMPERATURE_CUVE_DE_PASSAGE,0.058931462805000175
5,A_raw,extra_trees,TEMPERATURE_SLURRY_PULVERISATEUR,0.03829849351731472
5,A_raw,extra_trees,DEPRESSURE_SECHEUR,0.023632312982636232
5,A_raw,extra_trees,LEVEL_CUVE_PASSAGE,0.027634169031455637
5,A_raw,extra_trees,TEMPERATURE_GAZ_SORTIE_SECHEUR,0.022605473570554452
5,A_raw,extra_trees,FLOW_RATE_FIOUL,0.027916794474379548
5,A_raw,extra_trees,TEMPERATURE_AIR_CHAUD,0.013874552199722404
5,A_raw,extra_trees,FLOW_RATE_LIQUIDE_LAVAGE,0.03206182010325619
5,A_raw,extra_trees,FLOW_RATE_VAPEUR,0.039670278335863625
5,A_raw,extra_trees,FLOW_RATE_SLURRY_M3_HR_2,0.11719067173151021
5,A_raw,extra_trees,TEMPERATURE_BRIQUE,0.035748164943308416
5,B_temporal,extra_trees,PRODUCTION_TSP_BALANCE,0.01796814906013352
5,B_temporal,extra_trees,PRODUCTION_TSP_BALANCE_roll_mean_30,0.007129044117364259
5,B_temporal,extra_trees,PRODUCTION_TSP_BALANCE_roll_std_10,0.0012607372269666723
5,B_temporal,extra_trees,PRODUCTION_TSP_BALANCE_diff_5,0.0020436507796417753
5,B_temporal,extra_trees,PRODUCTION_TSP_BALANCE_slope_10,0.0019423255527847396
5,B_temporal,extra_trees,FLOW_RATE_PHOSPHORIC_ACID_1,0.014988134057949992
5,B_temporal,extra_trees,FLOW_RATE_PHOSPHORIC_ACID_1_lag_10,0.011462572695378532
5,B_temporal,extra_trees,FLOW_RATE_PHOSPHORIC_ACID_1_roll_mean_10,0.018033087974721064
5,B_temporal,extra_trees,FLOW_RATE_PHOSPHORIC_ACID_1_roll_mean_30,0.011241180720767498
5,B_temporal,extra_trees,FLOW_RATE_PHOSPHORIC_ACID_1_roll_std_10,0.001256137050771001
5,B_temporal,extra_trees,FLOW_RATE_PHOSPHORIC_ACID_1_diff_5,0.0014505196716721757
5,B_temporal,extra_trees,FLOW_RATE_PHOSPHORIC_ACID_1_slope_10,0.0014260930414242495
5,B_temporal,extra_trees,FLOW_RATE_PHOSPHORIC_ACID_2,0.0330673279616278
5,B_temporal,extra_trees,FLOW_RATE_PHOSPHORIC_ACID_2_lag_10,0.025257516701173592
5,B_temporal,extra_trees,FLOW_RATE_PHOSPHORIC_ACID_2_roll_mean_30,0.013318428797347981
5,B_temporal,extra_trees,FLOW_RATE_PHOSPHORIC_ACID_2_roll_std_10,0.004946992626696565
5,B_temporal,extra_trees,FLOW_RATE_PHOSPHORIC_ACID_2_diff_5,0.004256406229533522
5,B_temporal,extra_trees,FLOW_RATE_PHOSPHORIC_ACID_2_slope_10,0.009918524414785922
5,B_temporal,extra_trees,FLOW_RATE_GROUND_PHOSPHATE,0.01642160952523137
5,B_temporal,extra_trees,FLOW_RATE_GROUND_PHOSPHATE_lag_10,0.006277743503273933
5,B_temporal,extra_trees,FLOW_RATE_GROUND_PHOSPHATE_roll_mean_10,0.007323163008347417
5,B_temporal,extra_trees,FLOW_RATE_GROUND_PHOSPHATE_roll_mean_30,0.008013876520666756
5,B_temporal,extra_trees,FLOW_RATE_GROUND_PHOSPHATE_roll_std_10,0.00146961494256237
5,B_temporal,extra_trees,FLOW_RATE_GROUND_PHOSPHATE_diff_5,0.0044538809339758345
5,B_temporal,extra_trees,FLOW_RATE_GROUND_PHOSPHATE_slope_10,0.0015666344702634067
5,B_temporal,extra_trees,FLOW_RATE_SLURRY_T_PER_HR,0.008038268374694593
5,B_temporal,extra_trees,FLOW_RATE_SLURRY_T_PER_HR_lag_10,0.004573932633335657
5,B_temporal,extra_trees,FLOW_RATE_SLURRY_T_PER_HR_roll_mean_30,0.005206258144285607
5,B_temporal,extra_trees,FLOW_RATE_SLURRY_T_PER_HR_roll_std_10,0.001542439877792299
5,B_temporal,extra_trees,FLOW_RATE_SLURRY_T_PER_HR_diff_5,0.004758005227133811
5,B_temporal,extra_trees,FLOW_RATE_SLURRY_T_PER_HR_slope_10,0.001324932633779818
5,B_temporal,extra_trees,FLOW_RATE_SLURRY_M3_HR,0.007933583504437533
5,B_temporal,extra_trees,FLOW_RATE_SLURRY_M3_HR_lag_10,0.0063981462001873055
5,B_temporal,extra_trees,FLOW_RATE_SLURRY_M3_HR_roll_mean_10,0.004398918330819867
5,B_temporal,extra_trees,FLOW_RATE_SLURRY_M3_HR_roll_mean_30,0.00949742803977038
5,B_temporal,extra_trees,FLOW_RATE_SLURRY_M3_HR_roll_std_10,0.0015745451413379556
5,B_temporal,extra_trees,FLOW_RATE_SLURRY_M3_HR_diff_5,0.00127579833337286
5,B_temporal,extra_trees,FLOW_RATE_SLURRY_M3_HR_slope_10,0.0015359586609658595
5,B_temporal,extra_trees,RECYCLAGE,0.05917823770338289
5,B_temporal,extra_trees,RECYCLAGE_lag_10,0.019832109308734646
5,B_temporal,extra_trees,RECYCLAGE_roll_mean_30,0.026112601535434425
5,B_temporal,extra_trees,RECYCLAGE_roll_std_10,0.0022825369656922986
5,B_temporal,extra_trees,RECYCLAGE_diff_5,0.005803423324613773
5,B_temporal,extra_trees,RECYCLAGE_slope_10,0.0035199951064799747
5,B_temporal,extra_trees,PRESSURE_VAPEUR,0.005953448812979925
5,B_temporal,extra_trees,PRESSURE_VAPEUR_lag_5,0.014392198026343707
5,B_temporal,extra_trees,PRESSURE_VAPEUR_lag_10,0.005241618355499988
5,B_temporal,extra_trees,PRESSURE_VAPEUR_roll_mean_10,0.003689796620416137
5,B_temporal,extra_trees,PRESSURE_VAPEUR_roll_mean_30,0.003996271291418609
5,B_temporal,extra_trees,PRESSURE_VAPEUR_roll_std_10,0.0010843999387817119
5,B_temporal,extra_trees,PRESSURE_VAPEUR_diff_5,0.0012373485506275447
5,B_temporal,extra_trees,PRESSURE_VAPEUR_slope_10,0.0011840275391319132
5,B_temporal,extra_trees,TEMPERATURE_VAPEUR,0.0019423448928287867
5,B_temporal,extra_trees,TEMPERATURE_VAPEUR_lag_1,0.001474272381671241
5,B_temporal,extra_trees,TEMPERATURE_VAPEUR_lag_5,0.0017184688864978139
5,B_temporal,extra_trees,TEMPERATURE_VAPEUR_lag_10,0.001682350974681499
5,B_temporal,extra_trees,TEMPERATURE_VAPEUR_roll_mean_10,0.004142804562483821
5,B_temporal,extra_trees,TEMPERATURE_VAPEUR_roll_mean_30,0.004040821771620344
5,B_temporal,extra_trees,TEMPERATURE_VAPEUR_roll_std_10,0.0014391103793295133
5,B_temporal,extra_trees,TEMPERATURE_VAPEUR_diff_5,0.001454556994252351
5,B_temporal,extra_trees,TEMPERATURE_VAPEUR_slope_10,0.0011569381476411302
5,B_temporal,extra_trees,TEMPERATURE_CUVE_ATTAQUE,0.03456130509869658
5,B_temporal,extra_trees,TEMPERATURE_CUVE_ATTAQUE_lag_15,0.012648216289673896
5,B_temporal,extra_trees,TEMPERATURE_CUVE_ATTAQUE_roll_mean_10,0.030403715907895267
5,B_temporal,extra_trees,TEMPERATURE_CUVE_ATTAQUE_roll_mean_30,0.013072236135253663
5,B_temporal,extra_trees,TEMPERATURE_CUVE_ATTAQUE_roll_std_10,0.0021465269273485007
5,B_temporal,extra_trees,TEMPERATURE_CUVE_ATTAQUE_diff_5,0.0014276263157006744
5,B_temporal,extra_trees,TEMPERATURE_CUVE_ATTAQUE_slope_10,0.002050065957373121
5,B_temporal,extra_trees,TEMPERATURE_CUVE_DE_PASSAGE,0.021156524271109468
5,B_temporal,extra_trees,TEMPERATURE_CUVE_DE_PASSAGE_roll_mean_30,0.0072905188174864684
5,B_temporal,extra_trees,TEMPERATURE_CUVE_DE_PASSAGE_roll_std_10,0.0030208500039925323
5,B_temporal,extra_trees,TEMPERATURE_CUVE_DE_PASSAGE_diff_5,0.0031585825173656382
5,B_temporal,extra_trees,TEMPERATURE_CUVE_DE_PASSAGE_slope_10,0.006630636438726146
5,B_temporal,extra_trees,TEMPERATURE_SLURRY_PULVERISATEUR,0.007278187645519259
5,B_temporal,extra_trees,TEMPERATURE_SLURRY_PULVERISATEUR_roll_mean_30,0.006521476293114462
5,B_temporal,extra_trees,TEMPERATURE_SLURRY_PULVERISATEUR_roll_std_10,0.00498025930523485
5,B_temporal,extra_trees,TEMPERATURE_SLURRY_PULVERISATEUR_diff_5,0.0014206407263289067
5,B_temporal,extra_trees,TEMPERATURE_SLURRY_PULVERISATEUR_slope_10,0.008329695621634313
5,B_temporal,extra_trees,DEPRESSURE_SECHEUR,0.0019471041456735566
5,B_temporal,extra_trees,DEPRESSURE_SECHEUR_lag_1,0.0027076557501342236
5,B_temporal,extra_trees,DEPRESSURE_SECHEUR_lag_5,0.0016514882594567504
5,B_temporal,extra_trees,DEPRESSURE_SECHEUR_lag_10,0.00186711658844161
5,B_temporal,extra_trees,DEPRESSURE_SECHEUR_roll_mean_10,0.002813599937444426
5,B_temporal,extra_trees,DEPRESSURE_SECHEUR_roll_mean_30,0.006857422600475256
5,B_temporal,extra_trees,DEPRESSURE_SECHEUR_roll_std_10,0.0017769704016049705
5,B_temporal,extra_trees,DEPRESSURE_SECHEUR_diff_5,0.0011289283550601954
5,B_temporal,extra_trees,DEPRESSURE_SECHEUR_slope_10,0.0012185253582495785
5,B_temporal,extra_trees,LEVEL_CUVE_PASSAGE,0.006594310798642537
5,B_temporal,extra_trees,LEVEL_CUVE_PASSAGE_lag_5,0.0037132103595750717
5,B_temporal,extra_trees,LEVEL_CUVE_PASSAGE_lag_10,0.008629232112574903
5,B_temporal,extra_trees,LEVEL_CUVE_PASSAGE_roll_mean_10,0.006267802373329571
5,B_temporal,extra_trees,LEVEL_CUVE_PASSAGE_roll_mean_30,0.00692629509596975
5,B_temporal,extra_trees,LEVEL_CUVE_PASSAGE_roll_std_10,0.0010553619114990035
5,B_temporal,extra_trees,LEVEL_CUVE_PASSAGE_diff_5,0.0019357669403526159
5,B_temporal,extra_trees,LEVEL_CUVE_PASSAGE_slope_10,0.0013105268543393653
5,B_temporal,extra_trees,TEMPERATURE_GAZ_SORTIE_SECHEUR,0.0021539035016820275
5,B_temporal,extra_trees,TEMPERATURE_GAZ_SORTIE_SECHEUR_lag_5,0.0014311548799065107
5,B_temporal,extra_trees,TEMPERATURE_GAZ_SORTIE_SECHEUR_lag_10,0.002099175331954272
5,B_temporal,extra_trees,TEMPERATURE_GAZ_SORTIE_SECHEUR_roll_mean_10,0.0021073849590630142
5,B_temporal,extra_trees,TEMPERATURE_GAZ_SORTIE_SECHEUR_roll_mean_30,0.006748448843151373
5,B_temporal,extra_trees,TEMPERATURE_GAZ_SORTIE_SECHEUR_roll_std_10,0.001886781733281219
5,B_temporal,extra_trees,TEMPERATURE_GAZ_SORTIE_SECHEUR_diff_5,0.01677801345675688
5,B_temporal,extra_trees,TEMPERATURE_GAZ_SORTIE_SECHEUR_slope_10,0.004171934683523832
5,B_temporal,extra_trees,FLOW_RATE_FIOUL,0.004128778073705959
5,B_temporal,extra_trees,FLOW_RATE_FIOUL_lag_10,0.0046284043019685665
5,B_temporal,extra_trees,FLOW_RATE_FIOUL_roll_mean_10,0.0043649202462222635
5,B_temporal,extra_trees,FLOW_RATE_FIOUL_roll_mean_30,0.00671379079508116
5,B_temporal,extra_trees,FLOW_RATE_FIOUL_roll_std_10,0.0012296098246174054
5,B_temporal,extra_trees,FLOW_RATE_FIOUL_diff_5,0.0009407733460349112
5,B_temporal,extra_trees,FLOW_RATE_FIOUL_slope_10,0.0014840569435364385
5,B_temporal,extra_trees,TEMPERATURE_AIR_CHAUD,0.0038082410650909656
5,B_temporal,extra_trees,TEMPERATURE_AIR_CHAUD_lag_10,0.0019172297802621154
5,B_temporal,extra_trees,TEMPERATURE_AIR_CHAUD_roll_mean_30,0.004762317739360769
5,B_temporal,extra_trees,TEMPERATURE_AIR_CHAUD_roll_std_10,0.0015707330340560051
5,B_temporal,extra_trees,TEMPERATURE_AIR_CHAUD_diff_5,0.0013298413644989278
5,B_temporal,extra_trees,TEMPERATURE_AIR_CHAUD_slope_10,0.002586142607447008
5,B_temporal,extra_trees,FLOW_RATE_LIQUIDE_LAVAGE,0.003552188017707932
5,B_temporal,extra_trees,FLOW_RATE_LIQUIDE_LAVAGE_lag_5,0.010055274616084615
5,B_temporal,extra_trees,FLOW_RATE_LIQUIDE_LAVAGE_lag_10,0.002339320334718684
5,B_temporal,extra_trees,FLOW_RATE_LIQUIDE_LAVAGE_roll_mean_30,0.00457013146919827
5,B_temporal,extra_trees,FLOW_RATE_LIQUIDE_LAVAGE_roll_std_10,0.001168696526681134
5,B_temporal,extra_trees,FLOW_RATE_LIQUIDE_LAVAGE_diff_5,0.0029470856921659087
5,B_temporal,extra_trees,FLOW_RATE_LIQUIDE_LAVAGE_slope_10,0.002534413036170552
5,B_temporal,extra_trees,FLOW_RATE_VAPEUR,0.03189917629468274
5,B_temporal,extra_trees,FLOW_RATE_VAPEUR_lag_10,0.004588917768490515
5,B_temporal,extra_trees,FLOW_RATE_VAPEUR_roll_mean_30,0.00687715915346782
5,B_temporal,extra_trees,FLOW_RATE_VAPEUR_roll_std_10,0.0016568656846826075
5,B_temporal,extra_trees,FLOW_RATE_VAPEUR_diff_5,0.001286875047371726
5,B_temporal,extra_trees,FLOW_RATE_VAPEUR_slope_10,0.0016009714657431542
5,B_temporal,extra_trees,FLOW_RATE_SLURRY_M3_HR_2,0.029184182245092557
5,B_temporal,extra_trees,FLOW_RATE_SLURRY_M3_HR_2_roll_mean_10,0.04580115636317143
5,B_temporal,extra_trees,FLOW_RATE_SLURRY_M3_HR_2_roll_mean_30,0.03679240973819527
5,B_temporal,extra_trees,FLOW_RATE_SLURRY_M3_HR_2_roll_std_10,0.0013179718825358957
5,B_temporal,extra_trees,FLOW_RATE_SLURRY_M3_HR_2_diff_5,0.0011236263494560064
5,B_temporal,extra_trees,FLOW_RATE_SLURRY_M3_HR_2_slope_10,0.0036330091080401584
5,B_temporal,extra_trees,TEMPERATURE_BRIQUE,0.009085704288108308
5,B_temporal,extra_trees,TEMPERATURE_BRIQUE_roll_mean_10,0.009481612978015854
5,B_temporal,extra_trees,TEMPERATURE_BRIQUE_roll_mean_30,0.01049090275519386
5,B_temporal,extra_trees,TEMPERATURE_BRIQUE_roll_std_10,0.004111251048357275
5,B_temporal,extra_trees,TEMPERATURE_BRIQUE_diff_5,0.0026835958434401207
5,B_temporal,extra_trees,TEMPERATURE_BRIQUE_slope_10,0.0013737563245046962
5,B_temporal,extra_trees,PRODUCTION_TSP_BALANCE_missing,3.5244267187973525e-05
5,B_temporal,extra_trees,FLOW_RATE_PHOSPHORIC_ACID_1_missing,0.0003543405260814512
5,B_temporal,extra_trees,FLOW_RATE_PHOSPHORIC_ACID_2_missing,7.776582895381835e-05
5,B_temporal,extra_trees,FLOW_RATE_GROUND_PHOSPHATE_missing,0.0001235641692065578
5,B_temporal,extra_trees,FLOW_RATE_SLURRY_T_PER_HR_missing,2.6067197129705798e-05
5,B_temporal,extra_trees,FLOW_RATE_SLURRY_M3_HR_missing,0.0002096715561815469
5,B_temporal,extra_trees,RECYCLAGE_missing,9.120584784544362e-05
5,B_temporal,extra_trees,PRESSURE_VAPEUR_missing,4.591814818920042e-05
5,B_temporal,extra_trees,TEMPERATURE_VAPEUR_missing,0.00012451047077212269
5,B_temporal,extra_trees,TEMPERATURE_CUVE_ATTAQUE_missing,0.0008934732747987235
5,B_temporal,extra_trees,TEMPERATURE_CUVE_DE_PASSAGE_missing,0.00012730299880322723
5,B_temporal,extra_trees,TEMPERATURE_SLURRY_PULVERISATEUR_missing,0.0001204212247129372
5,B_temporal,extra_trees,DEPRESSURE_SECHEUR_missing,9.956346279092522e-05
5,B_temporal,extra_trees,LEVEL_CUVE_PASSAGE_missing,0.0015492986927233621
5,B_temporal,extra_trees,TEMPERATURE_GAZ_SORTIE_SECHEUR_missing,0.00011938884021921715
5,B_temporal,extra_trees,FLOW_RATE_FIOUL_missing,0.0018890628822718788
5,B_temporal,extra_trees,TEMPERATURE_AIR_CHAUD_missing,0.0005796224538527617
5,B_temporal,extra_trees,FLOW_RATE_LIQUIDE_LAVAGE_missing,0.00023057382737867304
5,B_temporal,extra_trees,FLOW_RATE_VAPEUR_missing,0.0002137470582982876
5,B_temporal,extra_trees,FLOW_RATE_SLURRY_M3_HR_2_missing,0.0036542749273713025
5,B_temporal,extra_trees,TEMPERATURE_BRIQUE_missing,0.0008274609299555332
5,C_process,extra_trees,PRODUCTION_TSP_BALANCE,0.026289684532244572
5,C_process,extra_trees,FLOW_RATE_PHOSPHORIC_ACID_1,0.03141786218603026
5,C_process,extra_trees,FLOW_RATE_PHOSPHORIC_ACID_2,0.04081977711081284
5,C_process,extra_trees,FLOW_RATE_GROUND_PHOSPHATE,0.030929061327095244
5,C_process,extra_trees,FLOW_RATE_SLURRY_T_PER_HR,0.024982689362862933
5,C_process,extra_trees,FLOW_RATE_SLURRY_M3_HR,0.021693020916456217
5,C_process,extra_trees,RECYCLAGE,0.05436006994189239
5,C_process,extra_trees,PRESSURE_VAPEUR,0.012201527468131185
5,C_process,extra_trees,TEMPERATURE_VAPEUR,0.006158676774905495
5,C_process,extra_trees,TEMPERATURE_CUVE_ATTAQUE,0.08654945751588777
5,C_process,extra_trees,TEMPERATURE_CUVE_DE_PASSAGE,0.03630287499962774
5,C_process,extra_trees,TEMPERATURE_SLURRY_PULVERISATEUR,0.02732369051589885
5,C_process,extra_trees,DEPRESSURE_SECHEUR,0.014352251055078535
5,C_process,extra_trees,LEVEL_CUVE_PASSAGE,0.01551702033955972
5,C_process,extra_trees,TEMPERATURE_GAZ_SORTIE_SECHEUR,0.006398840224349021
5,C_process,extra_trees,FLOW_RATE_FIOUL,0.02362724435357493
5,C_process,extra_trees,TEMPERATURE_AIR_CHAUD,0.007539189960549403
5,C_process,extra_trees,FLOW_RATE_LIQUIDE_LAVAGE,0.016697622120156276
5,C_process,extra_trees,FLOW_RATE_VAPEUR,0.04867278918751048
5,C_process,extra_trees,FLOW_RATE_SLURRY_M3_HR_2,0.049284692798081585
5,C_process,extra_trees,TEMPERATURE_BRIQUE,0.019433921028066427
5,C_process,extra_trees,TOTAL_ACID_FLOW,0.07774699392728868
5,C_process,extra_trees,ACID_FLOW_IMBALANCE,0.021809141044004245
5,C_process,extra_trees,ACID_TO_PHOSPHATE_RATIO,0.14872298141323215
5,C_process,extra_trees,TOTAL_SLURRY_M3_FLOW,0.019539518219535146
5,C_process,extra_trees,SLURRY_DENSITY_PROXY,0.021721761374074104
5,C_process,extra_trees,ATTACK_PASSAGE_TEMP_GRADIENT,0.011320868495854244
5,C_process,extra_trees,HOT_AIR_DRYER_OUTLET_GRADIENT,0.010599697636975136
5,C_process,extra_trees,STEAM_SLURRY_TEMP_GRADIENT,0.01106601750131974
5,C_process,extra_trees,STEAM_ENERGY_PROXY,0.011979964779810611
5,C_process,extra_trees,DRYING_INTENSITY_PROXY,0.0028384854137992114
5,C_process,extra_trees,RECYCLE_TO_PRODUCTION_RATIO,0.017245800980699097
5,C_process,extra_trees,FLOW_RATE_PHOSPHORIC_ACID_1_CV_10,0.0046661821942098995
5,C_process,extra_trees,FLOW_RATE_PHOSPHORIC_ACID_2_CV_10,0.005909324827493795
5,C_process,extra_trees,FLOW_RATE_GROUND_PHOSPHATE_CV_10,0.0071468482017872535
5,C_process,extra_trees,FLOW_RATE_FIOUL_CV_10,0.006750111528416813
5,C_process,extra_trees,FLOW_RATE_VAPEUR_CV_10,0.005245696130751478
5,C_process,extra_trees,PRODUCTION_TSP_BALANCE_missing,0.0002485534665992745
5,C_process,extra_trees,FLOW_RATE_PHOSPHORIC_ACID_1_missing,0.00032720692372230895
5,C_process,extra_trees,FLOW_RATE_PHOSPHORIC_ACID_2_missing,0.0005065445101723688
5,C_process,extra_trees,FLOW_RATE_GROUND_PHOSPHATE_missing,0.00046830701047707976
5,C_process,extra_trees,FLOW_RATE_SLURRY_T_PER_HR_missing,3.1208632763103955e-05
5,C_process,extra_trees,FLOW_RATE_SLURRY_M3_HR_missing,0.0002204853443668638
5,C_process,extra_trees,RECYCLAGE_missing,0.00031537067183651257
5,C_process,extra_trees,PRESSURE_VAPEUR_missing,9.127186205581145e-05
5,C_process,extra_trees,TEMPERATURE_VAPEUR_missing,0.0004914946306247614
5,C_process,extra_trees,TEMPERATURE_CUVE_ATTAQUE_missing,0.002504554593752741
5,C_process,extra_trees,TEMPERATURE_CUVE_DE_PASSAGE_missing,0.0002726599885409881
5,C_process,extra_trees,TEMPERATURE_SLURRY_PULVERISATEUR_missing,0.0002592975823580368
5,C_process,extra_trees,DEPRESSURE_SECHEUR_missing,0.0001373172639441759
5,C_process,extra_trees,LEVEL_CUVE_PASSAGE_missing,0.0017159211462788408
5,C_process,extra_trees,TEMPERATURE_GAZ_SORTIE_SECHEUR_missing,0.0002389541715540725
5,C_process,extra_trees,FLOW_RATE_FIOUL_missing,0.0020122755779440455
5,C_process,extra_trees,TEMPERATURE_AIR_CHAUD_missing,0.0008315088564652234
5,C_process,extra_trees,FLOW_RATE_LIQUIDE_LAVAGE_missing,0.0003562200425848315
5,C_process,extra_trees,FLOW_RATE_VAPEUR_missing,0.0003236075767801783
5,C_process,extra_trees,FLOW_RATE_SLURRY_M3_HR_2_missing,0.0028182845887587855
5,C_process,extra_trees,TEMPERATURE_BRIQUE_missing,0.0009675981703967406
5,D_full,extra_trees,PRODUCTION_TSP_BALANCE,0.015278936065943721
5,D_full,extra_trees,PRODUCTION_TSP_BALANCE_roll_mean_30,0.005476369798979487
5,D_full,extra_trees,PRODUCTION_TSP_BALANCE_roll_std_10,0.0020738884800105086
5,D_full,extra_trees,PRODUCTION_TSP_BALANCE_diff_5,0.0011789233985964103
5,D_full,extra_trees,PRODUCTION_TSP_BALANCE_slope_10,0.0023544147487260065
5,D_full,extra_trees,FLOW_RATE_PHOSPHORIC_ACID_1,0.015389863026634747
5,D_full,extra_trees,FLOW_RATE_PHOSPHORIC_ACID_1_lag_10,0.008723697022068422
5,D_full,extra_trees,FLOW_RATE_PHOSPHORIC_ACID_1_roll_mean_10,0.013966953924204429
5,D_full,extra_trees,FLOW_RATE_PHOSPHORIC_ACID_1_roll_mean_30,0.009447444341784668
5,D_full,extra_trees,FLOW_RATE_PHOSPHORIC_ACID_1_roll_std_10,0.0016790529588570037
5,D_full,extra_trees,FLOW_RATE_PHOSPHORIC_ACID_1_diff_5,0.0011945267003371516
5,D_full,extra_trees,FLOW_RATE_PHOSPHORIC_ACID_1_slope_10,0.0010360431049982206
5,D_full,extra_trees,FLOW_RATE_PHOSPHORIC_ACID_2,0.04042423979441182
5,D_full,extra_trees,FLOW_RATE_PHOSPHORIC_ACID_2_lag_10,0.013664797432500212
5,D_full,extra_trees,FLOW_RATE_PHOSPHORIC_ACID_2_roll_mean_30,0.012644156031818501
5,D_full,extra_trees,FLOW_RATE_PHOSPHORIC_ACID_2_roll_std_10,0.0015164756114892659
5,D_full,extra_trees,FLOW_RATE_PHOSPHORIC_ACID_2_diff_5,0.0009472906930924109
5,D_full,extra_trees,FLOW_RATE_PHOSPHORIC_ACID_2_slope_10,0.006611478102689168
5,D_full,extra_trees,FLOW_RATE_GROUND_PHOSPHATE,0.02152384594492978
5,D_full,extra_trees,FLOW_RATE_GROUND_PHOSPHATE_lag_10,0.004864375109200245
5,D_full,extra_trees,FLOW_RATE_GROUND_PHOSPHATE_roll_mean_10,0.021139689825063975
5,D_full,extra_trees,FLOW_RATE_GROUND_PHOSPHATE_roll_mean_30,0.006095722214803151
5,D_full,extra_trees,FLOW_RATE_GROUND_PHOSPHATE_roll_std_10,0.0008086037647035413
5,D_full,extra_trees,FLOW_RATE_GROUND_PHOSPHATE_diff_5,0.004103295838292397
5,D_full,extra_trees,FLOW_RATE_GROUND_PHOSPHATE_slope_10,0.0030191620614069734
5,D_full,extra_trees,FLOW_RATE_SLURRY_T_PER_HR,0.01284475064215794
5,D_full,extra_trees,FLOW_RATE_SLURRY_T_PER_HR_lag_10,0.0019241455328399802
5,D_full,extra_trees,FLOW_RATE_SLURRY_T_PER_HR_roll_mean_30,0.0042129028968590975
5,D_full,extra_trees,FLOW_RATE_SLURRY_T_PER_HR_roll_std_10,0.001167373681026733
5,D_full,extra_trees,FLOW_RATE_SLURRY_T_PER_HR_diff_5,0.0008240015135235234
5,D_full,extra_trees,FLOW_RATE_SLURRY_T_PER_HR_slope_10,0.0012266281885146666
5,D_full,extra_trees,FLOW_RATE_SLURRY_M3_HR,0.0016233429440181157
5,D_full,extra_trees,FLOW_RATE_SLURRY_M3_HR_lag_10,0.0015582230696337622
5,D_full,extra_trees,FLOW_RATE_SLURRY_M3_HR_roll_mean_10,0.0030675809075890164
5,D_full,extra_trees,FLOW_RATE_SLURRY_M3_HR_roll_mean_30,0.004119467262538528
5,D_full,extra_trees,FLOW_RATE_SLURRY_M3_HR_roll_std_10,0.0010737428823357068
5,D_full,extra_trees,FLOW_RATE_SLURRY_M3_HR_diff_5,0.0013333833870848876
5,D_full,extra_trees,FLOW_RATE_SLURRY_M3_HR_slope_10,0.0024721342868091623
5,D_full,extra_trees,RECYCLAGE,0.03859862733751042
5,D_full,extra_trees,RECYCLAGE_lag_10,0.013715661131674349
5,D_full,extra_trees,RECYCLAGE_roll_mean_30,0.02240982835275655
5,D_full,extra_trees,RECYCLAGE_roll_std_10,0.00263638679882359
5,D_full,extra_trees,RECYCLAGE_diff_5,0.005979717874462979
5,D_full,extra_trees,RECYCLAGE_slope_10,0.0032030091026017758
5,D_full,extra_trees,PRESSURE_VAPEUR,0.0034128779606519516
5,D_full,extra_trees,PRESSURE_VAPEUR_lag_5,0.002106437796354242
5,D_full,extra_trees,PRESSURE_VAPEUR_lag_10,0.001186557859576633
5,D_full,extra_trees,PRESSURE_VAPEUR_roll_mean_10,0.002351372178562461
5,D_full,extra_trees,PRESSURE_VAPEUR_roll_mean_30,0.002521542991617237
5,D_full,extra_trees,PRESSURE_VAPEUR_roll_std_10,0.0009445979317862305
5,D_full,extra_trees,PRESSURE_VAPEUR_diff_5,0.0007694725516799801
5,D_full,extra_trees,PRESSURE_VAPEUR_slope_10,0.0009532935557277907
5,D_full,extra_trees,TEMPERATURE_VAPEUR,0.001371818549152161
5,D_full,extra_trees,TEMPERATURE_VAPEUR_lag_1,0.0013578753507112497
5,D_full,extra_trees,TEMPERATURE_VAPEUR_lag_5,0.001534296348423364
5,D_full,extra_trees,TEMPERATURE_VAPEUR_lag_10,0.0036088544450627704
5,D_full,extra_trees,TEMPERATURE_VAPEUR_roll_mean_10,0.0016786270875011578
5,D_full,extra_trees,TEMPERATURE_VAPEUR_roll_mean_30,0.0031300441751271153
5,D_full,extra_trees,TEMPERATURE_VAPEUR_roll_std_10,0.0025769877745862252
5,D_full,extra_trees,TEMPERATURE_VAPEUR_diff_5,0.0010436632841766334
5,D_full,extra_trees,TEMPERATURE_VAPEUR_slope_10,0.0009961117531107995
5,D_full,extra_trees,TEMPERATURE_CUVE_ATTAQUE,0.03336271063941429
5,D_full,extra_trees,TEMPERATURE_CUVE_ATTAQUE_lag_15,0.013504970039019673
5,D_full,extra_trees,TEMPERATURE_CUVE_ATTAQUE_roll_mean_10,0.03884875573855956
5,D_full,extra_trees,TEMPERATURE_CUVE_ATTAQUE_roll_mean_30,0.01369516231220794
5,D_full,extra_trees,TEMPERATURE_CUVE_ATTAQUE_roll_std_10,0.0013185838324872728
5,D_full,extra_trees,TEMPERATURE_CUVE_ATTAQUE_diff_5,0.0023811456986340524
5,D_full,extra_trees,TEMPERATURE_CUVE_ATTAQUE_slope_10,0.0021398840533772352
5,D_full,extra_trees,TEMPERATURE_CUVE_DE_PASSAGE,0.01427879918984696
5,D_full,extra_trees,TEMPERATURE_CUVE_DE_PASSAGE_roll_mean_30,0.009660595770901968
5,D_full,extra_trees,TEMPERATURE_CUVE_DE_PASSAGE_roll_std_10,0.001721475740103138
5,D_full,extra_trees,TEMPERATURE_CUVE_DE_PASSAGE_diff_5,0.0021343862787970153
5,D_full,extra_trees,TEMPERATURE_CUVE_DE_PASSAGE_slope_10,0.0021764392246059524
5,D_full,extra_trees,TEMPERATURE_SLURRY_PULVERISATEUR,0.007452581455036002
5,D_full,extra_trees,TEMPERATURE_SLURRY_PULVERISATEUR_roll_mean_30,0.004058521166408005
5,D_full,extra_trees,TEMPERATURE_SLURRY_PULVERISATEUR_roll_std_10,0.0009962401217422443
5,D_full,extra_trees,TEMPERATURE_SLURRY_PULVERISATEUR_diff_5,0.003388253413622921
5,D_full,extra_trees,TEMPERATURE_SLURRY_PULVERISATEUR_slope_10,0.0015411972270815161
5,D_full,extra_trees,DEPRESSURE_SECHEUR,0.002930271996207402
5,D_full,extra_trees,DEPRESSURE_SECHEUR_lag_1,0.0014959514404985963
5,D_full,extra_trees,DEPRESSURE_SECHEUR_lag_5,0.0013749614749823487
5,D_full,extra_trees,DEPRESSURE_SECHEUR_lag_10,0.002781958188253658
5,D_full,extra_trees,DEPRESSURE_SECHEUR_roll_mean_10,0.002252812663261712
5,D_full,extra_trees,DEPRESSURE_SECHEUR_roll_mean_30,0.0033098861443575916
5,D_full,extra_trees,DEPRESSURE_SECHEUR_roll_std_10,0.001185068170282839
5,D_full,extra_trees,DEPRESSURE_SECHEUR_diff_5,0.0020552299611973543
5,D_full,extra_trees,DEPRESSURE_SECHEUR_slope_10,0.0025028194825522676
5,D_full,extra_trees,LEVEL_CUVE_PASSAGE,0.006992981970432929
5,D_full,extra_trees,LEVEL_CUVE_PASSAGE_lag_5,0.0033129634281848096
5,D_full,extra_trees,LEVEL_CUVE_PASSAGE_lag_10,0.005248092185508353
5,D_full,extra_trees,LEVEL_CUVE_PASSAGE_roll_mean_10,0.0034949202829282185
5,D_full,extra_trees,LEVEL_CUVE_PASSAGE_roll_mean_30,0.004799134479675085
5,D_full,extra_trees,LEVEL_CUVE_PASSAGE_roll_std_10,0.002500552076729474
5,D_full,extra_trees,LEVEL_CUVE_PASSAGE_diff_5,0.0027566395954775106
5,D_full,extra_trees,LEVEL_CUVE_PASSAGE_slope_10,0.0009742530035537194
5,D_full,extra_trees,TEMPERATURE_GAZ_SORTIE_SECHEUR,0.001075627570662169
5,D_full,extra_trees,TEMPERATURE_GAZ_SORTIE_SECHEUR_lag_5,0.0027849875439335966
5,D_full,extra_trees,TEMPERATURE_GAZ_SORTIE_SECHEUR_lag_10,0.0014145267202101278
5,D_full,extra_trees,TEMPERATURE_GAZ_SORTIE_SECHEUR_roll_mean_10,0.0018620164320365961
5,D_full,extra_trees,TEMPERATURE_GAZ_SORTIE_SECHEUR_roll_mean_30,0.004074256180994021
5,D_full,extra_trees,TEMPERATURE_GAZ_SORTIE_SECHEUR_roll_std_10,0.0012179259196607737
5,D_full,extra_trees,TEMPERATURE_GAZ_SORTIE_SECHEUR_diff_5,0.0029920193754384376
5,D_full,extra_trees,TEMPERATURE_GAZ_SORTIE_SECHEUR_slope_10,0.0016224703887106299
5,D_full,extra_trees,FLOW_RATE_FIOUL,0.0035843265121067876
5,D_full,extra_trees,FLOW_RATE_FIOUL_lag_10,0.0018037770571390497
5,D_full,extra_trees,FLOW_RATE_FIOUL_roll_mean_10,0.00778056030321317
5,D_full,extra_trees,FLOW_RATE_FIOUL_roll_mean_30,0.004059760969152134
5,D_full,extra_trees,FLOW_RATE_FIOUL_roll_std_10,0.0010502474519336097
5,D_full,extra_trees,FLOW_RATE_FIOUL_diff_5,0.0008483985386322024
5,D_full,extra_trees,FLOW_RATE_FIOUL_slope_10,0.0016037802564834046
5,D_full,extra_trees,TEMPERATURE_AIR_CHAUD,0.005794708600522888
5,D_full,extra_trees,TEMPERATURE_AIR_CHAUD_lag_10,0.003096882947036748
5,D_full,extra_trees,TEMPERATURE_AIR_CHAUD_roll_mean_30,0.0033541532839814546
5,D_full,extra_trees,TEMPERATURE_AIR_CHAUD_roll_std_10,0.0009311620575388182
5,D_full,extra_trees,TEMPERATURE_AIR_CHAUD_diff_5,0.0008228274814019441
5,D_full,extra_trees,TEMPERATURE_AIR_CHAUD_slope_10,0.0009096978946867522
5,D_full,extra_trees,FLOW_RATE_LIQUIDE_LAVAGE,0.008576006296452617
5,D_full,extra_trees,FLOW_RATE_LIQUIDE_LAVAGE_lag_5,0.004693862318550835
5,D_full,extra_trees,FLOW_RATE_LIQUIDE_LAVAGE_lag_10,0.00167225119921205
5,D_full,extra_trees,FLOW_RATE_LIQUIDE_LAVAGE_roll_mean_30,0.0029179143780960893
5,D_full,extra_trees,FLOW_RATE_LIQUIDE_LAVAGE_roll_std_10,0.0007599655831330021
5,D_full,extra_trees,FLOW_RATE_LIQUIDE_LAVAGE_diff_5,0.0031912240972350628
5,D_full,extra_trees,FLOW_RATE_LIQUIDE_LAVAGE_slope_10,0.0013203250053217261
5,D_full,extra_trees,FLOW_RATE_VAPEUR,0.01909109743533509
5,D_full,extra_trees,FLOW_RATE_VAPEUR_lag_10,0.0068409626205386456
5,D_full,extra_trees,FLOW_RATE_VAPEUR_roll_mean_30,0.005523512416058441
5,D_full,extra_trees,FLOW_RATE_VAPEUR_roll_std_10,0.000892239387961204
5,D_full,extra_trees,FLOW_RATE_VAPEUR_diff_5,0.0012450113272409814
5,D_full,extra_trees,FLOW_RATE_VAPEUR_slope_10,0.001358904983974828
5,D_full,extra_trees,FLOW_RATE_SLURRY_M3_HR_2,0.02199799236921223
5,D_full,extra_trees,FLOW_RATE_SLURRY_M3_HR_2_roll_mean_10,0.022705850916155484
5,D_full,extra_trees,FLOW_RATE_SLURRY_M3_HR_2_roll_mean_30,0.01820606134422389
5,D_full,extra_trees,FLOW_RATE_SLURRY_M3_HR_2_roll_std_10,0.0012960428195471147
5,D_full,extra_trees,FLOW_RATE_SLURRY_M3_HR_2_diff_5,0.0007187198198269272
5,D_full,extra_trees,FLOW_RATE_SLURRY_M3_HR_2_slope_10,0.0009181584160555886
5,D_full,extra_trees,TEMPERATURE_BRIQUE,0.005814403908471355
5,D_full,extra_trees,TEMPERATURE_BRIQUE_roll_mean_10,0.006789493912281651
5,D_full,extra_trees,TEMPERATURE_BRIQUE_roll_mean_30,0.006649818145718457
5,D_full,extra_trees,TEMPERATURE_BRIQUE_roll_std_10,0.00533889325249654
5,D_full,extra_trees,TEMPERATURE_BRIQUE_diff_5,0.0011546822641324756
5,D_full,extra_trees,TEMPERATURE_BRIQUE_slope_10,0.0009354781597194391
5,D_full,extra_trees,TOTAL_ACID_FLOW,0.045941922400501704
5,D_full,extra_trees,ACID_FLOW_IMBALANCE,0.008403283934626984
5,D_full,extra_trees,ACID_TO_PHOSPHATE_RATIO,0.11602376533108925
5,D_full,extra_trees,TOTAL_SLURRY_M3_FLOW,0.008911049327721573
5,D_full,extra_trees,SLURRY_DENSITY_PROXY,0.009659285008577736
5,D_full,extra_trees,ATTACK_PASSAGE_TEMP_GRADIENT,0.002859977391408891
5,D_full,extra_trees,HOT_AIR_DRYER_OUTLET_GRADIENT,0.0015571371131816044
5,D_full,extra_trees,STEAM_SLURRY_TEMP_GRADIENT,0.0014137664239462376
5,D_full,extra_trees,STEAM_ENERGY_PROXY,0.006161622294349923
5,D_full,extra_trees,DRYING_INTENSITY_PROXY,0.00047802779240090814
5,D_full,extra_trees,RECYCLE_TO_PRODUCTION_RATIO,0.006953689747811348
5,D_full,extra_trees,FLOW_RATE_PHOSPHORIC_ACID_1_CV_10,0.0027079412682358838
5,D_full,extra_trees,FLOW_RATE_PHOSPHORIC_ACID_2_CV_10,0.001644558901806611
5,D_full,extra_trees,FLOW_RATE_GROUND_PHOSPHATE_CV_10,0.0011783137353443946
5,D_full,extra_trees,FLOW_RATE_FIOUL_CV_10,0.0008125875408446692
5,D_full,extra_trees,FLOW_RATE_VAPEUR_CV_10,0.001267184115696976
5,D_full,extra_trees,PRODUCTION_TSP_BALANCE_missing,7.183264139936755e-05
5,D_full,extra_trees,FLOW_RATE_PHOSPHORIC_ACID_1_missing,0.0003929312882658267
5,D_full,extra_trees,FLOW_RATE_PHOSPHORIC_ACID_2_missing,0.0001805309337677073
5,D_full,extra_trees,FLOW_RATE_GROUND_PHOSPHATE_missing,0.0003390846717795791
5,D_full,extra_trees,FLOW_RATE_SLURRY_T_PER_HR_missing,1.5186223294042714e-05
5,D_full,extra_trees,FLOW_RATE_SLURRY_M3_HR_missing,9.562574438709212e-05
5,D_full,extra_trees,RECYCLAGE_missing,0.00015810805897026336
5,D_full,extra_trees,PRESSURE_VAPEUR_missing,3.8718733645218745e-05
5,D_full,extra_trees,TEMPERATURE_VAPEUR_missing,0.0001088819261513169
5,D_full,extra_trees,TEMPERATURE_CUVE_ATTAQUE_missing,0.0011066148452694938
5,D_full,extra_trees,TEMPERATURE_CUVE_DE_PASSAGE_missing,0.00011671285320849315
5,D_full,extra_trees,TEMPERATURE_SLURRY_PULVERISATEUR_missing,3.180229504472997e-05
5,D_full,extra_trees,DEPRESSURE_SECHEUR_missing,6.345947903782733e-05
5,D_full,extra_trees,LEVEL_CUVE_PASSAGE_missing,0.0011218801332117982
5,D_full,extra_trees,TEMPERATURE_GAZ_SORTIE_SECHEUR_missing,6.936097818617285e-05
5,D_full,extra_trees,FLOW_RATE_FIOUL_missing,0.0013212018093951721
5,D_full,extra_trees,TEMPERATURE_AIR_CHAUD_missing,0.0002129250943852524
5,D_full,extra_trees,FLOW_RATE_LIQUIDE_LAVAGE_missing,0.00013728562515278117
5,D_full,extra_trees,FLOW_RATE_VAPEUR_missing,0.00010810320457145004
5,D_full,extra_trees,FLOW_RATE_SLURRY_M3_HR_2_missing,0.0012421527788149176
5,D_full,extra_trees,TEMPERATURE_BRIQUE_missing,0.0004737186640492895
10,A_raw,extra_trees,PRODUCTION_TSP_BALANCE,0.02939241606451524
10,A_raw,extra_trees,FLOW_RATE_PHOSPHORIC_ACID_1,0.07380828116178348
10,A_raw,extra_trees,FLOW_RATE_PHOSPHORIC_ACID_2,0.09072291478441442
10,A_raw,extra_trees,FLOW_RATE_GROUND_PHOSPHATE,0.077590756073455
10,A_raw,extra_trees,FLOW_RATE_SLURRY_T_PER_HR,0.05550884329100709
10,A_raw,extra_trees,FLOW_RATE_SLURRY_M3_HR,0.021114050096781356
10,A_raw,extra_trees,RECYCLAGE,0.05115193988561105
10,A_raw,extra_trees,PRESSURE_VAPEUR,0.04371922675363885
10,A_raw,extra_trees,TEMPERATURE_VAPEUR,0.017538509037633692
10,A_raw,extra_trees,TEMPERATURE_CUVE_ATTAQUE,0.07393069737510664
10,A_raw,extra_trees,TEMPERATURE_CUVE_DE_PASSAGE,0.04844621594299336
10,A_raw,extra_trees,TEMPERATURE_SLURRY_PULVERISATEUR,0.02771963081516967
10,A_raw,extra_trees,DEPRESSURE_SECHEUR,0.0314861144294089
10,A_raw,extra_trees,LEVEL_CUVE_PASSAGE,0.038552485680208574
10,A_raw,extra_trees,TEMPERATURE_GAZ_SORTIE_SECHEUR,0.02015250414052865
10,A_raw,extra_trees,FLOW_RATE_FIOUL,0.028619871278831553
10,A_raw,extra_trees,TEMPERATURE_AIR_CHAUD,0.017755929104982863
10,A_raw,extra_trees,FLOW_RATE_LIQUIDE_LAVAGE,0.035859075337238276
10,A_raw,extra_trees,FLOW_RATE_VAPEUR,0.057186883531081305
10,A_raw,extra_trees,FLOW_RATE_SLURRY_M3_HR_2,0.11096735572247575
10,A_raw,extra_trees,TEMPERATURE_BRIQUE,0.04877629949313423
10,B_temporal,extra_trees,PRODUCTION_TSP_BALANCE,0.03288570174509671
10,B_temporal,extra_trees,PRODUCTION_TSP_BALANCE_roll_mean_30,0.007591457878186848
10,B_temporal,extra_trees,PRODUCTION_TSP_BALANCE_roll_std_10,0.002391247473119549
10,B_temporal,extra_trees,PRODUCTION_TSP_BALANCE_diff_5,0.008454116587563803
10,B_temporal,extra_trees,PRODUCTION_TSP_BALANCE_slope_10,0.0010436587360619987
10,B_temporal,extra_trees,FLOW_RATE_PHOSPHORIC_ACID_1,0.019063056916436935
10,B_temporal,extra_trees,FLOW_RATE_PHOSPHORIC_ACID_1_lag_10,0.015389046314040004
10,B_temporal,extra_trees,FLOW_RATE_PHOSPHORIC_ACID_1_roll_mean_10,0.017147019702733433
10,B_temporal,extra_trees,FLOW_RATE_PHOSPHORIC_ACID_1_roll_mean_30,0.014815916027876887
10,B_temporal,extra_trees,FLOW_RATE_PHOSPHORIC_ACID_1_roll_std_10,0.0011343959472403665
10,B_temporal,extra_trees,FLOW_RATE_PHOSPHORIC_ACID_1_diff_5,0.0016821971532933319
10,B_temporal,extra_trees,FLOW_RATE_PHOSPHORIC_ACID_1_slope_10,0.0012158710080337764
10,B_temporal,extra_trees,FLOW_RATE_PHOSPHORIC_ACID_2,0.03167757884582252
10,B_temporal,extra_trees,FLOW_RATE_PHOSPHORIC_ACID_2_lag_10,0.025510400740849447
10,B_temporal,extra_trees,FLOW_RATE_PHOSPHORIC_ACID_2_roll_mean_30,0.02280801368858003
10,B_temporal,extra_trees,FLOW_RATE_PHOSPHORIC_ACID_2_roll_std_10,0.001612656842782658
10,B_temporal,extra_trees,FLOW_RATE_PHOSPHORIC_ACID_2_diff_5,0.0011250756897623311
10,B_temporal,extra_trees,FLOW_RATE_PHOSPHORIC_ACID_2_slope_10,0.0012421265841328635
10,B_temporal,extra_trees,FLOW_RATE_GROUND_PHOSPHATE,0.022021336267567488
10,B_temporal,extra_trees,FLOW_RATE_GROUND_PHOSPHATE_lag_10,0.004647894874003455
10,B_temporal,extra_trees,FLOW_RATE_GROUND_PHOSPHATE_roll_mean_10,0.007185487531439331
10,B_temporal,extra_trees,FLOW_RATE_GROUND_PHOSPHATE_roll_mean_30,0.009884339091393923
10,B_temporal,extra_trees,FLOW_RATE_GROUND_PHOSPHATE_roll_std_10,0.002997343144563915
10,B_temporal,extra_trees,FLOW_RATE_GROUND_PHOSPHATE_diff_5,0.021190800430440502
10,B_temporal,extra_trees,FLOW_RATE_GROUND_PHOSPHATE_slope_10,0.016025150917892382
10,B_temporal,extra_trees,FLOW_RATE_SLURRY_T_PER_HR,0.013726255355533732
10,B_temporal,extra_trees,FLOW_RATE_SLURRY_T_PER_HR_lag_10,0.003244738073932027
10,B_temporal,extra_trees,FLOW_RATE_SLURRY_T_PER_HR_roll_mean_30,0.004796920614787802
10,B_temporal,extra_trees,FLOW_RATE_SLURRY_T_PER_HR_roll_std_10,0.00162879791143052
10,B_temporal,extra_trees,FLOW_RATE_SLURRY_T_PER_HR_diff_5,0.0008074948152760572
10,B_temporal,extra_trees,FLOW_RATE_SLURRY_T_PER_HR_slope_10,0.0010486244076318438
10,B_temporal,extra_trees,FLOW_RATE_SLURRY_M3_HR,0.005165210592110106
10,B_temporal,extra_trees,FLOW_RATE_SLURRY_M3_HR_lag_10,0.0040933978433666295
10,B_temporal,extra_trees,FLOW_RATE_SLURRY_M3_HR_roll_mean_10,0.0058351131167755565
10,B_temporal,extra_trees,FLOW_RATE_SLURRY_M3_HR_roll_mean_30,0.005901747359177339
10,B_temporal,extra_trees,FLOW_RATE_SLURRY_M3_HR_roll_std_10,0.0009639903844241279
10,B_temporal,extra_trees,FLOW_RATE_SLURRY_M3_HR_diff_5,0.0018392504794883273
10,B_temporal,extra_trees,FLOW_RATE_SLURRY_M3_HR_slope_10,0.0012502175351334084
10,B_temporal,extra_trees,RECYCLAGE,0.03960003847025746
10,B_temporal,extra_trees,RECYCLAGE_lag_10,0.016876859017655385
10,B_temporal,extra_trees,RECYCLAGE_roll_mean_30,0.02677277291258869
10,B_temporal,extra_trees,RECYCLAGE_roll_std_10,0.0009949666748200114
10,B_temporal,extra_trees,RECYCLAGE_diff_5,0.0008591545819515237
10,B_temporal,extra_trees,RECYCLAGE_slope_10,0.001648954286000915
10,B_temporal,extra_trees,PRESSURE_VAPEUR,0.01327239656741825
10,B_temporal,extra_trees,PRESSURE_VAPEUR_lag_5,0.002693233394806849
10,B_temporal,extra_trees,PRESSURE_VAPEUR_lag_10,0.0014325200577672934
10,B_temporal,extra_trees,PRESSURE_VAPEUR_roll_mean_10,0.004568150211658791
10,B_temporal,extra_trees,PRESSURE_VAPEUR_roll_mean_30,0.004309570431037283
10,B_temporal,extra_trees,PRESSURE_VAPEUR_roll_std_10,0.0011717832399158732
10,B_temporal,extra_trees,PRESSURE_VAPEUR_diff_5,0.0011077501423929195
10,B_temporal,extra_trees,PRESSURE_VAPEUR_slope_10,0.0021625634510499554
10,B_temporal,extra_trees,TEMPERATURE_VAPEUR,0.0017754623311626728
10,B_temporal,extra_trees,TEMPERATURE_VAPEUR_lag_1,0.0016602602506681496
10,B_temporal,extra_trees,TEMPERATURE_VAPEUR_lag_5,0.003588667615290858
10,B_temporal,extra_trees,TEMPERATURE_VAPEUR_lag_10,0.0014792869447179278
10,B_temporal,extra_trees,TEMPERATURE_VAPEUR_roll_mean_10,0.0021503488318702565
10,B_temporal,extra_trees,TEMPERATURE_VAPEUR_roll_mean_30,0.0044322365212417164
10,B_temporal,extra_trees,TEMPERATURE_VAPEUR_roll_std_10,0.003237787077618273
10,B_temporal,extra_trees,TEMPERATURE_VAPEUR_diff_5,0.0008833087379038717
10,B_temporal,extra_trees,TEMPERATURE_VAPEUR_slope_10,0.0014373571303737858
10,B_temporal,extra_trees,TEMPERATURE_CUVE_ATTAQUE,0.023168749867885193
10,B_temporal,extra_trees,TEMPERATURE_CUVE_ATTAQUE_lag_15,0.009336440741123891
10,B_temporal,extra_trees,TEMPERATURE_CUVE_ATTAQUE_roll_mean_10,0.03069447794433284
10,B_temporal,extra_trees,TEMPERATURE_CUVE_ATTAQUE_roll_mean_30,0.019053930580710386
10,B_temporal,extra_trees,TEMPERATURE_CUVE_ATTAQUE_roll_std_10,0.0026033595389781234
10,B_temporal,extra_trees,TEMPERATURE_CUVE_ATTAQUE_diff_5,0.0015306609615347551
10,B_temporal,extra_trees,TEMPERATURE_CUVE_ATTAQUE_slope_10,0.0029241769337630666
10,B_temporal,extra_trees,TEMPERATURE_CUVE_DE_PASSAGE,0.02054655934661788
10,B_temporal,extra_trees,TEMPERATURE_CUVE_DE_PASSAGE_roll_mean_30,0.011399594607534265
10,B_temporal,extra_trees,TEMPERATURE_CUVE_DE_PASSAGE_roll_std_10,0.0030506626381283527
10,B_temporal,extra_trees,TEMPERATURE_CUVE_DE_PASSAGE_diff_5,0.0014800033003590227
10,B_temporal,extra_trees,TEMPERATURE_CUVE_DE_PASSAGE_slope_10,0.001585085008622391
10,B_temporal,extra_trees,TEMPERATURE_SLURRY_PULVERISATEUR,0.009166309705171294
10,B_temporal,extra_trees,TEMPERATURE_SLURRY_PULVERISATEUR_roll_mean_30,0.010341816242020225
10,B_temporal,extra_trees,TEMPERATURE_SLURRY_PULVERISATEUR_roll_std_10,0.0010540453583085376
10,B_temporal,extra_trees,TEMPERATURE_SLURRY_PULVERISATEUR_diff_5,0.001470783813445676
10,B_temporal,extra_trees,TEMPERATURE_SLURRY_PULVERISATEUR_slope_10,0.0016872534111473394
10,B_temporal,extra_trees,DEPRESSURE_SECHEUR,0.0028815432697042757
10,B_temporal,extra_trees,DEPRESSURE_SECHEUR_lag_1,0.0027653737644211017
10,B_temporal,extra_trees,DEPRESSURE_SECHEUR_lag_5,0.003400039523907428
10,B_temporal,extra_trees,DEPRESSURE_SECHEUR_lag_10,0.0018238667098101442
10,B_temporal,extra_trees,DEPRESSURE_SECHEUR_roll_mean_10,0.002847890653328413
10,B_temporal,extra_trees,DEPRESSURE_SECHEUR_roll_mean_30,0.003947432386444563
10,B_temporal,extra_trees,DEPRESSURE_SECHEUR_roll_std_10,0.00331684683747973
10,B_temporal,extra_trees,DEPRESSURE_SECHEUR_diff_5,0.0010682793835616363
10,B_temporal,extra_trees,DEPRESSURE_SECHEUR_slope_10,0.0009349168091318059
10,B_temporal,extra_trees,LEVEL_CUVE_PASSAGE,0.004195645205053023
10,B_temporal,extra_trees,LEVEL_CUVE_PASSAGE_lag_5,0.006424663589897298
10,B_temporal,extra_trees,LEVEL_CUVE_PASSAGE_lag_10,0.004808605476359159
10,B_temporal,extra_trees,LEVEL_CUVE_PASSAGE_roll_mean_10,0.005745566530834907
10,B_temporal,extra_trees,LEVEL_CUVE_PASSAGE_roll_mean_30,0.006145953377561009
10,B_temporal,extra_trees,LEVEL_CUVE_PASSAGE_roll_std_10,0.0013215453671376238
10,B_temporal,extra_trees,LEVEL_CUVE_PASSAGE_diff_5,0.0025761258476246674
10,B_temporal,extra_trees,LEVEL_CUVE_PASSAGE_slope_10,0.0011960763414263526
10,B_temporal,extra_trees,TEMPERATURE_GAZ_SORTIE_SECHEUR,0.001458856739652629
10,B_temporal,extra_trees,TEMPERATURE_GAZ_SORTIE_SECHEUR_lag_5,0.0016138159831608823
10,B_temporal,extra_trees,TEMPERATURE_GAZ_SORTIE_SECHEUR_lag_10,0.002573693804348751
10,B_temporal,extra_trees,TEMPERATURE_GAZ_SORTIE_SECHEUR_roll_mean_10,0.0025506583564964395
10,B_temporal,extra_trees,TEMPERATURE_GAZ_SORTIE_SECHEUR_roll_mean_30,0.00428119847096565
10,B_temporal,extra_trees,TEMPERATURE_GAZ_SORTIE_SECHEUR_roll_std_10,0.002465182891477866
10,B_temporal,extra_trees,TEMPERATURE_GAZ_SORTIE_SECHEUR_diff_5,0.002856308325823677
10,B_temporal,extra_trees,TEMPERATURE_GAZ_SORTIE_SECHEUR_slope_10,0.0020154363811225305
10,B_temporal,extra_trees,FLOW_RATE_FIOUL,0.0043488544364029096
10,B_temporal,extra_trees,FLOW_RATE_FIOUL_lag_10,0.003928935301301232
10,B_temporal,extra_trees,FLOW_RATE_FIOUL_roll_mean_10,0.006022746588125238
10,B_temporal,extra_trees,FLOW_RATE_FIOUL_roll_mean_30,0.008710861754052508
10,B_temporal,extra_trees,FLOW_RATE_FIOUL_roll_std_10,0.0016700790673463113
10,B_temporal,extra_trees,FLOW_RATE_FIOUL_diff_5,0.0015937263784519759
10,B_temporal,extra_trees,FLOW_RATE_FIOUL_slope_10,0.0010109378280097508
10,B_temporal,extra_trees,TEMPERATURE_AIR_CHAUD,0.0031082695298566324
10,B_temporal,extra_trees,TEMPERATURE_AIR_CHAUD_lag_10,0.0034178815733660888
10,B_temporal,extra_trees,TEMPERATURE_AIR_CHAUD_roll_mean_30,0.0044775022029510695
10,B_temporal,extra_trees,TEMPERATURE_AIR_CHAUD_roll_std_10,0.0011581548044544295
10,B_temporal,extra_trees,TEMPERATURE_AIR_CHAUD_diff_5,0.0006408128191094694
10,B_temporal,extra_trees,TEMPERATURE_AIR_CHAUD_slope_10,0.002027654747656379
10,B_temporal,extra_trees,FLOW_RATE_LIQUIDE_LAVAGE,0.004890183839817517
10,B_temporal,extra_trees,FLOW_RATE_LIQUIDE_LAVAGE_lag_5,0.006141788318700467
10,B_temporal,extra_trees,FLOW_RATE_LIQUIDE_LAVAGE_lag_10,0.002074337389111918
10,B_temporal,extra_trees,FLOW_RATE_LIQUIDE_LAVAGE_roll_mean_30,0.006629976682413931
10,B_temporal,extra_trees,FLOW_RATE_LIQUIDE_LAVAGE_roll_std_10,0.001315169139449407
10,B_temporal,extra_trees,FLOW_RATE_LIQUIDE_LAVAGE_diff_5,0.0029118500816143543
10,B_temporal,extra_trees,FLOW_RATE_LIQUIDE_LAVAGE_slope_10,0.0045940854937148255
10,B_temporal,extra_trees,FLOW_RATE_VAPEUR,0.03189331940506278
10,B_temporal,extra_trees,FLOW_RATE_VAPEUR_lag_10,0.004421332117406814
10,B_temporal,extra_trees,FLOW_RATE_VAPEUR_roll_mean_30,0.007425405602101062
10,B_temporal,extra_trees,FLOW_RATE_VAPEUR_roll_std_10,0.0016917013229057064
10,B_temporal,extra_trees,FLOW_RATE_VAPEUR_diff_5,0.0016899498862433862
10,B_temporal,extra_trees,FLOW_RATE_VAPEUR_slope_10,0.00338247777275038
10,B_temporal,extra_trees,FLOW_RATE_SLURRY_M3_HR_2,0.03524107550394923
10,B_temporal,extra_trees,FLOW_RATE_SLURRY_M3_HR_2_roll_mean_10,0.041509759763966876
10,B_temporal,extra_trees,FLOW_RATE_SLURRY_M3_HR_2_roll_mean_30,0.03849101784670149
10,B_temporal,extra_trees,FLOW_RATE_SLURRY_M3_HR_2_roll_std_10,0.0012016020084896159
10,B_temporal,extra_trees,FLOW_RATE_SLURRY_M3_HR_2_diff_5,0.0005870032382651336
10,B_temporal,extra_trees,FLOW_RATE_SLURRY_M3_HR_2_slope_10,0.0011259902461742096
10,B_temporal,extra_trees,TEMPERATURE_BRIQUE,0.00869754552620991
10,B_temporal,extra_trees,TEMPERATURE_BRIQUE_roll_mean_10,0.01128066895358265
10,B_temporal,extra_trees,TEMPERATURE_BRIQUE_roll_mean_30,0.011902687382347501
10,B_temporal,extra_trees,TEMPERATURE_BRIQUE_roll_std_10,0.007533444427196594
10,B_temporal,extra_trees,TEMPERATURE_BRIQUE_diff_5,0.0006498391030557351
10,B_temporal,extra_trees,TEMPERATURE_BRIQUE_slope_10,0.003652598384800932
10,B_temporal,extra_trees,PRODUCTION_TSP_BALANCE_missing,1.964495895883934e-05
10,B_temporal,extra_trees,FLOW_RATE_PHOSPHORIC_ACID_1_missing,0.0003022381573473672
10,B_temporal,extra_trees,FLOW_RATE_PHOSPHORIC_ACID_2_missing,0.00016206661566665637
10,B_temporal,extra_trees,FLOW_RATE_GROUND_PHOSPHATE_missing,0.00012479393400505008
10,B_temporal,extra_trees,FLOW_RATE_SLURRY_T_PER_HR_missing,1.39269351394159e-05
10,B_temporal,extra_trees,FLOW_RATE_SLURRY_M3_HR_missing,0.00021075595064270992
10,B_temporal,extra_trees,RECYCLAGE_missing,8.213188408144561e-05
10,B_temporal,extra_trees,PRESSURE_VAPEUR_missing,0.00012377737465224
10,B_temporal,extra_trees,TEMPERATURE_VAPEUR_missing,0.0002900231905501467
10,B_temporal,extra_trees,TEMPERATURE_CUVE_ATTAQUE_missing,0.0010022657317698936
10,B_temporal,extra_trees,TEMPERATURE_CUVE_DE_PASSAGE_missing,0.00013607795699783289
10,B_temporal,extra_trees,TEMPERATURE_SLURRY_PULVERISATEUR_missing,8.828088432016075e-05
10,B_temporal,extra_trees,DEPRESSURE_SECHEUR_missing,0.00016976938715529028
10,B_temporal,extra_trees,LEVEL_CUVE_PASSAGE_missing,0.0009189279890047297
10,B_temporal,extra_trees,TEMPERATURE_GAZ_SORTIE_SECHEUR_missing,2.5880377208293094e-05
10,B_temporal,extra_trees,FLOW_RATE_FIOUL_missing,0.0020586544915238343
10,B_temporal,extra_trees,TEMPERATURE_AIR_CHAUD_missing,0.0006158384431197863
10,B_temporal,extra_trees,FLOW_RATE_LIQUIDE_LAVAGE_missing,0.00020736269202968223
10,B_temporal,extra_trees,FLOW_RATE_VAPEUR_missing,8.736883321353805e-05
10,B_temporal,extra_trees,FLOW_RATE_SLURRY_M3_HR_2_missing,0.004208285667370207
10,B_temporal,extra_trees,TEMPERATURE_BRIQUE_missing,0.0006321925435609718
10,C_process,extra_trees,PRODUCTION_TSP_BALANCE,0.02670232607473021
10,C_process,extra_trees,FLOW_RATE_PHOSPHORIC_ACID_1,0.04088378823422234
10,C_process,extra_trees,FLOW_RATE_PHOSPHORIC_ACID_2,0.058175116190882885
10,C_process,extra_trees,FLOW_RATE_GROUND_PHOSPHATE,0.052645203829585756
10,C_process,extra_trees,FLOW_RATE_SLURRY_T_PER_HR,0.026950350320841716
10,C_process,extra_trees,FLOW_RATE_SLURRY_M3_HR,0.012711432023090639
10,C_process,extra_trees,RECYCLAGE,0.035005108725321026
10,C_process,extra_trees,PRESSURE_VAPEUR,0.021161301314775855
10,C_process,extra_trees,TEMPERATURE_VAPEUR,0.008193476123811352
10,C_process,extra_trees,TEMPERATURE_CUVE_ATTAQUE,0.07609934591660364
10,C_process,extra_trees,TEMPERATURE_CUVE_DE_PASSAGE,0.040536289671303766
10,C_process,extra_trees,TEMPERATURE_SLURRY_PULVERISATEUR,0.020263424148579186
10,C_process,extra_trees,DEPRESSURE_SECHEUR,0.013076533119886302
10,C_process,extra_trees,LEVEL_CUVE_PASSAGE,0.01884033731083953
10,C_process,extra_trees,TEMPERATURE_GAZ_SORTIE_SECHEUR,0.007828469179592719
10,C_process,extra_trees,FLOW_RATE_FIOUL,0.020159168238908155
10,C_process,extra_trees,TEMPERATURE_AIR_CHAUD,0.007963041440128198
10,C_process,extra_trees,FLOW_RATE_LIQUIDE_LAVAGE,0.018351171839217906
10,C_process,extra_trees,FLOW_RATE_VAPEUR,0.05244863718123446
10,C_process,extra_trees,FLOW_RATE_SLURRY_M3_HR_2,0.0564868187940585
10,C_process,extra_trees,TEMPERATURE_BRIQUE,0.024568852913786708
10,C_process,extra_trees,TOTAL_ACID_FLOW,0.06807000078933491
10,C_process,extra_trees,ACID_FLOW_IMBALANCE,0.024449774434719046
10,C_process,extra_trees,ACID_TO_PHOSPHATE_RATIO,0.10191407504361916
10,C_process,extra_trees,TOTAL_SLURRY_M3_FLOW,0.019891558912484748
10,C_process,extra_trees,SLURRY_DENSITY_PROXY,0.028545123944583854
10,C_process,extra_trees,ATTACK_PASSAGE_TEMP_GRADIENT,0.01046040518611335
10,C_process,extra_trees,HOT_AIR_DRYER_OUTLET_GRADIENT,0.006055456046459435
10,C_process,extra_trees,STEAM_SLURRY_TEMP_GRADIENT,0.013209438474778049
10,C_process,extra_trees,STEAM_ENERGY_PROXY,0.016989130511751993
10,C_process,extra_trees,DRYING_INTENSITY_PROXY,0.006477248442549953
10,C_process,extra_trees,RECYCLE_TO_PRODUCTION_RATIO,0.015528066978270165
10,C_process,extra_trees,FLOW_RATE_PHOSPHORIC_ACID_1_CV_10,0.0059569899049848425
10,C_process,extra_trees,FLOW_RATE_PHOSPHORIC_ACID_2_CV_10,0.005916351561631908
10,C_process,extra_trees,FLOW_RATE_GROUND_PHOSPHATE_CV_10,0.00850661854250782
10,C_process,extra_trees,FLOW_RATE_FIOUL_CV_10,0.005162969961418995
10,C_process,extra_trees,FLOW_RATE_VAPEUR_CV_10,0.007012099104400323
10,C_process,extra_trees,PRODUCTION_TSP_BALANCE_missing,0.00018074446410031088
10,C_process,extra_trees,FLOW_RATE_PHOSPHORIC_ACID_1_missing,0.00046661294382324247
10,C_process,extra_trees,FLOW_RATE_PHOSPHORIC_ACID_2_missing,0.0004435274455730638
10,C_process,extra_trees,FLOW_RATE_GROUND_PHOSPHATE_missing,0.0006562015477776713
10,C_process,extra_trees,FLOW_RATE_SLURRY_T_PER_HR_missing,4.412030038583581e-05
10,C_process,extra_trees,FLOW_RATE_SLURRY_M3_HR_missing,0.0005402464617036971
10,C_process,extra_trees,RECYCLAGE_missing,0.0005984137491609282
10,C_process,extra_trees,PRESSURE_VAPEUR_missing,0.00020337615799022893
10,C_process,extra_trees,TEMPERATURE_VAPEUR_missing,0.00047454829249804546
10,C_process,extra_trees,TEMPERATURE_CUVE_ATTAQUE_missing,0.0016562011150413525
10,C_process,extra_trees,TEMPERATURE_CUVE_DE_PASSAGE_missing,0.00034068343066700715
10,C_process,extra_trees,TEMPERATURE_SLURRY_PULVERISATEUR_missing,0.0002422849280048232
10,C_process,extra_trees,DEPRESSURE_SECHEUR_missing,0.00011784226977695673
10,C_process,extra_trees,LEVEL_CUVE_PASSAGE_missing,0.0019439088779168827
10,C_process,extra_trees,TEMPERATURE_GAZ_SORTIE_SECHEUR_missing,0.00014257974715384776
10,C_process,extra_trees,FLOW_RATE_FIOUL_missing,0.0024837625038660023
10,C_process,extra_trees,TEMPERATURE_AIR_CHAUD_missing,0.0009567116729041482
10,C_process,extra_trees,FLOW_RATE_LIQUIDE_LAVAGE_missing,0.0004941826972286593
10,C_process,extra_trees,FLOW_RATE_VAPEUR_missing,0.00038387864951923054
10,C_process,extra_trees,FLOW_RATE_SLURRY_M3_HR_2_missing,0.0032231773715616714
10,C_process,extra_trees,TEMPERATURE_BRIQUE_missing,0.001211494942337141
10,D_full,extra_trees,PRODUCTION_TSP_BALANCE,0.022652134363822015
10,D_full,extra_trees,PRODUCTION_TSP_BALANCE_roll_mean_30,0.0050852765289626555
10,D_full,extra_trees,PRODUCTION_TSP_BALANCE_roll_std_10,0.001524200025565654
10,D_full,extra_trees,PRODUCTION_TSP_BALANCE_diff_5,0.006675900300287862
10,D_full,extra_trees,PRODUCTION_TSP_BALANCE_slope_10,0.0016467830070117763
10,D_full,extra_trees,FLOW_RATE_PHOSPHORIC_ACID_1,0.015207760794576627
10,D_full,extra_trees,FLOW_RATE_PHOSPHORIC_ACID_1_lag_10,0.0076403672474051575
10,D_full,extra_trees,FLOW_RATE_PHOSPHORIC_ACID_1_roll_mean_10,0.010767611596919023
10,D_full,extra_trees,FLOW_RATE_PHOSPHORIC_ACID_1_roll_mean_30,0.008777402223454973
10,D_full,extra_trees,FLOW_RATE_PHOSPHORIC_ACID_1_roll_std_10,0.00121863539004712
10,D_full,extra_trees,FLOW_RATE_PHOSPHORIC_ACID_1_diff_5,0.001808932912491709
10,D_full,extra_trees,FLOW_RATE_PHOSPHORIC_ACID_1_slope_10,0.0010029456688577213
10,D_full,extra_trees,FLOW_RATE_PHOSPHORIC_ACID_2,0.02936353470153842
10,D_full,extra_trees,FLOW_RATE_PHOSPHORIC_ACID_2_lag_10,0.008765219630787158
10,D_full,extra_trees,FLOW_RATE_PHOSPHORIC_ACID_2_roll_mean_30,0.010818602091354735
10,D_full,extra_trees,FLOW_RATE_PHOSPHORIC_ACID_2_roll_std_10,0.001340516836718588
10,D_full,extra_trees,FLOW_RATE_PHOSPHORIC_ACID_2_diff_5,0.00137599963448157
10,D_full,extra_trees,FLOW_RATE_PHOSPHORIC_ACID_2_slope_10,0.0012222450593284563
10,D_full,extra_trees,FLOW_RATE_GROUND_PHOSPHATE,0.02306999049906387
10,D_full,extra_trees,FLOW_RATE_GROUND_PHOSPHATE_lag_10,0.002646382603407405
10,D_full,extra_trees,FLOW_RATE_GROUND_PHOSPHATE_roll_mean_10,0.017701931358597885
10,D_full,extra_trees,FLOW_RATE_GROUND_PHOSPHATE_roll_mean_30,0.005523272571368659
10,D_full,extra_trees,FLOW_RATE_GROUND_PHOSPHATE_roll_std_10,0.0023148282859475422
10,D_full,extra_trees,FLOW_RATE_GROUND_PHOSPHATE_diff_5,0.03540550830053033
10,D_full,extra_trees,FLOW_RATE_GROUND_PHOSPHATE_slope_10,0.012045865142307637
10,D_full,extra_trees,FLOW_RATE_SLURRY_T_PER_HR,0.006113557560045905
10,D_full,extra_trees,FLOW_RATE_SLURRY_T_PER_HR_lag_10,0.0022001023727847777
10,D_full,extra_trees,FLOW_RATE_SLURRY_T_PER_HR_roll_mean_30,0.0036285301793457445
10,D_full,extra_trees,FLOW_RATE_SLURRY_T_PER_HR_roll_std_10,0.0015662022889394798
10,D_full,extra_trees,FLOW_RATE_SLURRY_T_PER_HR_diff_5,0.0013331545654316499
10,D_full,extra_trees,FLOW_RATE_SLURRY_T_PER_HR_slope_10,0.0013461707711727427
10,D_full,extra_trees,FLOW_RATE_SLURRY_M3_HR,0.0016019358705596704
10,D_full,extra_trees,FLOW_RATE_SLURRY_M3_HR_lag_10,0.0015918113712505872
10,D_full,extra_trees,FLOW_RATE_SLURRY_M3_HR_roll_mean_10,0.002698376615508618
10,D_full,extra_trees,FLOW_RATE_SLURRY_M3_HR_roll_mean_30,0.006422103988224546
10,D_full,extra_trees,FLOW_RATE_SLURRY_M3_HR_roll_std_10,0.0013921842770270663
10,D_full,extra_trees,FLOW_RATE_SLURRY_M3_HR_diff_5,0.0020365862018949707
10,D_full,extra_trees,FLOW_RATE_SLURRY_M3_HR_slope_10,0.0011603971683501124
10,D_full,extra_trees,RECYCLAGE,0.01655900270904744
10,D_full,extra_trees,RECYCLAGE_lag_10,0.01450438259032796
10,D_full,extra_trees,RECYCLAGE_roll_mean_30,0.02232814187828725
10,D_full,extra_trees,RECYCLAGE_roll_std_10,0.0020118186977206966
10,D_full,extra_trees,RECYCLAGE_diff_5,0.0012023108836553688
10,D_full,extra_trees,RECYCLAGE_slope_10,0.0013776020568759025
10,D_full,extra_trees,PRESSURE_VAPEUR,0.006307338905798534
10,D_full,extra_trees,PRESSURE_VAPEUR_lag_5,0.0019049084023537541
10,D_full,extra_trees,PRESSURE_VAPEUR_lag_10,0.0012169943109446547
10,D_full,extra_trees,PRESSURE_VAPEUR_roll_mean_10,0.0017604917953592508
10,D_full,extra_trees,PRESSURE_VAPEUR_roll_mean_30,0.005957971580549707
10,D_full,extra_trees,PRESSURE_VAPEUR_roll_std_10,0.001157964534019499
10,D_full,extra_trees,PRESSURE_VAPEUR_diff_5,0.0013415441018037643
10,D_full,extra_trees,PRESSURE_VAPEUR_slope_10,0.001912368510444638
10,D_full,extra_trees,TEMPERATURE_VAPEUR,0.0011733296595991204
10,D_full,extra_trees,TEMPERATURE_VAPEUR_lag_1,0.0012135998035611483
10,D_full,extra_trees,TEMPERATURE_VAPEUR_lag_5,0.0012641760724819227
10,D_full,extra_trees,TEMPERATURE_VAPEUR_lag_10,0.0013837502238791565
10,D_full,extra_trees,TEMPERATURE_VAPEUR_roll_mean_10,0.0020909014082536913
10,D_full,extra_trees,TEMPERATURE_VAPEUR_roll_mean_30,0.0029156705603707624
10,D_full,extra_trees,TEMPERATURE_VAPEUR_roll_std_10,0.0010879610474979623
10,D_full,extra_trees,TEMPERATURE_VAPEUR_diff_5,0.005714240347121108
10,D_full,extra_trees,TEMPERATURE_VAPEUR_slope_10,0.004540412933475766
10,D_full,extra_trees,TEMPERATURE_CUVE_ATTAQUE,0.02885222978287798
10,D_full,extra_trees,TEMPERATURE_CUVE_ATTAQUE_lag_15,0.014102629336816917
10,D_full,extra_trees,TEMPERATURE_CUVE_ATTAQUE_roll_mean_10,0.022729856750135037
10,D_full,extra_trees,TEMPERATURE_CUVE_ATTAQUE_roll_mean_30,0.015047984594412507
10,D_full,extra_trees,TEMPERATURE_CUVE_ATTAQUE_roll_std_10,0.004268882483510022
10,D_full,extra_trees,TEMPERATURE_CUVE_ATTAQUE_diff_5,0.0021757970154622527
10,D_full,extra_trees,TEMPERATURE_CUVE_ATTAQUE_slope_10,0.002165820891468464
10,D_full,extra_trees,TEMPERATURE_CUVE_DE_PASSAGE,0.014725955140799558
10,D_full,extra_trees,TEMPERATURE_CUVE_DE_PASSAGE_roll_mean_30,0.007533433143310851
10,D_full,extra_trees,TEMPERATURE_CUVE_DE_PASSAGE_roll_std_10,0.0014642742219841277
10,D_full,extra_trees,TEMPERATURE_CUVE_DE_PASSAGE_diff_5,0.002056316971736964
10,D_full,extra_trees,TEMPERATURE_CUVE_DE_PASSAGE_slope_10,0.0016771982902505037
10,D_full,extra_trees,TEMPERATURE_SLURRY_PULVERISATEUR,0.003501021868303025
10,D_full,extra_trees,TEMPERATURE_SLURRY_PULVERISATEUR_roll_mean_30,0.004701648553845671
10,D_full,extra_trees,TEMPERATURE_SLURRY_PULVERISATEUR_roll_std_10,0.001212533276884527
10,D_full,extra_trees,TEMPERATURE_SLURRY_PULVERISATEUR_diff_5,0.001426520347636433
10,D_full,extra_trees,TEMPERATURE_SLURRY_PULVERISATEUR_slope_10,0.0012264083023304964
10,D_full,extra_trees,DEPRESSURE_SECHEUR,0.004325928460488918
10,D_full,extra_trees,DEPRESSURE_SECHEUR_lag_1,0.0026419087513747806
10,D_full,extra_trees,DEPRESSURE_SECHEUR_lag_5,0.001544322296495276
10,D_full,extra_trees,DEPRESSURE_SECHEUR_lag_10,0.0026573875747391497
10,D_full,extra_trees,DEPRESSURE_SECHEUR_roll_mean_10,0.0021582948193780644
10,D_full,extra_trees,DEPRESSURE_SECHEUR_roll_mean_30,0.003349078217451204
10,D_full,extra_trees,DEPRESSURE_SECHEUR_roll_std_10,0.0011326942289841848
10,D_full,extra_trees,DEPRESSURE_SECHEUR_diff_5,0.0012100537528007278
10,D_full,extra_trees,DEPRESSURE_SECHEUR_slope_10,0.004305887166604268
10,D_full,extra_trees,LEVEL_CUVE_PASSAGE,0.010207958567483012
10,D_full,extra_trees,LEVEL_CUVE_PASSAGE_lag_5,0.00966086108408969
10,D_full,extra_trees,LEVEL_CUVE_PASSAGE_lag_10,0.003909225883756827
10,D_full,extra_trees,LEVEL_CUVE_PASSAGE_roll_mean_10,0.004805292616246727
10,D_full,extra_trees,LEVEL_CUVE_PASSAGE_roll_mean_30,0.0061056205408545625
10,D_full,extra_trees,LEVEL_CUVE_PASSAGE_roll_std_10,0.001557020232608796
10,D_full,extra_trees,LEVEL_CUVE_PASSAGE_diff_5,0.0019536591694219764
10,D_full,extra_trees,LEVEL_CUVE_PASSAGE_slope_10,0.0014805963909789988
10,D_full,extra_trees,TEMPERATURE_GAZ_SORTIE_SECHEUR,0.003851538969293333
10,D_full,extra_trees,TEMPERATURE_GAZ_SORTIE_SECHEUR_lag_5,0.001888947135787202
10,D_full,extra_trees,TEMPERATURE_GAZ_SORTIE_SECHEUR_lag_10,0.005489162815877286
10,D_full,extra_trees,TEMPERATURE_GAZ_SORTIE_SECHEUR_roll_mean_10,0.0019373919234708177
10,D_full,extra_trees,TEMPERATURE_GAZ_SORTIE_SECHEUR_roll_mean_30,0.003189254061452956
10,D_full,extra_trees,TEMPERATURE_GAZ_SORTIE_SECHEUR_roll_std_10,0.0009417910588098098
10,D_full,extra_trees,TEMPERATURE_GAZ_SORTIE_SECHEUR_diff_5,0.012669374751085802
10,D_full,extra_trees,TEMPERATURE_GAZ_SORTIE_SECHEUR_slope_10,0.005402289309266711
10,D_full,extra_trees,FLOW_RATE_FIOUL,0.0025799139746939394
10,D_full,extra_trees,FLOW_RATE_FIOUL_lag_10,0.0022745592205700932
10,D_full,extra_trees,FLOW_RATE_FIOUL_roll_mean_10,0.00723057713793023
10,D_full,extra_trees,FLOW_RATE_FIOUL_roll_mean_30,0.005660710813448258
10,D_full,extra_trees,FLOW_RATE_FIOUL_roll_std_10,0.0011318038376308766
10,D_full,extra_trees,FLOW_RATE_FIOUL_diff_5,0.002592654128499181
10,D_full,extra_trees,FLOW_RATE_FIOUL_slope_10,0.0014573555759317246
10,D_full,extra_trees,TEMPERATURE_AIR_CHAUD,0.0018296865288484033
10,D_full,extra_trees,TEMPERATURE_AIR_CHAUD_lag_10,0.0016621962697546053
10,D_full,extra_trees,TEMPERATURE_AIR_CHAUD_roll_mean_30,0.0031806607096495102
10,D_full,extra_trees,TEMPERATURE_AIR_CHAUD_roll_std_10,0.006012176789509138
10,D_full,extra_trees,TEMPERATURE_AIR_CHAUD_diff_5,0.0012184311946131826
10,D_full,extra_trees,TEMPERATURE_AIR_CHAUD_slope_10,0.0019254661217131324
10,D_full,extra_trees,FLOW_RATE_LIQUIDE_LAVAGE,0.005739262582833739
10,D_full,extra_trees,FLOW_RATE_LIQUIDE_LAVAGE_lag_5,0.0018382681584417817
10,D_full,extra_trees,FLOW_RATE_LIQUIDE_LAVAGE_lag_10,0.0015488390105942958
10,D_full,extra_trees,FLOW_RATE_LIQUIDE_LAVAGE_roll_mean_30,0.003948915191587949
10,D_full,extra_trees,FLOW_RATE_LIQUIDE_LAVAGE_roll_std_10,0.001082546468908982
10,D_full,extra_trees,FLOW_RATE_LIQUIDE_LAVAGE_diff_5,0.010055664320790733
10,D_full,extra_trees,FLOW_RATE_LIQUIDE_LAVAGE_slope_10,0.0023198363361085165
10,D_full,extra_trees,FLOW_RATE_VAPEUR,0.016832013167856784
10,D_full,extra_trees,FLOW_RATE_VAPEUR_lag_10,0.002256190042992994
10,D_full,extra_trees,FLOW_RATE_VAPEUR_roll_mean_30,0.005248183380845429
10,D_full,extra_trees,FLOW_RATE_VAPEUR_roll_std_10,0.0025108300769098955
10,D_full,extra_trees,FLOW_RATE_VAPEUR_diff_5,0.0019989839691471624
10,D_full,extra_trees,FLOW_RATE_VAPEUR_slope_10,0.0026486664246064082
10,D_full,extra_trees,FLOW_RATE_SLURRY_M3_HR_2,0.018135827019507552
10,D_full,extra_trees,FLOW_RATE_SLURRY_M3_HR_2_roll_mean_10,0.018844085242998604
10,D_full,extra_trees,FLOW_RATE_SLURRY_M3_HR_2_roll_mean_30,0.022537094400837943
10,D_full,extra_trees,FLOW_RATE_SLURRY_M3_HR_2_roll_std_10,0.0011321633805092331
10,D_full,extra_trees,FLOW_RATE_SLURRY_M3_HR_2_diff_5,0.0008706371424628714
10,D_full,extra_trees,FLOW_RATE_SLURRY_M3_HR_2_slope_10,0.001077921993052697
10,D_full,extra_trees,TEMPERATURE_BRIQUE,0.008460633675286565
10,D_full,extra_trees,TEMPERATURE_BRIQUE_roll_mean_10,0.0065120209379931045
10,D_full,extra_trees,TEMPERATURE_BRIQUE_roll_mean_30,0.006478175389939583
10,D_full,extra_trees,TEMPERATURE_BRIQUE_roll_std_10,0.003934685243348659
10,D_full,extra_trees,TEMPERATURE_BRIQUE_diff_5,0.0022887631486371665
10,D_full,extra_trees,TEMPERATURE_BRIQUE_slope_10,0.014561248487430468
10,D_full,extra_trees,TOTAL_ACID_FLOW,0.05032223320926748
10,D_full,extra_trees,ACID_FLOW_IMBALANCE,0.006604097886140627
10,D_full,extra_trees,ACID_TO_PHOSPHATE_RATIO,0.08590100504202332
10,D_full,extra_trees,TOTAL_SLURRY_M3_FLOW,0.0067446435961929395
10,D_full,extra_trees,SLURRY_DENSITY_PROXY,0.010321728024654317
10,D_full,extra_trees,ATTACK_PASSAGE_TEMP_GRADIENT,0.002176114181093742
10,D_full,extra_trees,HOT_AIR_DRYER_OUTLET_GRADIENT,0.0015309657866878833
10,D_full,extra_trees,STEAM_SLURRY_TEMP_GRADIENT,0.00142468106775703
10,D_full,extra_trees,STEAM_ENERGY_PROXY,0.011918388625639414
10,D_full,extra_trees,DRYING_INTENSITY_PROXY,0.0023778657478316844
10,D_full,extra_trees,RECYCLE_TO_PRODUCTION_RATIO,0.0050406112477016565
10,D_full,extra_trees,FLOW_RATE_PHOSPHORIC_ACID_1_CV_10,0.0011386244124182566
10,D_full,extra_trees,FLOW_RATE_PHOSPHORIC_ACID_2_CV_10,0.0010226028261574483
10,D_full,extra_trees,FLOW_RATE_GROUND_PHOSPHATE_CV_10,0.002322504564777823
10,D_full,extra_trees,FLOW_RATE_FIOUL_CV_10,0.003158901977353846
10,D_full,extra_trees,FLOW_RATE_VAPEUR_CV_10,0.002141485942336951
10,D_full,extra_trees,PRODUCTION_TSP_BALANCE_missing,0.00010264869399946438
10,D_full,extra_trees,FLOW_RATE_PHOSPHORIC_ACID_1_missing,0.0003950359094078556
10,D_full,extra_trees,FLOW_RATE_PHOSPHORIC_ACID_2_missing,0.00019577428602149917
10,D_full,extra_trees,FLOW_RATE_GROUND_PHOSPHATE_missing,0.00047857104168606894
10,D_full,extra_trees,FLOW_RATE_SLURRY_T_PER_HR_missing,2.43591367055867e-05
10,D_full,extra_trees,FLOW_RATE_SLURRY_M3_HR_missing,0.00021264139490150206
10,D_full,extra_trees,RECYCLAGE_missing,0.00016594544463668798
10,D_full,extra_trees,PRESSURE_VAPEUR_missing,0.00012180805984794341
10,D_full,extra_trees,TEMPERATURE_VAPEUR_missing,0.00032475885844954574
10,D_full,extra_trees,TEMPERATURE_CUVE_ATTAQUE_missing,0.0005675438438602855
10,D_full,extra_trees,TEMPERATURE_CUVE_DE_PASSAGE_missing,0.00016576900973610186
10,D_full,extra_trees,TEMPERATURE_SLURRY_PULVERISATEUR_missing,3.614584214260126e-05
10,D_full,extra_trees,DEPRESSURE_SECHEUR_missing,5.070809337087423e-05
10,D_full,extra_trees,LEVEL_CUVE_PASSAGE_missing,0.0007732591385479029
10,D_full,extra_trees,TEMPERATURE_GAZ_SORTIE_SECHEUR_missing,5.440329671388798e-05
10,D_full,extra_trees,FLOW_RATE_FIOUL_missing,0.0009459666001257284
10,D_full,extra_trees,TEMPERATURE_AIR_CHAUD_missing,0.0002848134211419663
10,D_full,extra_trees,FLOW_RATE_LIQUIDE_LAVAGE_missing,8.441051696033404e-05
10,D_full,extra_trees,FLOW_RATE_VAPEUR_missing,4.5698277511248805e-05
10,D_full,extra_trees,FLOW_RATE_SLURRY_M3_HR_2_missing,0.0017675292871175848
10,D_full,extra_trees,TEMPERATURE_BRIQUE_missing,0.0005742144432937333
15,A_raw,extra_trees,PRODUCTION_TSP_BALANCE,0.02903955658863904
15,A_raw,extra_trees,FLOW_RATE_PHOSPHORIC_ACID_1,0.07421072571422274
15,A_raw,extra_trees,FLOW_RATE_PHOSPHORIC_ACID_2,0.09730580138952233
15,A_raw,extra_trees,FLOW_RATE_GROUND_PHOSPHATE,0.06375672799078061
15,A_raw,extra_trees,FLOW_RATE_SLURRY_T_PER_HR,0.053731608238111454
15,A_raw,extra_trees,FLOW_RATE_SLURRY_M3_HR,0.027217364496960716
15,A_raw,extra_trees,RECYCLAGE,0.06524582500399843
15,A_raw,extra_trees,PRESSURE_VAPEUR,0.03891502336676766
15,A_raw,extra_trees,TEMPERATURE_VAPEUR,0.014801625931115286
15,A_raw,extra_trees,TEMPERATURE_CUVE_ATTAQUE,0.0822816582714239
15,A_raw,extra_trees,TEMPERATURE_CUVE_DE_PASSAGE,0.04886000243897957
15,A_raw,extra_trees,TEMPERATURE_SLURRY_PULVERISATEUR,0.029740251480195032
15,A_raw,extra_trees,DEPRESSURE_SECHEUR,0.021548400363340846
15,A_raw,extra_trees,LEVEL_CUVE_PASSAGE,0.03134305025236169
15,A_raw,extra_trees,TEMPERATURE_GAZ_SORTIE_SECHEUR,0.027573413115113927
15,A_raw,extra_trees,FLOW_RATE_FIOUL,0.03423555698226945
15,A_raw,extra_trees,TEMPERATURE_AIR_CHAUD,0.02005219478409388
15,A_raw,extra_trees,FLOW_RATE_LIQUIDE_LAVAGE,0.023282888029011864
15,A_raw,extra_trees,FLOW_RATE_VAPEUR,0.054209398376615175
15,A_raw,extra_trees,FLOW_RATE_SLURRY_M3_HR_2,0.11903965851898725
15,A_raw,extra_trees,TEMPERATURE_BRIQUE,0.0436092686674892
15,B_temporal,extra_trees,PRODUCTION_TSP_BALANCE,0.024528483227953583
15,B_temporal,extra_trees,PRODUCTION_TSP_BALANCE_roll_mean_30,0.009197743142154996
15,B_temporal,extra_trees,PRODUCTION_TSP_BALANCE_roll_std_10,0.0022743575655958265
15,B_temporal,extra_trees,PRODUCTION_TSP_BALANCE_diff_5,0.005807638488510025
15,B_temporal,extra_trees,PRODUCTION_TSP_BALANCE_slope_10,0.002665686728945803
15,B_temporal,extra_trees,FLOW_RATE_PHOSPHORIC_ACID_1,0.011934638046329346
15,B_temporal,extra_trees,FLOW_RATE_PHOSPHORIC_ACID_1_lag_10,0.015678413259899278
15,B_temporal,extra_trees,FLOW_RATE_PHOSPHORIC_ACID_1_roll_mean_10,0.016080482595684214
15,B_temporal,extra_trees,FLOW_RATE_PHOSPHORIC_ACID_1_roll_mean_30,0.016273462671262718
15,B_temporal,extra_trees,FLOW_RATE_PHOSPHORIC_ACID_1_roll_std_10,0.0014995192649727236
15,B_temporal,extra_trees,FLOW_RATE_PHOSPHORIC_ACID_1_diff_5,0.0013354000442365114
15,B_temporal,extra_trees,FLOW_RATE_PHOSPHORIC_ACID_1_slope_10,0.0036478008399428424
15,B_temporal,extra_trees,FLOW_RATE_PHOSPHORIC_ACID_2,0.029318350534786007
15,B_temporal,extra_trees,FLOW_RATE_PHOSPHORIC_ACID_2_lag_10,0.03138024793915683
15,B_temporal,extra_trees,FLOW_RATE_PHOSPHORIC_ACID_2_roll_mean_30,0.02063552734978136
15,B_temporal,extra_trees,FLOW_RATE_PHOSPHORIC_ACID_2_roll_std_10,0.001965887023806714
15,B_temporal,extra_trees,FLOW_RATE_PHOSPHORIC_ACID_2_diff_5,0.0013066363940437494
15,B_temporal,extra_trees,FLOW_RATE_PHOSPHORIC_ACID_2_slope_10,0.0017874593084868848
15,B_temporal,extra_trees,FLOW_RATE_GROUND_PHOSPHATE,0.01004761217460703
15,B_temporal,extra_trees,FLOW_RATE_GROUND_PHOSPHATE_lag_10,0.005578456682749131
15,B_temporal,extra_trees,FLOW_RATE_GROUND_PHOSPHATE_roll_mean_10,0.008720737330271464
15,B_temporal,extra_trees,FLOW_RATE_GROUND_PHOSPHATE_roll_mean_30,0.010951641659613322
15,B_temporal,extra_trees,FLOW_RATE_GROUND_PHOSPHATE_roll_std_10,0.0018095553066130173
15,B_temporal,extra_trees,FLOW_RATE_GROUND_PHOSPHATE_diff_5,0.001739879176951041
15,B_temporal,extra_trees,FLOW_RATE_GROUND_PHOSPHATE_slope_10,0.003073716185652527
15,B_temporal,extra_trees,FLOW_RATE_SLURRY_T_PER_HR,0.011549082878897582
15,B_temporal,extra_trees,FLOW_RATE_SLURRY_T_PER_HR_lag_10,0.0035258189841072657
15,B_temporal,extra_trees,FLOW_RATE_SLURRY_T_PER_HR_roll_mean_30,0.005056748005769073
15,B_temporal,extra_trees,FLOW_RATE_SLURRY_T_PER_HR_roll_std_10,0.0015301244685299563
15,B_temporal,extra_trees,FLOW_RATE_SLURRY_T_PER_HR_diff_5,0.0017021829075185644
15,B_temporal,extra_trees,FLOW_RATE_SLURRY_T_PER_HR_slope_10,0.001305704067752562
15,B_temporal,extra_trees,FLOW_RATE_SLURRY_M3_HR,0.007574962160641103
15,B_temporal,extra_trees,FLOW_RATE_SLURRY_M3_HR_lag_10,0.003274099592361111
15,B_temporal,extra_trees,FLOW_RATE_SLURRY_M3_HR_roll_mean_10,0.004955205948379737
15,B_temporal,extra_trees,FLOW_RATE_SLURRY_M3_HR_roll_mean_30,0.006169268660122684
15,B_temporal,extra_trees,FLOW_RATE_SLURRY_M3_HR_roll_std_10,0.0014416848326149429
15,B_temporal,extra_trees,FLOW_RATE_SLURRY_M3_HR_diff_5,0.001189722739839036
15,B_temporal,extra_trees,FLOW_RATE_SLURRY_M3_HR_slope_10,0.001240637839115395
15,B_temporal,extra_trees,RECYCLAGE,0.03345837971489307
15,B_temporal,extra_trees,RECYCLAGE_lag_10,0.014194230520462918
15,B_temporal,extra_trees,RECYCLAGE_roll_mean_30,0.02995223155959757
15,B_temporal,extra_trees,RECYCLAGE_roll_std_10,0.0012818233006327696
15,B_temporal,extra_trees,RECYCLAGE_diff_5,0.004024747845967014
15,B_temporal,extra_trees,RECYCLAGE_slope_10,0.0028310778599923473
15,B_temporal,extra_trees,PRESSURE_VAPEUR,0.022531473678233594
15,B_temporal,extra_trees,PRESSURE_VAPEUR_lag_5,0.00548976601367183
15,B_temporal,extra_trees,PRESSURE_VAPEUR_lag_10,0.0017452856116771797
15,B_temporal,extra_trees,PRESSURE_VAPEUR_roll_mean_10,0.00689605364494634
15,B_temporal,extra_trees,PRESSURE_VAPEUR_roll_mean_30,0.007384496911466762
15,B_temporal,extra_trees,PRESSURE_VAPEUR_roll_std_10,0.001604555884005355
15,B_temporal,extra_trees,PRESSURE_VAPEUR_diff_5,0.003814933689263133
15,B_temporal,extra_trees,PRESSURE_VAPEUR_slope_10,0.0019380640679290508
15,B_temporal,extra_trees,TEMPERATURE_VAPEUR,0.004128816520480505
15,B_temporal,extra_trees,TEMPERATURE_VAPEUR_lag_1,0.0016709434269261707
15,B_temporal,extra_trees,TEMPERATURE_VAPEUR_lag_5,0.0017576152912567064
15,B_temporal,extra_trees,TEMPERATURE_VAPEUR_lag_10,0.001608809001032687
15,B_temporal,extra_trees,TEMPERATURE_VAPEUR_roll_mean_10,0.0026986784581982605
15,B_temporal,extra_trees,TEMPERATURE_VAPEUR_roll_mean_30,0.00854614405036852
15,B_temporal,extra_trees,TEMPERATURE_VAPEUR_roll_std_10,0.002459522038310288
15,B_temporal,extra_trees,TEMPERATURE_VAPEUR_diff_5,0.0012437481207086616
15,B_temporal,extra_trees,TEMPERATURE_VAPEUR_slope_10,0.005391125944508726
15,B_temporal,extra_trees,TEMPERATURE_CUVE_ATTAQUE,0.024837407979039543
15,B_temporal,extra_trees,TEMPERATURE_CUVE_ATTAQUE_lag_15,0.008389653321500257
15,B_temporal,extra_trees,TEMPERATURE_CUVE_ATTAQUE_roll_mean_10,0.02038729933106121
15,B_temporal,extra_trees,TEMPERATURE_CUVE_ATTAQUE_roll_mean_30,0.015540874347111771
15,B_temporal,extra_trees,TEMPERATURE_CUVE_ATTAQUE_roll_std_10,0.003097029424374136
15,B_temporal,extra_trees,TEMPERATURE_CUVE_ATTAQUE_diff_5,0.003276750008955623
15,B_temporal,extra_trees,TEMPERATURE_CUVE_ATTAQUE_slope_10,0.004025642783570757
15,B_temporal,extra_trees,TEMPERATURE_CUVE_DE_PASSAGE,0.017567231699614053
15,B_temporal,extra_trees,TEMPERATURE_CUVE_DE_PASSAGE_roll_mean_30,0.01204019151376796
15,B_temporal,extra_trees,TEMPERATURE_CUVE_DE_PASSAGE_roll_std_10,0.0020227032783028363
15,B_temporal,extra_trees,TEMPERATURE_CUVE_DE_PASSAGE_diff_5,0.0029232904163751707
15,B_temporal,extra_trees,TEMPERATURE_CUVE_DE_PASSAGE_slope_10,0.0048115681983849495
15,B_temporal,extra_trees,TEMPERATURE_SLURRY_PULVERISATEUR,0.0041372472090232485
15,B_temporal,extra_trees,TEMPERATURE_SLURRY_PULVERISATEUR_roll_mean_30,0.006547517284290042
15,B_temporal,extra_trees,TEMPERATURE_SLURRY_PULVERISATEUR_roll_std_10,0.0012050047517877555
15,B_temporal,extra_trees,TEMPERATURE_SLURRY_PULVERISATEUR_diff_5,0.004565756373507325
15,B_temporal,extra_trees,TEMPERATURE_SLURRY_PULVERISATEUR_slope_10,0.002228197225638198
15,B_temporal,extra_trees,DEPRESSURE_SECHEUR,0.0025905221177697003
15,B_temporal,extra_trees,DEPRESSURE_SECHEUR_lag_1,0.0028511373795373943
15,B_temporal,extra_trees,DEPRESSURE_SECHEUR_lag_5,0.008583995199287832
15,B_temporal,extra_trees,DEPRESSURE_SECHEUR_lag_10,0.005661858554223436
15,B_temporal,extra_trees,DEPRESSURE_SECHEUR_roll_mean_10,0.003221658892334239
15,B_temporal,extra_trees,DEPRESSURE_SECHEUR_roll_mean_30,0.005717623395662187
15,B_temporal,extra_trees,DEPRESSURE_SECHEUR_roll_std_10,0.0013374646518297462
15,B_temporal,extra_trees,DEPRESSURE_SECHEUR_diff_5,0.0016389875957694667
15,B_temporal,extra_trees,DEPRESSURE_SECHEUR_slope_10,0.001608046568571409
15,B_temporal,extra_trees,LEVEL_CUVE_PASSAGE,0.006416759106954158
15,B_temporal,extra_trees,LEVEL_CUVE_PASSAGE_lag_5,0.003962873561172258
15,B_temporal,extra_trees,LEVEL_CUVE_PASSAGE_lag_10,0.003989840975389236
15,B_temporal,extra_trees,LEVEL_CUVE_PASSAGE_roll_mean_10,0.008556006397739744
15,B_temporal,extra_trees,LEVEL_CUVE_PASSAGE_roll_mean_30,0.0069680515001581894
15,B_temporal,extra_trees,LEVEL_CUVE_PASSAGE_roll_std_10,0.0014625404907476262
15,B_temporal,extra_trees,LEVEL_CUVE_PASSAGE_diff_5,0.004471928603895019
15,B_temporal,extra_trees,LEVEL_CUVE_PASSAGE_slope_10,0.0042434381345129845
15,B_temporal,extra_trees,TEMPERATURE_GAZ_SORTIE_SECHEUR,0.0022637455430039454
15,B_temporal,extra_trees,TEMPERATURE_GAZ_SORTIE_SECHEUR_lag_5,0.005794333248122517
15,B_temporal,extra_trees,TEMPERATURE_GAZ_SORTIE_SECHEUR_lag_10,0.004407801832913084
15,B_temporal,extra_trees,TEMPERATURE_GAZ_SORTIE_SECHEUR_roll_mean_10,0.00431855615755631
15,B_temporal,extra_trees,TEMPERATURE_GAZ_SORTIE_SECHEUR_roll_mean_30,0.005208193560474545
15,B_temporal,extra_trees,TEMPERATURE_GAZ_SORTIE_SECHEUR_roll_std_10,0.0012223973164644162
15,B_temporal,extra_trees,TEMPERATURE_GAZ_SORTIE_SECHEUR_diff_5,0.002184506067626101
15,B_temporal,extra_trees,TEMPERATURE_GAZ_SORTIE_SECHEUR_slope_10,0.0011853174046521809
15,B_temporal,extra_trees,FLOW_RATE_FIOUL,0.006145806276015463
15,B_temporal,extra_trees,FLOW_RATE_FIOUL_lag_10,0.0063072036382751
15,B_temporal,extra_trees,FLOW_RATE_FIOUL_roll_mean_10,0.004490340608956292
15,B_temporal,extra_trees,FLOW_RATE_FIOUL_roll_mean_30,0.006910545204414585
15,B_temporal,extra_trees,FLOW_RATE_FIOUL_roll_std_10,0.0014149170875373258
15,B_temporal,extra_trees,FLOW_RATE_FIOUL_diff_5,0.0016915781814498061
15,B_temporal,extra_trees,FLOW_RATE_FIOUL_slope_10,0.0012260067520620428
15,B_temporal,extra_trees,TEMPERATURE_AIR_CHAUD,0.0022073597932882696
15,B_temporal,extra_trees,TEMPERATURE_AIR_CHAUD_lag_10,0.0022153210723907914
15,B_temporal,extra_trees,TEMPERATURE_AIR_CHAUD_roll_mean_30,0.005192109925061952
15,B_temporal,extra_trees,TEMPERATURE_AIR_CHAUD_roll_std_10,0.0014676548929463975
15,B_temporal,extra_trees,TEMPERATURE_AIR_CHAUD_diff_5,0.0010894746940614635
15,B_temporal,extra_trees,TEMPERATURE_AIR_CHAUD_slope_10,0.001111119984719883
15,B_temporal,extra_trees,FLOW_RATE_LIQUIDE_LAVAGE,0.005213343895028125
15,B_temporal,extra_trees,FLOW_RATE_LIQUIDE_LAVAGE_lag_5,0.002967129745823
15,B_temporal,extra_trees,FLOW_RATE_LIQUIDE_LAVAGE_lag_10,0.002958689775779227
15,B_temporal,extra_trees,FLOW_RATE_LIQUIDE_LAVAGE_roll_mean_30,0.005633181467018847
15,B_temporal,extra_trees,FLOW_RATE_LIQUIDE_LAVAGE_roll_std_10,0.001716717339042933
15,B_temporal,extra_trees,FLOW_RATE_LIQUIDE_LAVAGE_diff_5,0.005133807113544761
15,B_temporal,extra_trees,FLOW_RATE_LIQUIDE_LAVAGE_slope_10,0.0023021159402348665
15,B_temporal,extra_trees,FLOW_RATE_VAPEUR,0.02059105363761393
15,B_temporal,extra_trees,FLOW_RATE_VAPEUR_lag_10,0.006088066265006135
15,B_temporal,extra_trees,FLOW_RATE_VAPEUR_roll_mean_30,0.009358287688967647
15,B_temporal,extra_trees,FLOW_RATE_VAPEUR_roll_std_10,0.0018774398653896688
15,B_temporal,extra_trees,FLOW_RATE_VAPEUR_diff_5,0.0034569860707535623
15,B_temporal,extra_trees,FLOW_RATE_VAPEUR_slope_10,0.004079588064201286
15,B_temporal,extra_trees,FLOW_RATE_SLURRY_M3_HR_2,0.03133294255322686
15,B_temporal,extra_trees,FLOW_RATE_SLURRY_M3_HR_2_roll_mean_10,0.04515801366440099
15,B_temporal,extra_trees,FLOW_RATE_SLURRY_M3_HR_2_roll_mean_30,0.03962839192158732
15,B_temporal,extra_trees,FLOW_RATE_SLURRY_M3_HR_2_roll_std_10,0.0039335040710761545
15,B_temporal,extra_trees,FLOW_RATE_SLURRY_M3_HR_2_diff_5,0.006377848790095331
15,B_temporal,extra_trees,FLOW_RATE_SLURRY_M3_HR_2_slope_10,0.0013674484548223298
15,B_temporal,extra_trees,TEMPERATURE_BRIQUE,0.008077271017639368
15,B_temporal,extra_trees,TEMPERATURE_BRIQUE_roll_mean_10,0.0095201668563541
15,B_temporal,extra_trees,TEMPERATURE_BRIQUE_roll_mean_30,0.01121949616151415
15,B_temporal,extra_trees,TEMPERATURE_BRIQUE_roll_std_10,0.005933033468153677
15,B_temporal,extra_trees,TEMPERATURE_BRIQUE_diff_5,0.008771312655736812
15,B_temporal,extra_trees,TEMPERATURE_BRIQUE_slope_10,0.010174116537203766
15,B_temporal,extra_trees,PRODUCTION_TSP_BALANCE_missing,2.3048942820137548e-05
15,B_temporal,extra_trees,FLOW_RATE_PHOSPHORIC_ACID_1_missing,0.00036605329671075506
15,B_temporal,extra_trees,FLOW_RATE_PHOSPHORIC_ACID_2_missing,0.00012623961375275795
15,B_temporal,extra_trees,FLOW_RATE_GROUND_PHOSPHATE_missing,0.00012058977434565148
15,B_temporal,extra_trees,FLOW_RATE_SLURRY_T_PER_HR_missing,2.0384230973337363e-05
15,B_temporal,extra_trees,FLOW_RATE_SLURRY_M3_HR_missing,0.00044197033999988634
15,B_temporal,extra_trees,RECYCLAGE_missing,0.0001699807443963772
15,B_temporal,extra_trees,PRESSURE_VAPEUR_missing,0.00013817254677987294
15,B_temporal,extra_trees,TEMPERATURE_VAPEUR_missing,0.00024032989538027804
15,B_temporal,extra_trees,TEMPERATURE_CUVE_ATTAQUE_missing,0.0007221285394283322
15,B_temporal,extra_trees,TEMPERATURE_CUVE_DE_PASSAGE_missing,0.0001333122803299385
15,B_temporal,extra_trees,TEMPERATURE_SLURRY_PULVERISATEUR_missing,2.1060322222982493e-05
15,B_temporal,extra_trees,DEPRESSURE_SECHEUR_missing,0.0001627687634572828
15,B_temporal,extra_trees,LEVEL_CUVE_PASSAGE_missing,0.0008765919292336624
15,B_temporal,extra_trees,TEMPERATURE_GAZ_SORTIE_SECHEUR_missing,0.00010535801527019554
15,B_temporal,extra_trees,FLOW_RATE_FIOUL_missing,0.001738283149206036
15,B_temporal,extra_trees,TEMPERATURE_AIR_CHAUD_missing,0.001141396695518883
15,B_temporal,extra_trees,FLOW_RATE_LIQUIDE_LAVAGE_missing,0.0002546734317486495
15,B_temporal,extra_trees,FLOW_RATE_VAPEUR_missing,0.00012764362029648053
15,B_temporal,extra_trees,FLOW_RATE_SLURRY_M3_HR_2_missing,0.003843248213560245
15,B_temporal,extra_trees,TEMPERATURE_BRIQUE_missing,0.0010093259383160747
15,C_process,extra_trees,PRODUCTION_TSP_BALANCE,0.030912774354695315
15,C_process,extra_trees,FLOW_RATE_PHOSPHORIC_ACID_1,0.032341649809271525
15,C_process,extra_trees,FLOW_RATE_PHOSPHORIC_ACID_2,0.043353597004072424
15,C_process,extra_trees,FLOW_RATE_GROUND_PHOSPHATE,0.03269822455000153
15,C_process,extra_trees,FLOW_RATE_SLURRY_T_PER_HR,0.022692789451400453
15,C_process,extra_trees,FLOW_RATE_SLURRY_M3_HR,0.01605403673872948
15,C_process,extra_trees,RECYCLAGE,0.03225046570349119
15,C_process,extra_trees,PRESSURE_VAPEUR,0.018055686833444898
15,C_process,extra_trees,TEMPERATURE_VAPEUR,0.01026705312638809
15,C_process,extra_trees,TEMPERATURE_CUVE_ATTAQUE,0.0666230107970139
15,C_process,extra_trees,TEMPERATURE_CUVE_DE_PASSAGE,0.03108144096189395
15,C_process,extra_trees,TEMPERATURE_SLURRY_PULVERISATEUR,0.024566864249452598
15,C_process,extra_trees,DEPRESSURE_SECHEUR,0.01012111820639029
15,C_process,extra_trees,LEVEL_CUVE_PASSAGE,0.024400086556014684
15,C_process,extra_trees,TEMPERATURE_GAZ_SORTIE_SECHEUR,0.009186968825282107
15,C_process,extra_trees,FLOW_RATE_FIOUL,0.024998069813483074
15,C_process,extra_trees,TEMPERATURE_AIR_CHAUD,0.01113886117829234
15,C_process,extra_trees,FLOW_RATE_LIQUIDE_LAVAGE,0.01651322564813661
15,C_process,extra_trees,FLOW_RATE_VAPEUR,0.05796199731672494
15,C_process,extra_trees,FLOW_RATE_SLURRY_M3_HR_2,0.05347938748514995
15,C_process,extra_trees,TEMPERATURE_BRIQUE,0.02326019933183494
15,C_process,extra_trees,TOTAL_ACID_FLOW,0.05834965577370769
15,C_process,extra_trees,ACID_FLOW_IMBALANCE,0.027411669259330806
15,C_process,extra_trees,ACID_TO_PHOSPHATE_RATIO,0.14110643679078672
15,C_process,extra_trees,TOTAL_SLURRY_M3_FLOW,0.019162134038529247
15,C_process,extra_trees,SLURRY_DENSITY_PROXY,0.030067591150252527
15,C_process,extra_trees,ATTACK_PASSAGE_TEMP_GRADIENT,0.010131541201977774
15,C_process,extra_trees,HOT_AIR_DRYER_OUTLET_GRADIENT,0.0064094220331246225
15,C_process,extra_trees,STEAM_SLURRY_TEMP_GRADIENT,0.007628549775016117
15,C_process,extra_trees,STEAM_ENERGY_PROXY,0.022126386961738756
15,C_process,extra_trees,DRYING_INTENSITY_PROXY,0.003097141177719165
15,C_process,extra_trees,RECYCLE_TO_PRODUCTION_RATIO,0.024466745222238077
15,C_process,extra_trees,FLOW_RATE_PHOSPHORIC_ACID_1_CV_10,0.006805288642302256
15,C_process,extra_trees,FLOW_RATE_PHOSPHORIC_ACID_2_CV_10,0.00787373043545716
15,C_process,extra_trees,FLOW_RATE_GROUND_PHOSPHATE_CV_10,0.009559353066770209
15,C_process,extra_trees,FLOW_RATE_FIOUL_CV_10,0.009042470018275756
15,C_process,extra_trees,FLOW_RATE_VAPEUR_CV_10,0.008307014073972952
15,C_process,extra_trees,PRODUCTION_TSP_BALANCE_missing,0.0001651937898385101
15,C_process,extra_trees,FLOW_RATE_PHOSPHORIC_ACID_1_missing,0.000447519845244574
15,C_process,extra_trees,FLOW_RATE_PHOSPHORIC_ACID_2_missing,0.000666988020996207
15,C_process,extra_trees,FLOW_RATE_GROUND_PHOSPHATE_missing,0.0007771066044417026
15,C_process,extra_trees,FLOW_RATE_SLURRY_T_PER_HR_missing,8.401833789915022e-05
15,C_process,extra_trees,FLOW_RATE_SLURRY_M3_HR_missing,0.0007088349620449888
15,C_process,extra_trees,RECYCLAGE_missing,0.0005806317676266604
15,C_process,extra_trees,PRESSURE_VAPEUR_missing,0.00019519954530423806
15,C_process,extra_trees,TEMPERATURE_VAPEUR_missing,0.0006345227164329394
15,C_process,extra_trees,TEMPERATURE_CUVE_ATTAQUE_missing,0.0014905258105752076
15,C_process,extra_trees,TEMPERATURE_CUVE_DE_PASSAGE_missing,0.00037996197477507414
15,C_process,extra_trees,TEMPERATURE_SLURRY_PULVERISATEUR_missing,0.00029149693177442593
15,C_process,extra_trees,DEPRESSURE_SECHEUR_missing,0.00014164201179944771
15,C_process,extra_trees,LEVEL_CUVE_PASSAGE_missing,0.0016503042920979507
15,C_process,extra_trees,TEMPERATURE_GAZ_SORTIE_SECHEUR_missing,0.0003261652601095458
15,C_process,extra_trees,FLOW_RATE_FIOUL_missing,0.002359719944499903
15,C_process,extra_trees,TEMPERATURE_AIR_CHAUD_missing,0.0009015474974422785
15,C_process,extra_trees,FLOW_RATE_LIQUIDE_LAVAGE_missing,0.000571843365709142
15,C_process,extra_trees,FLOW_RATE_VAPEUR_missing,0.0003527199155592732
15,C_process,extra_trees,FLOW_RATE_SLURRY_M3_HR_2_missing,0.0027520721121214132
15,C_process,extra_trees,TEMPERATURE_BRIQUE_missing,0.0010193477313433076
15,D_full,extra_trees,PRODUCTION_TSP_BALANCE,0.018472097127454852
15,D_full,extra_trees,PRODUCTION_TSP_BALANCE_roll_mean_30,0.005492872618606987
15,D_full,extra_trees,PRODUCTION_TSP_BALANCE_roll_std_10,0.002065511646646375
15,D_full,extra_trees,PRODUCTION_TSP_BALANCE_diff_5,0.002312098434835438
15,D_full,extra_trees,PRODUCTION_TSP_BALANCE_slope_10,0.0025732375405235455
15,D_full,extra_trees,FLOW_RATE_PHOSPHORIC_ACID_1,0.011484699798142125
15,D_full,extra_trees,FLOW_RATE_PHOSPHORIC_ACID_1_lag_10,0.010577991551001737
15,D_full,extra_trees,FLOW_RATE_PHOSPHORIC_ACID_1_roll_mean_10,0.010207197596892566
15,D_full,extra_trees,FLOW_RATE_PHOSPHORIC_ACID_1_roll_mean_30,0.010133739923555003
15,D_full,extra_trees,FLOW_RATE_PHOSPHORIC_ACID_1_roll_std_10,0.004361148678006082
15,D_full,extra_trees,FLOW_RATE_PHOSPHORIC_ACID_1_diff_5,0.0015905019619767886
15,D_full,extra_trees,FLOW_RATE_PHOSPHORIC_ACID_1_slope_10,0.0013657105115105414
15,D_full,extra_trees,FLOW_RATE_PHOSPHORIC_ACID_2,0.03391674176649713
15,D_full,extra_trees,FLOW_RATE_PHOSPHORIC_ACID_2_lag_10,0.007163203799768563
15,D_full,extra_trees,FLOW_RATE_PHOSPHORIC_ACID_2_roll_mean_30,0.02082008538554008
15,D_full,extra_trees,FLOW_RATE_PHOSPHORIC_ACID_2_roll_std_10,0.0018211707700799948
15,D_full,extra_trees,FLOW_RATE_PHOSPHORIC_ACID_2_diff_5,0.001850235608158715
15,D_full,extra_trees,FLOW_RATE_PHOSPHORIC_ACID_2_slope_10,0.001917345606610931
15,D_full,extra_trees,FLOW_RATE_GROUND_PHOSPHATE,0.01087391334980146
15,D_full,extra_trees,FLOW_RATE_GROUND_PHOSPHATE_lag_10,0.004614098285669685
15,D_full,extra_trees,FLOW_RATE_GROUND_PHOSPHATE_roll_mean_10,0.017713350200077232
15,D_full,extra_trees,FLOW_RATE_GROUND_PHOSPHATE_roll_mean_30,0.005702587435827475
15,D_full,extra_trees,FLOW_RATE_GROUND_PHOSPHATE_roll_std_10,0.002171055107870503
15,D_full,extra_trees,FLOW_RATE_GROUND_PHOSPHATE_diff_5,0.0016984566871294559
15,D_full,extra_trees,FLOW_RATE_GROUND_PHOSPHATE_slope_10,0.0031182447081490035
15,D_full,extra_trees,FLOW_RATE_SLURRY_T_PER_HR,0.010771662590279585
15,D_full,extra_trees,FLOW_RATE_SLURRY_T_PER_HR_lag_10,0.0031822418746940222
15,D_full,extra_trees,FLOW_RATE_SLURRY_T_PER_HR_roll_mean_30,0.004044569952698514
15,D_full,extra_trees,FLOW_RATE_SLURRY_T_PER_HR_roll_std_10,0.0013906740101248274
15,D_full,extra_trees,FLOW_RATE_SLURRY_T_PER_HR_diff_5,0.0017258638029873706
15,D_full,extra_trees,FLOW_RATE_SLURRY_T_PER_HR_slope_10,0.0012350431952551449
15,D_full,extra_trees,FLOW_RATE_SLURRY_M3_HR,0.0019062460882031315
15,D_full,extra_trees,FLOW_RATE_SLURRY_M3_HR_lag_10,0.0022708526721340683
15,D_full,extra_trees,FLOW_RATE_SLURRY_M3_HR_roll_mean_10,0.0032098455761533566
15,D_full,extra_trees,FLOW_RATE_SLURRY_M3_HR_roll_mean_30,0.009092001154218621
15,D_full,extra_trees,FLOW_RATE_SLURRY_M3_HR_roll_std_10,0.0010978631030879916
15,D_full,extra_trees,FLOW_RATE_SLURRY_M3_HR_diff_5,0.0010096770841082692
15,D_full,extra_trees,FLOW_RATE_SLURRY_M3_HR_slope_10,0.0012485923976167607
15,D_full,extra_trees,RECYCLAGE,0.018597900182416038
15,D_full,extra_trees,RECYCLAGE_lag_10,0.014829899012777302
15,D_full,extra_trees,RECYCLAGE_roll_mean_30,0.02455603582187713
15,D_full,extra_trees,RECYCLAGE_roll_std_10,0.00142907749553748
15,D_full,extra_trees,RECYCLAGE_diff_5,0.0020260647129336324
15,D_full,extra_trees,RECYCLAGE_slope_10,0.0019664536057891558
15,D_full,extra_trees,PRESSURE_VAPEUR,0.0056737223710086404
15,D_full,extra_trees,PRESSURE_VAPEUR_lag_5,0.001956225939564498
15,D_full,extra_trees,PRESSURE_VAPEUR_lag_10,0.0018925453928172306
15,D_full,extra_trees,PRESSURE_VAPEUR_roll_mean_10,0.00489929461779613
15,D_full,extra_trees,PRESSURE_VAPEUR_roll_mean_30,0.00370249653107001
15,D_full,extra_trees,PRESSURE_VAPEUR_roll_std_10,0.0014341151699521588
15,D_full,extra_trees,PRESSURE_VAPEUR_diff_5,0.001383983874678448
15,D_full,extra_trees,PRESSURE_VAPEUR_slope_10,0.001364510641924036
15,D_full,extra_trees,TEMPERATURE_VAPEUR,0.001392765270933096
15,D_full,extra_trees,TEMPERATURE_VAPEUR_lag_1,0.0014347763112369158
15,D_full,extra_trees,TEMPERATURE_VAPEUR_lag_5,0.0014409484388665421
15,D_full,extra_trees,TEMPERATURE_VAPEUR_lag_10,0.0015633600997586536
15,D_full,extra_trees,TEMPERATURE_VAPEUR_roll_mean_10,0.002225276716352905
15,D_full,extra_trees,TEMPERATURE_VAPEUR_roll_mean_30,0.006592219308063544
15,D_full,extra_trees,TEMPERATURE_VAPEUR_roll_std_10,0.00135343376115995
15,D_full,extra_trees,TEMPERATURE_VAPEUR_diff_5,0.0012881233359035617
15,D_full,extra_trees,TEMPERATURE_VAPEUR_slope_10,0.004244674449169694
15,D_full,extra_trees,TEMPERATURE_CUVE_ATTAQUE,0.024123498727149896
15,D_full,extra_trees,TEMPERATURE_CUVE_ATTAQUE_lag_15,0.008231633286929428
15,D_full,extra_trees,TEMPERATURE_CUVE_ATTAQUE_roll_mean_10,0.021146298216639558
15,D_full,extra_trees,TEMPERATURE_CUVE_ATTAQUE_roll_mean_30,0.015332259926228001
15,D_full,extra_trees,TEMPERATURE_CUVE_ATTAQUE_roll_std_10,0.004840911389334876
15,D_full,extra_trees,TEMPERATURE_CUVE_ATTAQUE_diff_5,0.002828310564331554
15,D_full,extra_trees,TEMPERATURE_CUVE_ATTAQUE_slope_10,0.0027738572515430826
15,D_full,extra_trees,TEMPERATURE_CUVE_DE_PASSAGE,0.013677177150706793
15,D_full,extra_trees,TEMPERATURE_CUVE_DE_PASSAGE_roll_mean_30,0.00766809108653992
15,D_full,extra_trees,TEMPERATURE_CUVE_DE_PASSAGE_roll_std_10,0.0018401187002835848
15,D_full,extra_trees,TEMPERATURE_CUVE_DE_PASSAGE_diff_5,0.0019096468576953285
15,D_full,extra_trees,TEMPERATURE_CUVE_DE_PASSAGE_slope_10,0.0017922439739550893
15,D_full,extra_trees,TEMPERATURE_SLURRY_PULVERISATEUR,0.006971187346228672
15,D_full,extra_trees,TEMPERATURE_SLURRY_PULVERISATEUR_roll_mean_30,0.006623021243955354
15,D_full,extra_trees,TEMPERATURE_SLURRY_PULVERISATEUR_roll_std_10,0.0012701664025319237
15,D_full,extra_trees,TEMPERATURE_SLURRY_PULVERISATEUR_diff_5,0.0012058777601043867
15,D_full,extra_trees,TEMPERATURE_SLURRY_PULVERISATEUR_slope_10,0.0018175974708625608
15,D_full,extra_trees,DEPRESSURE_SECHEUR,0.0021977260035080074
15,D_full,extra_trees,DEPRESSURE_SECHEUR_lag_1,0.0037455412823028467
15,D_full,extra_trees,DEPRESSURE_SECHEUR_lag_5,0.005315733990801717
15,D_full,extra_trees,DEPRESSURE_SECHEUR_lag_10,0.00472347060641086
15,D_full,extra_trees,DEPRESSURE_SECHEUR_roll_mean_10,0.003044376269488378
15,D_full,extra_trees,DEPRESSURE_SECHEUR_roll_mean_30,0.004145961630212957
15,D_full,extra_trees,DEPRESSURE_SECHEUR_roll_std_10,0.0013722035498552841
15,D_full,extra_trees,DEPRESSURE_SECHEUR_diff_5,0.0011857380462653023
15,D_full,extra_trees,DEPRESSURE_SECHEUR_slope_10,0.001683187661084014
15,D_full,extra_trees,LEVEL_CUVE_PASSAGE,0.0044849105287543545
15,D_full,extra_trees,LEVEL_CUVE_PASSAGE_lag_5,0.004313673994751702
15,D_full,extra_trees,LEVEL_CUVE_PASSAGE_lag_10,0.0036261570642552856
15,D_full,extra_trees,LEVEL_CUVE_PASSAGE_roll_mean_10,0.006050031397690865
15,D_full,extra_trees,LEVEL_CUVE_PASSAGE_roll_mean_30,0.005515611571750137
15,D_full,extra_trees,LEVEL_CUVE_PASSAGE_roll_std_10,0.005013010902357311
15,D_full,extra_trees,LEVEL_CUVE_PASSAGE_diff_5,0.010359725396871553
15,D_full,extra_trees,LEVEL_CUVE_PASSAGE_slope_10,0.009330595702209838
15,D_full,extra_trees,TEMPERATURE_GAZ_SORTIE_SECHEUR,0.0018742508476208642
15,D_full,extra_trees,TEMPERATURE_GAZ_SORTIE_SECHEUR_lag_5,0.005777549171429341
15,D_full,extra_trees,TEMPERATURE_GAZ_SORTIE_SECHEUR_lag_10,0.0015219571994802706
15,D_full,extra_trees,TEMPERATURE_GAZ_SORTIE_SECHEUR_roll_mean_10,0.001968340569154416
15,D_full,extra_trees,TEMPERATURE_GAZ_SORTIE_SECHEUR_roll_mean_30,0.0037376394714565444
15,D_full,extra_trees,TEMPERATURE_GAZ_SORTIE_SECHEUR_roll_std_10,0.001327776040829859
15,D_full,extra_trees,TEMPERATURE_GAZ_SORTIE_SECHEUR_diff_5,0.0012179907025687477
15,D_full,extra_trees,TEMPERATURE_GAZ_SORTIE_SECHEUR_slope_10,0.0013378709584868796
15,D_full,extra_trees,FLOW_RATE_FIOUL,0.0029058591203983907
15,D_full,extra_trees,FLOW_RATE_FIOUL_lag_10,0.00399803799716898
15,D_full,extra_trees,FLOW_RATE_FIOUL_roll_mean_10,0.007291608428462481
15,D_full,extra_trees,FLOW_RATE_FIOUL_roll_mean_30,0.00483530946792568
15,D_full,extra_trees,FLOW_RATE_FIOUL_roll_std_10,0.0017056707092684214
15,D_full,extra_trees,FLOW_RATE_FIOUL_diff_5,0.004266760273381237
15,D_full,extra_trees,FLOW_RATE_FIOUL_slope_10,0.0013977277446950433
15,D_full,extra_trees,TEMPERATURE_AIR_CHAUD,0.002112206392525373
15,D_full,extra_trees,TEMPERATURE_AIR_CHAUD_lag_10,0.001724131490503395
15,D_full,extra_trees,TEMPERATURE_AIR_CHAUD_roll_mean_30,0.004069684275665399
15,D_full,extra_trees,TEMPERATURE_AIR_CHAUD_roll_std_10,0.001119441704047989
15,D_full,extra_trees,TEMPERATURE_AIR_CHAUD_diff_5,0.001020615299638564
15,D_full,extra_trees,TEMPERATURE_AIR_CHAUD_slope_10,0.00497110089211998
15,D_full,extra_trees,FLOW_RATE_LIQUIDE_LAVAGE,0.002325536706031937
15,D_full,extra_trees,FLOW_RATE_LIQUIDE_LAVAGE_lag_5,0.002636459918053056
15,D_full,extra_trees,FLOW_RATE_LIQUIDE_LAVAGE_lag_10,0.0024897670584565325
15,D_full,extra_trees,FLOW_RATE_LIQUIDE_LAVAGE_roll_mean_30,0.004744697214911514
15,D_full,extra_trees,FLOW_RATE_LIQUIDE_LAVAGE_roll_std_10,0.004062209926922133
15,D_full,extra_trees,FLOW_RATE_LIQUIDE_LAVAGE_diff_5,0.005969734628484432
15,D_full,extra_trees,FLOW_RATE_LIQUIDE_LAVAGE_slope_10,0.0017754681117682241
15,D_full,extra_trees,FLOW_RATE_VAPEUR,0.01663644169491261
15,D_full,extra_trees,FLOW_RATE_VAPEUR_lag_10,0.006229500248613448
15,D_full,extra_trees,FLOW_RATE_VAPEUR_roll_mean_30,0.005887108521380567
15,D_full,extra_trees,FLOW_RATE_VAPEUR_roll_std_10,0.0014550217195093672
15,D_full,extra_trees,FLOW_RATE_VAPEUR_diff_5,0.0013876685348723182
15,D_full,extra_trees,FLOW_RATE_VAPEUR_slope_10,0.0036748049147876383
15,D_full,extra_trees,FLOW_RATE_SLURRY_M3_HR_2,0.023259716490021187
15,D_full,extra_trees,FLOW_RATE_SLURRY_M3_HR_2_roll_mean_10,0.02897176665340867
15,D_full,extra_trees,FLOW_RATE_SLURRY_M3_HR_2_roll_mean_30,0.024873436196942895
15,D_full,extra_trees,FLOW_RATE_SLURRY_M3_HR_2_roll_std_10,0.0014440320587420614
15,D_full,extra_trees,FLOW_RATE_SLURRY_M3_HR_2_diff_5,0.004360700307649357
15,D_full,extra_trees,FLOW_RATE_SLURRY_M3_HR_2_slope_10,0.001070814334008763
15,D_full,extra_trees,TEMPERATURE_BRIQUE,0.005961054382201286
15,D_full,extra_trees,TEMPERATURE_BRIQUE_roll_mean_10,0.007340060181981848
15,D_full,extra_trees,TEMPERATURE_BRIQUE_roll_mean_30,0.007746921886691512
15,D_full,extra_trees,TEMPERATURE_BRIQUE_roll_std_10,0.006128326824154126
15,D_full,extra_trees,TEMPERATURE_BRIQUE_diff_5,0.012367804320018943
15,D_full,extra_trees,TEMPERATURE_BRIQUE_slope_10,0.004874333883068924
15,D_full,extra_trees,TOTAL_ACID_FLOW,0.03887331127519151
15,D_full,extra_trees,ACID_FLOW_IMBALANCE,0.01057100288253665
15,D_full,extra_trees,ACID_TO_PHOSPHATE_RATIO,0.08811927134429465
15,D_full,extra_trees,TOTAL_SLURRY_M3_FLOW,0.0062964526605010125
15,D_full,extra_trees,SLURRY_DENSITY_PROXY,0.009481062786313544
15,D_full,extra_trees,ATTACK_PASSAGE_TEMP_GRADIENT,0.002940121279844272
15,D_full,extra_trees,HOT_AIR_DRYER_OUTLET_GRADIENT,0.0017129180849467826
15,D_full,extra_trees,STEAM_SLURRY_TEMP_GRADIENT,0.0023339764509087008
15,D_full,extra_trees,STEAM_ENERGY_PROXY,0.012845276334684881
15,D_full,extra_trees,DRYING_INTENSITY_PROXY,0.0009006851015784725
15,D_full,extra_trees,RECYCLE_TO_PRODUCTION_RATIO,0.008237881616562455
15,D_full,extra_trees,FLOW_RATE_PHOSPHORIC_ACID_1_CV_10,0.0012042453347359391
15,D_full,extra_trees,FLOW_RATE_PHOSPHORIC_ACID_2_CV_10,0.001528423563409986
15,D_full,extra_trees,FLOW_RATE_GROUND_PHOSPHATE_CV_10,0.0019015268079472587
15,D_full,extra_trees,FLOW_RATE_FIOUL_CV_10,0.011211018448217073
15,D_full,extra_trees,FLOW_RATE_VAPEUR_CV_10,0.0016628218273701315
15,D_full,extra_trees,PRODUCTION_TSP_BALANCE_missing,9.362557644516009e-05
15,D_full,extra_trees,FLOW_RATE_PHOSPHORIC_ACID_1_missing,0.0003439050538605276
15,D_full,extra_trees,FLOW_RATE_PHOSPHORIC_ACID_2_missing,0.00019455610028945076
15,D_full,extra_trees,FLOW_RATE_GROUND_PHOSPHATE_missing,0.00032102171588971215
15,D_full,extra_trees,FLOW_RATE_SLURRY_T_PER_HR_missing,3.557988218152277e-05
15,D_full,extra_trees,FLOW_RATE_SLURRY_M3_HR_missing,0.0003632677296791478
15,D_full,extra_trees,RECYCLAGE_missing,0.00019820554651508893
15,D_full,extra_trees,PRESSURE_VAPEUR_missing,8.692808900320326e-05
15,D_full,extra_trees,TEMPERATURE_VAPEUR_missing,0.00017119996069816365
15,D_full,extra_trees,TEMPERATURE_CUVE_ATTAQUE_missing,0.0006862992939450004
15,D_full,extra_trees,TEMPERATURE_CUVE_DE_PASSAGE_missing,0.0001855470737176195
15,D_full,extra_trees,TEMPERATURE_SLURRY_PULVERISATEUR_missing,7.567810690775284e-05
15,D_full,extra_trees,DEPRESSURE_SECHEUR_missing,0.00015432319468620758
15,D_full,extra_trees,LEVEL_CUVE_PASSAGE_missing,0.0009243610248125724
15,D_full,extra_trees,TEMPERATURE_GAZ_SORTIE_SECHEUR_missing,6.993425042940658e-05
15,D_full,extra_trees,FLOW_RATE_FIOUL_missing,0.0009013886261861946
15,D_full,extra_trees,TEMPERATURE_AIR_CHAUD_missing,0.0006753401134019032
15,D_full,extra_trees,FLOW_RATE_LIQUIDE_LAVAGE_missing,0.0003270907822597161
15,D_full,extra_trees,FLOW_RATE_VAPEUR_missing,0.00013218050926324906
15,D_full,extra_trees,FLOW_RATE_SLURRY_M3_HR_2_missing,0.002027235988353441
15,D_full,extra_trees,TEMPERATURE_BRIQUE_missing,0.0007475344909393288
