horizon_min,feature_set,model,feature,importance,signed_coefficient
1,A_raw,ridge,PRODUCTION_TSP_BALANCE,0.33269998170360376,-0.33269998170360376
1,A_raw,ridge,FLOW_RATE_PHOSPHORIC_ACID_1,0.4121426595217215,0.4121426595217215
1,A_raw,ridge,FLOW_RATE_PHOSPHORIC_ACID_2,0.668471148248397,0.668471148248397
1,A_raw,ridge,FLOW_RATE_GROUND_PHOSPHATE,0.5231662761407855,-0.5231662761407855
1,A_raw,ridge,FLOW_RATE_SLURRY_T_PER_HR,0.1386576896408466,0.1386576896408466
1,A_raw,ridge,FLOW_RATE_SLURRY_M3_HR,0.25710844298415586,-0.25710844298415586
1,A_raw,ridge,RECYCLAGE,0.2450174234956669,0.2450174234956669
1,A_raw,ridge,PRESSURE_VAPEUR,0.023605817016101146,0.023605817016101146
1,A_raw,ridge,TEMPERATURE_VAPEUR,0.009586212971651385,-0.009586212971651385
1,A_raw,ridge,TEMPERATURE_CUVE_ATTAQUE,0.012163394239532421,-0.012163394239532421
1,A_raw,ridge,TEMPERATURE_CUVE_DE_PASSAGE,0.3311106107873067,-0.3311106107873067
1,A_raw,ridge,TEMPERATURE_SLURRY_PULVERISATEUR,0.09348642742926672,-0.09348642742926672
1,A_raw,ridge,DEPRESSURE_SECHEUR,0.02300255224696969,0.02300255224696969
1,A_raw,ridge,LEVEL_CUVE_PASSAGE,0.025829063441899034,0.025829063441899034
1,A_raw,ridge,TEMPERATURE_GAZ_SORTIE_SECHEUR,0.03789676862534137,-0.03789676862534137
1,A_raw,ridge,FLOW_RATE_FIOUL,0.009714370709607683,0.009714370709607683
1,A_raw,ridge,TEMPERATURE_AIR_CHAUD,0.2517016501773938,0.2517016501773938
1,A_raw,ridge,FLOW_RATE_LIQUIDE_LAVAGE,0.036359653965807745,0.036359653965807745
1,A_raw,ridge,FLOW_RATE_VAPEUR,0.16704679052758292,0.16704679052758292
1,A_raw,ridge,FLOW_RATE_SLURRY_M3_HR_2,0.011712844021681776,-0.011712844021681776
1,A_raw,ridge,TEMPERATURE_BRIQUE,0.19206389207574925,0.19206389207574925
1,B_temporal,ridge,PRODUCTION_TSP_BALANCE,0.2567657299839516,-0.2567657299839516
1,B_temporal,ridge,PRODUCTION_TSP_BALANCE_roll_mean_30,0.011374768283277487,-0.011374768283277487
1,B_temporal,ridge,PRODUCTION_TSP_BALANCE_roll_std_10,0.013246630327787967,-0.013246630327787967
1,B_temporal,ridge,PRODUCTION_TSP_BALANCE_diff_5,0.008345262981272935,0.008345262981272935
1,B_temporal,ridge,PRODUCTION_TSP_BALANCE_slope_10,0.052481060522765605,0.052481060522765605
1,B_temporal,ridge,FLOW_RATE_PHOSPHORIC_ACID_1,0.382399562249093,0.382399562249093
1,B_temporal,ridge,FLOW_RATE_PHOSPHORIC_ACID_1_lag_10,0.12473125016056681,0.12473125016056681
1,B_temporal,ridge,FLOW_RATE_PHOSPHORIC_ACID_1_roll_mean_10,0.005252027583711336,0.005252027583711336
1,B_temporal,ridge,FLOW_RATE_PHOSPHORIC_ACID_1_roll_mean_30,0.03237594106030318,-0.03237594106030318
1,B_temporal,ridge,FLOW_RATE_PHOSPHORIC_ACID_1_roll_std_10,0.010306247459491347,-0.010306247459491347
1,B_temporal,ridge,FLOW_RATE_PHOSPHORIC_ACID_1_diff_5,0.015649989797530236,-0.015649989797530236
1,B_temporal,ridge,FLOW_RATE_PHOSPHORIC_ACID_1_slope_10,0.03429147327270776,-0.03429147327270776
1,B_temporal,ridge,FLOW_RATE_PHOSPHORIC_ACID_2,0.6517368734785467,0.6517368734785467
1,B_temporal,ridge,FLOW_RATE_PHOSPHORIC_ACID_2_lag_10,0.12803079094129446,0.12803079094129446
1,B_temporal,ridge,FLOW_RATE_PHOSPHORIC_ACID_2_roll_mean_30,0.007356499617707604,0.007356499617707604
1,B_temporal,ridge,FLOW_RATE_PHOSPHORIC_ACID_2_roll_std_10,0.006136950126138504,0.006136950126138504
1,B_temporal,ridge,FLOW_RATE_PHOSPHORIC_ACID_2_diff_5,0.03499383381207849,-0.03499383381207849
1,B_temporal,ridge,FLOW_RATE_PHOSPHORIC_ACID_2_slope_10,0.04121354051394967,-0.04121354051394967
1,B_temporal,ridge,FLOW_RATE_GROUND_PHOSPHATE,0.2286352772658044,-0.2286352772658044
1,B_temporal,ridge,FLOW_RATE_GROUND_PHOSPHATE_lag_10,0.5267970208654118,-0.5267970208654118
1,B_temporal,ridge,FLOW_RATE_GROUND_PHOSPHATE_roll_mean_10,0.04505879454932786,-0.04505879454932786
1,B_temporal,ridge,FLOW_RATE_GROUND_PHOSPHATE_roll_mean_30,0.03253946534952867,-0.03253946534952867
1,B_temporal,ridge,FLOW_RATE_GROUND_PHOSPHATE_roll_std_10,0.026243260236426768,0.026243260236426768
1,B_temporal,ridge,FLOW_RATE_GROUND_PHOSPHATE_diff_5,0.030564588710390903,0.030564588710390903
1,B_temporal,ridge,FLOW_RATE_GROUND_PHOSPHATE_slope_10,0.028067873827393952,-0.028067873827393952
1,B_temporal,ridge,FLOW_RATE_SLURRY_T_PER_HR,0.2557600882244354,0.2557600882244354
1,B_temporal,ridge,FLOW_RATE_SLURRY_T_PER_HR_lag_10,0.05015105562835765,0.05015105562835765
1,B_temporal,ridge,FLOW_RATE_SLURRY_T_PER_HR_roll_mean_30,0.03996532436784349,-0.03996532436784349
1,B_temporal,ridge,FLOW_RATE_SLURRY_T_PER_HR_roll_std_10,0.0017069471280360944,0.0017069471280360944
1,B_temporal,ridge,FLOW_RATE_SLURRY_T_PER_HR_diff_5,0.022638432456640045,0.022638432456640045
1,B_temporal,ridge,FLOW_RATE_SLURRY_T_PER_HR_slope_10,0.008485121773254589,0.008485121773254589
1,B_temporal,ridge,FLOW_RATE_SLURRY_M3_HR,0.14041252473727153,-0.14041252473727153
1,B_temporal,ridge,FLOW_RATE_SLURRY_M3_HR_lag_10,0.18141000677285016,-0.18141000677285016
1,B_temporal,ridge,FLOW_RATE_SLURRY_M3_HR_roll_mean_10,0.060171385056065244,-0.060171385056065244
1,B_temporal,ridge,FLOW_RATE_SLURRY_M3_HR_roll_mean_30,0.00015854659774653814,-0.00015854659774653814
1,B_temporal,ridge,FLOW_RATE_SLURRY_M3_HR_roll_std_10,0.001824453436914247,0.001824453436914247
1,B_temporal,ridge,FLOW_RATE_SLURRY_M3_HR_diff_5,0.033819039153039125,0.033819039153039125
1,B_temporal,ridge,FLOW_RATE_SLURRY_M3_HR_slope_10,0.017776837640052324,0.017776837640052324
1,B_temporal,ridge,RECYCLAGE,0.4916770081150332,0.4916770081150332
1,B_temporal,ridge,RECYCLAGE_lag_10,0.31526613745808585,-0.31526613745808585
1,B_temporal,ridge,RECYCLAGE_roll_mean_30,0.14426767346854955,0.14426767346854955
1,B_temporal,ridge,RECYCLAGE_roll_std_10,0.005425228363822949,0.005425228363822949
1,B_temporal,ridge,RECYCLAGE_diff_5,0.0366155704046505,-0.0366155704046505
1,B_temporal,ridge,RECYCLAGE_slope_10,0.006077986137385517,-0.006077986137385517
1,B_temporal,ridge,PRESSURE_VAPEUR,0.050898514101023626,0.050898514101023626
1,B_temporal,ridge,PRESSURE_VAPEUR_lag_5,0.03655098352653562,-0.03655098352653562
1,B_temporal,ridge,PRESSURE_VAPEUR_lag_10,0.010300358933280535,-0.010300358933280535
1,B_temporal,ridge,PRESSURE_VAPEUR_roll_mean_10,0.008597280171186899,0.008597280171186899
1,B_temporal,ridge,PRESSURE_VAPEUR_roll_mean_30,0.006643970108683312,-0.006643970108683312
1,B_temporal,ridge,PRESSURE_VAPEUR_roll_std_10,0.015410849761253405,0.015410849761253405
1,B_temporal,ridge,PRESSURE_VAPEUR_diff_5,0.006728884221566799,-0.006728884221566799
1,B_temporal,ridge,PRESSURE_VAPEUR_slope_10,0.015049147006251148,-0.015049147006251148
1,B_temporal,ridge,TEMPERATURE_VAPEUR,0.0009184795957918467,0.0009184795957918467
1,B_temporal,ridge,TEMPERATURE_VAPEUR_lag_1,0.018429442612215016,-0.018429442612215016
1,B_temporal,ridge,TEMPERATURE_VAPEUR_lag_5,0.02393877161340672,-0.02393877161340672
1,B_temporal,ridge,TEMPERATURE_VAPEUR_lag_10,0.017195081901880047,-0.017195081901880047
1,B_temporal,ridge,TEMPERATURE_VAPEUR_roll_mean_10,0.0371000872668395,0.0371000872668395
1,B_temporal,ridge,TEMPERATURE_VAPEUR_roll_mean_30,0.013805051751552635,0.013805051751552635
1,B_temporal,ridge,TEMPERATURE_VAPEUR_roll_std_10,0.004923496647937299,-0.004923496647937299
1,B_temporal,ridge,TEMPERATURE_VAPEUR_diff_5,0.008955948388419538,-0.008955948388419538
1,B_temporal,ridge,TEMPERATURE_VAPEUR_slope_10,0.010005773339516792,0.010005773339516792
1,B_temporal,ridge,TEMPERATURE_CUVE_ATTAQUE,0.06655379059374913,-0.06655379059374913
1,B_temporal,ridge,TEMPERATURE_CUVE_ATTAQUE_lag_15,0.10424629132306427,-0.10424629132306427
1,B_temporal,ridge,TEMPERATURE_CUVE_ATTAQUE_roll_mean_10,0.0012087630216373474,0.0012087630216373474
1,B_temporal,ridge,TEMPERATURE_CUVE_ATTAQUE_roll_mean_30,0.025032612249578524,-0.025032612249578524
1,B_temporal,ridge,TEMPERATURE_CUVE_ATTAQUE_roll_std_10,0.055761569887051755,-0.055761569887051755
1,B_temporal,ridge,TEMPERATURE_CUVE_ATTAQUE_diff_5,0.0501230025299248,0.0501230025299248
1,B_temporal,ridge,TEMPERATURE_CUVE_ATTAQUE_slope_10,0.04920424430249849,-0.04920424430249849
1,B_temporal,ridge,TEMPERATURE_CUVE_DE_PASSAGE,0.5276503625150356,-0.5276503625150356
1,B_temporal,ridge,TEMPERATURE_CUVE_DE_PASSAGE_roll_mean_30,0.0005026267145990111,0.0005026267145990111
1,B_temporal,ridge,TEMPERATURE_CUVE_DE_PASSAGE_roll_std_10,0.05305211330326288,0.05305211330326288
1,B_temporal,ridge,TEMPERATURE_CUVE_DE_PASSAGE_diff_5,0.03203446973353713,0.03203446973353713
1,B_temporal,ridge,TEMPERATURE_CUVE_DE_PASSAGE_slope_10,0.00720681859248859,0.00720681859248859
1,B_temporal,ridge,TEMPERATURE_SLURRY_PULVERISATEUR,0.006544342544921467,-0.006544342544921467
1,B_temporal,ridge,TEMPERATURE_SLURRY_PULVERISATEUR_roll_mean_30,0.015100965467798832,0.015100965467798832
1,B_temporal,ridge,TEMPERATURE_SLURRY_PULVERISATEUR_roll_std_10,0.037380108519249784,-0.037380108519249784
1,B_temporal,ridge,TEMPERATURE_SLURRY_PULVERISATEUR_diff_5,0.015541273321529527,-0.015541273321529527
1,B_temporal,ridge,TEMPERATURE_SLURRY_PULVERISATEUR_slope_10,0.00582539337795578,0.00582539337795578
1,B_temporal,ridge,DEPRESSURE_SECHEUR,0.03811407961365704,-0.03811407961365704
1,B_temporal,ridge,DEPRESSURE_SECHEUR_lag_1,0.0035747139305243713,0.0035747139305243713
1,B_temporal,ridge,DEPRESSURE_SECHEUR_lag_5,0.028980692911716836,0.028980692911716836
1,B_temporal,ridge,DEPRESSURE_SECHEUR_lag_10,0.004007201914869896,0.004007201914869896
1,B_temporal,ridge,DEPRESSURE_SECHEUR_roll_mean_10,0.0009004387539852892,-0.0009004387539852892
1,B_temporal,ridge,DEPRESSURE_SECHEUR_roll_mean_30,0.021037817234299643,0.021037817234299643
1,B_temporal,ridge,DEPRESSURE_SECHEUR_roll_std_10,0.0016461570017225473,-0.0016461570017225473
1,B_temporal,ridge,DEPRESSURE_SECHEUR_diff_5,0.01342775531599891,0.01342775531599891
1,B_temporal,ridge,DEPRESSURE_SECHEUR_slope_10,0.0019188471481791118,0.0019188471481791118
1,B_temporal,ridge,LEVEL_CUVE_PASSAGE,0.050712918801757996,-0.050712918801757996
1,B_temporal,ridge,LEVEL_CUVE_PASSAGE_lag_5,0.010885174992044585,-0.010885174992044585
1,B_temporal,ridge,LEVEL_CUVE_PASSAGE_lag_10,0.03182748580107245,0.03182748580107245
1,B_temporal,ridge,LEVEL_CUVE_PASSAGE_roll_mean_10,0.04264048541770635,0.04264048541770635
1,B_temporal,ridge,LEVEL_CUVE_PASSAGE_roll_mean_30,0.01209674690813202,0.01209674690813202
1,B_temporal,ridge,LEVEL_CUVE_PASSAGE_roll_std_10,0.0034028669733935277,0.0034028669733935277
1,B_temporal,ridge,LEVEL_CUVE_PASSAGE_diff_5,0.014103689648741907,0.014103689648741907
1,B_temporal,ridge,LEVEL_CUVE_PASSAGE_slope_10,0.004399064722693337,-0.004399064722693337
1,B_temporal,ridge,TEMPERATURE_GAZ_SORTIE_SECHEUR,0.03326747344150608,-0.03326747344150608
1,B_temporal,ridge,TEMPERATURE_GAZ_SORTIE_SECHEUR_lag_5,0.01196168214863944,0.01196168214863944
1,B_temporal,ridge,TEMPERATURE_GAZ_SORTIE_SECHEUR_lag_10,0.009187042084512475,0.009187042084512475
1,B_temporal,ridge,TEMPERATURE_GAZ_SORTIE_SECHEUR_roll_mean_10,0.03111131444467331,-0.03111131444467331
1,B_temporal,ridge,TEMPERATURE_GAZ_SORTIE_SECHEUR_roll_mean_30,0.01796845774428087,0.01796845774428087
1,B_temporal,ridge,TEMPERATURE_GAZ_SORTIE_SECHEUR_roll_std_10,0.006405936743146186,0.006405936743146186
1,B_temporal,ridge,TEMPERATURE_GAZ_SORTIE_SECHEUR_diff_5,0.0019472166687076514,0.0019472166687076514
1,B_temporal,ridge,TEMPERATURE_GAZ_SORTIE_SECHEUR_slope_10,0.001713618197331905,0.001713618197331905
1,B_temporal,ridge,FLOW_RATE_FIOUL,0.19051253744142013,0.19051253744142013
1,B_temporal,ridge,FLOW_RATE_FIOUL_lag_10,0.01842453872086612,-0.01842453872086612
1,B_temporal,ridge,FLOW_RATE_FIOUL_roll_mean_10,0.072139971344576,-0.072139971344576
1,B_temporal,ridge,FLOW_RATE_FIOUL_roll_mean_30,0.0011882050430614226,0.0011882050430614226
1,B_temporal,ridge,FLOW_RATE_FIOUL_roll_std_10,0.00017306697349405808,0.00017306697349405808
1,B_temporal,ridge,FLOW_RATE_FIOUL_diff_5,0.04571214822467276,0.04571214822467276
1,B_temporal,ridge,FLOW_RATE_FIOUL_slope_10,0.03916826521336663,-0.03916826521336663
1,B_temporal,ridge,TEMPERATURE_AIR_CHAUD,0.1382127195180073,0.1382127195180073
1,B_temporal,ridge,TEMPERATURE_AIR_CHAUD_lag_10,0.056651302889211205,0.056651302889211205
1,B_temporal,ridge,TEMPERATURE_AIR_CHAUD_roll_mean_30,0.02011735187768517,0.02011735187768517
1,B_temporal,ridge,TEMPERATURE_AIR_CHAUD_roll_std_10,0.0022065087314841773,0.0022065087314841773
1,B_temporal,ridge,TEMPERATURE_AIR_CHAUD_diff_5,7.266600536451305e-06,-7.266600536451305e-06
1,B_temporal,ridge,TEMPERATURE_AIR_CHAUD_slope_10,0.0010682462941229707,-0.0010682462941229707
1,B_temporal,ridge,FLOW_RATE_LIQUIDE_LAVAGE,0.02192126897589424,0.02192126897589424
1,B_temporal,ridge,FLOW_RATE_LIQUIDE_LAVAGE_lag_5,0.01052800341339704,0.01052800341339704
1,B_temporal,ridge,FLOW_RATE_LIQUIDE_LAVAGE_lag_10,0.016720470502351394,-0.016720470502351394
1,B_temporal,ridge,FLOW_RATE_LIQUIDE_LAVAGE_roll_mean_30,0.01977083040708306,0.01977083040708306
1,B_temporal,ridge,FLOW_RATE_LIQUIDE_LAVAGE_roll_std_10,0.003878960208828694,-0.003878960208828694
1,B_temporal,ridge,FLOW_RATE_LIQUIDE_LAVAGE_diff_5,0.004130382835294654,0.004130382835294654
1,B_temporal,ridge,FLOW_RATE_LIQUIDE_LAVAGE_slope_10,0.007793292209349324,-0.007793292209349324
1,B_temporal,ridge,FLOW_RATE_VAPEUR,0.01969750194944049,0.01969750194944049
1,B_temporal,ridge,FLOW_RATE_VAPEUR_lag_10,0.16428605900914575,0.16428605900914575
1,B_temporal,ridge,FLOW_RATE_VAPEUR_roll_mean_30,0.030719019313512428,-0.030719019313512428
1,B_temporal,ridge,FLOW_RATE_VAPEUR_roll_std_10,0.01116478264441822,0.01116478264441822
1,B_temporal,ridge,FLOW_RATE_VAPEUR_diff_5,0.015420602518624989,-0.015420602518624989
1,B_temporal,ridge,FLOW_RATE_VAPEUR_slope_10,0.03689679481836871,0.03689679481836871
1,B_temporal,ridge,FLOW_RATE_SLURRY_M3_HR_2,0.0018019449564209637,0.0018019449564209637
1,B_temporal,ridge,FLOW_RATE_SLURRY_M3_HR_2_roll_mean_10,0.023664736161015807,0.023664736161015807
1,B_temporal,ridge,FLOW_RATE_SLURRY_M3_HR_2_roll_mean_30,0.020264987327173554,-0.020264987327173554
1,B_temporal,ridge,FLOW_RATE_SLURRY_M3_HR_2_roll_std_10,0.009632398613663886,0.009632398613663886
1,B_temporal,ridge,FLOW_RATE_SLURRY_M3_HR_2_diff_5,0.006681664953580693,-0.006681664953580693
1,B_temporal,ridge,FLOW_RATE_SLURRY_M3_HR_2_slope_10,3.8249153712053386e-05,-3.8249153712053386e-05
1,B_temporal,ridge,TEMPERATURE_BRIQUE,0.4530525313953641,0.4530525313953641
1,B_temporal,ridge,TEMPERATURE_BRIQUE_roll_mean_10,0.022564156933148536,0.022564156933148536
1,B_temporal,ridge,TEMPERATURE_BRIQUE_roll_mean_30,0.03535761507736504,-0.03535761507736504
1,B_temporal,ridge,TEMPERATURE_BRIQUE_roll_std_10,0.030156602816109355,0.030156602816109355
1,B_temporal,ridge,TEMPERATURE_BRIQUE_diff_5,0.014857139835834273,0.014857139835834273
1,B_temporal,ridge,TEMPERATURE_BRIQUE_slope_10,0.0019701655347379703,0.0019701655347379703
1,B_temporal,ridge,PRODUCTION_TSP_BALANCE_missing,0.010701874846748179,-0.010701874846748179
1,B_temporal,ridge,FLOW_RATE_PHOSPHORIC_ACID_1_missing,0.006548268256338513,0.006548268256338513
1,B_temporal,ridge,FLOW_RATE_PHOSPHORIC_ACID_2_missing,0.0035400383114463185,-0.0035400383114463185
1,B_temporal,ridge,FLOW_RATE_GROUND_PHOSPHATE_missing,0.01857451171131197,-0.01857451171131197
1,B_temporal,ridge,FLOW_RATE_SLURRY_T_PER_HR_missing,0.0015657483479069232,0.0015657483479069232
1,B_temporal,ridge,FLOW_RATE_SLURRY_M3_HR_missing,0.00865481453076154,-0.00865481453076154
1,B_temporal,ridge,RECYCLAGE_missing,0.006225629548073661,0.006225629548073661
1,B_temporal,ridge,PRESSURE_VAPEUR_missing,0.004944373963283337,-0.004944373963283337
1,B_temporal,ridge,TEMPERATURE_VAPEUR_missing,0.0051397270374763425,-0.0051397270374763425
1,B_temporal,ridge,TEMPERATURE_CUVE_ATTAQUE_missing,0.011139689603536828,0.011139689603536828
1,B_temporal,ridge,TEMPERATURE_CUVE_DE_PASSAGE_missing,0.009276744142466252,0.009276744142466252
1,B_temporal,ridge,TEMPERATURE_SLURRY_PULVERISATEUR_missing,0.0010896419365756037,-0.0010896419365756037
1,B_temporal,ridge,DEPRESSURE_SECHEUR_missing,0.005206625041008124,0.005206625041008124
1,B_temporal,ridge,LEVEL_CUVE_PASSAGE_missing,0.010723305316589198,-0.010723305316589198
1,B_temporal,ridge,TEMPERATURE_GAZ_SORTIE_SECHEUR_missing,0.00846554246697186,-0.00846554246697186
1,B_temporal,ridge,FLOW_RATE_FIOUL_missing,0.009446196832265932,-0.009446196832265932
1,B_temporal,ridge,TEMPERATURE_AIR_CHAUD_missing,0.015351612265849676,-0.015351612265849676
1,B_temporal,ridge,FLOW_RATE_LIQUIDE_LAVAGE_missing,0.008335745651925724,-0.008335745651925724
1,B_temporal,ridge,FLOW_RATE_VAPEUR_missing,0.004276837295614368,-0.004276837295614368
1,B_temporal,ridge,FLOW_RATE_SLURRY_M3_HR_2_missing,0.005453846460227293,0.005453846460227293
1,B_temporal,ridge,TEMPERATURE_BRIQUE_missing,0.0010065632907428508,-0.0010065632907428508
1,C_process,ridge,PRODUCTION_TSP_BALANCE,0.2906786129488261,-0.2906786129488261
1,C_process,ridge,FLOW_RATE_PHOSPHORIC_ACID_1,0.4866207636763154,0.4866207636763154
1,C_process,ridge,FLOW_RATE_PHOSPHORIC_ACID_2,0.9628667511369764,0.9628667511369764
1,C_process,ridge,FLOW_RATE_GROUND_PHOSPHATE,0.5396366338376799,-0.5396366338376799
1,C_process,ridge,FLOW_RATE_SLURRY_T_PER_HR,0.13321692377795527,0.13321692377795527
1,C_process,ridge,FLOW_RATE_SLURRY_M3_HR,0.20374564132668443,-0.20374564132668443
1,C_process,ridge,RECYCLAGE,0.2296065642363774,0.2296065642363774
1,C_process,ridge,PRESSURE_VAPEUR,0.41234113401936523,0.41234113401936523
1,C_process,ridge,TEMPERATURE_VAPEUR,0.22128037678543275,0.22128037678543275
1,C_process,ridge,TEMPERATURE_CUVE_ATTAQUE,0.060969520053269555,-0.060969520053269555
1,C_process,ridge,TEMPERATURE_CUVE_DE_PASSAGE,0.403428423906982,-0.403428423906982
1,C_process,ridge,TEMPERATURE_SLURRY_PULVERISATEUR,0.32465972225082923,-0.32465972225082923
1,C_process,ridge,DEPRESSURE_SECHEUR,0.02197049926038602,0.02197049926038602
1,C_process,ridge,LEVEL_CUVE_PASSAGE,0.024237520691694894,0.024237520691694894
1,C_process,ridge,TEMPERATURE_GAZ_SORTIE_SECHEUR,0.015399707404993296,0.015399707404993296
1,C_process,ridge,FLOW_RATE_FIOUL,0.013130231350385919,0.013130231350385919
1,C_process,ridge,TEMPERATURE_AIR_CHAUD,0.13835176438624397,0.13835176438624397
1,C_process,ridge,FLOW_RATE_LIQUIDE_LAVAGE,0.028529133581393012,0.028529133581393012
1,C_process,ridge,FLOW_RATE_VAPEUR,0.15147943926588706,0.15147943926588706
1,C_process,ridge,FLOW_RATE_SLURRY_M3_HR_2,0.010049405181436528,-0.010049405181436528
1,C_process,ridge,TEMPERATURE_BRIQUE,0.13123528180520475,0.13123528180520475
1,C_process,ridge,TOTAL_ACID_FLOW,0.22910732969323608,-0.22910732969323608
1,C_process,ridge,ACID_FLOW_IMBALANCE,0.1012139777718768,-0.1012139777718768
1,C_process,ridge,ACID_TO_PHOSPHATE_RATIO,0.0019636273339061695,-0.0019636273339061695
1,C_process,ridge,TOTAL_SLURRY_M3_FLOW,0.031226355737947523,-0.031226355737947523
1,C_process,ridge,SLURRY_DENSITY_PROXY,0.0051290848760689785,0.0051290848760689785
1,C_process,ridge,ATTACK_PASSAGE_TEMP_GRADIENT,0.00875537777340851,0.00875537777340851
1,C_process,ridge,HOT_AIR_DRYER_OUTLET_GRADIENT,0.018467470750628122,0.018467470750628122
1,C_process,ridge,STEAM_SLURRY_TEMP_GRADIENT,0.1772651843441415,-0.1772651843441415
1,C_process,ridge,STEAM_ENERGY_PROXY,0.4608163043643664,-0.4608163043643664
1,C_process,ridge,DRYING_INTENSITY_PROXY,0.01418658318100073,0.01418658318100073
1,C_process,ridge,RECYCLE_TO_PRODUCTION_RATIO,0.019932365072236256,0.019932365072236256
1,C_process,ridge,FLOW_RATE_PHOSPHORIC_ACID_1_CV_10,0.07039852542998146,-0.07039852542998146
1,C_process,ridge,FLOW_RATE_PHOSPHORIC_ACID_2_CV_10,0.046810676476672794,-0.046810676476672794
1,C_process,ridge,FLOW_RATE_GROUND_PHOSPHATE_CV_10,0.057701283304932814,-0.057701283304932814
1,C_process,ridge,FLOW_RATE_FIOUL_CV_10,0.008393772698090269,0.008393772698090269
1,C_process,ridge,FLOW_RATE_VAPEUR_CV_10,0.04430882286410685,-0.04430882286410685
1,C_process,ridge,PRODUCTION_TSP_BALANCE_missing,0.014910395839567063,-0.014910395839567063
1,C_process,ridge,FLOW_RATE_PHOSPHORIC_ACID_1_missing,0.0010400206947473178,0.0010400206947473178
1,C_process,ridge,FLOW_RATE_PHOSPHORIC_ACID_2_missing,0.01731353060365798,-0.01731353060365798
1,C_process,ridge,FLOW_RATE_GROUND_PHOSPHATE_missing,0.007035103877576782,-0.007035103877576782
1,C_process,ridge,FLOW_RATE_SLURRY_T_PER_HR_missing,0.0002737357618643501,0.0002737357618643501
1,C_process,ridge,FLOW_RATE_SLURRY_M3_HR_missing,0.0058219623436355,-0.0058219623436355
1,C_process,ridge,RECYCLAGE_missing,0.003981159919299498,0.003981159919299498
1,C_process,ridge,PRESSURE_VAPEUR_missing,0.0036201170875207406,-0.0036201170875207406
1,C_process,ridge,TEMPERATURE_VAPEUR_missing,0.015081559001669239,-0.015081559001669239
1,C_process,ridge,TEMPERATURE_CUVE_ATTAQUE_missing,0.014251185158967221,0.014251185158967221
1,C_process,ridge,TEMPERATURE_CUVE_DE_PASSAGE_missing,0.006239563575222748,0.006239563575222748
1,C_process,ridge,TEMPERATURE_SLURRY_PULVERISATEUR_missing,0.004448453530860754,-0.004448453530860754
1,C_process,ridge,DEPRESSURE_SECHEUR_missing,0.004491559308943912,0.004491559308943912
1,C_process,ridge,LEVEL_CUVE_PASSAGE_missing,0.011576109406955514,-0.011576109406955514
1,C_process,ridge,TEMPERATURE_GAZ_SORTIE_SECHEUR_missing,0.009778791303577342,-0.009778791303577342
1,C_process,ridge,FLOW_RATE_FIOUL_missing,0.010022234461152225,-0.010022234461152225
1,C_process,ridge,TEMPERATURE_AIR_CHAUD_missing,0.014267731651316333,-0.014267731651316333
1,C_process,ridge,FLOW_RATE_LIQUIDE_LAVAGE_missing,0.014189171446843245,-0.014189171446843245
1,C_process,ridge,FLOW_RATE_VAPEUR_missing,0.0060226795128225175,-0.0060226795128225175
1,C_process,ridge,FLOW_RATE_SLURRY_M3_HR_2_missing,0.008633025795645358,0.008633025795645358
1,C_process,ridge,TEMPERATURE_BRIQUE_missing,0.003264652325410847,0.003264652325410847
1,D_full,ridge,PRODUCTION_TSP_BALANCE,0.27120812707690894,-0.27120812707690894
1,D_full,ridge,PRODUCTION_TSP_BALANCE_roll_mean_30,0.0171153190514354,0.0171153190514354
1,D_full,ridge,PRODUCTION_TSP_BALANCE_roll_std_10,0.0043343556952414,-0.0043343556952414
1,D_full,ridge,PRODUCTION_TSP_BALANCE_diff_5,0.011345635405734493,0.011345635405734493
1,D_full,ridge,PRODUCTION_TSP_BALANCE_slope_10,0.04770058057586296,0.04770058057586296
1,D_full,ridge,FLOW_RATE_PHOSPHORIC_ACID_1,0.4505498579914205,0.4505498579914205
1,D_full,ridge,FLOW_RATE_PHOSPHORIC_ACID_1_lag_10,0.13958981466387765,0.13958981466387765
1,D_full,ridge,FLOW_RATE_PHOSPHORIC_ACID_1_roll_mean_10,0.008376855428793604,-0.008376855428793604
1,D_full,ridge,FLOW_RATE_PHOSPHORIC_ACID_1_roll_mean_30,0.0406890260143221,-0.0406890260143221
1,D_full,ridge,FLOW_RATE_PHOSPHORIC_ACID_1_roll_std_10,0.004303813707037761,-0.004303813707037761
1,D_full,ridge,FLOW_RATE_PHOSPHORIC_ACID_1_diff_5,0.017426023744561453,-0.017426023744561453
1,D_full,ridge,FLOW_RATE_PHOSPHORIC_ACID_1_slope_10,0.02945273961811298,-0.02945273961811298
1,D_full,ridge,FLOW_RATE_PHOSPHORIC_ACID_2,0.8095882021122132,0.8095882021122132
1,D_full,ridge,FLOW_RATE_PHOSPHORIC_ACID_2_lag_10,0.1439262780572767,0.1439262780572767
1,D_full,ridge,FLOW_RATE_PHOSPHORIC_ACID_2_roll_mean_30,0.002795786763601472,-0.002795786763601472
1,D_full,ridge,FLOW_RATE_PHOSPHORIC_ACID_2_roll_std_10,0.006667695271124597,0.006667695271124597
1,D_full,ridge,FLOW_RATE_PHOSPHORIC_ACID_2_diff_5,0.03584335888645057,-0.03584335888645057
1,D_full,ridge,FLOW_RATE_PHOSPHORIC_ACID_2_slope_10,0.034940358456452526,-0.034940358456452526
1,D_full,ridge,FLOW_RATE_GROUND_PHOSPHATE,0.23177840510002504,-0.23177840510002504
1,D_full,ridge,FLOW_RATE_GROUND_PHOSPHATE_lag_10,0.48444883673224165,-0.48444883673224165
1,D_full,ridge,FLOW_RATE_GROUND_PHOSPHATE_roll_mean_10,0.08716319238651711,-0.08716319238651711
1,D_full,ridge,FLOW_RATE_GROUND_PHOSPHATE_roll_mean_30,0.013265439699534113,-0.013265439699534113
1,D_full,ridge,FLOW_RATE_GROUND_PHOSPHATE_roll_std_10,0.025449198907345205,0.025449198907345205
1,D_full,ridge,FLOW_RATE_GROUND_PHOSPHATE_diff_5,0.03102624226504256,0.03102624226504256
1,D_full,ridge,FLOW_RATE_GROUND_PHOSPHATE_slope_10,0.025842526933021928,-0.025842526933021928
1,D_full,ridge,FLOW_RATE_SLURRY_T_PER_HR,0.24163575419797795,0.24163575419797795
1,D_full,ridge,FLOW_RATE_SLURRY_T_PER_HR_lag_10,0.03520669570505985,0.03520669570505985
1,D_full,ridge,FLOW_RATE_SLURRY_T_PER_HR_roll_mean_30,0.041095563602071554,-0.041095563602071554
1,D_full,ridge,FLOW_RATE_SLURRY_T_PER_HR_roll_std_10,0.0009733106607818363,-0.0009733106607818363
1,D_full,ridge,FLOW_RATE_SLURRY_T_PER_HR_diff_5,0.026040249642526356,0.026040249642526356
1,D_full,ridge,FLOW_RATE_SLURRY_T_PER_HR_slope_10,0.009219143936179296,0.009219143936179296
1,D_full,ridge,FLOW_RATE_SLURRY_M3_HR,0.07329585219514427,-0.07329585219514427
1,D_full,ridge,FLOW_RATE_SLURRY_M3_HR_lag_10,0.17040542490990418,-0.17040542490990418
1,D_full,ridge,FLOW_RATE_SLURRY_M3_HR_roll_mean_10,0.0440402018134083,-0.0440402018134083
1,D_full,ridge,FLOW_RATE_SLURRY_M3_HR_roll_mean_30,0.0008407024210455125,-0.0008407024210455125
1,D_full,ridge,FLOW_RATE_SLURRY_M3_HR_roll_std_10,0.002496553601498513,0.002496553601498513
1,D_full,ridge,FLOW_RATE_SLURRY_M3_HR_diff_5,0.031392774569070275,0.031392774569070275
1,D_full,ridge,FLOW_RATE_SLURRY_M3_HR_slope_10,0.019096864207447765,0.019096864207447765
1,D_full,ridge,RECYCLAGE,0.4663120210501279,0.4663120210501279
1,D_full,ridge,RECYCLAGE_lag_10,0.2963826398598246,-0.2963826398598246
1,D_full,ridge,RECYCLAGE_roll_mean_30,0.14065877599960366,0.14065877599960366
1,D_full,ridge,RECYCLAGE_roll_std_10,0.0006410919153372192,0.0006410919153372192
1,D_full,ridge,RECYCLAGE_diff_5,0.03305557135850978,-0.03305557135850978
1,D_full,ridge,RECYCLAGE_slope_10,0.005614017615095337,-0.005614017615095337
1,D_full,ridge,PRESSURE_VAPEUR,0.3810250373473856,0.3810250373473856
1,D_full,ridge,PRESSURE_VAPEUR_lag_5,0.04514383204243194,-0.04514383204243194
1,D_full,ridge,PRESSURE_VAPEUR_lag_10,0.006527429966120535,-0.006527429966120535
1,D_full,ridge,PRESSURE_VAPEUR_roll_mean_10,0.010509883710572987,0.010509883710572987
1,D_full,ridge,PRESSURE_VAPEUR_roll_mean_30,0.01573387119652472,-0.01573387119652472
1,D_full,ridge,PRESSURE_VAPEUR_roll_std_10,0.0146556642530504,0.0146556642530504
1,D_full,ridge,PRESSURE_VAPEUR_diff_5,0.009330973081610737,-0.009330973081610737
1,D_full,ridge,PRESSURE_VAPEUR_slope_10,0.015543685317243495,-0.015543685317243495
1,D_full,ridge,TEMPERATURE_VAPEUR,0.23661818614399968,0.23661818614399968
1,D_full,ridge,TEMPERATURE_VAPEUR_lag_1,0.03448182952050086,-0.03448182952050086
1,D_full,ridge,TEMPERATURE_VAPEUR_lag_5,0.11220045481542415,-0.11220045481542415
1,D_full,ridge,TEMPERATURE_VAPEUR_lag_10,0.020433995698665296,-0.020433995698665296
1,D_full,ridge,TEMPERATURE_VAPEUR_roll_mean_10,0.05431291685527528,0.05431291685527528
1,D_full,ridge,TEMPERATURE_VAPEUR_roll_mean_30,0.009378428829105211,0.009378428829105211
1,D_full,ridge,TEMPERATURE_VAPEUR_roll_std_10,0.004254675171257987,-0.004254675171257987
1,D_full,ridge,TEMPERATURE_VAPEUR_diff_5,0.04124786045080061,-0.04124786045080061
1,D_full,ridge,TEMPERATURE_VAPEUR_slope_10,0.010473397161664934,0.010473397161664934
1,D_full,ridge,TEMPERATURE_CUVE_ATTAQUE,0.060172226574971364,-0.060172226574971364
1,D_full,ridge,TEMPERATURE_CUVE_ATTAQUE_lag_15,0.05985193847779673,-0.05985193847779673
1,D_full,ridge,TEMPERATURE_CUVE_ATTAQUE_roll_mean_10,0.014837722044478526,-0.014837722044478526
1,D_full,ridge,TEMPERATURE_CUVE_ATTAQUE_roll_mean_30,0.010264577936987701,-0.010264577936987701
1,D_full,ridge,TEMPERATURE_CUVE_ATTAQUE_roll_std_10,0.04813619845680872,-0.04813619845680872
1,D_full,ridge,TEMPERATURE_CUVE_ATTAQUE_diff_5,0.06020095559064585,0.06020095559064585
1,D_full,ridge,TEMPERATURE_CUVE_ATTAQUE_slope_10,0.040722171507898634,-0.040722171507898634
1,D_full,ridge,TEMPERATURE_CUVE_DE_PASSAGE,0.6047387950818542,-0.6047387950818542
1,D_full,ridge,TEMPERATURE_CUVE_DE_PASSAGE_roll_mean_30,0.028260270910971445,-0.028260270910971445
1,D_full,ridge,TEMPERATURE_CUVE_DE_PASSAGE_roll_std_10,0.048491182656641804,0.048491182656641804
1,D_full,ridge,TEMPERATURE_CUVE_DE_PASSAGE_diff_5,0.024368351623706704,0.024368351623706704
1,D_full,ridge,TEMPERATURE_CUVE_DE_PASSAGE_slope_10,0.0019456591123253094,-0.0019456591123253094
1,D_full,ridge,TEMPERATURE_SLURRY_PULVERISATEUR,0.17178443010464242,-0.17178443010464242
1,D_full,ridge,TEMPERATURE_SLURRY_PULVERISATEUR_roll_mean_30,0.030352309390466563,0.030352309390466563
1,D_full,ridge,TEMPERATURE_SLURRY_PULVERISATEUR_roll_std_10,0.03634179405661999,-0.03634179405661999
1,D_full,ridge,TEMPERATURE_SLURRY_PULVERISATEUR_diff_5,0.012644282650173483,-0.012644282650173483
1,D_full,ridge,TEMPERATURE_SLURRY_PULVERISATEUR_slope_10,0.007843355343282883,0.007843355343282883
1,D_full,ridge,DEPRESSURE_SECHEUR,0.025597191660929487,-0.025597191660929487
1,D_full,ridge,DEPRESSURE_SECHEUR_lag_1,0.0006192192491020519,-0.0006192192491020519
1,D_full,ridge,DEPRESSURE_SECHEUR_lag_5,0.016699404232932827,0.016699404232932827
1,D_full,ridge,DEPRESSURE_SECHEUR_lag_10,0.002263164086011583,0.002263164086011583
1,D_full,ridge,DEPRESSURE_SECHEUR_roll_mean_10,0.009179909928926623,0.009179909928926623
1,D_full,ridge,DEPRESSURE_SECHEUR_roll_mean_30,0.01766355588900622,0.01766355588900622
1,D_full,ridge,DEPRESSURE_SECHEUR_roll_std_10,0.0021395095912829054,-0.0021395095912829054
1,D_full,ridge,DEPRESSURE_SECHEUR_diff_5,0.008975655672939536,0.008975655672939536
1,D_full,ridge,DEPRESSURE_SECHEUR_slope_10,0.0028215575238467665,0.0028215575238467665
1,D_full,ridge,LEVEL_CUVE_PASSAGE,0.050589366539563335,-0.050589366539563335
1,D_full,ridge,LEVEL_CUVE_PASSAGE_lag_5,0.004480722838522201,-0.004480722838522201
1,D_full,ridge,LEVEL_CUVE_PASSAGE_lag_10,0.027807818382199322,0.027807818382199322
1,D_full,ridge,LEVEL_CUVE_PASSAGE_roll_mean_10,0.02971037963753413,0.02971037963753413
1,D_full,ridge,LEVEL_CUVE_PASSAGE_roll_mean_30,0.02089862559739292,0.02089862559739292
1,D_full,ridge,LEVEL_CUVE_PASSAGE_roll_std_10,0.004099755474941438,0.004099755474941438
1,D_full,ridge,LEVEL_CUVE_PASSAGE_diff_5,0.01421409719615294,0.01421409719615294
1,D_full,ridge,LEVEL_CUVE_PASSAGE_slope_10,0.002876647717130076,-0.002876647717130076
1,D_full,ridge,TEMPERATURE_GAZ_SORTIE_SECHEUR,0.002627240657570449,0.002627240657570449
1,D_full,ridge,TEMPERATURE_GAZ_SORTIE_SECHEUR_lag_5,0.028660594132917383,0.028660594132917383
1,D_full,ridge,TEMPERATURE_GAZ_SORTIE_SECHEUR_lag_10,0.008826767303016937,0.008826767303016937
1,D_full,ridge,TEMPERATURE_GAZ_SORTIE_SECHEUR_roll_mean_10,0.0373543670860912,-0.0373543670860912
1,D_full,ridge,TEMPERATURE_GAZ_SORTIE_SECHEUR_roll_mean_30,0.02534619499495204,0.02534619499495204
1,D_full,ridge,TEMPERATURE_GAZ_SORTIE_SECHEUR_roll_std_10,0.004425816180134745,0.004425816180134745
1,D_full,ridge,TEMPERATURE_GAZ_SORTIE_SECHEUR_diff_5,0.005313596782417035,0.005313596782417035
1,D_full,ridge,TEMPERATURE_GAZ_SORTIE_SECHEUR_slope_10,0.0035509776227900325,0.0035509776227900325
1,D_full,ridge,FLOW_RATE_FIOUL,0.17521366687411055,0.17521366687411055
1,D_full,ridge,FLOW_RATE_FIOUL_lag_10,0.007725926861182191,-0.007725926861182191
1,D_full,ridge,FLOW_RATE_FIOUL_roll_mean_10,0.06664669309249593,-0.06664669309249593
1,D_full,ridge,FLOW_RATE_FIOUL_roll_mean_30,0.012163195290515669,-0.012163195290515669
1,D_full,ridge,FLOW_RATE_FIOUL_roll_std_10,0.00023120714548933232,0.00023120714548933232
1,D_full,ridge,FLOW_RATE_FIOUL_diff_5,0.04470217583359556,0.04470217583359556
1,D_full,ridge,FLOW_RATE_FIOUL_slope_10,0.038590530906701996,-0.038590530906701996
1,D_full,ridge,TEMPERATURE_AIR_CHAUD,0.08109604260276848,0.08109604260276848
1,D_full,ridge,TEMPERATURE_AIR_CHAUD_lag_10,0.045410817671573275,0.045410817671573275
1,D_full,ridge,TEMPERATURE_AIR_CHAUD_roll_mean_30,0.009848167173037057,0.009848167173037057
1,D_full,ridge,TEMPERATURE_AIR_CHAUD_roll_std_10,0.0010543162665647668,0.0010543162665647668
1,D_full,ridge,TEMPERATURE_AIR_CHAUD_diff_5,0.00011363647603428806,-0.00011363647603428806
1,D_full,ridge,TEMPERATURE_AIR_CHAUD_slope_10,0.004376377081071637,-0.004376377081071637
1,D_full,ridge,FLOW_RATE_LIQUIDE_LAVAGE,0.020026306084931066,0.020026306084931066
1,D_full,ridge,FLOW_RATE_LIQUIDE_LAVAGE_lag_5,0.013092287907191025,0.013092287907191025
1,D_full,ridge,FLOW_RATE_LIQUIDE_LAVAGE_lag_10,0.014574902547792291,-0.014574902547792291
1,D_full,ridge,FLOW_RATE_LIQUIDE_LAVAGE_roll_mean_30,0.012125355079070942,0.012125355079070942
1,D_full,ridge,FLOW_RATE_LIQUIDE_LAVAGE_roll_std_10,0.0041486545109782735,-0.0041486545109782735
1,D_full,ridge,FLOW_RATE_LIQUIDE_LAVAGE_diff_5,0.004737884581501218,0.004737884581501218
1,D_full,ridge,FLOW_RATE_LIQUIDE_LAVAGE_slope_10,0.0077343215094595645,-0.0077343215094595645
1,D_full,ridge,FLOW_RATE_VAPEUR,0.02077160088745961,0.02077160088745961
1,D_full,ridge,FLOW_RATE_VAPEUR_lag_10,0.1643408236454415,0.1643408236454415
1,D_full,ridge,FLOW_RATE_VAPEUR_roll_mean_30,0.03952955494898633,-0.03952955494898633
1,D_full,ridge,FLOW_RATE_VAPEUR_roll_std_10,0.010106410540433293,0.010106410540433293
1,D_full,ridge,FLOW_RATE_VAPEUR_diff_5,0.01568350052676144,-0.01568350052676144
1,D_full,ridge,FLOW_RATE_VAPEUR_slope_10,0.03650160486429449,0.03650160486429449
1,D_full,ridge,FLOW_RATE_SLURRY_M3_HR_2,0.015454975002613442,0.015454975002613442
1,D_full,ridge,FLOW_RATE_SLURRY_M3_HR_2_roll_mean_10,0.024257532237243154,0.024257532237243154
1,D_full,ridge,FLOW_RATE_SLURRY_M3_HR_2_roll_mean_30,0.027082980854000203,-0.027082980854000203
1,D_full,ridge,FLOW_RATE_SLURRY_M3_HR_2_roll_std_10,0.008715085552742082,0.008715085552742082
1,D_full,ridge,FLOW_RATE_SLURRY_M3_HR_2_diff_5,0.006006560486702377,-0.006006560486702377
1,D_full,ridge,FLOW_RATE_SLURRY_M3_HR_2_slope_10,0.0017589230778553182,0.0017589230778553182
1,D_full,ridge,TEMPERATURE_BRIQUE,0.38807244062196433,0.38807244062196433
1,D_full,ridge,TEMPERATURE_BRIQUE_roll_mean_10,0.014061771051557575,0.014061771051557575
1,D_full,ridge,TEMPERATURE_BRIQUE_roll_mean_30,0.01584984507893337,-0.01584984507893337
1,D_full,ridge,TEMPERATURE_BRIQUE_roll_std_10,0.03601684830650362,0.03601684830650362
1,D_full,ridge,TEMPERATURE_BRIQUE_diff_5,0.017838510609610492,0.017838510609610492
1,D_full,ridge,TEMPERATURE_BRIQUE_slope_10,0.007728939467471547,-0.007728939467471547
1,D_full,ridge,TOTAL_ACID_FLOW,0.14826168060750408,-0.14826168060750408
1,D_full,ridge,ACID_FLOW_IMBALANCE,0.02944707023715733,-0.02944707023715733
1,D_full,ridge,ACID_TO_PHOSPHATE_RATIO,0.00317526589286781,-0.00317526589286781
1,D_full,ridge,TOTAL_SLURRY_M3_FLOW,0.0646840461320071,-0.0646840461320071
1,D_full,ridge,SLURRY_DENSITY_PROXY,0.006129621646843472,0.006129621646843472
1,D_full,ridge,ATTACK_PASSAGE_TEMP_GRADIENT,0.023596458424949094,-0.023596458424949094
1,D_full,ridge,HOT_AIR_DRYER_OUTLET_GRADIENT,0.015644104185543187,0.015644104185543187
1,D_full,ridge,STEAM_SLURRY_TEMP_GRADIENT,0.07562162218303983,-0.07562162218303983
1,D_full,ridge,STEAM_ENERGY_PROXY,0.3801572075549291,-0.3801572075549291
1,D_full,ridge,DRYING_INTENSITY_PROXY,0.01153984061154799,0.01153984061154799
1,D_full,ridge,RECYCLE_TO_PRODUCTION_RATIO,0.024632570126612786,0.024632570126612786
1,D_full,ridge,FLOW_RATE_PHOSPHORIC_ACID_1_CV_10,0.05828675260704654,-0.05828675260704654
1,D_full,ridge,FLOW_RATE_PHOSPHORIC_ACID_2_CV_10,0.02359876592317459,-0.02359876592317459
1,D_full,ridge,FLOW_RATE_GROUND_PHOSPHATE_CV_10,0.05801858922209966,-0.05801858922209966
1,D_full,ridge,FLOW_RATE_FIOUL_CV_10,0.002493451134879795,0.002493451134879795
1,D_full,ridge,FLOW_RATE_VAPEUR_CV_10,0.03764708357820479,-0.03764708357820479
1,D_full,ridge,PRODUCTION_TSP_BALANCE_missing,0.010894194492438985,-0.010894194492438985
1,D_full,ridge,FLOW_RATE_PHOSPHORIC_ACID_1_missing,0.004322299018071603,0.004322299018071603
1,D_full,ridge,FLOW_RATE_PHOSPHORIC_ACID_2_missing,0.002260061533783113,-0.002260061533783113
1,D_full,ridge,FLOW_RATE_GROUND_PHOSPHATE_missing,0.019249630410311254,-0.019249630410311254
1,D_full,ridge,FLOW_RATE_SLURRY_T_PER_HR_missing,0.0013590411173793541,0.0013590411173793541
1,D_full,ridge,FLOW_RATE_SLURRY_M3_HR_missing,0.008058169057785943,-0.008058169057785943
1,D_full,ridge,RECYCLAGE_missing,0.006429918557133498,0.006429918557133498
1,D_full,ridge,PRESSURE_VAPEUR_missing,0.004972599779415014,-0.004972599779415014
1,D_full,ridge,TEMPERATURE_VAPEUR_missing,0.00723490350369833,-0.00723490350369833
1,D_full,ridge,TEMPERATURE_CUVE_ATTAQUE_missing,0.010024377284527496,0.010024377284527496
1,D_full,ridge,TEMPERATURE_CUVE_DE_PASSAGE_missing,0.008809325286369718,0.008809325286369718
1,D_full,ridge,TEMPERATURE_SLURRY_PULVERISATEUR_missing,0.002993523612073966,-0.002993523612073966
1,D_full,ridge,DEPRESSURE_SECHEUR_missing,0.0046243191604889815,0.0046243191604889815
1,D_full,ridge,LEVEL_CUVE_PASSAGE_missing,0.010606004055318405,-0.010606004055318405
1,D_full,ridge,TEMPERATURE_GAZ_SORTIE_SECHEUR_missing,0.007634437687620626,-0.007634437687620626
1,D_full,ridge,FLOW_RATE_FIOUL_missing,0.009304728707868044,-0.009304728707868044
1,D_full,ridge,TEMPERATURE_AIR_CHAUD_missing,0.01474757774148639,-0.01474757774148639
1,D_full,ridge,FLOW_RATE_LIQUIDE_LAVAGE_missing,0.007478549322011506,-0.007478549322011506
1,D_full,ridge,FLOW_RATE_VAPEUR_missing,0.004654194832750066,-0.004654194832750066
1,D_full,ridge,FLOW_RATE_SLURRY_M3_HR_2_missing,0.004928034526773081,0.004928034526773081
1,D_full,ridge,TEMPERATURE_BRIQUE_missing,0.000692206199647703,-0.000692206199647703
5,A_raw,ridge,PRODUCTION_TSP_BALANCE,0.29571466795657925,-0.29571466795657925
5,A_raw,ridge,FLOW_RATE_PHOSPHORIC_ACID_1,0.4415301109950286,0.4415301109950286
5,A_raw,ridge,FLOW_RATE_PHOSPHORIC_ACID_2,0.7157628506919674,0.7157628506919674
5,A_raw,ridge,FLOW_RATE_GROUND_PHOSPHATE,0.3932662270889146,-0.3932662270889146
5,A_raw,ridge,FLOW_RATE_SLURRY_T_PER_HR,0.01072062246084606,-0.01072062246084606
5,A_raw,ridge,FLOW_RATE_SLURRY_M3_HR,0.4274089963529952,-0.4274089963529952
5,A_raw,ridge,RECYCLAGE,0.33735261084867385,0.33735261084867385
5,A_raw,ridge,PRESSURE_VAPEUR,0.020148161608132615,0.020148161608132615
5,A_raw,ridge,TEMPERATURE_VAPEUR,0.0074478518485002875,-0.0074478518485002875
5,A_raw,ridge,TEMPERATURE_CUVE_ATTAQUE,0.05262024181032953,-0.05262024181032953
5,A_raw,ridge,TEMPERATURE_CUVE_DE_PASSAGE,0.39928213521843414,-0.39928213521843414
5,A_raw,ridge,TEMPERATURE_SLURRY_PULVERISATEUR,0.02235983974143364,0.02235983974143364
5,A_raw,ridge,DEPRESSURE_SECHEUR,0.02408627836087129,0.02408627836087129
5,A_raw,ridge,LEVEL_CUVE_PASSAGE,0.011178419221642913,0.011178419221642913
5,A_raw,ridge,TEMPERATURE_GAZ_SORTIE_SECHEUR,0.038311706341386816,-0.038311706341386816
5,A_raw,ridge,FLOW_RATE_FIOUL,0.03865979085328928,-0.03865979085328928
5,A_raw,ridge,TEMPERATURE_AIR_CHAUD,0.2511959863483135,0.2511959863483135
5,A_raw,ridge,FLOW_RATE_LIQUIDE_LAVAGE,0.039822072204068866,0.039822072204068866
5,A_raw,ridge,FLOW_RATE_VAPEUR,0.19526424803624176,0.19526424803624176
5,A_raw,ridge,FLOW_RATE_SLURRY_M3_HR_2,0.00537753478856983,-0.00537753478856983
5,A_raw,ridge,TEMPERATURE_BRIQUE,0.22485422537857805,0.22485422537857805
5,B_temporal,ridge,PRODUCTION_TSP_BALANCE,0.26386101865731243,-0.26386101865731243
5,B_temporal,ridge,PRODUCTION_TSP_BALANCE_roll_mean_30,0.016346590072835423,-0.016346590072835423
5,B_temporal,ridge,PRODUCTION_TSP_BALANCE_roll_std_10,0.01118852815103315,-0.01118852815103315
5,B_temporal,ridge,PRODUCTION_TSP_BALANCE_diff_5,0.021280401630553898,0.021280401630553898
5,B_temporal,ridge,PRODUCTION_TSP_BALANCE_slope_10,0.012131109484291273,0.012131109484291273
5,B_temporal,ridge,FLOW_RATE_PHOSPHORIC_ACID_1,0.49011055128175685,0.49011055128175685
5,B_temporal,ridge,FLOW_RATE_PHOSPHORIC_ACID_1_lag_10,0.01706016774219961,-0.01706016774219961
5,B_temporal,ridge,FLOW_RATE_PHOSPHORIC_ACID_1_roll_mean_10,0.003647273945668105,0.003647273945668105
5,B_temporal,ridge,FLOW_RATE_PHOSPHORIC_ACID_1_roll_mean_30,0.01195589328876756,-0.01195589328876756
5,B_temporal,ridge,FLOW_RATE_PHOSPHORIC_ACID_1_roll_std_10,0.012302131207435731,-0.012302131207435731
5,B_temporal,ridge,FLOW_RATE_PHOSPHORIC_ACID_1_diff_5,0.04337721345691803,-0.04337721345691803
5,B_temporal,ridge,FLOW_RATE_PHOSPHORIC_ACID_1_slope_10,0.00715321232065141,-0.00715321232065141
5,B_temporal,ridge,FLOW_RATE_PHOSPHORIC_ACID_2,0.5304642129150883,0.5304642129150883
5,B_temporal,ridge,FLOW_RATE_PHOSPHORIC_ACID_2_lag_10,0.1866858920250299,0.1866858920250299
5,B_temporal,ridge,FLOW_RATE_PHOSPHORIC_ACID_2_roll_mean_30,0.03937689412046681,0.03937689412046681
5,B_temporal,ridge,FLOW_RATE_PHOSPHORIC_ACID_2_roll_std_10,0.007197069714847809,0.007197069714847809
5,B_temporal,ridge,FLOW_RATE_PHOSPHORIC_ACID_2_diff_5,0.06099024078986059,-0.06099024078986059
5,B_temporal,ridge,FLOW_RATE_PHOSPHORIC_ACID_2_slope_10,0.042260940849049106,0.042260940849049106
5,B_temporal,ridge,FLOW_RATE_GROUND_PHOSPHATE,0.10971539694974917,-0.10971539694974917
5,B_temporal,ridge,FLOW_RATE_GROUND_PHOSPHATE_lag_10,0.5963383523886442,-0.5963383523886442
5,B_temporal,ridge,FLOW_RATE_GROUND_PHOSPHATE_roll_mean_10,0.07167482936410781,-0.07167482936410781
5,B_temporal,ridge,FLOW_RATE_GROUND_PHOSPHATE_roll_mean_30,0.01569396065851816,-0.01569396065851816
5,B_temporal,ridge,FLOW_RATE_GROUND_PHOSPHATE_roll_std_10,0.03169717301076717,0.03169717301076717
5,B_temporal,ridge,FLOW_RATE_GROUND_PHOSPHATE_diff_5,0.05104630282357677,-0.05104630282357677
5,B_temporal,ridge,FLOW_RATE_GROUND_PHOSPHATE_slope_10,0.05999763951809988,0.05999763951809988
5,B_temporal,ridge,FLOW_RATE_SLURRY_T_PER_HR,0.2301927045328991,0.2301927045328991
5,B_temporal,ridge,FLOW_RATE_SLURRY_T_PER_HR_lag_10,0.07166975110979923,0.07166975110979923
5,B_temporal,ridge,FLOW_RATE_SLURRY_T_PER_HR_roll_mean_30,0.038850681420944964,-0.038850681420944964
5,B_temporal,ridge,FLOW_RATE_SLURRY_T_PER_HR_roll_std_10,0.0012140836201875059,0.0012140836201875059
5,B_temporal,ridge,FLOW_RATE_SLURRY_T_PER_HR_diff_5,0.0035018723323254138,-0.0035018723323254138
5,B_temporal,ridge,FLOW_RATE_SLURRY_T_PER_HR_slope_10,0.011002594109337592,-0.011002594109337592
5,B_temporal,ridge,FLOW_RATE_SLURRY_M3_HR,0.22955431586216646,-0.22955431586216646
5,B_temporal,ridge,FLOW_RATE_SLURRY_M3_HR_lag_10,0.1664928976101037,-0.1664928976101037
5,B_temporal,ridge,FLOW_RATE_SLURRY_M3_HR_roll_mean_10,0.011841053344101876,-0.011841053344101876
5,B_temporal,ridge,FLOW_RATE_SLURRY_M3_HR_roll_mean_30,0.005802312593256381,-0.005802312593256381
5,B_temporal,ridge,FLOW_RATE_SLURRY_M3_HR_roll_std_10,0.0030022989999265006,-0.0030022989999265006
5,B_temporal,ridge,FLOW_RATE_SLURRY_M3_HR_diff_5,0.02274109158090133,0.02274109158090133
5,B_temporal,ridge,FLOW_RATE_SLURRY_M3_HR_slope_10,0.008822273840304186,0.008822273840304186
5,B_temporal,ridge,RECYCLAGE,0.25288646858503605,0.25288646858503605
5,B_temporal,ridge,RECYCLAGE_lag_10,0.0035035777023688674,-0.0035035777023688674
5,B_temporal,ridge,RECYCLAGE_roll_mean_30,0.1083356331786059,0.1083356331786059
5,B_temporal,ridge,RECYCLAGE_roll_std_10,0.00011706319744673175,0.00011706319744673175
5,B_temporal,ridge,RECYCLAGE_diff_5,0.008151479127935943,-0.008151479127935943
5,B_temporal,ridge,RECYCLAGE_slope_10,0.028802082702086063,0.028802082702086063
5,B_temporal,ridge,PRESSURE_VAPEUR,0.04860402170589934,0.04860402170589934
5,B_temporal,ridge,PRESSURE_VAPEUR_lag_5,0.013746779795047947,-0.013746779795047947
5,B_temporal,ridge,PRESSURE_VAPEUR_lag_10,0.01447424871726553,0.01447424871726553
5,B_temporal,ridge,PRESSURE_VAPEUR_roll_mean_10,0.01673259882398715,-0.01673259882398715
5,B_temporal,ridge,PRESSURE_VAPEUR_roll_mean_30,0.008723961586603378,-0.008723961586603378
5,B_temporal,ridge,PRESSURE_VAPEUR_roll_std_10,0.01114564826924941,0.01114564826924941
5,B_temporal,ridge,PRESSURE_VAPEUR_diff_5,0.016698340183172688,-0.016698340183172688
5,B_temporal,ridge,PRESSURE_VAPEUR_slope_10,0.001026722021106847,0.001026722021106847
5,B_temporal,ridge,TEMPERATURE_VAPEUR,0.009239877440466388,-0.009239877440466388
5,B_temporal,ridge,TEMPERATURE_VAPEUR_lag_1,0.013168672655636473,-0.013168672655636473
5,B_temporal,ridge,TEMPERATURE_VAPEUR_lag_5,0.0023388903299916127,-0.0023388903299916127
5,B_temporal,ridge,TEMPERATURE_VAPEUR_lag_10,0.06368576585155428,-0.06368576585155428
5,B_temporal,ridge,TEMPERATURE_VAPEUR_roll_mean_10,0.050864033287795665,0.050864033287795665
5,B_temporal,ridge,TEMPERATURE_VAPEUR_roll_mean_30,0.020814856424336108,0.020814856424336108
5,B_temporal,ridge,TEMPERATURE_VAPEUR_roll_std_10,0.0056097962102641405,-0.0056097962102641405
5,B_temporal,ridge,TEMPERATURE_VAPEUR_diff_5,0.005729456352619116,0.005729456352619116
5,B_temporal,ridge,TEMPERATURE_VAPEUR_slope_10,0.008853781004832403,-0.008853781004832403
5,B_temporal,ridge,TEMPERATURE_CUVE_ATTAQUE,0.0900098637595523,-0.0900098637595523
5,B_temporal,ridge,TEMPERATURE_CUVE_ATTAQUE_lag_15,0.0855751569072836,-0.0855751569072836
5,B_temporal,ridge,TEMPERATURE_CUVE_ATTAQUE_roll_mean_10,0.01582261066855796,-0.01582261066855796
5,B_temporal,ridge,TEMPERATURE_CUVE_ATTAQUE_roll_mean_30,0.01483785716947781,-0.01483785716947781
5,B_temporal,ridge,TEMPERATURE_CUVE_ATTAQUE_roll_std_10,0.052148643713905325,-0.052148643713905325
5,B_temporal,ridge,TEMPERATURE_CUVE_ATTAQUE_diff_5,0.018458163849396348,-0.018458163849396348
5,B_temporal,ridge,TEMPERATURE_CUVE_ATTAQUE_slope_10,0.02416150562254942,-0.02416150562254942
5,B_temporal,ridge,TEMPERATURE_CUVE_DE_PASSAGE,0.48740958069060775,-0.48740958069060775
5,B_temporal,ridge,TEMPERATURE_CUVE_DE_PASSAGE_roll_mean_30,0.012017541605049269,-0.012017541605049269
5,B_temporal,ridge,TEMPERATURE_CUVE_DE_PASSAGE_roll_std_10,0.05851000529029795,0.05851000529029795
5,B_temporal,ridge,TEMPERATURE_CUVE_DE_PASSAGE_diff_5,0.015453585186332514,0.015453585186332514
5,B_temporal,ridge,TEMPERATURE_CUVE_DE_PASSAGE_slope_10,0.024006320524795684,0.024006320524795684
5,B_temporal,ridge,TEMPERATURE_SLURRY_PULVERISATEUR,0.011415845124073806,0.011415845124073806
5,B_temporal,ridge,TEMPERATURE_SLURRY_PULVERISATEUR_roll_mean_30,0.01895940826322229,0.01895940826322229
5,B_temporal,ridge,TEMPERATURE_SLURRY_PULVERISATEUR_roll_std_10,0.04470690074766676,-0.04470690074766676
5,B_temporal,ridge,TEMPERATURE_SLURRY_PULVERISATEUR_diff_5,0.010036166636441302,-0.010036166636441302
5,B_temporal,ridge,TEMPERATURE_SLURRY_PULVERISATEUR_slope_10,0.014814913362855923,0.014814913362855923
5,B_temporal,ridge,DEPRESSURE_SECHEUR,0.049089938761919104,-0.049089938761919104
5,B_temporal,ridge,DEPRESSURE_SECHEUR_lag_1,0.01628848381515042,0.01628848381515042
5,B_temporal,ridge,DEPRESSURE_SECHEUR_lag_5,0.02155265235133714,0.02155265235133714
5,B_temporal,ridge,DEPRESSURE_SECHEUR_lag_10,0.002902380850403485,0.002902380850403485
5,B_temporal,ridge,DEPRESSURE_SECHEUR_roll_mean_10,0.0030741645127026845,0.0030741645127026845
5,B_temporal,ridge,DEPRESSURE_SECHEUR_roll_mean_30,0.020226857366393302,0.020226857366393302
5,B_temporal,ridge,DEPRESSURE_SECHEUR_roll_std_10,0.0017467522521750574,-0.0017467522521750574
5,B_temporal,ridge,DEPRESSURE_SECHEUR_diff_5,0.012922777191356871,0.012922777191356871
5,B_temporal,ridge,DEPRESSURE_SECHEUR_slope_10,0.004238950575932929,0.004238950575932929
5,B_temporal,ridge,LEVEL_CUVE_PASSAGE,0.06483855783872033,-0.06483855783872033
5,B_temporal,ridge,LEVEL_CUVE_PASSAGE_lag_5,0.012543514864853654,0.012543514864853654
5,B_temporal,ridge,LEVEL_CUVE_PASSAGE_lag_10,0.014712898492527682,0.014712898492527682
5,B_temporal,ridge,LEVEL_CUVE_PASSAGE_roll_mean_10,0.04718269192073765,0.04718269192073765
5,B_temporal,ridge,LEVEL_CUVE_PASSAGE_roll_mean_30,0.006178865520609931,0.006178865520609931
5,B_temporal,ridge,LEVEL_CUVE_PASSAGE_roll_std_10,0.0030193952762263823,0.0030193952762263823
5,B_temporal,ridge,LEVEL_CUVE_PASSAGE_diff_5,0.03249808519632942,0.03249808519632942
5,B_temporal,ridge,LEVEL_CUVE_PASSAGE_slope_10,0.021998553951683444,-0.021998553951683444
5,B_temporal,ridge,TEMPERATURE_GAZ_SORTIE_SECHEUR,0.004194427480889294,-0.004194427480889294
5,B_temporal,ridge,TEMPERATURE_GAZ_SORTIE_SECHEUR_lag_5,0.024070685697133068,0.024070685697133068
5,B_temporal,ridge,TEMPERATURE_GAZ_SORTIE_SECHEUR_lag_10,0.02521904375450155,-0.02521904375450155
5,B_temporal,ridge,TEMPERATURE_GAZ_SORTIE_SECHEUR_roll_mean_10,0.030057455158013606,-0.030057455158013606
5,B_temporal,ridge,TEMPERATURE_GAZ_SORTIE_SECHEUR_roll_mean_30,0.004023426520282905,0.004023426520282905
5,B_temporal,ridge,TEMPERATURE_GAZ_SORTIE_SECHEUR_roll_std_10,0.0047769564590376,0.0047769564590376
5,B_temporal,ridge,TEMPERATURE_GAZ_SORTIE_SECHEUR_diff_5,0.011274796980628275,0.011274796980628275
5,B_temporal,ridge,TEMPERATURE_GAZ_SORTIE_SECHEUR_slope_10,0.016273693803625422,-0.016273693803625422
5,B_temporal,ridge,FLOW_RATE_FIOUL,0.24722597230823234,0.24722597230823234
5,B_temporal,ridge,FLOW_RATE_FIOUL_lag_10,0.03547410169743362,-0.03547410169743362
5,B_temporal,ridge,FLOW_RATE_FIOUL_roll_mean_10,0.0874496040722799,-0.0874496040722799
5,B_temporal,ridge,FLOW_RATE_FIOUL_roll_mean_30,0.004669007328298785,-0.004669007328298785
5,B_temporal,ridge,FLOW_RATE_FIOUL_roll_std_10,0.0009073948495389583,0.0009073948495389583
5,B_temporal,ridge,FLOW_RATE_FIOUL_diff_5,0.02442806227401164,0.02442806227401164
5,B_temporal,ridge,FLOW_RATE_FIOUL_slope_10,0.03393695596826074,-0.03393695596826074
5,B_temporal,ridge,TEMPERATURE_AIR_CHAUD,0.128624843212271,0.128624843212271
5,B_temporal,ridge,TEMPERATURE_AIR_CHAUD_lag_10,0.05494839311834042,0.05494839311834042
5,B_temporal,ridge,TEMPERATURE_AIR_CHAUD_roll_mean_30,0.02488491190720402,0.02488491190720402
5,B_temporal,ridge,TEMPERATURE_AIR_CHAUD_roll_std_10,0.0017793622357482016,0.0017793622357482016
5,B_temporal,ridge,TEMPERATURE_AIR_CHAUD_diff_5,0.002930284910720468,-0.002930284910720468
5,B_temporal,ridge,TEMPERATURE_AIR_CHAUD_slope_10,0.005902219671464001,0.005902219671464001
5,B_temporal,ridge,FLOW_RATE_LIQUIDE_LAVAGE,0.025422343897483747,0.025422343897483747
5,B_temporal,ridge,FLOW_RATE_LIQUIDE_LAVAGE_lag_5,0.010604836905862388,0.010604836905862388
5,B_temporal,ridge,FLOW_RATE_LIQUIDE_LAVAGE_lag_10,0.014541144121437194,-0.014541144121437194
5,B_temporal,ridge,FLOW_RATE_LIQUIDE_LAVAGE_roll_mean_30,0.015912172369819844,0.015912172369819844
5,B_temporal,ridge,FLOW_RATE_LIQUIDE_LAVAGE_roll_std_10,0.004358069644559289,-0.004358069644559289
5,B_temporal,ridge,FLOW_RATE_LIQUIDE_LAVAGE_diff_5,0.002512523166038844,-0.002512523166038844
5,B_temporal,ridge,FLOW_RATE_LIQUIDE_LAVAGE_slope_10,0.001188765554660604,0.001188765554660604
5,B_temporal,ridge,FLOW_RATE_VAPEUR,0.11608667409851839,0.11608667409851839
5,B_temporal,ridge,FLOW_RATE_VAPEUR_lag_10,0.052190042320796076,0.052190042320796076
5,B_temporal,ridge,FLOW_RATE_VAPEUR_roll_mean_30,0.03354663721669486,-0.03354663721669486
5,B_temporal,ridge,FLOW_RATE_VAPEUR_roll_std_10,0.011927880025332993,0.011927880025332993
5,B_temporal,ridge,FLOW_RATE_VAPEUR_diff_5,0.0057486415149128394,0.0057486415149128394
5,B_temporal,ridge,FLOW_RATE_VAPEUR_slope_10,0.016735548213835456,0.016735548213835456
5,B_temporal,ridge,FLOW_RATE_SLURRY_M3_HR_2,0.014267924239529233,0.014267924239529233
5,B_temporal,ridge,FLOW_RATE_SLURRY_M3_HR_2_roll_mean_10,0.013861660854631657,0.013861660854631657
5,B_temporal,ridge,FLOW_RATE_SLURRY_M3_HR_2_roll_mean_30,0.02094105630846633,-0.02094105630846633
5,B_temporal,ridge,FLOW_RATE_SLURRY_M3_HR_2_roll_std_10,0.003998500388928688,0.003998500388928688
5,B_temporal,ridge,FLOW_RATE_SLURRY_M3_HR_2_diff_5,0.00298645855308363,-0.00298645855308363
5,B_temporal,ridge,FLOW_RATE_SLURRY_M3_HR_2_slope_10,0.00025252468101614084,-0.00025252468101614084
5,B_temporal,ridge,TEMPERATURE_BRIQUE,0.44111898406579514,0.44111898406579514
5,B_temporal,ridge,TEMPERATURE_BRIQUE_roll_mean_10,0.007902675658099476,-0.007902675658099476
5,B_temporal,ridge,TEMPERATURE_BRIQUE_roll_mean_30,0.019209495001710913,-0.019209495001710913
5,B_temporal,ridge,TEMPERATURE_BRIQUE_roll_std_10,0.024068087420690457,0.024068087420690457
5,B_temporal,ridge,TEMPERATURE_BRIQUE_diff_5,0.020943581895300992,0.020943581895300992
5,B_temporal,ridge,TEMPERATURE_BRIQUE_slope_10,0.0036882520462500467,0.0036882520462500467
5,B_temporal,ridge,PRODUCTION_TSP_BALANCE_missing,0.010913422475576378,-0.010913422475576378
5,B_temporal,ridge,FLOW_RATE_PHOSPHORIC_ACID_1_missing,0.0053074036895444055,0.0053074036895444055
5,B_temporal,ridge,FLOW_RATE_PHOSPHORIC_ACID_2_missing,0.009218015144073883,-0.009218015144073883
5,B_temporal,ridge,FLOW_RATE_GROUND_PHOSPHATE_missing,0.017367712438484024,-0.017367712438484024
5,B_temporal,ridge,FLOW_RATE_SLURRY_T_PER_HR_missing,0.002057180230603893,0.002057180230603893
5,B_temporal,ridge,FLOW_RATE_SLURRY_M3_HR_missing,0.008925713575002126,-0.008925713575002126
5,B_temporal,ridge,RECYCLAGE_missing,0.005288026872850134,0.005288026872850134
5,B_temporal,ridge,PRESSURE_VAPEUR_missing,0.004799942895858776,-0.004799942895858776
5,B_temporal,ridge,TEMPERATURE_VAPEUR_missing,0.0054037782237727075,-0.0054037782237727075
5,B_temporal,ridge,TEMPERATURE_CUVE_ATTAQUE_missing,0.011494439213976259,0.011494439213976259
5,B_temporal,ridge,TEMPERATURE_CUVE_DE_PASSAGE_missing,0.009401785049820453,0.009401785049820453
5,B_temporal,ridge,TEMPERATURE_SLURRY_PULVERISATEUR_missing,0.0008167510044855439,-0.0008167510044855439
5,B_temporal,ridge,DEPRESSURE_SECHEUR_missing,0.005267969293694333,0.005267969293694333
5,B_temporal,ridge,LEVEL_CUVE_PASSAGE_missing,0.00803535683289365,-0.00803535683289365
5,B_temporal,ridge,TEMPERATURE_GAZ_SORTIE_SECHEUR_missing,0.00820327165073799,-0.00820327165073799
5,B_temporal,ridge,FLOW_RATE_FIOUL_missing,0.009934683379221088,-0.009934683379221088
5,B_temporal,ridge,TEMPERATURE_AIR_CHAUD_missing,0.014984684557855307,-0.014984684557855307
5,B_temporal,ridge,FLOW_RATE_LIQUIDE_LAVAGE_missing,0.009735355791637226,-0.009735355791637226
5,B_temporal,ridge,FLOW_RATE_VAPEUR_missing,0.004081175484231074,-0.004081175484231074
5,B_temporal,ridge,FLOW_RATE_SLURRY_M3_HR_2_missing,0.005644263799131438,0.005644263799131438
5,B_temporal,ridge,TEMPERATURE_BRIQUE_missing,0.0004763508996426601,-0.0004763508996426601
5,C_process,ridge,PRODUCTION_TSP_BALANCE,0.25808282072358946,-0.25808282072358946
5,C_process,ridge,FLOW_RATE_PHOSPHORIC_ACID_1,0.524634285744116,0.524634285744116
5,C_process,ridge,FLOW_RATE_PHOSPHORIC_ACID_2,0.9914548852370678,0.9914548852370678
5,C_process,ridge,FLOW_RATE_GROUND_PHOSPHATE,0.40782359014759434,-0.40782359014759434
5,C_process,ridge,FLOW_RATE_SLURRY_T_PER_HR,0.02004708405718557,-0.02004708405718557
5,C_process,ridge,FLOW_RATE_SLURRY_M3_HR,0.3597761959812889,-0.3597761959812889
5,C_process,ridge,RECYCLAGE,0.32043580783899245,0.32043580783899245
5,C_process,ridge,PRESSURE_VAPEUR,0.4158481411762143,0.4158481411762143
5,C_process,ridge,TEMPERATURE_VAPEUR,0.22251858871018917,0.22251858871018917
5,C_process,ridge,TEMPERATURE_CUVE_ATTAQUE,0.08442628629241461,-0.08442628629241461
5,C_process,ridge,TEMPERATURE_CUVE_DE_PASSAGE,0.4886837986649198,-0.4886837986649198
5,C_process,ridge,TEMPERATURE_SLURRY_PULVERISATEUR,0.22123384983557495,-0.22123384983557495
5,C_process,ridge,DEPRESSURE_SECHEUR,0.019840375887534394,0.019840375887534394
5,C_process,ridge,LEVEL_CUVE_PASSAGE,0.009941636567551402,0.009941636567551402
5,C_process,ridge,TEMPERATURE_GAZ_SORTIE_SECHEUR,0.018693187441192333,0.018693187441192333
5,C_process,ridge,FLOW_RATE_FIOUL,0.039020379573384806,-0.039020379573384806
5,C_process,ridge,TEMPERATURE_AIR_CHAUD,0.14519456508295908,0.14519456508295908
5,C_process,ridge,FLOW_RATE_LIQUIDE_LAVAGE,0.033338897777181506,0.033338897777181506
5,C_process,ridge,FLOW_RATE_VAPEUR,0.18450508234375884,0.18450508234375884
5,C_process,ridge,FLOW_RATE_SLURRY_M3_HR_2,0.001172305350911284,-0.001172305350911284
5,C_process,ridge,TEMPERATURE_BRIQUE,0.17146354229481064,0.17146354229481064
5,C_process,ridge,TOTAL_ACID_FLOW,0.22466807739877537,-0.22466807739877537
5,C_process,ridge,ACID_FLOW_IMBALANCE,0.07980537182359208,-0.07980537182359208
5,C_process,ridge,ACID_TO_PHOSPHATE_RATIO,0.002826144286351279,-0.002826144286351279
5,C_process,ridge,TOTAL_SLURRY_M3_FLOW,0.04544766219210424,-0.04544766219210424
5,C_process,ridge,SLURRY_DENSITY_PROXY,0.006305520385318385,0.006305520385318385
5,C_process,ridge,ATTACK_PASSAGE_TEMP_GRADIENT,0.005624310969526476,-0.005624310969526476
5,C_process,ridge,HOT_AIR_DRYER_OUTLET_GRADIENT,0.020312895154831423,0.020312895154831423
5,C_process,ridge,STEAM_SLURRY_TEMP_GRADIENT,0.17193609561794954,-0.17193609561794954
5,C_process,ridge,STEAM_ENERGY_PROXY,0.4701542651918999,-0.4701542651918999
5,C_process,ridge,DRYING_INTENSITY_PROXY,0.0007756407383740446,-0.0007756407383740446
5,C_process,ridge,RECYCLE_TO_PRODUCTION_RATIO,0.02367274582370675,0.02367274582370675
5,C_process,ridge,FLOW_RATE_PHOSPHORIC_ACID_1_CV_10,0.069374142681197,-0.069374142681197
5,C_process,ridge,FLOW_RATE_PHOSPHORIC_ACID_2_CV_10,0.04656468244965909,-0.04656468244965909
5,C_process,ridge,FLOW_RATE_GROUND_PHOSPHATE_CV_10,0.058148381099262576,-0.058148381099262576
5,C_process,ridge,FLOW_RATE_FIOUL_CV_10,0.007890946101763947,0.007890946101763947
5,C_process,ridge,FLOW_RATE_VAPEUR_CV_10,0.04635424689902763,-0.04635424689902763
5,C_process,ridge,PRODUCTION_TSP_BALANCE_missing,0.014027320514239092,-0.014027320514239092
5,C_process,ridge,FLOW_RATE_PHOSPHORIC_ACID_1_missing,0.0010635102136171337,0.0010635102136171337
5,C_process,ridge,FLOW_RATE_PHOSPHORIC_ACID_2_missing,0.019521723615943926,-0.019521723615943926
5,C_process,ridge,FLOW_RATE_GROUND_PHOSPHATE_missing,0.004920699981251736,-0.004920699981251736
5,C_process,ridge,FLOW_RATE_SLURRY_T_PER_HR_missing,0.002175598631381723,-0.002175598631381723
5,C_process,ridge,FLOW_RATE_SLURRY_M3_HR_missing,0.005003328782674906,-0.005003328782674906
5,C_process,ridge,RECYCLAGE_missing,0.0051049980924707,0.0051049980924707
5,C_process,ridge,PRESSURE_VAPEUR_missing,0.004741311181627306,-0.004741311181627306
5,C_process,ridge,TEMPERATURE_VAPEUR_missing,0.012659062235049843,-0.012659062235049843
5,C_process,ridge,TEMPERATURE_CUVE_ATTAQUE_missing,0.015743058395734543,0.015743058395734543
5,C_process,ridge,TEMPERATURE_CUVE_DE_PASSAGE_missing,0.008837212809276063,0.008837212809276063
5,C_process,ridge,TEMPERATURE_SLURRY_PULVERISATEUR_missing,0.006797224967049605,-0.006797224967049605
5,C_process,ridge,DEPRESSURE_SECHEUR_missing,0.004509736005120412,0.004509736005120412
5,C_process,ridge,LEVEL_CUVE_PASSAGE_missing,0.00974861301396952,-0.00974861301396952
5,C_process,ridge,TEMPERATURE_GAZ_SORTIE_SECHEUR_missing,0.008252668487108225,-0.008252668487108225
5,C_process,ridge,FLOW_RATE_FIOUL_missing,0.01001142384586313,-0.01001142384586313
5,C_process,ridge,TEMPERATURE_AIR_CHAUD_missing,0.015379281757899824,-0.015379281757899824
5,C_process,ridge,FLOW_RATE_LIQUIDE_LAVAGE_missing,0.014353438183932015,-0.014353438183932015
5,C_process,ridge,FLOW_RATE_VAPEUR_missing,0.005536280633688871,-0.005536280633688871
5,C_process,ridge,FLOW_RATE_SLURRY_M3_HR_2_missing,0.007612715115605453,0.007612715115605453
5,C_process,ridge,TEMPERATURE_BRIQUE_missing,0.0021484454461976692,0.0021484454461976692
5,D_full,ridge,PRODUCTION_TSP_BALANCE,0.2779629383843465,-0.2779629383843465
5,D_full,ridge,PRODUCTION_TSP_BALANCE_roll_mean_30,0.013902292819733975,0.013902292819733975
5,D_full,ridge,PRODUCTION_TSP_BALANCE_roll_std_10,0.0023112359474980154,-0.0023112359474980154
5,D_full,ridge,PRODUCTION_TSP_BALANCE_diff_5,0.024208529446709086,0.024208529446709086
5,D_full,ridge,PRODUCTION_TSP_BALANCE_slope_10,0.00748235182175973,0.00748235182175973
5,D_full,ridge,FLOW_RATE_PHOSPHORIC_ACID_1,0.5576762962913548,0.5576762962913548
5,D_full,ridge,FLOW_RATE_PHOSPHORIC_ACID_1_lag_10,0.0018768105250790358,0.0018768105250790358
5,D_full,ridge,FLOW_RATE_PHOSPHORIC_ACID_1_roll_mean_10,0.012550170697057867,-0.012550170697057867
5,D_full,ridge,FLOW_RATE_PHOSPHORIC_ACID_1_roll_mean_30,0.019634647839056094,-0.019634647839056094
5,D_full,ridge,FLOW_RATE_PHOSPHORIC_ACID_1_roll_std_10,0.005989478044079119,-0.005989478044079119
5,D_full,ridge,FLOW_RATE_PHOSPHORIC_ACID_1_diff_5,0.04537216673243437,-0.04537216673243437
5,D_full,ridge,FLOW_RATE_PHOSPHORIC_ACID_1_slope_10,0.0013620263387439495,-0.0013620263387439495
5,D_full,ridge,FLOW_RATE_PHOSPHORIC_ACID_2,0.7081018826802031,0.7081018826802031
5,D_full,ridge,FLOW_RATE_PHOSPHORIC_ACID_2_lag_10,0.20004281063534263,0.20004281063534263
5,D_full,ridge,FLOW_RATE_PHOSPHORIC_ACID_2_roll_mean_30,0.027341506345624194,0.027341506345624194
5,D_full,ridge,FLOW_RATE_PHOSPHORIC_ACID_2_roll_std_10,0.008027564651802082,0.008027564651802082
5,D_full,ridge,FLOW_RATE_PHOSPHORIC_ACID_2_diff_5,0.0623211957729034,-0.0623211957729034
5,D_full,ridge,FLOW_RATE_PHOSPHORIC_ACID_2_slope_10,0.04857126418402034,0.04857126418402034
5,D_full,ridge,FLOW_RATE_GROUND_PHOSPHATE,0.1180728208862043,-0.1180728208862043
5,D_full,ridge,FLOW_RATE_GROUND_PHOSPHATE_lag_10,0.547818342550696,-0.547818342550696
5,D_full,ridge,FLOW_RATE_GROUND_PHOSPHATE_roll_mean_10,0.11314919736117508,-0.11314919736117508
5,D_full,ridge,FLOW_RATE_GROUND_PHOSPHATE_roll_mean_30,0.002670312274798371,0.002670312274798371
5,D_full,ridge,FLOW_RATE_GROUND_PHOSPHATE_roll_std_10,0.0305587369903344,0.0305587369903344
5,D_full,ridge,FLOW_RATE_GROUND_PHOSPHATE_diff_5,0.04991011018442458,-0.04991011018442458
5,D_full,ridge,FLOW_RATE_GROUND_PHOSPHATE_slope_10,0.06223660390344348,0.06223660390344348
5,D_full,ridge,FLOW_RATE_SLURRY_T_PER_HR,0.21700615452402547,0.21700615452402547
5,D_full,ridge,FLOW_RATE_SLURRY_T_PER_HR_lag_10,0.05604904578667095,0.05604904578667095
5,D_full,ridge,FLOW_RATE_SLURRY_T_PER_HR_roll_mean_30,0.0413912138989337,-0.0413912138989337
5,D_full,ridge,FLOW_RATE_SLURRY_T_PER_HR_roll_std_10,0.0019355806403010278,-0.0019355806403010278
5,D_full,ridge,FLOW_RATE_SLURRY_T_PER_HR_diff_5,0.00020847363249163213,-0.00020847363249163213
5,D_full,ridge,FLOW_RATE_SLURRY_T_PER_HR_slope_10,0.011070809321028174,-0.011070809321028174
5,D_full,ridge,FLOW_RATE_SLURRY_M3_HR,0.1565802806462783,-0.1565802806462783
5,D_full,ridge,FLOW_RATE_SLURRY_M3_HR_lag_10,0.15719616600681216,-0.15719616600681216
5,D_full,ridge,FLOW_RATE_SLURRY_M3_HR_roll_mean_10,0.004586703383428729,0.004586703383428729
5,D_full,ridge,FLOW_RATE_SLURRY_M3_HR_roll_mean_30,0.00637157644756696,-0.00637157644756696
5,D_full,ridge,FLOW_RATE_SLURRY_M3_HR_roll_std_10,0.002111433758099373,-0.002111433758099373
5,D_full,ridge,FLOW_RATE_SLURRY_M3_HR_diff_5,0.02070186922579083,0.02070186922579083
5,D_full,ridge,FLOW_RATE_SLURRY_M3_HR_slope_10,0.009928383259271336,0.009928383259271336
5,D_full,ridge,RECYCLAGE,0.2418300651084179,0.2418300651084179
5,D_full,ridge,RECYCLAGE_lag_10,0.001322388058708127,-0.001322388058708127
5,D_full,ridge,RECYCLAGE_roll_mean_30,0.10532714877298083,0.10532714877298083
5,D_full,ridge,RECYCLAGE_roll_std_10,0.004503748004459955,-0.004503748004459955
5,D_full,ridge,RECYCLAGE_diff_5,0.005374474509271912,-0.005374474509271912
5,D_full,ridge,RECYCLAGE_slope_10,0.02742550772480411,0.02742550772480411
5,D_full,ridge,PRESSURE_VAPEUR,0.3793086681136811,0.3793086681136811
5,D_full,ridge,PRESSURE_VAPEUR_lag_5,0.02299320046083606,-0.02299320046083606
5,D_full,ridge,PRESSURE_VAPEUR_lag_10,0.016418738877218533,0.016418738877218533
5,D_full,ridge,PRESSURE_VAPEUR_roll_mean_10,0.014010411464045929,-0.014010411464045929
5,D_full,ridge,PRESSURE_VAPEUR_roll_mean_30,0.018428109674030628,-0.018428109674030628
5,D_full,ridge,PRESSURE_VAPEUR_roll_std_10,0.010261789715362086,0.010261789715362086
5,D_full,ridge,PRESSURE_VAPEUR_diff_5,0.019762005998767804,-0.019762005998767804
5,D_full,ridge,PRESSURE_VAPEUR_slope_10,4.2932165339889324e-05,-4.2932165339889324e-05
5,D_full,ridge,TEMPERATURE_VAPEUR,0.22539583759043172,0.22539583759043172
5,D_full,ridge,TEMPERATURE_VAPEUR_lag_1,0.028668873026135588,-0.028668873026135588
5,D_full,ridge,TEMPERATURE_VAPEUR_lag_5,0.08843992699282022,-0.08843992699282022
5,D_full,ridge,TEMPERATURE_VAPEUR_lag_10,0.06590074658768295,-0.06590074658768295
5,D_full,ridge,TEMPERATURE_VAPEUR_roll_mean_10,0.06665135502597226,0.06665135502597226
5,D_full,ridge,TEMPERATURE_VAPEUR_roll_mean_30,0.01574168176141497,0.01574168176141497
5,D_full,ridge,TEMPERATURE_VAPEUR_roll_std_10,0.004954323147729155,-0.004954323147729155
5,D_full,ridge,TEMPERATURE_VAPEUR_diff_5,0.02598311076858222,-0.02598311076858222
5,D_full,ridge,TEMPERATURE_VAPEUR_slope_10,0.008066121904660902,-0.008066121904660902
5,D_full,ridge,TEMPERATURE_CUVE_ATTAQUE,0.08796443824812447,-0.08796443824812447
5,D_full,ridge,TEMPERATURE_CUVE_ATTAQUE_lag_15,0.04934635182791206,-0.04934635182791206
5,D_full,ridge,TEMPERATURE_CUVE_ATTAQUE_roll_mean_10,0.032802199050351435,-0.032802199050351435
5,D_full,ridge,TEMPERATURE_CUVE_ATTAQUE_roll_mean_30,0.0007102373477876489,-0.0007102373477876489
5,D_full,ridge,TEMPERATURE_CUVE_ATTAQUE_roll_std_10,0.044811738546846745,-0.044811738546846745
5,D_full,ridge,TEMPERATURE_CUVE_ATTAQUE_diff_5,0.009245970582348061,-0.009245970582348061
5,D_full,ridge,TEMPERATURE_CUVE_ATTAQUE_slope_10,0.019522985791859536,-0.019522985791859536
5,D_full,ridge,TEMPERATURE_CUVE_DE_PASSAGE,0.5575473964330552,-0.5575473964330552
5,D_full,ridge,TEMPERATURE_CUVE_DE_PASSAGE_roll_mean_30,0.04222258224042001,-0.04222258224042001
5,D_full,ridge,TEMPERATURE_CUVE_DE_PASSAGE_roll_std_10,0.05329965642836885,0.05329965642836885
5,D_full,ridge,TEMPERATURE_CUVE_DE_PASSAGE_diff_5,0.009681070677325548,0.009681070677325548
5,D_full,ridge,TEMPERATURE_CUVE_DE_PASSAGE_slope_10,0.01600473402822392,0.01600473402822392
5,D_full,ridge,TEMPERATURE_SLURRY_PULVERISATEUR,0.15227129507447704,-0.15227129507447704
5,D_full,ridge,TEMPERATURE_SLURRY_PULVERISATEUR_roll_mean_30,0.04022957918223242,0.04022957918223242
5,D_full,ridge,TEMPERATURE_SLURRY_PULVERISATEUR_roll_std_10,0.043639630953381435,-0.043639630953381435
5,D_full,ridge,TEMPERATURE_SLURRY_PULVERISATEUR_diff_5,0.0070013382664614815,-0.0070013382664614815
5,D_full,ridge,TEMPERATURE_SLURRY_PULVERISATEUR_slope_10,0.01655759847635022,0.01655759847635022
5,D_full,ridge,DEPRESSURE_SECHEUR,0.039539407662693274,-0.039539407662693274
5,D_full,ridge,DEPRESSURE_SECHEUR_lag_1,0.011450918943053874,0.011450918943053874
5,D_full,ridge,DEPRESSURE_SECHEUR_lag_5,0.009716349373004344,0.009716349373004344
5,D_full,ridge,DEPRESSURE_SECHEUR_lag_10,0.0009894587613038571,0.0009894587613038571
5,D_full,ridge,DEPRESSURE_SECHEUR_roll_mean_10,0.013662619995808926,0.013662619995808926
5,D_full,ridge,DEPRESSURE_SECHEUR_roll_mean_30,0.016659367627378872,0.016659367627378872
5,D_full,ridge,DEPRESSURE_SECHEUR_roll_std_10,0.002333631814657399,-0.002333631814657399
5,D_full,ridge,DEPRESSURE_SECHEUR_diff_5,0.008531650383081752,0.008531650383081752
5,D_full,ridge,DEPRESSURE_SECHEUR_slope_10,0.005217365485135483,0.005217365485135483
5,D_full,ridge,LEVEL_CUVE_PASSAGE,0.06389926059831091,-0.06389926059831091
5,D_full,ridge,LEVEL_CUVE_PASSAGE_lag_5,0.017440839614726828,0.017440839614726828
5,D_full,ridge,LEVEL_CUVE_PASSAGE_lag_10,0.012115356596934402,0.012115356596934402
5,D_full,ridge,LEVEL_CUVE_PASSAGE_roll_mean_10,0.03387392955400201,0.03387392955400201
5,D_full,ridge,LEVEL_CUVE_PASSAGE_roll_mean_30,0.01564540208964176,0.01564540208964176
5,D_full,ridge,LEVEL_CUVE_PASSAGE_roll_std_10,0.003566606935307048,0.003566606935307048
5,D_full,ridge,LEVEL_CUVE_PASSAGE_diff_5,0.03288295465547535,0.03288295465547535
5,D_full,ridge,LEVEL_CUVE_PASSAGE_slope_10,0.020567789463899547,-0.020567789463899547
5,D_full,ridge,TEMPERATURE_GAZ_SORTIE_SECHEUR,0.024822248871446476,0.024822248871446476
5,D_full,ridge,TEMPERATURE_GAZ_SORTIE_SECHEUR_lag_5,0.03283471868371461,0.03283471868371461
5,D_full,ridge,TEMPERATURE_GAZ_SORTIE_SECHEUR_lag_10,0.026010066117192875,-0.026010066117192875
5,D_full,ridge,TEMPERATURE_GAZ_SORTIE_SECHEUR_roll_mean_10,0.036967120108937705,-0.036967120108937705
5,D_full,ridge,TEMPERATURE_GAZ_SORTIE_SECHEUR_roll_mean_30,0.010824292080032357,0.010824292080032357
5,D_full,ridge,TEMPERATURE_GAZ_SORTIE_SECHEUR_roll_std_10,0.002753255641747867,0.002753255641747867
5,D_full,ridge,TEMPERATURE_GAZ_SORTIE_SECHEUR_diff_5,0.012815536707491769,0.012815536707491769
5,D_full,ridge,TEMPERATURE_GAZ_SORTIE_SECHEUR_slope_10,0.014708344831401612,-0.014708344831401612
5,D_full,ridge,FLOW_RATE_FIOUL,0.23126110772553593,0.23126110772553593
5,D_full,ridge,FLOW_RATE_FIOUL_lag_10,0.02336766983875188,-0.02336766983875188
5,D_full,ridge,FLOW_RATE_FIOUL_roll_mean_10,0.08202706931279634,-0.08202706931279634
5,D_full,ridge,FLOW_RATE_FIOUL_roll_mean_30,0.019064515224496335,-0.019064515224496335
5,D_full,ridge,FLOW_RATE_FIOUL_roll_std_10,0.0009095578735974846,0.0009095578735974846
5,D_full,ridge,FLOW_RATE_FIOUL_diff_5,0.02277716724998632,0.02277716724998632
5,D_full,ridge,FLOW_RATE_FIOUL_slope_10,0.03307187733940766,-0.03307187733940766
5,D_full,ridge,TEMPERATURE_AIR_CHAUD,0.08222527668486368,0.08222527668486368
5,D_full,ridge,TEMPERATURE_AIR_CHAUD_lag_10,0.0465893186071817,0.0465893186071817
5,D_full,ridge,TEMPERATURE_AIR_CHAUD_roll_mean_30,0.012064959985489131,0.012064959985489131
5,D_full,ridge,TEMPERATURE_AIR_CHAUD_roll_std_10,0.00038330103847672106,0.00038330103847672106
5,D_full,ridge,TEMPERATURE_AIR_CHAUD_diff_5,0.002906827477785368,-0.002906827477785368
5,D_full,ridge,TEMPERATURE_AIR_CHAUD_slope_10,0.0031262068949426446,0.0031262068949426446
5,D_full,ridge,FLOW_RATE_LIQUIDE_LAVAGE,0.02174180845253954,0.02174180845253954
5,D_full,ridge,FLOW_RATE_LIQUIDE_LAVAGE_lag_5,0.014303590310216246,0.014303590310216246
5,D_full,ridge,FLOW_RATE_LIQUIDE_LAVAGE_lag_10,0.012741010678469396,-0.012741010678469396
5,D_full,ridge,FLOW_RATE_LIQUIDE_LAVAGE_roll_mean_30,0.008591547349745108,0.008591547349745108
5,D_full,ridge,FLOW_RATE_LIQUIDE_LAVAGE_roll_std_10,0.004720819744242079,-0.004720819744242079
5,D_full,ridge,FLOW_RATE_LIQUIDE_LAVAGE_diff_5,0.001511661853860183,-0.001511661853860183
5,D_full,ridge,FLOW_RATE_LIQUIDE_LAVAGE_slope_10,0.0014524307387354784,0.0014524307387354784
5,D_full,ridge,FLOW_RATE_VAPEUR,0.1132692174294727,0.1132692174294727
5,D_full,ridge,FLOW_RATE_VAPEUR_lag_10,0.05640607206100235,0.05640607206100235
5,D_full,ridge,FLOW_RATE_VAPEUR_roll_mean_30,0.04192723856822292,-0.04192723856822292
5,D_full,ridge,FLOW_RATE_VAPEUR_roll_std_10,0.010953509854129167,0.010953509854129167
5,D_full,ridge,FLOW_RATE_VAPEUR_diff_5,0.005817163232883403,0.005817163232883403
5,D_full,ridge,FLOW_RATE_VAPEUR_slope_10,0.01682416161656185,0.01682416161656185
5,D_full,ridge,FLOW_RATE_SLURRY_M3_HR_2,0.028233698903883865,0.028233698903883865
5,D_full,ridge,FLOW_RATE_SLURRY_M3_HR_2_roll_mean_10,0.014350095715037635,0.014350095715037635
5,D_full,ridge,FLOW_RATE_SLURRY_M3_HR_2_roll_mean_30,0.02711332284421464,-0.02711332284421464
5,D_full,ridge,FLOW_RATE_SLURRY_M3_HR_2_roll_std_10,0.0033893022842999537,0.0033893022842999537
5,D_full,ridge,FLOW_RATE_SLURRY_M3_HR_2_diff_5,0.002202262935993853,-0.002202262935993853
5,D_full,ridge,FLOW_RATE_SLURRY_M3_HR_2_slope_10,0.0012209549617631353,0.0012209549617631353
5,D_full,ridge,TEMPERATURE_BRIQUE,0.37362415723133346,0.37362415723133346
5,D_full,ridge,TEMPERATURE_BRIQUE_roll_mean_10,0.0170276939090216,-0.0170276939090216
5,D_full,ridge,TEMPERATURE_BRIQUE_roll_mean_30,0.0024211030013788744,-0.0024211030013788744
5,D_full,ridge,TEMPERATURE_BRIQUE_roll_std_10,0.029096201061667576,0.029096201061667576
5,D_full,ridge,TEMPERATURE_BRIQUE_diff_5,0.02341046223671286,0.02341046223671286
5,D_full,ridge,TEMPERATURE_BRIQUE_slope_10,0.006108536960741614,-0.006108536960741614
5,D_full,ridge,TOTAL_ACID_FLOW,0.15838490441465003,-0.15838490441465003
5,D_full,ridge,ACID_FLOW_IMBALANCE,0.037088505979802976,-0.037088505979802976
5,D_full,ridge,ACID_TO_PHOSPHATE_RATIO,0.0040811876053805434,-0.0040811876053805434
5,D_full,ridge,TOTAL_SLURRY_M3_FLOW,0.0694537905224827,-0.0694537905224827
5,D_full,ridge,SLURRY_DENSITY_PROXY,0.006720325553409451,0.006720325553409451
5,D_full,ridge,ATTACK_PASSAGE_TEMP_GRADIENT,0.01994197242576225,-0.01994197242576225
5,D_full,ridge,HOT_AIR_DRYER_OUTLET_GRADIENT,0.011027649448820965,0.011027649448820965
5,D_full,ridge,STEAM_SLURRY_TEMP_GRADIENT,0.07753828845925309,-0.07753828845925309
5,D_full,ridge,STEAM_ENERGY_PROXY,0.3784504187634438,-0.3784504187634438
5,D_full,ridge,DRYING_INTENSITY_PROXY,0.0026625834389854704,-0.0026625834389854704
5,D_full,ridge,RECYCLE_TO_PRODUCTION_RATIO,0.030985985646745207,0.030985985646745207
5,D_full,ridge,FLOW_RATE_PHOSPHORIC_ACID_1_CV_10,0.06176630450985349,-0.06176630450985349
5,D_full,ridge,FLOW_RATE_PHOSPHORIC_ACID_2_CV_10,0.025697295977403875,-0.025697295977403875
5,D_full,ridge,FLOW_RATE_GROUND_PHOSPHATE_CV_10,0.05869988523654121,-0.05869988523654121
5,D_full,ridge,FLOW_RATE_FIOUL_CV_10,0.0026513382992796445,0.0026513382992796445
5,D_full,ridge,FLOW_RATE_VAPEUR_CV_10,0.038147870284794876,-0.038147870284794876
5,D_full,ridge,PRODUCTION_TSP_BALANCE_missing,0.011193225993501855,-0.011193225993501855
5,D_full,ridge,FLOW_RATE_PHOSPHORIC_ACID_1_missing,0.002808527295883122,0.002808527295883122
5,D_full,ridge,FLOW_RATE_PHOSPHORIC_ACID_2_missing,0.00801142247925082,-0.00801142247925082
5,D_full,ridge,FLOW_RATE_GROUND_PHOSPHATE_missing,0.018052141167375007,-0.018052141167375007
5,D_full,ridge,FLOW_RATE_SLURRY_T_PER_HR_missing,0.002015459050080549,0.002015459050080549
5,D_full,ridge,FLOW_RATE_SLURRY_M3_HR_missing,0.008446364474554666,-0.008446364474554666
5,D_full,ridge,RECYCLAGE_missing,0.005469971978136986,0.005469971978136986
5,D_full,ridge,PRESSURE_VAPEUR_missing,0.004651843502269606,-0.004651843502269606
5,D_full,ridge,TEMPERATURE_VAPEUR_missing,0.0072289322576826135,-0.0072289322576826135
5,D_full,ridge,TEMPERATURE_CUVE_ATTAQUE_missing,0.01061003987135552,0.01061003987135552
5,D_full,ridge,TEMPERATURE_CUVE_DE_PASSAGE_missing,0.009047843734512511,0.009047843734512511
5,D_full,ridge,TEMPERATURE_SLURRY_PULVERISATEUR_missing,0.0025703804579973863,-0.0025703804579973863
5,D_full,ridge,DEPRESSURE_SECHEUR_missing,0.004456931593783779,0.004456931593783779
5,D_full,ridge,LEVEL_CUVE_PASSAGE_missing,0.007961364626436408,-0.007961364626436408
5,D_full,ridge,TEMPERATURE_GAZ_SORTIE_SECHEUR_missing,0.007529842882220933,-0.007529842882220933
5,D_full,ridge,FLOW_RATE_FIOUL_missing,0.010006311747577521,-0.010006311747577521
5,D_full,ridge,TEMPERATURE_AIR_CHAUD_missing,0.01439836564608833,-0.01439836564608833
5,D_full,ridge,FLOW_RATE_LIQUIDE_LAVAGE_missing,0.008833723317833251,-0.008833723317833251
5,D_full,ridge,FLOW_RATE_VAPEUR_missing,0.0045920958004986795,-0.0045920958004986795
5,D_full,ridge,FLOW_RATE_SLURRY_M3_HR_2_missing,0.005070156384725479,0.005070156384725479
5,D_full,ridge,TEMPERATURE_BRIQUE_missing,0.0002610750380206063,-0.0002610750380206063
10,A_raw,ridge,PRODUCTION_TSP_BALANCE,0.2635670104342946,-0.2635670104342946
10,A_raw,ridge,FLOW_RATE_PHOSPHORIC_ACID_1,0.42017318358140604,0.42017318358140604
10,A_raw,ridge,FLOW_RATE_PHOSPHORIC_ACID_2,0.6779822276280189,0.6779822276280189
10,A_raw,ridge,FLOW_RATE_GROUND_PHOSPHATE,0.19407095775804253,-0.19407095775804253
10,A_raw,ridge,FLOW_RATE_SLURRY_T_PER_HR,0.1063760138972459,-0.1063760138972459
10,A_raw,ridge,FLOW_RATE_SLURRY_M3_HR,0.4284820569847641,-0.4284820569847641
10,A_raw,ridge,RECYCLAGE,0.20393005534608044,0.20393005534608044
10,A_raw,ridge,PRESSURE_VAPEUR,0.06023594048047438,0.06023594048047438
10,A_raw,ridge,TEMPERATURE_VAPEUR,0.025795663737493008,-0.025795663737493008
10,A_raw,ridge,TEMPERATURE_CUVE_ATTAQUE,0.04129639145713862,-0.04129639145713862
10,A_raw,ridge,TEMPERATURE_CUVE_DE_PASSAGE,0.3400761547384295,-0.3400761547384295
10,A_raw,ridge,TEMPERATURE_SLURRY_PULVERISATEUR,0.0006556217380284965,0.0006556217380284965
10,A_raw,ridge,DEPRESSURE_SECHEUR,0.024260360670097673,0.024260360670097673
10,A_raw,ridge,LEVEL_CUVE_PASSAGE,0.02175770422075698,0.02175770422075698
10,A_raw,ridge,TEMPERATURE_GAZ_SORTIE_SECHEUR,0.0552517019193021,-0.0552517019193021
10,A_raw,ridge,FLOW_RATE_FIOUL,0.006367074025196535,-0.006367074025196535
10,A_raw,ridge,TEMPERATURE_AIR_CHAUD,0.25199345342744295,0.25199345342744295
10,A_raw,ridge,FLOW_RATE_LIQUIDE_LAVAGE,0.042522330218357114,0.042522330218357114
10,A_raw,ridge,FLOW_RATE_VAPEUR,0.1667492793972799,0.1667492793972799
10,A_raw,ridge,FLOW_RATE_SLURRY_M3_HR_2,0.012237694762189636,-0.012237694762189636
10,A_raw,ridge,TEMPERATURE_BRIQUE,0.19281634146829604,0.19281634146829604
10,B_temporal,ridge,PRODUCTION_TSP_BALANCE,0.3270762842258573,-0.3270762842258573
10,B_temporal,ridge,PRODUCTION_TSP_BALANCE_roll_mean_30,0.007623027229167609,-0.007623027229167609
10,B_temporal,ridge,PRODUCTION_TSP_BALANCE_roll_std_10,0.016196537788135495,-0.016196537788135495
10,B_temporal,ridge,PRODUCTION_TSP_BALANCE_diff_5,0.07422763120854421,0.07422763120854421
10,B_temporal,ridge,PRODUCTION_TSP_BALANCE_slope_10,0.014395948177152642,-0.014395948177152642
10,B_temporal,ridge,FLOW_RATE_PHOSPHORIC_ACID_1,0.2638900862510478,0.2638900862510478
10,B_temporal,ridge,FLOW_RATE_PHOSPHORIC_ACID_1_lag_10,0.20267946632952938,0.20267946632952938
10,B_temporal,ridge,FLOW_RATE_PHOSPHORIC_ACID_1_roll_mean_10,0.01087693030060506,0.01087693030060506
10,B_temporal,ridge,FLOW_RATE_PHOSPHORIC_ACID_1_roll_mean_30,0.007004745810219029,-0.007004745810219029
10,B_temporal,ridge,FLOW_RATE_PHOSPHORIC_ACID_1_roll_std_10,0.00983087867416291,-0.00983087867416291
10,B_temporal,ridge,FLOW_RATE_PHOSPHORIC_ACID_1_diff_5,0.0036568360763990096,-0.0036568360763990096
10,B_temporal,ridge,FLOW_RATE_PHOSPHORIC_ACID_1_slope_10,0.020133639129547885,-0.020133639129547885
10,B_temporal,ridge,FLOW_RATE_PHOSPHORIC_ACID_2,0.5142829603317552,0.5142829603317552
10,B_temporal,ridge,FLOW_RATE_PHOSPHORIC_ACID_2_lag_10,0.2183523831118039,0.2183523831118039
10,B_temporal,ridge,FLOW_RATE_PHOSPHORIC_ACID_2_roll_mean_30,0.04043427007762025,0.04043427007762025
10,B_temporal,ridge,FLOW_RATE_PHOSPHORIC_ACID_2_roll_std_10,0.005044772587085392,0.005044772587085392
10,B_temporal,ridge,FLOW_RATE_PHOSPHORIC_ACID_2_diff_5,0.024295181053598302,-0.024295181053598302
10,B_temporal,ridge,FLOW_RATE_PHOSPHORIC_ACID_2_slope_10,0.028985105840255623,-0.028985105840255623
10,B_temporal,ridge,FLOW_RATE_GROUND_PHOSPHATE,0.190509127125883,-0.190509127125883
10,B_temporal,ridge,FLOW_RATE_GROUND_PHOSPHATE_lag_10,0.5325098021629412,-0.5325098021629412
10,B_temporal,ridge,FLOW_RATE_GROUND_PHOSPHATE_roll_mean_10,0.07402712902218098,-0.07402712902218098
10,B_temporal,ridge,FLOW_RATE_GROUND_PHOSPHATE_roll_mean_30,0.006835742581060667,-0.006835742581060667
10,B_temporal,ridge,FLOW_RATE_GROUND_PHOSPHATE_roll_std_10,0.03707601782014432,0.03707601782014432
10,B_temporal,ridge,FLOW_RATE_GROUND_PHOSPHATE_diff_5,0.10436153532370152,0.10436153532370152
10,B_temporal,ridge,FLOW_RATE_GROUND_PHOSPHATE_slope_10,0.05238706061042412,0.05238706061042412
10,B_temporal,ridge,FLOW_RATE_SLURRY_T_PER_HR,0.18824676152889697,0.18824676152889697
10,B_temporal,ridge,FLOW_RATE_SLURRY_T_PER_HR_lag_10,0.09048252254787036,0.09048252254787036
10,B_temporal,ridge,FLOW_RATE_SLURRY_T_PER_HR_roll_mean_30,0.022535454630336182,-0.022535454630336182
10,B_temporal,ridge,FLOW_RATE_SLURRY_T_PER_HR_roll_std_10,0.001388964718397309,0.001388964718397309
10,B_temporal,ridge,FLOW_RATE_SLURRY_T_PER_HR_diff_5,0.009384647703490316,-0.009384647703490316
10,B_temporal,ridge,FLOW_RATE_SLURRY_T_PER_HR_slope_10,0.004196953942081358,-0.004196953942081358
10,B_temporal,ridge,FLOW_RATE_SLURRY_M3_HR,0.20075667240601727,-0.20075667240601727
10,B_temporal,ridge,FLOW_RATE_SLURRY_M3_HR_lag_10,0.17671900739853,-0.17671900739853
10,B_temporal,ridge,FLOW_RATE_SLURRY_M3_HR_roll_mean_10,0.0034056129992235335,0.0034056129992235335
10,B_temporal,ridge,FLOW_RATE_SLURRY_M3_HR_roll_mean_30,0.006754484137972649,-0.006754484137972649
10,B_temporal,ridge,FLOW_RATE_SLURRY_M3_HR_roll_std_10,0.001706505125396369,-0.001706505125396369
10,B_temporal,ridge,FLOW_RATE_SLURRY_M3_HR_diff_5,0.015527268204638263,0.015527268204638263
10,B_temporal,ridge,FLOW_RATE_SLURRY_M3_HR_slope_10,0.007217781184556522,0.007217781184556522
10,B_temporal,ridge,RECYCLAGE,0.2599460201797265,0.2599460201797265
10,B_temporal,ridge,RECYCLAGE_lag_10,0.011075173624473293,0.011075173624473293
10,B_temporal,ridge,RECYCLAGE_roll_mean_30,0.10380467294104129,0.10380467294104129
10,B_temporal,ridge,RECYCLAGE_roll_std_10,0.00669679897189048,0.00669679897189048
10,B_temporal,ridge,RECYCLAGE_diff_5,0.00474143058117349,0.00474143058117349
10,B_temporal,ridge,RECYCLAGE_slope_10,0.00901298541055248,0.00901298541055248
10,B_temporal,ridge,PRESSURE_VAPEUR,0.0760712563628054,0.0760712563628054
10,B_temporal,ridge,PRESSURE_VAPEUR_lag_5,0.005559959595257148,-0.005559959595257148
10,B_temporal,ridge,PRESSURE_VAPEUR_lag_10,0.00048386565881155613,0.00048386565881155613
10,B_temporal,ridge,PRESSURE_VAPEUR_roll_mean_10,0.040035695875065,-0.040035695875065
10,B_temporal,ridge,PRESSURE_VAPEUR_roll_mean_30,0.0009892997302613248,-0.0009892997302613248
10,B_temporal,ridge,PRESSURE_VAPEUR_roll_std_10,0.015784854596468736,0.015784854596468736
10,B_temporal,ridge,PRESSURE_VAPEUR_diff_5,0.015699063165941447,-0.015699063165941447
10,B_temporal,ridge,PRESSURE_VAPEUR_slope_10,0.0023788803166618273,0.0023788803166618273
10,B_temporal,ridge,TEMPERATURE_VAPEUR,0.035893685557795346,-0.035893685557795346
10,B_temporal,ridge,TEMPERATURE_VAPEUR_lag_1,0.021702783422739524,-0.021702783422739524
10,B_temporal,ridge,TEMPERATURE_VAPEUR_lag_5,0.024491254937861424,-0.024491254937861424
10,B_temporal,ridge,TEMPERATURE_VAPEUR_lag_10,0.004842505477222373,-0.004842505477222373
10,B_temporal,ridge,TEMPERATURE_VAPEUR_roll_mean_10,0.04954896683673115,0.04954896683673115
10,B_temporal,ridge,TEMPERATURE_VAPEUR_roll_mean_30,0.01664589619991373,0.01664589619991373
10,B_temporal,ridge,TEMPERATURE_VAPEUR_roll_std_10,0.004281334827701107,-0.004281334827701107
10,B_temporal,ridge,TEMPERATURE_VAPEUR_diff_5,4.434788469920246e-05,4.434788469920246e-05
10,B_temporal,ridge,TEMPERATURE_VAPEUR_slope_10,0.013161741989576661,0.013161741989576661
10,B_temporal,ridge,TEMPERATURE_CUVE_ATTAQUE,0.08620478831618053,-0.08620478831618053
10,B_temporal,ridge,TEMPERATURE_CUVE_ATTAQUE_lag_15,0.10125097850076269,-0.10125097850076269
10,B_temporal,ridge,TEMPERATURE_CUVE_ATTAQUE_roll_mean_10,0.012871784925347114,-0.012871784925347114
10,B_temporal,ridge,TEMPERATURE_CUVE_ATTAQUE_roll_mean_30,0.01218345168371063,-0.01218345168371063
10,B_temporal,ridge,TEMPERATURE_CUVE_ATTAQUE_roll_std_10,0.05130567974866288,-0.05130567974866288
10,B_temporal,ridge,TEMPERATURE_CUVE_ATTAQUE_diff_5,0.01627948112679406,-0.01627948112679406
10,B_temporal,ridge,TEMPERATURE_CUVE_ATTAQUE_slope_10,0.020595202050268942,-0.020595202050268942
10,B_temporal,ridge,TEMPERATURE_CUVE_DE_PASSAGE,0.45611266564548064,-0.45611266564548064
10,B_temporal,ridge,TEMPERATURE_CUVE_DE_PASSAGE_roll_mean_30,0.01689973610330534,-0.01689973610330534
10,B_temporal,ridge,TEMPERATURE_CUVE_DE_PASSAGE_roll_std_10,0.05001356019621718,0.05001356019621718
10,B_temporal,ridge,TEMPERATURE_CUVE_DE_PASSAGE_diff_5,0.012397890196777108,0.012397890196777108
10,B_temporal,ridge,TEMPERATURE_CUVE_DE_PASSAGE_slope_10,0.0353072587864674,0.0353072587864674
10,B_temporal,ridge,TEMPERATURE_SLURRY_PULVERISATEUR,0.03843306090312866,0.03843306090312866
10,B_temporal,ridge,TEMPERATURE_SLURRY_PULVERISATEUR_roll_mean_30,0.021946269766076366,0.021946269766076366
10,B_temporal,ridge,TEMPERATURE_SLURRY_PULVERISATEUR_roll_std_10,0.03752807784452506,-0.03752807784452506
10,B_temporal,ridge,TEMPERATURE_SLURRY_PULVERISATEUR_diff_5,0.0012295457094790145,-0.0012295457094790145
10,B_temporal,ridge,TEMPERATURE_SLURRY_PULVERISATEUR_slope_10,0.0035611949292815182,-0.0035611949292815182
10,B_temporal,ridge,DEPRESSURE_SECHEUR,0.01763428568273587,-0.01763428568273587
10,B_temporal,ridge,DEPRESSURE_SECHEUR_lag_1,0.039781906511428884,0.039781906511428884
10,B_temporal,ridge,DEPRESSURE_SECHEUR_lag_5,0.0017330291469176285,0.0017330291469176285
10,B_temporal,ridge,DEPRESSURE_SECHEUR_lag_10,0.018482978310769605,-0.018482978310769605
10,B_temporal,ridge,DEPRESSURE_SECHEUR_roll_mean_10,0.0156704257587055,-0.0156704257587055
10,B_temporal,ridge,DEPRESSURE_SECHEUR_roll_mean_30,0.027892185320843185,0.027892185320843185
10,B_temporal,ridge,DEPRESSURE_SECHEUR_roll_std_10,0.003213470060142833,-0.003213470060142833
10,B_temporal,ridge,DEPRESSURE_SECHEUR_diff_5,0.004014970439872133,0.004014970439872133
10,B_temporal,ridge,DEPRESSURE_SECHEUR_slope_10,0.005933683962738081,-0.005933683962738081
10,B_temporal,ridge,LEVEL_CUVE_PASSAGE,0.06556256475272115,-0.06556256475272115
10,B_temporal,ridge,LEVEL_CUVE_PASSAGE_lag_5,0.050619961361288,-0.050619961361288
10,B_temporal,ridge,LEVEL_CUVE_PASSAGE_lag_10,0.08382762044585208,0.08382762044585208
10,B_temporal,ridge,LEVEL_CUVE_PASSAGE_roll_mean_10,0.054451387517725096,0.054451387517725096
10,B_temporal,ridge,LEVEL_CUVE_PASSAGE_roll_mean_30,0.005402673096915217,-0.005402673096915217
10,B_temporal,ridge,LEVEL_CUVE_PASSAGE_roll_std_10,0.005318789662770506,0.005318789662770506
10,B_temporal,ridge,LEVEL_CUVE_PASSAGE_diff_5,0.0012125507374789936,0.0012125507374789936
10,B_temporal,ridge,LEVEL_CUVE_PASSAGE_slope_10,0.006573338911549247,0.006573338911549247
10,B_temporal,ridge,TEMPERATURE_GAZ_SORTIE_SECHEUR,0.03174352689293938,-0.03174352689293938
10,B_temporal,ridge,TEMPERATURE_GAZ_SORTIE_SECHEUR_lag_5,0.007270211029827158,0.007270211029827158
10,B_temporal,ridge,TEMPERATURE_GAZ_SORTIE_SECHEUR_lag_10,0.008253761317268526,0.008253761317268526
10,B_temporal,ridge,TEMPERATURE_GAZ_SORTIE_SECHEUR_roll_mean_10,0.017356300515286936,-0.017356300515286936
10,B_temporal,ridge,TEMPERATURE_GAZ_SORTIE_SECHEUR_roll_mean_30,0.003034504635731896,-0.003034504635731896
10,B_temporal,ridge,TEMPERATURE_GAZ_SORTIE_SECHEUR_roll_std_10,0.007290502657998061,0.007290502657998061
10,B_temporal,ridge,TEMPERATURE_GAZ_SORTIE_SECHEUR_diff_5,0.000498272215754965,0.000498272215754965
10,B_temporal,ridge,TEMPERATURE_GAZ_SORTIE_SECHEUR_slope_10,0.00254919411469553,-0.00254919411469553
10,B_temporal,ridge,FLOW_RATE_FIOUL,0.22505712403727718,0.22505712403727718
10,B_temporal,ridge,FLOW_RATE_FIOUL_lag_10,0.015478924102521524,-0.015478924102521524
10,B_temporal,ridge,FLOW_RATE_FIOUL_roll_mean_10,0.05677100243581323,-0.05677100243581323
10,B_temporal,ridge,FLOW_RATE_FIOUL_roll_mean_30,0.010804802454442368,-0.010804802454442368
10,B_temporal,ridge,FLOW_RATE_FIOUL_roll_std_10,0.0012903435369717154,0.0012903435369717154
10,B_temporal,ridge,FLOW_RATE_FIOUL_diff_5,0.021533669955184995,0.021533669955184995
10,B_temporal,ridge,FLOW_RATE_FIOUL_slope_10,0.027807370214996747,-0.027807370214996747
10,B_temporal,ridge,TEMPERATURE_AIR_CHAUD,0.13372722821673708,0.13372722821673708
10,B_temporal,ridge,TEMPERATURE_AIR_CHAUD_lag_10,0.04268994159557613,0.04268994159557613
10,B_temporal,ridge,TEMPERATURE_AIR_CHAUD_roll_mean_30,0.03274471091677413,0.03274471091677413
10,B_temporal,ridge,TEMPERATURE_AIR_CHAUD_roll_std_10,0.009807931403467446,0.009807931403467446
10,B_temporal,ridge,TEMPERATURE_AIR_CHAUD_diff_5,0.0030195668185146497,-0.0030195668185146497
10,B_temporal,ridge,TEMPERATURE_AIR_CHAUD_slope_10,0.0028866853165085897,0.0028866853165085897
10,B_temporal,ridge,FLOW_RATE_LIQUIDE_LAVAGE,0.022686263202894984,0.022686263202894984
10,B_temporal,ridge,FLOW_RATE_LIQUIDE_LAVAGE_lag_5,0.011485775107122006,0.011485775107122006
10,B_temporal,ridge,FLOW_RATE_LIQUIDE_LAVAGE_lag_10,0.020234960687293236,-0.020234960687293236
10,B_temporal,ridge,FLOW_RATE_LIQUIDE_LAVAGE_roll_mean_30,0.023322365861213206,0.023322365861213206
10,B_temporal,ridge,FLOW_RATE_LIQUIDE_LAVAGE_roll_std_10,0.0015715400229562406,-0.0015715400229562406
10,B_temporal,ridge,FLOW_RATE_LIQUIDE_LAVAGE_diff_5,0.005165540615304717,0.005165540615304717
10,B_temporal,ridge,FLOW_RATE_LIQUIDE_LAVAGE_slope_10,0.00407669635585653,-0.00407669635585653
10,B_temporal,ridge,FLOW_RATE_VAPEUR,0.12934864096237214,0.12934864096237214
10,B_temporal,ridge,FLOW_RATE_VAPEUR_lag_10,0.030860365160713155,0.030860365160713155
10,B_temporal,ridge,FLOW_RATE_VAPEUR_roll_mean_30,0.03801849797661872,-0.03801849797661872
10,B_temporal,ridge,FLOW_RATE_VAPEUR_roll_std_10,0.009515662837970004,0.009515662837970004
10,B_temporal,ridge,FLOW_RATE_VAPEUR_diff_5,0.0030922333233732594,-0.0030922333233732594
10,B_temporal,ridge,FLOW_RATE_VAPEUR_slope_10,0.01223121815910184,0.01223121815910184
10,B_temporal,ridge,FLOW_RATE_SLURRY_M3_HR_2,0.024531131651589464,0.024531131651589464
10,B_temporal,ridge,FLOW_RATE_SLURRY_M3_HR_2_roll_mean_10,0.006325677803206732,0.006325677803206732
10,B_temporal,ridge,FLOW_RATE_SLURRY_M3_HR_2_roll_mean_30,0.024553724257781108,-0.024553724257781108
10,B_temporal,ridge,FLOW_RATE_SLURRY_M3_HR_2_roll_std_10,0.003851746044329503,0.003851746044329503
10,B_temporal,ridge,FLOW_RATE_SLURRY_M3_HR_2_diff_5,0.00022394121289982642,-0.00022394121289982642
10,B_temporal,ridge,FLOW_RATE_SLURRY_M3_HR_2_slope_10,0.007607512364210671,-0.007607512364210671
10,B_temporal,ridge,TEMPERATURE_BRIQUE,0.39739709747978075,0.39739709747978075
10,B_temporal,ridge,TEMPERATURE_BRIQUE_roll_mean_10,0.03730678945554414,-0.03730678945554414
10,B_temporal,ridge,TEMPERATURE_BRIQUE_roll_mean_30,0.00043615945031068916,-0.00043615945031068916
10,B_temporal,ridge,TEMPERATURE_BRIQUE_roll_std_10,0.03003696105194878,0.03003696105194878
10,B_temporal,ridge,TEMPERATURE_BRIQUE_diff_5,0.008719962298014649,-0.008719962298014649
10,B_temporal,ridge,TEMPERATURE_BRIQUE_slope_10,0.038223183534799296,0.038223183534799296
10,B_temporal,ridge,PRODUCTION_TSP_BALANCE_missing,0.01113488853575756,-0.01113488853575756
10,B_temporal,ridge,FLOW_RATE_PHOSPHORIC_ACID_1_missing,0.007071031508037851,0.007071031508037851
10,B_temporal,ridge,FLOW_RATE_PHOSPHORIC_ACID_2_missing,0.007653804219518515,-0.007653804219518515
10,B_temporal,ridge,FLOW_RATE_GROUND_PHOSPHATE_missing,0.015271270308764474,-0.015271270308764474
10,B_temporal,ridge,FLOW_RATE_SLURRY_T_PER_HR_missing,0.0025061212658537176,0.0025061212658537176
10,B_temporal,ridge,FLOW_RATE_SLURRY_M3_HR_missing,0.00950326022817375,-0.00950326022817375
10,B_temporal,ridge,RECYCLAGE_missing,0.004991833601536701,0.004991833601536701
10,B_temporal,ridge,PRESSURE_VAPEUR_missing,0.004347980889034631,-0.004347980889034631
10,B_temporal,ridge,TEMPERATURE_VAPEUR_missing,0.006340665719220057,-0.006340665719220057
10,B_temporal,ridge,TEMPERATURE_CUVE_ATTAQUE_missing,0.009483454095092003,0.009483454095092003
10,B_temporal,ridge,TEMPERATURE_CUVE_DE_PASSAGE_missing,0.009302022681964882,0.009302022681964882
10,B_temporal,ridge,TEMPERATURE_SLURRY_PULVERISATEUR_missing,0.0004896445930865969,-0.0004896445930865969
10,B_temporal,ridge,DEPRESSURE_SECHEUR_missing,0.004589690358266392,0.004589690358266392
10,B_temporal,ridge,LEVEL_CUVE_PASSAGE_missing,0.011096515048861564,-0.011096515048861564
10,B_temporal,ridge,TEMPERATURE_GAZ_SORTIE_SECHEUR_missing,0.00819125093598083,-0.00819125093598083
10,B_temporal,ridge,FLOW_RATE_FIOUL_missing,0.007285826752799016,-0.007285826752799016
10,B_temporal,ridge,TEMPERATURE_AIR_CHAUD_missing,0.01366749359996919,-0.01366749359996919
10,B_temporal,ridge,FLOW_RATE_LIQUIDE_LAVAGE_missing,0.0109780291179562,-0.0109780291179562
10,B_temporal,ridge,FLOW_RATE_VAPEUR_missing,0.004533540538610623,-0.004533540538610623
10,B_temporal,ridge,FLOW_RATE_SLURRY_M3_HR_2_missing,0.004797454961139451,0.004797454961139451
10,B_temporal,ridge,TEMPERATURE_BRIQUE_missing,0.0002507727237977712,-0.0002507727237977712
10,C_process,ridge,PRODUCTION_TSP_BALANCE,0.2279061741117027,-0.2279061741117027
10,C_process,ridge,FLOW_RATE_PHOSPHORIC_ACID_1,0.4695490012511807,0.4695490012511807
10,C_process,ridge,FLOW_RATE_PHOSPHORIC_ACID_2,0.9586371985243014,0.9586371985243014
10,C_process,ridge,FLOW_RATE_GROUND_PHOSPHATE,0.20243581020288687,-0.20243581020288687
10,C_process,ridge,FLOW_RATE_SLURRY_T_PER_HR,0.10761514923358617,-0.10761514923358617
10,C_process,ridge,FLOW_RATE_SLURRY_M3_HR,0.3899576969840125,-0.3899576969840125
10,C_process,ridge,RECYCLAGE,0.1851633446513135,0.1851633446513135
10,C_process,ridge,PRESSURE_VAPEUR,0.4309252881947756,0.4309252881947756
10,C_process,ridge,TEMPERATURE_VAPEUR,0.2040910898568243,0.2040910898568243
10,C_process,ridge,TEMPERATURE_CUVE_ATTAQUE,0.07624190620523817,-0.07624190620523817
10,C_process,ridge,TEMPERATURE_CUVE_DE_PASSAGE,0.43683191843744246,-0.43683191843744246
10,C_process,ridge,TEMPERATURE_SLURRY_PULVERISATEUR,0.24611359801059665,-0.24611359801059665
10,C_process,ridge,DEPRESSURE_SECHEUR,0.01957107246422521,0.01957107246422521
10,C_process,ridge,LEVEL_CUVE_PASSAGE,0.020203910192280274,0.020203910192280274
10,C_process,ridge,TEMPERATURE_GAZ_SORTIE_SECHEUR,0.02212986631041333,0.02212986631041333
10,C_process,ridge,FLOW_RATE_FIOUL,0.0057136572557838355,-0.0057136572557838355
10,C_process,ridge,TEMPERATURE_AIR_CHAUD,0.11945534677705164,0.11945534677705164
10,C_process,ridge,FLOW_RATE_LIQUIDE_LAVAGE,0.03495891501829756,0.03495891501829756
10,C_process,ridge,FLOW_RATE_VAPEUR,0.15662082712962908,0.15662082712962908
10,C_process,ridge,FLOW_RATE_SLURRY_M3_HR_2,0.014737672979176936,-0.014737672979176936
10,C_process,ridge,TEMPERATURE_BRIQUE,0.12582473176155626,0.12582473176155626
10,C_process,ridge,TOTAL_ACID_FLOW,0.20269481660180186,-0.20269481660180186
10,C_process,ridge,ACID_FLOW_IMBALANCE,0.11942837328817556,-0.11942837328817556
10,C_process,ridge,ACID_TO_PHOSPHATE_RATIO,0.0006126436716563991,-0.0006126436716563991
10,C_process,ridge,TOTAL_SLURRY_M3_FLOW,0.015475085565821072,-0.015475085565821072
10,C_process,ridge,SLURRY_DENSITY_PROXY,0.004673272788892273,0.004673272788892273
10,C_process,ridge,ATTACK_PASSAGE_TEMP_GRADIENT,0.003153410649909015,-0.003153410649909015
10,C_process,ridge,HOT_AIR_DRYER_OUTLET_GRADIENT,0.026815143001515586,0.026815143001515586
10,C_process,ridge,STEAM_SLURRY_TEMP_GRADIENT,0.18297252859749827,-0.18297252859749827
10,C_process,ridge,STEAM_ENERGY_PROXY,0.4392155235006792,-0.4392155235006792
10,C_process,ridge,DRYING_INTENSITY_PROXY,0.0030651029529512957,-0.0030651029529512957
10,C_process,ridge,RECYCLE_TO_PRODUCTION_RATIO,0.03056850593302795,0.03056850593302795
10,C_process,ridge,FLOW_RATE_PHOSPHORIC_ACID_1_CV_10,0.07202027482087273,-0.07202027482087273
10,C_process,ridge,FLOW_RATE_PHOSPHORIC_ACID_2_CV_10,0.05861299474486702,-0.05861299474486702
10,C_process,ridge,FLOW_RATE_GROUND_PHOSPHATE_CV_10,0.06121271179721051,-0.06121271179721051
10,C_process,ridge,FLOW_RATE_FIOUL_CV_10,0.0077602954432597045,0.0077602954432597045
10,C_process,ridge,FLOW_RATE_VAPEUR_CV_10,0.04509530332441068,-0.04509530332441068
10,C_process,ridge,PRODUCTION_TSP_BALANCE_missing,0.015432130204580473,-0.015432130204580473
10,C_process,ridge,FLOW_RATE_PHOSPHORIC_ACID_1_missing,0.002165920653677125,0.002165920653677125
10,C_process,ridge,FLOW_RATE_PHOSPHORIC_ACID_2_missing,0.02310755614993884,-0.02310755614993884
10,C_process,ridge,FLOW_RATE_GROUND_PHOSPHATE_missing,0.0019197937977685215,-0.0019197937977685215
10,C_process,ridge,FLOW_RATE_SLURRY_T_PER_HR_missing,0.0021391608827381822,-0.0021391608827381822
10,C_process,ridge,FLOW_RATE_SLURRY_M3_HR_missing,0.004183149318761507,-0.004183149318761507
10,C_process,ridge,RECYCLAGE_missing,0.0033508595266896674,0.0033508595266896674
10,C_process,ridge,PRESSURE_VAPEUR_missing,0.002737531348868168,-0.002737531348868168
10,C_process,ridge,TEMPERATURE_VAPEUR_missing,0.01560386220428287,-0.01560386220428287
10,C_process,ridge,TEMPERATURE_CUVE_ATTAQUE_missing,0.01421970514097628,0.01421970514097628
10,C_process,ridge,TEMPERATURE_CUVE_DE_PASSAGE_missing,0.008532938776988476,0.008532938776988476
10,C_process,ridge,TEMPERATURE_SLURRY_PULVERISATEUR_missing,0.005984499116439703,-0.005984499116439703
10,C_process,ridge,DEPRESSURE_SECHEUR_missing,0.0056427597081688185,0.0056427597081688185
10,C_process,ridge,LEVEL_CUVE_PASSAGE_missing,0.013340578337343608,-0.013340578337343608
10,C_process,ridge,TEMPERATURE_GAZ_SORTIE_SECHEUR_missing,0.0066945483032276485,-0.0066945483032276485
10,C_process,ridge,FLOW_RATE_FIOUL_missing,0.010099227833585191,-0.010099227833585191
10,C_process,ridge,TEMPERATURE_AIR_CHAUD_missing,0.01451859179566527,-0.01451859179566527
10,C_process,ridge,FLOW_RATE_LIQUIDE_LAVAGE_missing,0.014828154929162202,-0.014828154929162202
10,C_process,ridge,FLOW_RATE_VAPEUR_missing,0.005791596332989306,-0.005791596332989306
10,C_process,ridge,FLOW_RATE_SLURRY_M3_HR_2_missing,0.010108406374418498,0.010108406374418498
10,C_process,ridge,TEMPERATURE_BRIQUE_missing,0.0030045137475095897,0.0030045137475095897
10,D_full,ridge,PRODUCTION_TSP_BALANCE,0.34475501984856616,-0.34475501984856616
10,D_full,ridge,PRODUCTION_TSP_BALANCE_roll_mean_30,0.02789833756682874,0.02789833756682874
10,D_full,ridge,PRODUCTION_TSP_BALANCE_roll_std_10,0.005333096716159459,-0.005333096716159459
10,D_full,ridge,PRODUCTION_TSP_BALANCE_diff_5,0.07777007926779525,0.07777007926779525
10,D_full,ridge,PRODUCTION_TSP_BALANCE_slope_10,0.019186234428127967,-0.019186234428127967
10,D_full,ridge,FLOW_RATE_PHOSPHORIC_ACID_1,0.3387313165941833,0.3387313165941833
10,D_full,ridge,FLOW_RATE_PHOSPHORIC_ACID_1_lag_10,0.215992735703113,0.215992735703113
10,D_full,ridge,FLOW_RATE_PHOSPHORIC_ACID_1_roll_mean_10,0.008704303335270976,-0.008704303335270976
10,D_full,ridge,FLOW_RATE_PHOSPHORIC_ACID_1_roll_mean_30,0.015796954948152725,-0.015796954948152725
10,D_full,ridge,FLOW_RATE_PHOSPHORIC_ACID_1_roll_std_10,0.0033553146560158405,-0.0033553146560158405
10,D_full,ridge,FLOW_RATE_PHOSPHORIC_ACID_1_diff_5,0.006435906306273734,-0.006435906306273734
10,D_full,ridge,FLOW_RATE_PHOSPHORIC_ACID_1_slope_10,0.014919890986507017,-0.014919890986507017
10,D_full,ridge,FLOW_RATE_PHOSPHORIC_ACID_2,0.6908859686925731,0.6908859686925731
10,D_full,ridge,FLOW_RATE_PHOSPHORIC_ACID_2_lag_10,0.23095811455968018,0.23095811455968018
10,D_full,ridge,FLOW_RATE_PHOSPHORIC_ACID_2_roll_mean_30,0.02556072988264231,0.02556072988264231
10,D_full,ridge,FLOW_RATE_PHOSPHORIC_ACID_2_roll_std_10,0.005733238094123194,0.005733238094123194
10,D_full,ridge,FLOW_RATE_PHOSPHORIC_ACID_2_diff_5,0.026136824740103353,-0.026136824740103353
10,D_full,ridge,FLOW_RATE_PHOSPHORIC_ACID_2_slope_10,0.022265351927872316,-0.022265351927872316
10,D_full,ridge,FLOW_RATE_GROUND_PHOSPHATE,0.1930082840140094,-0.1930082840140094
10,D_full,ridge,FLOW_RATE_GROUND_PHOSPHATE_lag_10,0.4825279278650843,-0.4825279278650843
10,D_full,ridge,FLOW_RATE_GROUND_PHOSPHATE_roll_mean_10,0.12774928314857917,-0.12774928314857917
10,D_full,ridge,FLOW_RATE_GROUND_PHOSPHATE_roll_mean_30,0.01608825272104799,0.01608825272104799
10,D_full,ridge,FLOW_RATE_GROUND_PHOSPHATE_roll_std_10,0.03623616826443631,0.03623616826443631
10,D_full,ridge,FLOW_RATE_GROUND_PHOSPHATE_diff_5,0.1048840830189553,0.1048840830189553
10,D_full,ridge,FLOW_RATE_GROUND_PHOSPHATE_slope_10,0.054665706319653846,0.054665706319653846
10,D_full,ridge,FLOW_RATE_SLURRY_T_PER_HR,0.17628812070018088,0.17628812070018088
10,D_full,ridge,FLOW_RATE_SLURRY_T_PER_HR_lag_10,0.07200169483184253,0.07200169483184253
10,D_full,ridge,FLOW_RATE_SLURRY_T_PER_HR_roll_mean_30,0.023748297425704654,-0.023748297425704654
10,D_full,ridge,FLOW_RATE_SLURRY_T_PER_HR_roll_std_10,0.0016444690999804115,-0.0016444690999804115
10,D_full,ridge,FLOW_RATE_SLURRY_T_PER_HR_diff_5,0.006175930728372371,-0.006175930728372371
10,D_full,ridge,FLOW_RATE_SLURRY_T_PER_HR_slope_10,0.0042001380845403105,-0.0042001380845403105
10,D_full,ridge,FLOW_RATE_SLURRY_M3_HR,0.15336701557318932,-0.15336701557318932
10,D_full,ridge,FLOW_RATE_SLURRY_M3_HR_lag_10,0.16630900243309243,-0.16630900243309243
10,D_full,ridge,FLOW_RATE_SLURRY_M3_HR_roll_mean_10,0.02130091673287043,0.02130091673287043
10,D_full,ridge,FLOW_RATE_SLURRY_M3_HR_roll_mean_30,0.006655638198198141,-0.006655638198198141
10,D_full,ridge,FLOW_RATE_SLURRY_M3_HR_roll_std_10,0.0013393508091204512,-0.0013393508091204512
10,D_full,ridge,FLOW_RATE_SLURRY_M3_HR_diff_5,0.013348532909934699,0.013348532909934699
10,D_full,ridge,FLOW_RATE_SLURRY_M3_HR_slope_10,0.008631470870261164,0.008631470870261164
10,D_full,ridge,RECYCLAGE,0.2493249692332904,0.2493249692332904
10,D_full,ridge,RECYCLAGE_lag_10,0.013962219962059897,0.013962219962059897
10,D_full,ridge,RECYCLAGE_roll_mean_30,0.09874771592967514,0.09874771592967514
10,D_full,ridge,RECYCLAGE_roll_std_10,0.0013566864045090113,0.0013566864045090113
10,D_full,ridge,RECYCLAGE_diff_5,0.007357179190924232,0.007357179190924232
10,D_full,ridge,RECYCLAGE_slope_10,0.007371209637075562,0.007371209637075562
10,D_full,ridge,PRESSURE_VAPEUR,0.379350664940901,0.379350664940901
10,D_full,ridge,PRESSURE_VAPEUR_lag_5,0.014086179356120075,-0.014086179356120075
10,D_full,ridge,PRESSURE_VAPEUR_lag_10,0.002057955881872982,0.002057955881872982
10,D_full,ridge,PRESSURE_VAPEUR_roll_mean_10,0.03731309571728989,-0.03731309571728989
10,D_full,ridge,PRESSURE_VAPEUR_roll_mean_30,0.010707355701229158,-0.010707355701229158
10,D_full,ridge,PRESSURE_VAPEUR_roll_std_10,0.014922798466534297,0.014922798466534297
10,D_full,ridge,PRESSURE_VAPEUR_diff_5,0.018558316015827244,-0.018558316015827244
10,D_full,ridge,PRESSURE_VAPEUR_slope_10,0.0011912829909077388,0.0011912829909077388
10,D_full,ridge,TEMPERATURE_VAPEUR,0.17980439724168062,0.17980439724168062
10,D_full,ridge,TEMPERATURE_VAPEUR_lag_1,0.03502148617103686,-0.03502148617103686
10,D_full,ridge,TEMPERATURE_VAPEUR_lag_5,0.09248566406299896,-0.09248566406299896
10,D_full,ridge,TEMPERATURE_VAPEUR_lag_10,0.007010562697724066,-0.007010562697724066
10,D_full,ridge,TEMPERATURE_VAPEUR_roll_mean_10,0.06481916118856462,0.06481916118856462
10,D_full,ridge,TEMPERATURE_VAPEUR_roll_mean_30,0.011948416472297956,0.011948416472297956
10,D_full,ridge,TEMPERATURE_VAPEUR_roll_std_10,0.0036980662867895442,-0.0036980662867895442
10,D_full,ridge,TEMPERATURE_VAPEUR_diff_5,0.024694290264616243,-0.024694290264616243
10,D_full,ridge,TEMPERATURE_VAPEUR_slope_10,0.014130464603061223,0.014130464603061223
10,D_full,ridge,TEMPERATURE_CUVE_ATTAQUE,0.09026930358627172,-0.09026930358627172
10,D_full,ridge,TEMPERATURE_CUVE_ATTAQUE_lag_15,0.06866275465513541,-0.06866275465513541
10,D_full,ridge,TEMPERATURE_CUVE_ATTAQUE_roll_mean_10,0.03369730872353038,-0.03369730872353038
10,D_full,ridge,TEMPERATURE_CUVE_ATTAQUE_roll_mean_30,0.004323847882727156,0.004323847882727156
10,D_full,ridge,TEMPERATURE_CUVE_ATTAQUE_roll_std_10,0.04442117549173762,-0.04442117549173762
10,D_full,ridge,TEMPERATURE_CUVE_ATTAQUE_diff_5,0.008312679242685658,-0.008312679242685658
10,D_full,ridge,TEMPERATURE_CUVE_ATTAQUE_slope_10,0.018855000429372163,-0.018855000429372163
10,D_full,ridge,TEMPERATURE_CUVE_DE_PASSAGE,0.5222960083074584,-0.5222960083074584
10,D_full,ridge,TEMPERATURE_CUVE_DE_PASSAGE_roll_mean_30,0.05015947364658248,-0.05015947364658248
10,D_full,ridge,TEMPERATURE_CUVE_DE_PASSAGE_roll_std_10,0.04561229604608104,0.04561229604608104
10,D_full,ridge,TEMPERATURE_CUVE_DE_PASSAGE_diff_5,0.009062118792658657,0.009062118792658657
10,D_full,ridge,TEMPERATURE_CUVE_DE_PASSAGE_slope_10,0.027822824754757936,0.027822824754757936
10,D_full,ridge,TEMPERATURE_SLURRY_PULVERISATEUR,0.1381122303198254,-0.1381122303198254
10,D_full,ridge,TEMPERATURE_SLURRY_PULVERISATEUR_roll_mean_30,0.04255078374247409,0.04255078374247409
10,D_full,ridge,TEMPERATURE_SLURRY_PULVERISATEUR_roll_std_10,0.03579478418576498,-0.03579478418576498
10,D_full,ridge,TEMPERATURE_SLURRY_PULVERISATEUR_diff_5,0.001780253561268008,0.001780253561268008
10,D_full,ridge,TEMPERATURE_SLURRY_PULVERISATEUR_slope_10,0.0024453262584663155,-0.0024453262584663155
10,D_full,ridge,DEPRESSURE_SECHEUR,0.012453875603743472,-0.012453875603743472
10,D_full,ridge,DEPRESSURE_SECHEUR_lag_1,0.03415427962543956,0.03415427962543956
10,D_full,ridge,DEPRESSURE_SECHEUR_lag_5,0.007059206364627538,-0.007059206364627538
10,D_full,ridge,DEPRESSURE_SECHEUR_lag_10,0.01993988478884967,-0.01993988478884967
10,D_full,ridge,DEPRESSURE_SECHEUR_roll_mean_10,0.0023082788598402493,-0.0023082788598402493
10,D_full,ridge,DEPRESSURE_SECHEUR_roll_mean_30,0.023339087830537675,0.023339087830537675
10,D_full,ridge,DEPRESSURE_SECHEUR_roll_std_10,0.003848716335935797,-0.003848716335935797
10,D_full,ridge,DEPRESSURE_SECHEUR_diff_5,0.001153504891547046,0.001153504891547046
10,D_full,ridge,DEPRESSURE_SECHEUR_slope_10,0.004681366559417062,-0.004681366559417062
10,D_full,ridge,LEVEL_CUVE_PASSAGE,0.06590349615089927,-0.06590349615089927
10,D_full,ridge,LEVEL_CUVE_PASSAGE_lag_5,0.041881813137106934,-0.041881813137106934
10,D_full,ridge,LEVEL_CUVE_PASSAGE_lag_10,0.07983301850101095,0.07983301850101095
10,D_full,ridge,LEVEL_CUVE_PASSAGE_roll_mean_10,0.03753651049824349,0.03753651049824349
10,D_full,ridge,LEVEL_CUVE_PASSAGE_roll_mean_30,0.006286321093838527,0.006286321093838527
10,D_full,ridge,LEVEL_CUVE_PASSAGE_roll_std_10,0.005675622182374043,0.005675622182374043
10,D_full,ridge,LEVEL_CUVE_PASSAGE_diff_5,0.0022453463272104853,0.0022453463272104853
10,D_full,ridge,LEVEL_CUVE_PASSAGE_slope_10,0.00805272167684794,0.00805272167684794
10,D_full,ridge,TEMPERATURE_GAZ_SORTIE_SECHEUR,0.013884484713893754,0.013884484713893754
10,D_full,ridge,TEMPERATURE_GAZ_SORTIE_SECHEUR_lag_5,0.031376303561924924,0.031376303561924924
10,D_full,ridge,TEMPERATURE_GAZ_SORTIE_SECHEUR_lag_10,0.008931545437707411,0.008931545437707411
10,D_full,ridge,TEMPERATURE_GAZ_SORTIE_SECHEUR_roll_mean_10,0.02738436606609691,-0.02738436606609691
10,D_full,ridge,TEMPERATURE_GAZ_SORTIE_SECHEUR_roll_mean_30,0.004567634617201535,0.004567634617201535
10,D_full,ridge,TEMPERATURE_GAZ_SORTIE_SECHEUR_roll_std_10,0.004804030236375784,0.004804030236375784
10,D_full,ridge,TEMPERATURE_GAZ_SORTIE_SECHEUR_diff_5,0.005029999192428025,0.005029999192428025
10,D_full,ridge,TEMPERATURE_GAZ_SORTIE_SECHEUR_slope_10,0.0005712483589210273,-0.0005712483589210273
10,D_full,ridge,FLOW_RATE_FIOUL,0.20919622851002842,0.20919622851002842
10,D_full,ridge,FLOW_RATE_FIOUL_lag_10,0.002801738224341124,-0.002801738224341124
10,D_full,ridge,FLOW_RATE_FIOUL_roll_mean_10,0.050345486985878846,-0.050345486985878846
10,D_full,ridge,FLOW_RATE_FIOUL_roll_mean_30,0.028326283938674496,-0.028326283938674496
10,D_full,ridge,FLOW_RATE_FIOUL_roll_std_10,0.001234205792157343,0.001234205792157343
10,D_full,ridge,FLOW_RATE_FIOUL_diff_5,0.019625277786715738,0.019625277786715738
10,D_full,ridge,FLOW_RATE_FIOUL_slope_10,0.027095648046974605,-0.027095648046974605
10,D_full,ridge,TEMPERATURE_AIR_CHAUD,0.05956444953925727,0.05956444953925727
10,D_full,ridge,TEMPERATURE_AIR_CHAUD_lag_10,0.02657791381238994,0.02657791381238994
10,D_full,ridge,TEMPERATURE_AIR_CHAUD_roll_mean_30,0.019495921830712953,0.019495921830712953
10,D_full,ridge,TEMPERATURE_AIR_CHAUD_roll_std_10,0.008936998673721592,0.008936998673721592
10,D_full,ridge,TEMPERATURE_AIR_CHAUD_diff_5,0.0029707279518922285,-0.0029707279518922285
10,D_full,ridge,TEMPERATURE_AIR_CHAUD_slope_10,0.0013629931484890258,-0.0013629931484890258
10,D_full,ridge,FLOW_RATE_LIQUIDE_LAVAGE,0.018709991958692045,0.018709991958692045
10,D_full,ridge,FLOW_RATE_LIQUIDE_LAVAGE_lag_5,0.015206923174033549,0.015206923174033549
10,D_full,ridge,FLOW_RATE_LIQUIDE_LAVAGE_lag_10,0.017168434059711524,-0.017168434059711524
10,D_full,ridge,FLOW_RATE_LIQUIDE_LAVAGE_roll_mean_30,0.01384825592816519,0.01384825592816519
10,D_full,ridge,FLOW_RATE_LIQUIDE_LAVAGE_roll_std_10,0.0018685719669595906,-0.0018685719669595906
10,D_full,ridge,FLOW_RATE_LIQUIDE_LAVAGE_diff_5,0.00626901595715502,0.00626901595715502
10,D_full,ridge,FLOW_RATE_LIQUIDE_LAVAGE_slope_10,0.0038339015491201276,-0.0038339015491201276
10,D_full,ridge,FLOW_RATE_VAPEUR,0.126338785705988,0.126338785705988
10,D_full,ridge,FLOW_RATE_VAPEUR_lag_10,0.036437248550093795,0.036437248550093795
10,D_full,ridge,FLOW_RATE_VAPEUR_roll_mean_30,0.05000758624635545,-0.05000758624635545
10,D_full,ridge,FLOW_RATE_VAPEUR_roll_std_10,0.008020598428667397,0.008020598428667397
10,D_full,ridge,FLOW_RATE_VAPEUR_diff_5,0.0030539078699696196,-0.0030539078699696196
10,D_full,ridge,FLOW_RATE_VAPEUR_slope_10,0.012121862691362431,0.012121862691362431
10,D_full,ridge,FLOW_RATE_SLURRY_M3_HR_2,0.032655919208994265,0.032655919208994265
10,D_full,ridge,FLOW_RATE_SLURRY_M3_HR_2_roll_mean_10,0.007345887174401989,0.007345887174401989
10,D_full,ridge,FLOW_RATE_SLURRY_M3_HR_2_roll_mean_30,0.03028638343255085,-0.03028638343255085
10,D_full,ridge,FLOW_RATE_SLURRY_M3_HR_2_roll_std_10,0.003434585460539802,0.003434585460539802
10,D_full,ridge,FLOW_RATE_SLURRY_M3_HR_2_diff_5,0.0005934567525955123,0.0005934567525955123
10,D_full,ridge,FLOW_RATE_SLURRY_M3_HR_2_slope_10,0.005989755993498029,-0.005989755993498029
10,D_full,ridge,TEMPERATURE_BRIQUE,0.31890943813597417,0.31890943813597417
10,D_full,ridge,TEMPERATURE_BRIQUE_roll_mean_10,0.04579546052858408,-0.04579546052858408
10,D_full,ridge,TEMPERATURE_BRIQUE_roll_mean_30,0.02164205701915342,0.02164205701915342
10,D_full,ridge,TEMPERATURE_BRIQUE_roll_std_10,0.03576231253191987,0.03576231253191987
10,D_full,ridge,TEMPERATURE_BRIQUE_diff_5,0.0056940242024004955,-0.0056940242024004955
10,D_full,ridge,TEMPERATURE_BRIQUE_slope_10,0.02694659872212338,0.02694659872212338
10,D_full,ridge,TOTAL_ACID_FLOW,0.1531640914618216,-0.1531640914618216
10,D_full,ridge,ACID_FLOW_IMBALANCE,0.03621341387039571,-0.03621341387039571
10,D_full,ridge,ACID_TO_PHOSPHATE_RATIO,0.00044316792393205956,-0.00044316792393205956
10,D_full,ridge,TOTAL_SLURRY_M3_FLOW,0.04138331658602006,-0.04138331658602006
10,D_full,ridge,SLURRY_DENSITY_PROXY,0.005943658169511598,0.005943658169511598
10,D_full,ridge,ATTACK_PASSAGE_TEMP_GRADIENT,0.01577514113280928,-0.01577514113280928
10,D_full,ridge,HOT_AIR_DRYER_OUTLET_GRADIENT,0.021230079647669056,0.021230079647669056
10,D_full,ridge,STEAM_SLURRY_TEMP_GRADIENT,0.09190207293867865,-0.09190207293867865
10,D_full,ridge,STEAM_ENERGY_PROXY,0.3445379555318147,-0.3445379555318147
10,D_full,ridge,DRYING_INTENSITY_PROXY,0.003752271660176031,-0.003752271660176031
10,D_full,ridge,RECYCLE_TO_PRODUCTION_RATIO,0.0354064548369031,0.0354064548369031
10,D_full,ridge,FLOW_RATE_PHOSPHORIC_ACID_1_CV_10,0.06851019920778913,-0.06851019920778913
10,D_full,ridge,FLOW_RATE_PHOSPHORIC_ACID_2_CV_10,0.02563932183820014,-0.02563932183820014
10,D_full,ridge,FLOW_RATE_GROUND_PHOSPHATE_CV_10,0.07307334081144674,-0.07307334081144674
10,D_full,ridge,FLOW_RATE_FIOUL_CV_10,0.0024016558258670223,0.0024016558258670223
10,D_full,ridge,FLOW_RATE_VAPEUR_CV_10,0.038580288120185886,-0.038580288120185886
10,D_full,ridge,PRODUCTION_TSP_BALANCE_missing,0.011347568126601875,-0.011347568126601875
10,D_full,ridge,FLOW_RATE_PHOSPHORIC_ACID_1_missing,0.004629477000621606,0.004629477000621606
10,D_full,ridge,FLOW_RATE_PHOSPHORIC_ACID_2_missing,0.006424674042681017,-0.006424674042681017
10,D_full,ridge,FLOW_RATE_GROUND_PHOSPHATE_missing,0.01613911965715663,-0.01613911965715663
10,D_full,ridge,FLOW_RATE_SLURRY_T_PER_HR_missing,0.002462229294125893,0.002462229294125893
10,D_full,ridge,FLOW_RATE_SLURRY_M3_HR_missing,0.0090683873105841,-0.0090683873105841
10,D_full,ridge,RECYCLAGE_missing,0.005190596454791326,0.005190596454791326
10,D_full,ridge,PRESSURE_VAPEUR_missing,0.004045868730186976,-0.004045868730186976
10,D_full,ridge,TEMPERATURE_VAPEUR_missing,0.007938224981936012,-0.007938224981936012
10,D_full,ridge,TEMPERATURE_CUVE_ATTAQUE_missing,0.009046090926689516,0.009046090926689516
10,D_full,ridge,TEMPERATURE_CUVE_DE_PASSAGE_missing,0.00897557223663421,0.00897557223663421
10,D_full,ridge,TEMPERATURE_SLURRY_PULVERISATEUR_missing,0.0025522044815446503,-0.0025522044815446503
10,D_full,ridge,DEPRESSURE_SECHEUR_missing,0.003668532358342672,0.003668532358342672
10,D_full,ridge,LEVEL_CUVE_PASSAGE_missing,0.010967674855607347,-0.010967674855607347
10,D_full,ridge,TEMPERATURE_GAZ_SORTIE_SECHEUR_missing,0.007917419983287651,-0.007917419983287651
10,D_full,ridge,FLOW_RATE_FIOUL_missing,0.007357697979715257,-0.007357697979715257
10,D_full,ridge,TEMPERATURE_AIR_CHAUD_missing,0.013413457318299337,-0.013413457318299337
10,D_full,ridge,FLOW_RATE_LIQUIDE_LAVAGE_missing,0.010225092139665892,-0.010225092139665892
10,D_full,ridge,FLOW_RATE_VAPEUR_missing,0.005256701194295157,-0.005256701194295157
10,D_full,ridge,FLOW_RATE_SLURRY_M3_HR_2_missing,0.004212605099865218,0.004212605099865218
10,D_full,ridge,TEMPERATURE_BRIQUE_missing,0.00010742263781464356,-0.00010742263781464356
15,A_raw,ridge,PRODUCTION_TSP_BALANCE,0.3081144612834149,-0.3081144612834149
15,A_raw,ridge,FLOW_RATE_PHOSPHORIC_ACID_1,0.3825022298391692,0.3825022298391692
15,A_raw,ridge,FLOW_RATE_PHOSPHORIC_ACID_2,0.6317969017957035,0.6317969017957035
15,A_raw,ridge,FLOW_RATE_GROUND_PHOSPHATE,0.46880227319006246,-0.46880227319006246
15,A_raw,ridge,FLOW_RATE_SLURRY_T_PER_HR,0.04844446957759909,0.04844446957759909
15,A_raw,ridge,FLOW_RATE_SLURRY_M3_HR,0.3740261921427232,-0.3740261921427232
15,A_raw,ridge,RECYCLAGE,0.27265779381032124,0.27265779381032124
15,A_raw,ridge,PRESSURE_VAPEUR,0.041822644841171285,0.041822644841171285
15,A_raw,ridge,TEMPERATURE_VAPEUR,0.03456069056994885,-0.03456069056994885
15,A_raw,ridge,TEMPERATURE_CUVE_ATTAQUE,0.02706907912262205,0.02706907912262205
15,A_raw,ridge,TEMPERATURE_CUVE_DE_PASSAGE,0.250072767338707,-0.250072767338707
15,A_raw,ridge,TEMPERATURE_SLURRY_PULVERISATEUR,0.027668752434679002,-0.027668752434679002
15,A_raw,ridge,DEPRESSURE_SECHEUR,0.020575207445608944,0.020575207445608944
15,A_raw,ridge,LEVEL_CUVE_PASSAGE,0.0263893434558055,0.0263893434558055
15,A_raw,ridge,TEMPERATURE_GAZ_SORTIE_SECHEUR,0.058934757059152645,-0.058934757059152645
15,A_raw,ridge,FLOW_RATE_FIOUL,0.06847650891100686,0.06847650891100686
15,A_raw,ridge,TEMPERATURE_AIR_CHAUD,0.2386901521833974,0.2386901521833974
15,A_raw,ridge,FLOW_RATE_LIQUIDE_LAVAGE,0.036921997383263974,0.036921997383263974
15,A_raw,ridge,FLOW_RATE_VAPEUR,0.22155498790455005,0.22155498790455005
15,A_raw,ridge,FLOW_RATE_SLURRY_M3_HR_2,0.00013826447409954606,-0.00013826447409954606
15,A_raw,ridge,TEMPERATURE_BRIQUE,0.052942263381432465,0.052942263381432465
15,B_temporal,ridge,PRODUCTION_TSP_BALANCE,0.27397153772567845,-0.27397153772567845
15,B_temporal,ridge,PRODUCTION_TSP_BALANCE_roll_mean_30,0.01657926901601844,-0.01657926901601844
15,B_temporal,ridge,PRODUCTION_TSP_BALANCE_roll_std_10,0.0008728338599891887,-0.0008728338599891887
15,B_temporal,ridge,PRODUCTION_TSP_BALANCE_diff_5,0.029268947158204734,-0.029268947158204734
15,B_temporal,ridge,PRODUCTION_TSP_BALANCE_slope_10,0.04828215847270895,0.04828215847270895
15,B_temporal,ridge,FLOW_RATE_PHOSPHORIC_ACID_1,0.19710823998652027,0.19710823998652027
15,B_temporal,ridge,FLOW_RATE_PHOSPHORIC_ACID_1_lag_10,0.24608316349710563,0.24608316349710563
15,B_temporal,ridge,FLOW_RATE_PHOSPHORIC_ACID_1_roll_mean_10,0.030623273528953707,0.030623273528953707
15,B_temporal,ridge,FLOW_RATE_PHOSPHORIC_ACID_1_roll_mean_30,0.011444431757264062,-0.011444431757264062
15,B_temporal,ridge,FLOW_RATE_PHOSPHORIC_ACID_1_roll_std_10,0.011804787563314658,-0.011804787563314658
15,B_temporal,ridge,FLOW_RATE_PHOSPHORIC_ACID_1_diff_5,0.0068399337969561,-0.0068399337969561
15,B_temporal,ridge,FLOW_RATE_PHOSPHORIC_ACID_1_slope_10,0.02291192126303646,-0.02291192126303646
15,B_temporal,ridge,FLOW_RATE_PHOSPHORIC_ACID_2,0.4925795369935168,0.4925795369935168
15,B_temporal,ridge,FLOW_RATE_PHOSPHORIC_ACID_2_lag_10,0.22588140868168627,0.22588140868168627
15,B_temporal,ridge,FLOW_RATE_PHOSPHORIC_ACID_2_roll_mean_30,0.05134864655593565,0.05134864655593565
15,B_temporal,ridge,FLOW_RATE_PHOSPHORIC_ACID_2_roll_std_10,0.0015326890933848004,0.0015326890933848004
15,B_temporal,ridge,FLOW_RATE_PHOSPHORIC_ACID_2_diff_5,0.02588228208450529,-0.02588228208450529
15,B_temporal,ridge,FLOW_RATE_PHOSPHORIC_ACID_2_slope_10,0.04097287420421993,-0.04097287420421993
15,B_temporal,ridge,FLOW_RATE_GROUND_PHOSPHATE,0.25672255903053043,-0.25672255903053043
15,B_temporal,ridge,FLOW_RATE_GROUND_PHOSPHATE_lag_10,0.5345076755811556,-0.5345076755811556
15,B_temporal,ridge,FLOW_RATE_GROUND_PHOSPHATE_roll_mean_10,0.08354065617878328,-0.08354065617878328
15,B_temporal,ridge,FLOW_RATE_GROUND_PHOSPHATE_roll_mean_30,0.003227847439214894,0.003227847439214894
15,B_temporal,ridge,FLOW_RATE_GROUND_PHOSPHATE_roll_std_10,0.027848304697198203,0.027848304697198203
15,B_temporal,ridge,FLOW_RATE_GROUND_PHOSPHATE_diff_5,0.05531930836859464,0.05531930836859464
15,B_temporal,ridge,FLOW_RATE_GROUND_PHOSPHATE_slope_10,0.001628165441002104,0.001628165441002104
15,B_temporal,ridge,FLOW_RATE_SLURRY_T_PER_HR,0.191149442435182,0.191149442435182
15,B_temporal,ridge,FLOW_RATE_SLURRY_T_PER_HR_lag_10,0.1300919291639204,0.1300919291639204
15,B_temporal,ridge,FLOW_RATE_SLURRY_T_PER_HR_roll_mean_30,0.022605676509315033,-0.022605676509315033
15,B_temporal,ridge,FLOW_RATE_SLURRY_T_PER_HR_roll_std_10,0.003288448053201011,-0.003288448053201011
15,B_temporal,ridge,FLOW_RATE_SLURRY_T_PER_HR_diff_5,0.008958433403353961,-0.008958433403353961
15,B_temporal,ridge,FLOW_RATE_SLURRY_T_PER_HR_slope_10,0.009911756316151404,0.009911756316151404
15,B_temporal,ridge,FLOW_RATE_SLURRY_M3_HR,0.25153107080596737,-0.25153107080596737
15,B_temporal,ridge,FLOW_RATE_SLURRY_M3_HR_lag_10,0.1634223990462507,-0.1634223990462507
15,B_temporal,ridge,FLOW_RATE_SLURRY_M3_HR_roll_mean_10,0.00533815452723803,-0.00533815452723803
15,B_temporal,ridge,FLOW_RATE_SLURRY_M3_HR_roll_mean_30,0.002713946784773782,-0.002713946784773782
15,B_temporal,ridge,FLOW_RATE_SLURRY_M3_HR_roll_std_10,0.006801657646487645,-0.006801657646487645
15,B_temporal,ridge,FLOW_RATE_SLURRY_M3_HR_diff_5,0.029089170980141934,0.029089170980141934
15,B_temporal,ridge,FLOW_RATE_SLURRY_M3_HR_slope_10,0.0004618736385298722,0.0004618736385298722
15,B_temporal,ridge,RECYCLAGE,0.3555107976820687,0.3555107976820687
15,B_temporal,ridge,RECYCLAGE_lag_10,0.07837644974452673,-0.07837644974452673
15,B_temporal,ridge,RECYCLAGE_roll_mean_30,0.0962736090495,0.0962736090495
15,B_temporal,ridge,RECYCLAGE_roll_std_10,0.0039158039556674825,0.0039158039556674825
15,B_temporal,ridge,RECYCLAGE_diff_5,0.021392215488433713,-0.021392215488433713
15,B_temporal,ridge,RECYCLAGE_slope_10,0.0001553972192131127,-0.0001553972192131127
15,B_temporal,ridge,PRESSURE_VAPEUR,0.043593942643138144,0.043593942643138144
15,B_temporal,ridge,PRESSURE_VAPEUR_lag_5,0.01708286977336601,-0.01708286977336601
15,B_temporal,ridge,PRESSURE_VAPEUR_lag_10,0.023996430662154667,0.023996430662154667
15,B_temporal,ridge,PRESSURE_VAPEUR_roll_mean_10,0.01992679850485822,-0.01992679850485822
15,B_temporal,ridge,PRESSURE_VAPEUR_roll_mean_30,0.0047810290464826875,-0.0047810290464826875
15,B_temporal,ridge,PRESSURE_VAPEUR_roll_std_10,0.01602714740524253,0.01602714740524253
15,B_temporal,ridge,PRESSURE_VAPEUR_diff_5,0.005041259482152581,-0.005041259482152581
15,B_temporal,ridge,PRESSURE_VAPEUR_slope_10,0.003908872676061027,-0.003908872676061027
15,B_temporal,ridge,TEMPERATURE_VAPEUR,0.029176692105601244,-0.029176692105601244
15,B_temporal,ridge,TEMPERATURE_VAPEUR_lag_1,0.013451032596021833,-0.013451032596021833
15,B_temporal,ridge,TEMPERATURE_VAPEUR_lag_5,0.02635104854652988,-0.02635104854652988
15,B_temporal,ridge,TEMPERATURE_VAPEUR_lag_10,0.0013904832662183608,-0.0013904832662183608
15,B_temporal,ridge,TEMPERATURE_VAPEUR_roll_mean_10,0.030233998287944087,0.030233998287944087
15,B_temporal,ridge,TEMPERATURE_VAPEUR_roll_mean_30,0.0159457229504792,0.0159457229504792
15,B_temporal,ridge,TEMPERATURE_VAPEUR_roll_std_10,0.0046442345582361115,-0.0046442345582361115
15,B_temporal,ridge,TEMPERATURE_VAPEUR_diff_5,0.005206979985637765,-0.005206979985637765
15,B_temporal,ridge,TEMPERATURE_VAPEUR_slope_10,0.016132069407247485,0.016132069407247485
15,B_temporal,ridge,TEMPERATURE_CUVE_ATTAQUE,0.05510675641013018,-0.05510675641013018
15,B_temporal,ridge,TEMPERATURE_CUVE_ATTAQUE_lag_15,0.07626756767719607,-0.07626756767719607
15,B_temporal,ridge,TEMPERATURE_CUVE_ATTAQUE_roll_mean_10,0.007548535207588953,0.007548535207588953
15,B_temporal,ridge,TEMPERATURE_CUVE_ATTAQUE_roll_mean_30,0.021263587814228057,-0.021263587814228057
15,B_temporal,ridge,TEMPERATURE_CUVE_ATTAQUE_roll_std_10,0.058846722106473695,-0.058846722106473695
15,B_temporal,ridge,TEMPERATURE_CUVE_ATTAQUE_diff_5,0.0018011538698384864,0.0018011538698384864
15,B_temporal,ridge,TEMPERATURE_CUVE_ATTAQUE_slope_10,0.016331271884750392,-0.016331271884750392
15,B_temporal,ridge,TEMPERATURE_CUVE_DE_PASSAGE,0.3839294211865194,-0.3839294211865194
15,B_temporal,ridge,TEMPERATURE_CUVE_DE_PASSAGE_roll_mean_30,0.029118097349219694,-0.029118097349219694
15,B_temporal,ridge,TEMPERATURE_CUVE_DE_PASSAGE_roll_std_10,0.05292775899423237,0.05292775899423237
15,B_temporal,ridge,TEMPERATURE_CUVE_DE_PASSAGE_diff_5,0.008353613868122165,0.008353613868122165
15,B_temporal,ridge,TEMPERATURE_CUVE_DE_PASSAGE_slope_10,0.05189803883932766,0.05189803883932766
15,B_temporal,ridge,TEMPERATURE_SLURRY_PULVERISATEUR,0.003125738222248446,-0.003125738222248446
15,B_temporal,ridge,TEMPERATURE_SLURRY_PULVERISATEUR_roll_mean_30,0.023808317470682034,0.023808317470682034
15,B_temporal,ridge,TEMPERATURE_SLURRY_PULVERISATEUR_roll_std_10,0.03251079666888498,-0.03251079666888498
15,B_temporal,ridge,TEMPERATURE_SLURRY_PULVERISATEUR_diff_5,0.008164737799740336,-0.008164737799740336
15,B_temporal,ridge,TEMPERATURE_SLURRY_PULVERISATEUR_slope_10,0.006278806454152035,0.006278806454152035
15,B_temporal,ridge,DEPRESSURE_SECHEUR,0.022960397691277886,-0.022960397691277886
15,B_temporal,ridge,DEPRESSURE_SECHEUR_lag_1,0.03547009608533792,0.03547009608533792
15,B_temporal,ridge,DEPRESSURE_SECHEUR_lag_5,0.00645458802331597,0.00645458802331597
15,B_temporal,ridge,DEPRESSURE_SECHEUR_lag_10,0.009756189550829967,-0.009756189550829967
15,B_temporal,ridge,DEPRESSURE_SECHEUR_roll_mean_10,0.025183913202679223,-0.025183913202679223
15,B_temporal,ridge,DEPRESSURE_SECHEUR_roll_mean_30,0.033427906456313085,0.033427906456313085
15,B_temporal,ridge,DEPRESSURE_SECHEUR_roll_std_10,0.003625546255363597,-0.003625546255363597
15,B_temporal,ridge,DEPRESSURE_SECHEUR_diff_5,0.00562690548824935,0.00562690548824935
15,B_temporal,ridge,DEPRESSURE_SECHEUR_slope_10,0.0040738035710843525,0.0040738035710843525
15,B_temporal,ridge,LEVEL_CUVE_PASSAGE,0.017839373705579867,-0.017839373705579867
15,B_temporal,ridge,LEVEL_CUVE_PASSAGE_lag_5,0.00017584629414266567,-0.00017584629414266567
15,B_temporal,ridge,LEVEL_CUVE_PASSAGE_lag_10,0.008207719122974706,0.008207719122974706
15,B_temporal,ridge,LEVEL_CUVE_PASSAGE_roll_mean_10,0.03737250776479769,0.03737250776479769
15,B_temporal,ridge,LEVEL_CUVE_PASSAGE_roll_mean_30,0.0066369702742703944,-0.0066369702742703944
15,B_temporal,ridge,LEVEL_CUVE_PASSAGE_roll_std_10,0.0039003393735064897,0.0039003393735064897
15,B_temporal,ridge,LEVEL_CUVE_PASSAGE_diff_5,8.381344242376965e-05,-8.381344242376965e-05
15,B_temporal,ridge,LEVEL_CUVE_PASSAGE_slope_10,0.012201017307076355,-0.012201017307076355
15,B_temporal,ridge,TEMPERATURE_GAZ_SORTIE_SECHEUR,0.030808561544835317,-0.030808561544835317
15,B_temporal,ridge,TEMPERATURE_GAZ_SORTIE_SECHEUR_lag_5,0.010556128114305709,0.010556128114305709
15,B_temporal,ridge,TEMPERATURE_GAZ_SORTIE_SECHEUR_lag_10,0.004553064143716314,0.004553064143716314
15,B_temporal,ridge,TEMPERATURE_GAZ_SORTIE_SECHEUR_roll_mean_10,0.006670255037414743,-0.006670255037414743
15,B_temporal,ridge,TEMPERATURE_GAZ_SORTIE_SECHEUR_roll_mean_30,0.01762071604881717,-0.01762071604881717
15,B_temporal,ridge,TEMPERATURE_GAZ_SORTIE_SECHEUR_roll_std_10,0.005202419080673812,0.005202419080673812
15,B_temporal,ridge,TEMPERATURE_GAZ_SORTIE_SECHEUR_diff_5,0.0004051631937904601,0.0004051631937904601
15,B_temporal,ridge,TEMPERATURE_GAZ_SORTIE_SECHEUR_slope_10,0.0013355062869386133,-0.0013355062869386133
15,B_temporal,ridge,FLOW_RATE_FIOUL,0.22186264968565395,0.22186264968565395
15,B_temporal,ridge,FLOW_RATE_FIOUL_lag_10,0.02212467651616113,-0.02212467651616113
15,B_temporal,ridge,FLOW_RATE_FIOUL_roll_mean_10,0.05551802533211307,-0.05551802533211307
15,B_temporal,ridge,FLOW_RATE_FIOUL_roll_mean_30,0.0056199820214467445,0.0056199820214467445
15,B_temporal,ridge,FLOW_RATE_FIOUL_roll_std_10,0.011723113695574714,0.011723113695574714
15,B_temporal,ridge,FLOW_RATE_FIOUL_diff_5,0.010533358436574838,0.010533358436574838
15,B_temporal,ridge,FLOW_RATE_FIOUL_slope_10,0.018253365960226354,-0.018253365960226354
15,B_temporal,ridge,TEMPERATURE_AIR_CHAUD,0.13344581405151776,0.13344581405151776
15,B_temporal,ridge,TEMPERATURE_AIR_CHAUD_lag_10,0.03160402263395342,0.03160402263395342
15,B_temporal,ridge,TEMPERATURE_AIR_CHAUD_roll_mean_30,0.03210266298489296,0.03210266298489296
15,B_temporal,ridge,TEMPERATURE_AIR_CHAUD_roll_std_10,0.020542427327744348,0.020542427327744348
15,B_temporal,ridge,TEMPERATURE_AIR_CHAUD_diff_5,0.006205771174446407,-0.006205771174446407
15,B_temporal,ridge,TEMPERATURE_AIR_CHAUD_slope_10,0.013226681837672514,0.013226681837672514
15,B_temporal,ridge,FLOW_RATE_LIQUIDE_LAVAGE,0.027327745805587583,0.027327745805587583
15,B_temporal,ridge,FLOW_RATE_LIQUIDE_LAVAGE_lag_5,0.009107914736745767,-0.009107914736745767
15,B_temporal,ridge,FLOW_RATE_LIQUIDE_LAVAGE_lag_10,0.001257100068550584,0.001257100068550584
15,B_temporal,ridge,FLOW_RATE_LIQUIDE_LAVAGE_roll_mean_30,0.01187862425466696,0.01187862425466696
15,B_temporal,ridge,FLOW_RATE_LIQUIDE_LAVAGE_roll_std_10,0.0037564706196167295,-0.0037564706196167295
15,B_temporal,ridge,FLOW_RATE_LIQUIDE_LAVAGE_diff_5,0.0028361933255034054,-0.0028361933255034054
15,B_temporal,ridge,FLOW_RATE_LIQUIDE_LAVAGE_slope_10,0.0007033080759839214,-0.0007033080759839214
15,B_temporal,ridge,FLOW_RATE_VAPEUR,0.23856960868416577,0.23856960868416577
15,B_temporal,ridge,FLOW_RATE_VAPEUR_lag_10,0.06035135433535408,-0.06035135433535408
15,B_temporal,ridge,FLOW_RATE_VAPEUR_roll_mean_30,0.046077718042803584,-0.046077718042803584
15,B_temporal,ridge,FLOW_RATE_VAPEUR_roll_std_10,0.0032950118799411334,0.0032950118799411334
15,B_temporal,ridge,FLOW_RATE_VAPEUR_diff_5,0.01178032375271885,0.01178032375271885
15,B_temporal,ridge,FLOW_RATE_VAPEUR_slope_10,0.0035355131358255206,-0.0035355131358255206
15,B_temporal,ridge,FLOW_RATE_SLURRY_M3_HR_2,0.02453299191811752,0.02453299191811752
15,B_temporal,ridge,FLOW_RATE_SLURRY_M3_HR_2_roll_mean_10,0.010701314892019977,0.010701314892019977
15,B_temporal,ridge,FLOW_RATE_SLURRY_M3_HR_2_roll_mean_30,0.023226424782573748,-0.023226424782573748
15,B_temporal,ridge,FLOW_RATE_SLURRY_M3_HR_2_roll_std_10,0.0025953347259397197,0.0025953347259397197
15,B_temporal,ridge,FLOW_RATE_SLURRY_M3_HR_2_diff_5,0.004278550291516264,0.004278550291516264
15,B_temporal,ridge,FLOW_RATE_SLURRY_M3_HR_2_slope_10,0.014764127360275785,-0.014764127360275785
15,B_temporal,ridge,TEMPERATURE_BRIQUE,0.3274281688721159,0.3274281688721159
15,B_temporal,ridge,TEMPERATURE_BRIQUE_roll_mean_10,0.03783869659728823,-0.03783869659728823
15,B_temporal,ridge,TEMPERATURE_BRIQUE_roll_mean_30,0.015159258146367958,0.015159258146367958
15,B_temporal,ridge,TEMPERATURE_BRIQUE_roll_std_10,0.03235833969496252,0.03235833969496252
15,B_temporal,ridge,TEMPERATURE_BRIQUE_diff_5,0.029005192323456563,0.029005192323456563
15,B_temporal,ridge,TEMPERATURE_BRIQUE_slope_10,0.00655488270037296,0.00655488270037296
15,B_temporal,ridge,PRODUCTION_TSP_BALANCE_missing,0.008818617041103495,-0.008818617041103495
15,B_temporal,ridge,FLOW_RATE_PHOSPHORIC_ACID_1_missing,0.009009030541911444,0.009009030541911444
15,B_temporal,ridge,FLOW_RATE_PHOSPHORIC_ACID_2_missing,0.011957874999478148,-0.011957874999478148
15,B_temporal,ridge,FLOW_RATE_GROUND_PHOSPHATE_missing,0.016847532689640128,-0.016847532689640128
15,B_temporal,ridge,FLOW_RATE_SLURRY_T_PER_HR_missing,0.0031441083034869652,0.0031441083034869652
15,B_temporal,ridge,FLOW_RATE_SLURRY_M3_HR_missing,0.01487034354364561,-0.01487034354364561
15,B_temporal,ridge,RECYCLAGE_missing,0.00555949694334616,0.00555949694334616
15,B_temporal,ridge,PRESSURE_VAPEUR_missing,0.0027255968667462822,-0.0027255968667462822
15,B_temporal,ridge,TEMPERATURE_VAPEUR_missing,0.005383406565381499,-0.005383406565381499
15,B_temporal,ridge,TEMPERATURE_CUVE_ATTAQUE_missing,0.009535220474483425,0.009535220474483425
15,B_temporal,ridge,TEMPERATURE_CUVE_DE_PASSAGE_missing,0.010539875699834613,0.010539875699834613
15,B_temporal,ridge,TEMPERATURE_SLURRY_PULVERISATEUR_missing,0.002145163847139772,-0.002145163847139772
15,B_temporal,ridge,DEPRESSURE_SECHEUR_missing,0.0061781193194838,0.0061781193194838
15,B_temporal,ridge,LEVEL_CUVE_PASSAGE_missing,0.01049571973411668,-0.01049571973411668
15,B_temporal,ridge,TEMPERATURE_GAZ_SORTIE_SECHEUR_missing,0.009205963778678434,-0.009205963778678434
15,B_temporal,ridge,FLOW_RATE_FIOUL_missing,0.006881796261495494,-0.006881796261495494
15,B_temporal,ridge,TEMPERATURE_AIR_CHAUD_missing,0.012854659407733502,-0.012854659407733502
15,B_temporal,ridge,FLOW_RATE_LIQUIDE_LAVAGE_missing,0.012193514747584311,-0.012193514747584311
15,B_temporal,ridge,FLOW_RATE_VAPEUR_missing,0.005304152113694297,-0.005304152113694297
15,B_temporal,ridge,FLOW_RATE_SLURRY_M3_HR_2_missing,0.006889754017141705,0.006889754017141705
15,B_temporal,ridge,TEMPERATURE_BRIQUE_missing,0.0007353026795941075,-0.0007353026795941075
15,C_process,ridge,PRODUCTION_TSP_BALANCE,0.2749786800175014,-0.2749786800175014
15,C_process,ridge,FLOW_RATE_PHOSPHORIC_ACID_1,0.43146987071691273,0.43146987071691273
15,C_process,ridge,FLOW_RATE_PHOSPHORIC_ACID_2,0.899917511768693,0.899917511768693
15,C_process,ridge,FLOW_RATE_GROUND_PHOSPHATE,0.4805856580461394,-0.4805856580461394
15,C_process,ridge,FLOW_RATE_SLURRY_T_PER_HR,0.05224670436705158,0.05224670436705158
15,C_process,ridge,FLOW_RATE_SLURRY_M3_HR,0.31267533935629127,-0.31267533935629127
15,C_process,ridge,RECYCLAGE,0.2530094127837331,0.2530094127837331
15,C_process,ridge,PRESSURE_VAPEUR,0.41206004523937,0.41206004523937
15,C_process,ridge,TEMPERATURE_VAPEUR,0.19299445847380575,0.19299445847380575
15,C_process,ridge,TEMPERATURE_CUVE_ATTAQUE,0.01841786902714735,-0.01841786902714735
15,C_process,ridge,TEMPERATURE_CUVE_DE_PASSAGE,0.3646896973018154,-0.3646896973018154
15,C_process,ridge,TEMPERATURE_SLURRY_PULVERISATEUR,0.2628599081299495,-0.2628599081299495
15,C_process,ridge,DEPRESSURE_SECHEUR,0.017016339622650187,0.017016339622650187
15,C_process,ridge,LEVEL_CUVE_PASSAGE,0.025095386006709092,0.025095386006709092
15,C_process,ridge,TEMPERATURE_GAZ_SORTIE_SECHEUR,0.007928305317856226,0.007928305317856226
15,C_process,ridge,FLOW_RATE_FIOUL,0.06771564215515265,0.06771564215515265
15,C_process,ridge,TEMPERATURE_AIR_CHAUD,0.106818194930066,0.106818194930066
15,C_process,ridge,FLOW_RATE_LIQUIDE_LAVAGE,0.02866316825078283,0.02866316825078283
15,C_process,ridge,FLOW_RATE_VAPEUR,0.2132246746911652,0.2132246746911652
15,C_process,ridge,FLOW_RATE_SLURRY_M3_HR_2,0.0011901890431508064,0.0011901890431508064
15,C_process,ridge,TEMPERATURE_BRIQUE,0.03542242309429041,-0.03542242309429041
15,C_process,ridge,TOTAL_ACID_FLOW,0.19820718205145615,-0.19820718205145615
15,C_process,ridge,ACID_FLOW_IMBALANCE,0.11135093126632474,-0.11135093126632474
15,C_process,ridge,ACID_TO_PHOSPHATE_RATIO,0.0013881124756120347,0.0013881124756120347
15,C_process,ridge,TOTAL_SLURRY_M3_FLOW,0.0354313903603637,-0.0354313903603637
15,C_process,ridge,SLURRY_DENSITY_PROXY,0.00912133865024694,0.00912133865024694
15,C_process,ridge,ATTACK_PASSAGE_TEMP_GRADIENT,0.0006764469618018173,0.0006764469618018173
15,C_process,ridge,HOT_AIR_DRYER_OUTLET_GRADIENT,0.022524302000159948,0.022524302000159948
15,C_process,ridge,STEAM_SLURRY_TEMP_GRADIENT,0.1782559231013813,-0.1782559231013813
15,C_process,ridge,STEAM_ENERGY_PROXY,0.4395651770271277,-0.4395651770271277
15,C_process,ridge,DRYING_INTENSITY_PROXY,0.002228443212115425,-0.002228443212115425
15,C_process,ridge,RECYCLE_TO_PRODUCTION_RATIO,0.0404450979907778,0.0404450979907778
15,C_process,ridge,FLOW_RATE_PHOSPHORIC_ACID_1_CV_10,0.08048383624019582,-0.08048383624019582
15,C_process,ridge,FLOW_RATE_PHOSPHORIC_ACID_2_CV_10,0.0942567958679246,-0.0942567958679246
15,C_process,ridge,FLOW_RATE_GROUND_PHOSPHATE_CV_10,0.06195106610680937,-0.06195106610680937
15,C_process,ridge,FLOW_RATE_FIOUL_CV_10,0.01119914085707504,0.01119914085707504
15,C_process,ridge,FLOW_RATE_VAPEUR_CV_10,0.04866760756968687,-0.04866760756968687
15,C_process,ridge,PRODUCTION_TSP_BALANCE_missing,0.013986177884151829,-0.013986177884151829
15,C_process,ridge,FLOW_RATE_PHOSPHORIC_ACID_1_missing,0.003525243378305634,0.003525243378305634
15,C_process,ridge,FLOW_RATE_PHOSPHORIC_ACID_2_missing,0.026228352905936298,-0.026228352905936298
15,C_process,ridge,FLOW_RATE_GROUND_PHOSPHATE_missing,0.00559744457154132,-0.00559744457154132
15,C_process,ridge,FLOW_RATE_SLURRY_T_PER_HR_missing,0.0007613469932045444,-0.0007613469932045444
15,C_process,ridge,FLOW_RATE_SLURRY_M3_HR_missing,0.008833102618947025,-0.008833102618947025
15,C_process,ridge,RECYCLAGE_missing,0.0035986807056545165,0.0035986807056545165
15,C_process,ridge,PRESSURE_VAPEUR_missing,0.0023273788194437626,-0.0023273788194437626
15,C_process,ridge,TEMPERATURE_VAPEUR_missing,0.013008559428146348,-0.013008559428146348
15,C_process,ridge,TEMPERATURE_CUVE_ATTAQUE_missing,0.014938902212420219,0.014938902212420219
15,C_process,ridge,TEMPERATURE_CUVE_DE_PASSAGE_missing,0.009395861637915061,0.009395861637915061
15,C_process,ridge,TEMPERATURE_SLURRY_PULVERISATEUR_missing,0.007479901119077832,-0.007479901119077832
15,C_process,ridge,DEPRESSURE_SECHEUR_missing,0.006233041821174489,0.006233041821174489
15,C_process,ridge,LEVEL_CUVE_PASSAGE_missing,0.010708447822096059,-0.010708447822096059
15,C_process,ridge,TEMPERATURE_GAZ_SORTIE_SECHEUR_missing,0.008480109884855721,-0.008480109884855721
15,C_process,ridge,FLOW_RATE_FIOUL_missing,0.009624221821896558,-0.009624221821896558
15,C_process,ridge,TEMPERATURE_AIR_CHAUD_missing,0.014304354029813142,-0.014304354029813142
15,C_process,ridge,FLOW_RATE_LIQUIDE_LAVAGE_missing,0.016368632520533676,-0.016368632520533676
15,C_process,ridge,FLOW_RATE_VAPEUR_missing,0.005309235319090419,-0.005309235319090419
15,C_process,ridge,FLOW_RATE_SLURRY_M3_HR_2_missing,0.010910700346326553,0.010910700346326553
15,C_process,ridge,TEMPERATURE_BRIQUE_missing,0.0044695858681974955,0.0044695858681974955
15,D_full,ridge,PRODUCTION_TSP_BALANCE,0.2949539386833237,-0.2949539386833237
15,D_full,ridge,PRODUCTION_TSP_BALANCE_roll_mean_30,0.02277150736631825,0.02277150736631825
15,D_full,ridge,PRODUCTION_TSP_BALANCE_roll_std_10,0.01126193205178795,0.01126193205178795
15,D_full,ridge,PRODUCTION_TSP_BALANCE_diff_5,0.025175645873755877,-0.025175645873755877
15,D_full,ridge,PRODUCTION_TSP_BALANCE_slope_10,0.04375241527419114,0.04375241527419114
15,D_full,ridge,FLOW_RATE_PHOSPHORIC_ACID_1,0.2795729266936349,0.2795729266936349
15,D_full,ridge,FLOW_RATE_PHOSPHORIC_ACID_1_lag_10,0.2586423448949778,0.2586423448949778
15,D_full,ridge,FLOW_RATE_PHOSPHORIC_ACID_1_roll_mean_10,0.008085673398662277,0.008085673398662277
15,D_full,ridge,FLOW_RATE_PHOSPHORIC_ACID_1_roll_mean_30,0.021319190459540435,-0.021319190459540435
15,D_full,ridge,FLOW_RATE_PHOSPHORIC_ACID_1_roll_std_10,0.005262322107132387,-0.005262322107132387
15,D_full,ridge,FLOW_RATE_PHOSPHORIC_ACID_1_diff_5,0.010108266157811794,-0.010108266157811794
15,D_full,ridge,FLOW_RATE_PHOSPHORIC_ACID_1_slope_10,0.01765094388528002,-0.01765094388528002
15,D_full,ridge,FLOW_RATE_PHOSPHORIC_ACID_2,0.6744808746748334,0.6744808746748334
15,D_full,ridge,FLOW_RATE_PHOSPHORIC_ACID_2_lag_10,0.23553907943480326,0.23553907943480326
15,D_full,ridge,FLOW_RATE_PHOSPHORIC_ACID_2_roll_mean_30,0.033175186939833075,0.033175186939833075
15,D_full,ridge,FLOW_RATE_PHOSPHORIC_ACID_2_roll_std_10,0.0033270568446539684,0.0033270568446539684
15,D_full,ridge,FLOW_RATE_PHOSPHORIC_ACID_2_diff_5,0.028115268398175523,-0.028115268398175523
15,D_full,ridge,FLOW_RATE_PHOSPHORIC_ACID_2_slope_10,0.03415960411137761,-0.03415960411137761
15,D_full,ridge,FLOW_RATE_GROUND_PHOSPHATE,0.25994607234624956,-0.25994607234624956
15,D_full,ridge,FLOW_RATE_GROUND_PHOSPHATE_lag_10,0.4844416262265896,-0.4844416262265896
15,D_full,ridge,FLOW_RATE_GROUND_PHOSPHATE_roll_mean_10,0.13957921821124042,-0.13957921821124042
15,D_full,ridge,FLOW_RATE_GROUND_PHOSPHATE_roll_mean_30,0.02875919169382931,0.02875919169382931
15,D_full,ridge,FLOW_RATE_GROUND_PHOSPHATE_roll_std_10,0.026397365136786293,0.026397365136786293
15,D_full,ridge,FLOW_RATE_GROUND_PHOSPHATE_diff_5,0.05571873992818775,0.05571873992818775
15,D_full,ridge,FLOW_RATE_GROUND_PHOSPHATE_slope_10,0.0034651585219149543,0.0034651585219149543
15,D_full,ridge,FLOW_RATE_SLURRY_T_PER_HR,0.1775437942640377,0.1775437942640377
15,D_full,ridge,FLOW_RATE_SLURRY_T_PER_HR_lag_10,0.1100459526027762,0.1100459526027762
15,D_full,ridge,FLOW_RATE_SLURRY_T_PER_HR_roll_mean_30,0.023442100588635984,-0.023442100588635984
15,D_full,ridge,FLOW_RATE_SLURRY_T_PER_HR_roll_std_10,0.0072300684615469795,-0.0072300684615469795
15,D_full,ridge,FLOW_RATE_SLURRY_T_PER_HR_diff_5,0.0051818308660739314,-0.0051818308660739314
15,D_full,ridge,FLOW_RATE_SLURRY_T_PER_HR_slope_10,0.010169596008557337,0.010169596008557337
15,D_full,ridge,FLOW_RATE_SLURRY_M3_HR,0.1850960790368544,-0.1850960790368544
15,D_full,ridge,FLOW_RATE_SLURRY_M3_HR_lag_10,0.15271531392885448,-0.15271531392885448
15,D_full,ridge,FLOW_RATE_SLURRY_M3_HR_roll_mean_10,0.015248020448501383,0.015248020448501383
15,D_full,ridge,FLOW_RATE_SLURRY_M3_HR_roll_mean_30,0.00012669461138534576,0.00012669461138534576
15,D_full,ridge,FLOW_RATE_SLURRY_M3_HR_roll_std_10,0.005841007143253167,-0.005841007143253167
15,D_full,ridge,FLOW_RATE_SLURRY_M3_HR_diff_5,0.026175362358022727,0.026175362358022727
15,D_full,ridge,FLOW_RATE_SLURRY_M3_HR_slope_10,0.0021696289296990884,0.0021696289296990884
15,D_full,ridge,RECYCLAGE,0.34105487759144687,0.34105487759144687
15,D_full,ridge,RECYCLAGE_lag_10,0.07055510927101315,-0.07055510927101315
15,D_full,ridge,RECYCLAGE_roll_mean_30,0.09039167094386724,0.09039167094386724
15,D_full,ridge,RECYCLAGE_roll_std_10,0.0022982962920208337,-0.0022982962920208337
15,D_full,ridge,RECYCLAGE_diff_5,0.01871118245976297,-0.01871118245976297
15,D_full,ridge,RECYCLAGE_slope_10,0.0015639907130284287,-0.0015639907130284287
15,D_full,ridge,PRESSURE_VAPEUR,0.3511412102045127,0.3511412102045127
15,D_full,ridge,PRESSURE_VAPEUR_lag_5,0.02557000974050312,-0.02557000974050312
15,D_full,ridge,PRESSURE_VAPEUR_lag_10,0.02396765825472927,0.02396765825472927
15,D_full,ridge,PRESSURE_VAPEUR_roll_mean_10,0.01736597775602334,-0.01736597775602334
15,D_full,ridge,PRESSURE_VAPEUR_roll_mean_30,0.013535055831479674,-0.013535055831479674
15,D_full,ridge,PRESSURE_VAPEUR_roll_std_10,0.015010324275712332,0.015010324275712332
15,D_full,ridge,PRESSURE_VAPEUR_diff_5,0.008027509691409222,-0.008027509691409222
15,D_full,ridge,PRESSURE_VAPEUR_slope_10,0.005159927636085013,-0.005159927636085013
15,D_full,ridge,TEMPERATURE_VAPEUR,0.18756960985414325,0.18756960985414325
15,D_full,ridge,TEMPERATURE_VAPEUR_lag_1,0.02740402828236507,-0.02740402828236507
15,D_full,ridge,TEMPERATURE_VAPEUR_lag_5,0.09274410050416673,-0.09274410050416673
15,D_full,ridge,TEMPERATURE_VAPEUR_lag_10,0.0027884412540367864,-0.0027884412540367864
15,D_full,ridge,TEMPERATURE_VAPEUR_roll_mean_10,0.047087038415948,0.047087038415948
15,D_full,ridge,TEMPERATURE_VAPEUR_roll_mean_30,0.009929238817716035,0.009929238817716035
15,D_full,ridge,TEMPERATURE_VAPEUR_roll_std_10,0.004037225656204834,-0.004037225656204834
15,D_full,ridge,TEMPERATURE_VAPEUR_diff_5,0.029171251717663105,-0.029171251717663105
15,D_full,ridge,TEMPERATURE_VAPEUR_slope_10,0.017285844849382385,0.017285844849382385
15,D_full,ridge,TEMPERATURE_CUVE_ATTAQUE,0.06416326321177077,-0.06416326321177077
15,D_full,ridge,TEMPERATURE_CUVE_ATTAQUE_lag_15,0.062371057084351436,-0.062371057084351436
15,D_full,ridge,TEMPERATURE_CUVE_ATTAQUE_roll_mean_10,0.0174694886037556,-0.0174694886037556
15,D_full,ridge,TEMPERATURE_CUVE_ATTAQUE_roll_mean_30,0.0009670247554458095,-0.0009670247554458095
15,D_full,ridge,TEMPERATURE_CUVE_ATTAQUE_roll_std_10,0.052289342223537295,-0.052289342223537295
15,D_full,ridge,TEMPERATURE_CUVE_ATTAQUE_diff_5,0.007785628546242806,0.007785628546242806
15,D_full,ridge,TEMPERATURE_CUVE_ATTAQUE_slope_10,0.020039724945401582,-0.020039724945401582
15,D_full,ridge,TEMPERATURE_CUVE_DE_PASSAGE,0.44600663660598133,-0.44600663660598133
15,D_full,ridge,TEMPERATURE_CUVE_DE_PASSAGE_roll_mean_30,0.06027283647882715,-0.06027283647882715
15,D_full,ridge,TEMPERATURE_CUVE_DE_PASSAGE_roll_std_10,0.04852715107468704,0.04852715107468704
15,D_full,ridge,TEMPERATURE_CUVE_DE_PASSAGE_diff_5,0.00873899772981147,0.00873899772981147
15,D_full,ridge,TEMPERATURE_CUVE_DE_PASSAGE_slope_10,0.04500642026775996,0.04500642026775996
15,D_full,ridge,TEMPERATURE_SLURRY_PULVERISATEUR,0.17659077203938733,-0.17659077203938733
15,D_full,ridge,TEMPERATURE_SLURRY_PULVERISATEUR_roll_mean_30,0.048539078633184914,0.048539078633184914
15,D_full,ridge,TEMPERATURE_SLURRY_PULVERISATEUR_roll_std_10,0.030574261837295075,-0.030574261837295075
15,D_full,ridge,TEMPERATURE_SLURRY_PULVERISATEUR_diff_5,0.005062830866042048,-0.005062830866042048
15,D_full,ridge,TEMPERATURE_SLURRY_PULVERISATEUR_slope_10,0.007152727905874128,0.007152727905874128
15,D_full,ridge,DEPRESSURE_SECHEUR,0.016538938712298997,-0.016538938712298997
15,D_full,ridge,DEPRESSURE_SECHEUR_lag_1,0.028989865167370343,0.028989865167370343
15,D_full,ridge,DEPRESSURE_SECHEUR_lag_5,0.004542927351908509,-0.004542927351908509
15,D_full,ridge,DEPRESSURE_SECHEUR_lag_10,0.010885992129572713,-0.010885992129572713
15,D_full,ridge,DEPRESSURE_SECHEUR_roll_mean_10,0.009242919401750448,-0.009242919401750448
15,D_full,ridge,DEPRESSURE_SECHEUR_roll_mean_30,0.028618461686337648,0.028618461686337648
15,D_full,ridge,DEPRESSURE_SECHEUR_roll_std_10,0.004260796414652872,-0.004260796414652872
15,D_full,ridge,DEPRESSURE_SECHEUR_diff_5,0.002160468241712866,0.002160468241712866
15,D_full,ridge,DEPRESSURE_SECHEUR_slope_10,0.005583637602121531,0.005583637602121531
15,D_full,ridge,LEVEL_CUVE_PASSAGE,0.01897830213715227,-0.01897830213715227
15,D_full,ridge,LEVEL_CUVE_PASSAGE_lag_5,0.008767716899276662,0.008767716899276662
15,D_full,ridge,LEVEL_CUVE_PASSAGE_lag_10,0.005148039826347494,0.005148039826347494
15,D_full,ridge,LEVEL_CUVE_PASSAGE_roll_mean_10,0.01871284781966827,0.01871284781966827
15,D_full,ridge,LEVEL_CUVE_PASSAGE_roll_mean_30,0.00632070700178115,0.00632070700178115
15,D_full,ridge,LEVEL_CUVE_PASSAGE_roll_std_10,0.00445899853942716,0.00445899853942716
15,D_full,ridge,LEVEL_CUVE_PASSAGE_diff_5,0.0009564533769343603,0.0009564533769343603
15,D_full,ridge,LEVEL_CUVE_PASSAGE_slope_10,0.010337359794771675,-0.010337359794771675
15,D_full,ridge,TEMPERATURE_GAZ_SORTIE_SECHEUR,0.011327785445849451,0.011327785445849451
15,D_full,ridge,TEMPERATURE_GAZ_SORTIE_SECHEUR_lag_5,0.02498348771648918,0.02498348771648918
15,D_full,ridge,TEMPERATURE_GAZ_SORTIE_SECHEUR_lag_10,0.0020373546359547185,0.0020373546359547185
15,D_full,ridge,TEMPERATURE_GAZ_SORTIE_SECHEUR_roll_mean_10,0.019012973605508732,-0.019012973605508732
15,D_full,ridge,TEMPERATURE_GAZ_SORTIE_SECHEUR_roll_mean_30,0.008228564672061555,-0.008228564672061555
15,D_full,ridge,TEMPERATURE_GAZ_SORTIE_SECHEUR_roll_std_10,0.002260859078020053,0.002260859078020053
15,D_full,ridge,TEMPERATURE_GAZ_SORTIE_SECHEUR_diff_5,0.002670073447775061,0.002670073447775061
15,D_full,ridge,TEMPERATURE_GAZ_SORTIE_SECHEUR_slope_10,0.00018454933143673987,0.00018454933143673987
15,D_full,ridge,FLOW_RATE_FIOUL,0.20730713353724856,0.20730713353724856
15,D_full,ridge,FLOW_RATE_FIOUL_lag_10,0.008319185102479625,-0.008319185102479625
15,D_full,ridge,FLOW_RATE_FIOUL_roll_mean_10,0.04845360363625039,-0.04845360363625039
15,D_full,ridge,FLOW_RATE_FIOUL_roll_mean_30,0.01707367739017229,-0.01707367739017229
15,D_full,ridge,FLOW_RATE_FIOUL_roll_std_10,0.011756692625474742,0.011756692625474742
15,D_full,ridge,FLOW_RATE_FIOUL_diff_5,0.008688075374086933,0.008688075374086933
15,D_full,ridge,FLOW_RATE_FIOUL_slope_10,0.018016716514705166,-0.018016716514705166
15,D_full,ridge,TEMPERATURE_AIR_CHAUD,0.06683823016682426,0.06683823016682426
15,D_full,ridge,TEMPERATURE_AIR_CHAUD_lag_10,0.01714493329832126,0.01714493329832126
15,D_full,ridge,TEMPERATURE_AIR_CHAUD_roll_mean_30,0.016151877860211803,0.016151877860211803
15,D_full,ridge,TEMPERATURE_AIR_CHAUD_roll_std_10,0.019346130924330934,0.019346130924330934
15,D_full,ridge,TEMPERATURE_AIR_CHAUD_diff_5,0.005970737299625194,-0.005970737299625194
15,D_full,ridge,TEMPERATURE_AIR_CHAUD_slope_10,0.009026548556149358,0.009026548556149358
15,D_full,ridge,FLOW_RATE_LIQUIDE_LAVAGE,0.020927129707392206,0.020927129707392206
15,D_full,ridge,FLOW_RATE_LIQUIDE_LAVAGE_lag_5,0.0038875057309760803,-0.0038875057309760803
15,D_full,ridge,FLOW_RATE_LIQUIDE_LAVAGE_lag_10,0.003947599392775052,0.003947599392775052
15,D_full,ridge,FLOW_RATE_LIQUIDE_LAVAGE_roll_mean_30,0.002809481048209449,0.002809481048209449
15,D_full,ridge,FLOW_RATE_LIQUIDE_LAVAGE_roll_std_10,0.004088647537126988,-0.004088647537126988
15,D_full,ridge,FLOW_RATE_LIQUIDE_LAVAGE_diff_5,0.0012791894991561964,-0.0012791894991561964
15,D_full,ridge,FLOW_RATE_LIQUIDE_LAVAGE_slope_10,0.00029165591669848035,-0.00029165591669848035
15,D_full,ridge,FLOW_RATE_VAPEUR,0.23079509603289397,0.23079509603289397
15,D_full,ridge,FLOW_RATE_VAPEUR_lag_10,0.05118896297320188,-0.05118896297320188
15,D_full,ridge,FLOW_RATE_VAPEUR_roll_mean_30,0.055910437956841315,-0.055910437956841315
15,D_full,ridge,FLOW_RATE_VAPEUR_roll_std_10,0.0017467143642074829,0.0017467143642074829
15,D_full,ridge,FLOW_RATE_VAPEUR_diff_5,0.012062014950846862,0.012062014950846862
15,D_full,ridge,FLOW_RATE_VAPEUR_slope_10,0.003130355740883484,-0.003130355740883484
15,D_full,ridge,FLOW_RATE_SLURRY_M3_HR_2,0.03601015050843623,0.03601015050843623
15,D_full,ridge,FLOW_RATE_SLURRY_M3_HR_2_roll_mean_10,0.011169916414145371,0.011169916414145371
15,D_full,ridge,FLOW_RATE_SLURRY_M3_HR_2_roll_mean_30,0.02782138762493682,-0.02782138762493682
15,D_full,ridge,FLOW_RATE_SLURRY_M3_HR_2_roll_std_10,0.0026798062927875237,0.0026798062927875237
15,D_full,ridge,FLOW_RATE_SLURRY_M3_HR_2_diff_5,0.0049347971425269,0.0049347971425269
15,D_full,ridge,FLOW_RATE_SLURRY_M3_HR_2_slope_10,0.012843909019631573,-0.012843909019631573
15,D_full,ridge,TEMPERATURE_BRIQUE,0.2352246896682867,0.2352246896682867
15,D_full,ridge,TEMPERATURE_BRIQUE_roll_mean_10,0.051248439565069026,-0.051248439565069026
15,D_full,ridge,TEMPERATURE_BRIQUE_roll_mean_30,0.03619953898832583,0.03619953898832583
15,D_full,ridge,TEMPERATURE_BRIQUE_roll_std_10,0.03638050987273227,0.03638050987273227
15,D_full,ridge,TEMPERATURE_BRIQUE_diff_5,0.031261384584033734,0.031261384584033734
15,D_full,ridge,TEMPERATURE_BRIQUE_slope_10,0.004786012533694966,-0.004786012533694966
15,D_full,ridge,TOTAL_ACID_FLOW,0.15699359092250736,-0.15699359092250736
15,D_full,ridge,ACID_FLOW_IMBALANCE,0.03221105848328561,-0.03221105848328561
15,D_full,ridge,ACID_TO_PHOSPHATE_RATIO,0.000838374818250589,-0.000838374818250589
15,D_full,ridge,TOTAL_SLURRY_M3_FLOW,0.06361728826948326,-0.06361728826948326
15,D_full,ridge,SLURRY_DENSITY_PROXY,0.008348468635405138,0.008348468635405138
15,D_full,ridge,ATTACK_PASSAGE_TEMP_GRADIENT,0.009313717368705078,-0.009313717368705078
15,D_full,ridge,HOT_AIR_DRYER_OUTLET_GRADIENT,0.01577437022532669,0.01577437022532669
15,D_full,ridge,STEAM_SLURRY_TEMP_GRADIENT,0.09559495068948216,-0.09559495068948216
15,D_full,ridge,STEAM_ENERGY_PROXY,0.34836776904463607,-0.34836776904463607
15,D_full,ridge,DRYING_INTENSITY_PROXY,0.0022850574217693756,-0.0022850574217693756
15,D_full,ridge,RECYCLE_TO_PRODUCTION_RATIO,0.037330698676194235,0.037330698676194235
15,D_full,ridge,FLOW_RATE_PHOSPHORIC_ACID_1_CV_10,0.07321372692302806,-0.07321372692302806
15,D_full,ridge,FLOW_RATE_PHOSPHORIC_ACID_2_CV_10,0.04979312304262213,-0.04979312304262213
15,D_full,ridge,FLOW_RATE_GROUND_PHOSPHATE_CV_10,0.07783265472365553,-0.07783265472365553
15,D_full,ridge,FLOW_RATE_FIOUL_CV_10,0.00278320180473434,0.00278320180473434
15,D_full,ridge,FLOW_RATE_VAPEUR_CV_10,0.04235564248017139,-0.04235564248017139
15,D_full,ridge,PRODUCTION_TSP_BALANCE_missing,0.009056794124557288,-0.009056794124557288
15,D_full,ridge,FLOW_RATE_PHOSPHORIC_ACID_1_missing,0.0065615494224614546,0.0065615494224614546
15,D_full,ridge,FLOW_RATE_PHOSPHORIC_ACID_2_missing,0.011183159785878798,-0.011183159785878798
15,D_full,ridge,FLOW_RATE_GROUND_PHOSPHATE_missing,0.01773992610884052,-0.01773992610884052
15,D_full,ridge,FLOW_RATE_SLURRY_T_PER_HR_missing,0.0031349194652703573,0.0031349194652703573
15,D_full,ridge,FLOW_RATE_SLURRY_M3_HR_missing,0.014317377149759622,-0.014317377149759622
15,D_full,ridge,RECYCLAGE_missing,0.005765835895208924,0.005765835895208924
15,D_full,ridge,PRESSURE_VAPEUR_missing,0.0024519678101896807,-0.0024519678101896807
15,D_full,ridge,TEMPERATURE_VAPEUR_missing,0.007047396467251212,-0.007047396467251212
15,D_full,ridge,TEMPERATURE_CUVE_ATTAQUE_missing,0.009681622603741821,0.009681622603741821
15,D_full,ridge,TEMPERATURE_CUVE_DE_PASSAGE_missing,0.010173758753023213,0.010173758753023213
15,D_full,ridge,TEMPERATURE_SLURRY_PULVERISATEUR_missing,0.004111631420103731,-0.004111631420103731
15,D_full,ridge,DEPRESSURE_SECHEUR_missing,0.0051778043432053125,0.0051778043432053125
15,D_full,ridge,LEVEL_CUVE_PASSAGE_missing,0.010279061483657006,-0.010279061483657006
15,D_full,ridge,TEMPERATURE_GAZ_SORTIE_SECHEUR_missing,0.00904674937186375,-0.00904674937186375
15,D_full,ridge,FLOW_RATE_FIOUL_missing,0.007114809538139254,-0.007114809538139254
15,D_full,ridge,TEMPERATURE_AIR_CHAUD_missing,0.01257420400349386,-0.01257420400349386
15,D_full,ridge,FLOW_RATE_LIQUIDE_LAVAGE_missing,0.011642711117276059,-0.011642711117276059
15,D_full,ridge,FLOW_RATE_VAPEUR_missing,0.006114392295218687,-0.006114392295218687
15,D_full,ridge,FLOW_RATE_SLURRY_M3_HR_2_missing,0.0064961069712489465,0.0064961069712489465
15,D_full,ridge,TEMPERATURE_BRIQUE_missing,0.000564652633156083,-0.000564652633156083
