timestamp,split,drift_score,outside_training_envelope
2026-01-22 17:18:00+00:00,valid,0.9760821615518999,False
2026-01-22 17:19:00+00:00,valid,0.4324801851423614,False
2026-01-22 17:20:00+00:00,valid,0.5225587691105945,False
2026-01-22 17:21:00+00:00,valid,0.499511996883684,False
2026-01-22 17:22:00+00:00,valid,0.46699795280958245,False
2026-01-22 17:23:00+00:00,valid,0.46801713167847475,False
2026-01-22 17:24:00+00:00,valid,0.4947505308659928,False
2026-01-22 17:25:00+00:00,valid,0.4995202402786584,False
2026-01-22 17:26:00+00:00,valid,0.5071453661745717,False
2026-01-22 17:27:00+00:00,valid,0.5541817128462007,False
2026-01-22 17:28:00+00:00,valid,0.5870905997913977,False
2026-01-22 17:29:00+00:00,valid,0.5136233438109604,False
2026-01-22 17:30:00+00:00,valid,0.557129250641457,False
2026-01-22 17:31:00+00:00,valid,0.507091137379393,False
2026-01-22 17:32:00+00:00,valid,0.5707165782393789,False
2026-01-22 17:33:00+00:00,valid,0.6009186247576546,False
2026-01-22 17:34:00+00:00,valid,0.6526318004356724,False
2026-01-22 17:35:00+00:00,valid,0.6878445890839536,False
2026-01-22 17:36:00+00:00,valid,0.677827261886309,False
2026-01-22 17:39:00+00:00,valid,0.5162670883155484,False
2026-01-22 17:40:00+00:00,valid,0.5347582227852133,False
2026-01-22 17:41:00+00:00,valid,0.5263372321195422,False
2026-01-22 17:42:00+00:00,valid,0.5479022085347639,False
2026-01-22 17:43:00+00:00,valid,0.5830803023959863,False
2026-01-22 17:44:00+00:00,valid,0.5769782866942481,False
2026-01-22 17:45:00+00:00,valid,0.5544284737739319,False
2026-01-22 17:46:00+00:00,valid,0.6114544103564997,False
2026-01-22 17:47:00+00:00,valid,0.6351844109936507,False
2026-01-22 17:48:00+00:00,valid,0.6047438705605798,False
2026-01-22 17:49:00+00:00,valid,0.6135244954280316,False
2026-01-22 17:50:00+00:00,valid,0.595704458988698,False
2026-01-22 17:51:00+00:00,valid,0.6258115333487783,False
2026-01-22 17:52:00+00:00,valid,0.7123075183777936,False
2026-01-22 17:53:00+00:00,valid,1.1294157406393235,False
2026-01-22 17:54:00+00:00,valid,0.6929094056439118,False
2026-01-22 17:55:00+00:00,valid,0.6890697127791889,False
2026-01-22 17:58:00+00:00,valid,0.5994192421119796,False
2026-01-22 17:59:00+00:00,valid,0.5871431700954726,False
2026-01-22 18:00:00+00:00,valid,0.51482449681679,False
2026-01-22 18:01:00+00:00,valid,0.5488391653429505,False
2026-01-22 18:02:00+00:00,valid,0.6147631114868517,False
2026-01-22 18:03:00+00:00,valid,0.6688817446796065,False
2026-01-22 18:04:00+00:00,valid,0.6432859499717031,False
2026-01-22 18:05:00+00:00,valid,0.6429183354537218,False
2026-01-22 18:06:00+00:00,valid,0.7193327447473673,False
2026-01-22 18:07:00+00:00,valid,0.7736117054864399,False
2026-01-22 18:08:00+00:00,valid,0.7866305819043378,False
2026-01-22 18:09:00+00:00,valid,0.7313320783647612,False
2026-01-22 18:10:00+00:00,valid,0.7513571481986542,False
2026-01-22 18:11:00+00:00,valid,0.7654989208234811,False
2026-01-22 18:12:00+00:00,valid,0.6717030479205051,False
2026-01-22 18:13:00+00:00,valid,0.6162816943167273,False
2026-01-22 18:14:00+00:00,valid,0.6891005578776306,False
2026-01-22 18:15:00+00:00,valid,1.0730427983943172,False
2026-01-22 18:16:00+00:00,valid,0.6458547710541245,False
2026-01-22 18:17:00+00:00,valid,0.6784836149599998,False
2026-01-22 18:18:00+00:00,valid,0.6435472202861514,False
2026-01-22 18:19:00+00:00,valid,0.6892194900858546,False
2026-01-22 18:20:00+00:00,valid,0.7542453887256623,False
2026-01-22 18:21:00+00:00,valid,0.6828927620218633,False
2026-01-22 18:22:00+00:00,valid,0.6221105813428951,False
2026-01-22 18:23:00+00:00,valid,0.5674117359455019,False
2026-01-22 18:24:00+00:00,valid,0.5779118229939488,False
2026-01-22 18:25:00+00:00,valid,0.5437145770271978,False
2026-01-22 18:26:00+00:00,valid,1.0997242568617356,False
2026-01-22 18:27:00+00:00,valid,0.6511123706642233,False
2026-01-22 18:28:00+00:00,valid,0.5759166901748901,False
2026-01-22 18:29:00+00:00,valid,0.6272053443753451,False
2026-01-22 18:30:00+00:00,valid,0.6427319607785157,False
2026-01-22 18:31:00+00:00,valid,0.5582903111745745,False
2026-01-22 18:32:00+00:00,valid,1.002288383497786,False
2026-01-22 18:33:00+00:00,valid,0.5322767847958133,False
2026-01-22 18:34:00+00:00,valid,0.5115288445009591,False
2026-01-22 18:35:00+00:00,valid,0.5313924910949205,False
2026-01-22 18:36:00+00:00,valid,1.110667057131129,False
2026-01-22 18:37:00+00:00,valid,0.5126317443026054,False
2026-01-22 18:38:00+00:00,valid,0.5571691633097895,False
2026-01-22 18:39:00+00:00,valid,0.574415296812708,False
2026-01-22 18:40:00+00:00,valid,0.5973533628301321,False
2026-01-22 18:41:00+00:00,valid,0.581523849806075,False
2026-01-22 18:42:00+00:00,valid,0.5275145287493773,False
2026-01-22 18:43:00+00:00,valid,0.5609221774725607,False
2026-01-22 18:44:00+00:00,valid,0.5308203864268098,False
2026-01-22 18:45:00+00:00,valid,0.6043122578687505,False
2026-01-22 18:46:00+00:00,valid,0.606367227273512,False
2026-01-22 18:47:00+00:00,valid,0.6273072046885576,False
2026-01-22 18:48:00+00:00,valid,1.051834211042596,False
2026-01-22 18:49:00+00:00,valid,0.6926870010015851,False
2026-01-22 18:50:00+00:00,valid,0.7347829311201681,False
2026-01-22 18:51:00+00:00,valid,0.6752512118847352,False
2026-01-22 18:52:00+00:00,valid,0.6897226117249887,False
2026-01-22 18:53:00+00:00,valid,0.6841324988402625,False
2026-01-22 18:54:00+00:00,valid,0.6717783882438598,False
2026-01-22 18:55:00+00:00,valid,0.6026829864836527,False
2026-01-22 18:56:00+00:00,valid,0.5894203915758156,False
2026-01-22 18:57:00+00:00,valid,0.670775858874249,False
2026-01-22 18:58:00+00:00,valid,0.6565164026833469,False
2026-01-22 18:59:00+00:00,valid,0.6944816897563051,False
2026-01-22 19:00:00+00:00,valid,0.6924757079442104,False
2026-01-22 19:01:00+00:00,valid,1.0878743520514893,False
2026-01-22 19:02:00+00:00,valid,0.8248249711815615,False
2026-01-22 19:03:00+00:00,valid,0.8022136334012989,False
2026-01-22 19:04:00+00:00,valid,0.748507276196857,False
2026-01-22 19:05:00+00:00,valid,0.7104279295459712,False
2026-01-22 19:06:00+00:00,valid,0.6920263689208982,False
2026-01-22 19:07:00+00:00,valid,0.6265989417853791,False
2026-01-22 19:08:00+00:00,valid,0.5859482551932041,False
2026-01-22 19:09:00+00:00,valid,0.604204075749794,False
2026-01-22 19:10:00+00:00,valid,0.6201848331286672,False
2026-01-22 19:11:00+00:00,valid,0.5762656655680929,False
2026-01-22 19:12:00+00:00,valid,0.5909990603200452,False
2026-01-22 19:13:00+00:00,valid,0.5743051863750935,False
2026-01-22 19:14:00+00:00,valid,0.5699313197814883,False
2026-01-22 19:15:00+00:00,valid,0.584082485610611,False
2026-01-22 19:16:00+00:00,valid,0.6175365043494753,False
2026-01-22 19:17:00+00:00,valid,1.0325140007292397,False
2026-01-22 19:18:00+00:00,valid,0.5453816561414085,False
2026-01-22 19:19:00+00:00,valid,0.5199391280021044,False
2026-01-22 19:20:00+00:00,valid,0.5666841539836774,False
2026-01-22 19:21:00+00:00,valid,0.5318381635832975,False
2026-01-22 19:22:00+00:00,valid,0.5595695149965405,False
2026-01-22 19:23:00+00:00,valid,0.5435087603749303,False
2026-01-22 19:24:00+00:00,valid,0.5706787098925709,False
2026-01-22 19:25:00+00:00,valid,0.5152173977908231,False
2026-01-22 19:26:00+00:00,valid,0.5265059960278503,False
2026-01-22 19:27:00+00:00,valid,0.5284584246079125,False
2026-01-22 19:28:00+00:00,valid,0.534578451125182,False
2026-01-22 19:29:00+00:00,valid,0.5646788481037385,False
2026-01-22 19:30:00+00:00,valid,0.550122359628839,False
2026-01-22 19:31:00+00:00,valid,0.5881827220627196,False
2026-01-22 19:32:00+00:00,valid,0.5565373896037517,False
2026-01-22 19:33:00+00:00,valid,0.5502661528064666,False
2026-01-22 19:34:00+00:00,valid,0.5369200588792924,False
2026-01-22 19:35:00+00:00,valid,0.5512594857346721,False
2026-01-22 19:36:00+00:00,valid,0.5049024907504169,False
2026-01-22 19:37:00+00:00,valid,0.5243223244738916,False
2026-01-22 19:38:00+00:00,valid,0.4706899941267067,False
2026-01-22 19:39:00+00:00,valid,0.49355043678167426,False
2026-01-22 19:40:00+00:00,valid,0.5681943235604013,False
2026-01-22 19:41:00+00:00,valid,0.5603349517102947,False
2026-01-22 19:42:00+00:00,valid,0.5794937970536483,False
2026-01-22 19:43:00+00:00,valid,0.5550139353351002,False
2026-01-22 19:44:00+00:00,valid,0.5758434504098812,False
2026-01-22 19:45:00+00:00,valid,0.5655867281180157,False
2026-01-22 19:46:00+00:00,valid,0.600051206852303,False
2026-01-22 19:47:00+00:00,valid,0.6325300321910945,False
2026-01-22 19:48:00+00:00,valid,0.6094266177038161,False
2026-01-22 19:49:00+00:00,valid,0.6429429296725836,False
2026-01-22 19:50:00+00:00,valid,0.6959484935551838,False
2026-01-22 19:51:00+00:00,valid,0.6647712780219026,False
2026-01-22 19:52:00+00:00,valid,0.6222102229274815,False
2026-01-22 19:53:00+00:00,valid,0.6599056069229571,False
2026-01-22 19:54:00+00:00,valid,0.7079609423440585,False
2026-01-22 19:55:00+00:00,valid,0.6907447691950797,False
2026-01-22 19:56:00+00:00,valid,0.7355154636933134,False
2026-01-22 19:57:00+00:00,valid,0.6641338455381326,False
2026-01-22 19:58:00+00:00,valid,0.6501918667975825,False
2026-01-22 19:59:00+00:00,valid,0.6322684291622592,False
2026-01-22 20:00:00+00:00,valid,0.6032947052508161,False
2026-01-22 20:01:00+00:00,valid,0.525010955692158,False
2026-01-22 20:02:00+00:00,valid,0.5089534228079206,False
2026-01-22 20:03:00+00:00,valid,0.518095423145524,False
2026-01-22 20:04:00+00:00,valid,0.5176745497714166,False
2026-01-22 20:05:00+00:00,valid,0.4881816369576464,False
2026-01-22 20:06:00+00:00,valid,0.5117527012010412,False
2026-01-22 20:07:00+00:00,valid,0.5386585672129011,False
2026-01-22 20:08:00+00:00,valid,0.5370965914556753,False
2026-01-22 20:09:00+00:00,valid,0.5418783283306551,False
2026-01-22 20:10:00+00:00,valid,0.5211657581536444,False
2026-01-22 20:11:00+00:00,valid,0.5115113074931618,False
2026-01-22 20:12:00+00:00,valid,0.5041790029847008,False
2026-01-22 20:13:00+00:00,valid,0.5641838502204611,False
2026-01-22 20:14:00+00:00,valid,0.5643612479127571,False
2026-01-22 20:15:00+00:00,valid,0.601505673607064,False
2026-01-22 20:16:00+00:00,valid,0.5407936410055326,False
2026-01-22 20:17:00+00:00,valid,0.547349296234336,False
2026-01-22 20:18:00+00:00,valid,0.5334587046105499,False
2026-01-22 20:19:00+00:00,valid,0.48592760569599347,False
2026-01-22 20:20:00+00:00,valid,0.5459270416109976,False
2026-01-22 20:21:00+00:00,valid,0.4955044127850464,False
2026-01-22 20:22:00+00:00,valid,0.5794356810210539,False
2026-01-22 20:23:00+00:00,valid,0.5462691699191083,False
2026-01-22 20:24:00+00:00,valid,0.5527757881276749,False
2026-01-22 20:25:00+00:00,valid,0.5091728264365992,False
2026-01-22 20:26:00+00:00,valid,0.46428592344727837,False
2026-01-22 20:27:00+00:00,valid,0.459827044558502,False
2026-01-22 20:28:00+00:00,valid,0.4684565508959354,False
2026-01-22 20:29:00+00:00,valid,0.5883479992629017,False
2026-01-22 20:30:00+00:00,valid,0.595873868498726,False
2026-01-22 20:31:00+00:00,valid,1.2798966590586163,False
2026-01-22 20:32:00+00:00,valid,0.6344758273726686,False
2026-01-22 20:33:00+00:00,valid,0.6020713544194292,False
2026-01-22 20:34:00+00:00,valid,0.5411592191517176,False
2026-01-22 20:35:00+00:00,valid,0.4627877795367885,False
2026-01-22 20:36:00+00:00,valid,0.4188434984804218,False
2026-01-22 20:37:00+00:00,valid,0.507263708278801,False
2026-01-22 20:38:00+00:00,valid,0.47100586233978264,False
2026-01-22 20:39:00+00:00,valid,0.4984683251197651,False
2026-01-22 20:40:00+00:00,valid,0.47105261853081315,False
2026-01-22 20:41:00+00:00,valid,1.0131010922370713,False
2026-01-22 20:42:00+00:00,valid,0.6039774091376863,False
2026-01-22 20:43:00+00:00,valid,0.5927403776135559,False
2026-01-22 20:44:00+00:00,valid,0.6795321962343154,False
2026-01-22 20:45:00+00:00,valid,0.6719517809424684,False
2026-01-22 20:46:00+00:00,valid,0.9217800371117529,False
2026-01-22 20:47:00+00:00,valid,0.6017460488054704,False
2026-01-22 20:48:00+00:00,valid,0.5914806667006525,False
2026-01-22 20:49:00+00:00,valid,0.5822069169797265,False
2026-01-22 20:50:00+00:00,valid,0.5595231151388926,False
2026-01-22 20:51:00+00:00,valid,0.530371773850396,False
2026-01-22 20:52:00+00:00,valid,0.5272239921865669,False
2026-01-22 20:53:00+00:00,valid,0.4891601857211214,False
2026-01-22 20:54:00+00:00,valid,0.4724545182962659,False
2026-01-22 20:55:00+00:00,valid,0.522585048172669,False
2026-01-22 20:56:00+00:00,valid,0.489672825035353,False
2026-01-22 20:57:00+00:00,valid,0.5128823172493183,False
2026-01-22 20:58:00+00:00,valid,0.5227946002385921,False
2026-01-22 20:59:00+00:00,valid,0.506736518071964,False
2026-01-22 21:00:00+00:00,valid,0.48896502351811044,False
2026-01-22 21:01:00+00:00,valid,0.4914607179848491,False
2026-01-22 21:02:00+00:00,valid,0.4933579910422678,False
2026-01-22 21:03:00+00:00,valid,0.4861391982496993,False
2026-01-22 21:04:00+00:00,valid,0.45702026818303,False
2026-01-22 21:05:00+00:00,valid,0.9924079040087745,False
2026-01-22 21:06:00+00:00,valid,0.5338719482870873,False
2026-01-22 21:07:00+00:00,valid,0.51882711650385,False
2026-01-22 21:08:00+00:00,valid,0.49400167622200414,False
2026-01-22 21:09:00+00:00,valid,0.5085816574784569,False
2026-01-22 21:10:00+00:00,valid,0.58751879526827,False
2026-01-22 21:11:00+00:00,valid,0.6190522301107124,False
2026-01-22 21:12:00+00:00,valid,0.5592444315490103,False
2026-01-22 21:13:00+00:00,valid,0.5550897440261385,False
2026-01-22 21:14:00+00:00,valid,0.5855174920069117,False
2026-01-22 21:15:00+00:00,valid,0.7003123294549803,False
2026-01-22 21:16:00+00:00,valid,0.6316002919296926,False
2026-01-22 21:17:00+00:00,valid,0.6229777884221276,False
2026-01-22 21:18:00+00:00,valid,0.5746872543795087,False
2026-01-22 21:19:00+00:00,valid,0.5401087269798142,False
2026-01-22 21:20:00+00:00,valid,0.5500308974357468,False
2026-01-22 21:21:00+00:00,valid,0.5763183210795865,False
2026-01-22 21:22:00+00:00,valid,0.5874691705860243,False
2026-01-22 21:23:00+00:00,valid,0.5164776694034107,False
2026-01-22 21:24:00+00:00,valid,1.3725257171027951,False
2026-01-22 21:25:00+00:00,valid,0.5027464658293296,False
2026-01-22 21:26:00+00:00,valid,0.5560808379663656,False
2026-01-22 21:27:00+00:00,valid,0.5083941350211475,False
2026-01-22 21:28:00+00:00,valid,0.5276327712578494,False
2026-01-22 21:29:00+00:00,valid,0.6189520104585892,False
2026-01-22 21:30:00+00:00,valid,0.6835001683323826,False
2026-01-22 21:31:00+00:00,valid,0.6477034698701728,False
2026-01-22 21:32:00+00:00,valid,0.6592381120722437,False
2026-01-22 21:33:00+00:00,valid,0.6506908151294837,False
2026-01-22 21:34:00+00:00,valid,0.579420482636011,False
2026-01-22 21:35:00+00:00,valid,0.5546797515443378,False
2026-01-22 21:36:00+00:00,valid,0.5520781302813305,False
2026-01-22 21:37:00+00:00,valid,0.530163661769476,False
2026-01-22 21:38:00+00:00,valid,0.5592001778938198,False
2026-01-22 21:39:00+00:00,valid,0.5569587310254815,False
2026-01-22 21:40:00+00:00,valid,0.5787925192878217,False
2026-01-22 21:41:00+00:00,valid,0.973956031784763,False
2026-01-22 21:42:00+00:00,valid,0.6028650553809184,False
2026-01-22 21:43:00+00:00,valid,0.7217270537691357,False
2026-01-22 21:44:00+00:00,valid,0.7124071469839408,False
2026-01-22 21:45:00+00:00,valid,0.7644747250297751,False
2026-01-22 21:46:00+00:00,valid,0.6938449579038014,False
2026-01-22 21:47:00+00:00,valid,0.6603200237796233,False
2026-01-22 21:48:00+00:00,valid,0.615733411610697,False
2026-01-22 21:49:00+00:00,valid,0.5752626403299415,False
2026-01-22 21:50:00+00:00,valid,0.6153847292266799,False
2026-01-22 21:51:00+00:00,valid,0.5879067206911643,False
2026-01-22 21:52:00+00:00,valid,0.6085851231780921,False
2026-01-22 21:53:00+00:00,valid,0.5856198214870996,False
2026-01-22 21:54:00+00:00,valid,0.566054800176418,False
2026-01-22 21:55:00+00:00,valid,0.6031994306052432,False
2026-01-22 21:56:00+00:00,valid,0.6319358025708468,False
2026-01-22 21:57:00+00:00,valid,0.7293082674733787,False
2026-01-22 21:58:00+00:00,valid,0.7402228184339543,False
2026-01-22 21:59:00+00:00,valid,0.729698301311757,False
2026-01-22 22:00:00+00:00,valid,0.7008175294423045,False
2026-01-22 22:01:00+00:00,valid,0.6149000195846056,False
2026-01-22 22:02:00+00:00,valid,0.5770077735162024,False
2026-01-22 22:03:00+00:00,valid,0.5543905036492365,False
2026-01-22 22:04:00+00:00,valid,0.5311832739436957,False
2026-01-22 22:05:00+00:00,valid,0.5550978679243449,False
2026-01-22 22:06:00+00:00,valid,0.5425820101924771,False
2026-01-22 22:07:00+00:00,valid,0.5438829781595677,False
2026-01-22 22:08:00+00:00,valid,0.5422321999937546,False
2026-01-22 22:09:00+00:00,valid,0.5292171242133329,False
2026-01-22 22:10:00+00:00,valid,0.5362063421153779,False
2026-01-22 22:11:00+00:00,valid,0.563449645471674,False
2026-01-22 22:12:00+00:00,valid,0.5942260345124706,False
2026-01-22 22:13:00+00:00,valid,0.5899006732132256,False
2026-01-22 22:14:00+00:00,valid,0.6285530496101678,False
2026-01-22 22:15:00+00:00,valid,0.5790696753444753,False
2026-01-22 22:16:00+00:00,valid,0.6442641882956275,False
2026-01-22 22:17:00+00:00,valid,0.5844494570972427,False
2026-01-22 22:18:00+00:00,valid,1.0611893260243568,False
2026-01-22 22:19:00+00:00,valid,0.7424034286966489,False
2026-01-22 22:20:00+00:00,valid,0.7640767311879187,False
2026-01-22 22:21:00+00:00,valid,0.7540309162680856,False
2026-01-22 22:22:00+00:00,valid,0.7974110697755066,False
2026-01-22 22:23:00+00:00,valid,0.7447405176084806,False
2026-01-22 22:24:00+00:00,valid,0.6894330659278197,False
2026-01-22 22:25:00+00:00,valid,0.6808257379568531,False
2026-01-22 22:26:00+00:00,valid,0.6128724531747577,False
2026-01-22 22:27:00+00:00,valid,0.6402798605161025,False
2026-01-22 22:28:00+00:00,valid,0.611960478232207,False
2026-01-22 22:29:00+00:00,valid,0.5983319869828064,False
2026-01-22 22:30:00+00:00,valid,0.9794255178995573,False
2026-01-22 22:31:00+00:00,valid,0.5651334864964765,False
2026-01-22 22:32:00+00:00,valid,0.5480596400690665,False
2026-01-22 22:33:00+00:00,valid,0.5570283323345732,False
2026-01-22 22:34:00+00:00,valid,0.5897529925243614,False
2026-01-22 22:35:00+00:00,valid,0.6034937438933593,False
2026-01-22 22:36:00+00:00,valid,0.5985844415243768,False
2026-01-22 22:37:00+00:00,valid,0.6060287342123133,False
2026-01-22 22:38:00+00:00,valid,0.6165241391771218,False
2026-01-22 22:39:00+00:00,valid,0.6233785735763832,False
2026-01-22 22:40:00+00:00,valid,0.5934999857735528,False
2026-01-22 22:41:00+00:00,valid,0.6504486231759716,False
2026-01-22 22:42:00+00:00,valid,0.6826267194049315,False
2026-01-22 22:43:00+00:00,valid,0.7918706511008237,False
2026-01-22 22:44:00+00:00,valid,0.7593444006579374,False
2026-01-22 22:45:00+00:00,valid,0.7341624520707576,False
2026-01-22 22:46:00+00:00,valid,0.7596793584973561,False
2026-01-22 22:47:00+00:00,valid,0.7405822949762807,False
2026-01-22 22:48:00+00:00,valid,0.6643907947062738,False
2026-01-22 22:49:00+00:00,valid,0.6476000742746612,False
2026-01-22 22:50:00+00:00,valid,0.6181430396932088,False
2026-01-22 22:51:00+00:00,valid,0.6009547573100005,False
2026-01-22 22:52:00+00:00,valid,0.5871168264001314,False
2026-01-22 22:53:00+00:00,valid,0.593715062226519,False
2026-01-22 22:54:00+00:00,valid,0.6072556434834652,False
2026-01-22 22:55:00+00:00,valid,0.5971076383297859,False
2026-01-22 22:56:00+00:00,valid,0.559374415203875,False
2026-01-22 22:57:00+00:00,valid,0.5987353302079084,False
2026-01-22 22:58:00+00:00,valid,0.5945271812906543,False
2026-01-22 22:59:00+00:00,valid,0.5855635656493223,False
2026-01-22 23:00:00+00:00,valid,0.5926088005927413,False
2026-01-22 23:01:00+00:00,valid,0.616164089946309,False
2026-01-22 23:02:00+00:00,valid,0.6113416550172088,False
2026-01-22 23:03:00+00:00,valid,0.652846628724007,False
2026-01-22 23:04:00+00:00,valid,0.6239932259518453,False
2026-01-22 23:05:00+00:00,valid,0.5928796445934149,False
2026-01-22 23:06:00+00:00,valid,0.5931398845845185,False
2026-01-22 23:07:00+00:00,valid,1.035611813978193,False
2026-01-22 23:08:00+00:00,valid,0.6649215126153333,False
2026-01-22 23:09:00+00:00,valid,0.6628571107347636,False
2026-01-22 23:10:00+00:00,valid,0.6510161636472751,False
2026-01-22 23:11:00+00:00,valid,0.6595427770757377,False
2026-01-22 23:12:00+00:00,valid,0.6672361535240307,False
2026-01-22 23:13:00+00:00,valid,0.5832187430463349,False
2026-01-22 23:14:00+00:00,valid,0.9754331229132723,False
2026-01-22 23:15:00+00:00,valid,0.5454321774629909,False
2026-01-22 23:16:00+00:00,valid,0.5984347429121798,False
2026-01-22 23:17:00+00:00,valid,0.5639786035284378,False
2026-01-22 23:18:00+00:00,valid,0.5886237468946629,False
2026-01-22 23:19:00+00:00,valid,0.5852094238452786,False
2026-01-22 23:20:00+00:00,valid,0.5493043168143547,False
2026-01-22 23:21:00+00:00,valid,0.5603420992425844,False
2026-01-22 23:22:00+00:00,valid,0.5540558363013963,False
2026-01-22 23:23:00+00:00,valid,0.5661732735456522,False
2026-01-22 23:24:00+00:00,valid,0.6006614798024955,False
2026-01-22 23:25:00+00:00,valid,0.5696537188959022,False
2026-01-22 23:26:00+00:00,valid,0.5717296290112807,False
2026-01-22 23:27:00+00:00,valid,0.5389812781462374,False
2026-01-22 23:28:00+00:00,valid,0.5392967730930145,False
2026-01-22 23:29:00+00:00,valid,0.5164958166984354,False
2026-01-22 23:30:00+00:00,valid,0.48289003436290423,False
2026-01-22 23:31:00+00:00,valid,0.5513092329527767,False
2026-01-22 23:32:00+00:00,valid,0.5971320576385573,False
2026-01-22 23:33:00+00:00,valid,0.555369247419357,False
2026-01-22 23:34:00+00:00,valid,0.5506878226426202,False
2026-01-22 23:35:00+00:00,valid,0.5304333196990609,False
2026-01-22 23:36:00+00:00,valid,0.5298428040608583,False
2026-01-22 23:37:00+00:00,valid,0.5132007245163698,False
2026-01-22 23:38:00+00:00,valid,0.5362480352577204,False
2026-01-22 23:39:00+00:00,valid,0.5552286570039664,False
2026-01-22 23:40:00+00:00,valid,0.6097746838794632,False
2026-01-22 23:41:00+00:00,valid,0.6142106033661501,False
2026-01-22 23:42:00+00:00,valid,0.6614856066241721,False
2026-01-22 23:43:00+00:00,valid,0.6443927061156574,False
2026-01-22 23:44:00+00:00,valid,0.637495099720556,False
2026-01-22 23:45:00+00:00,valid,0.6403267328912753,False
2026-01-22 23:46:00+00:00,valid,0.647832998671827,False
2026-01-22 23:47:00+00:00,valid,0.6287255488088894,False
2026-01-22 23:48:00+00:00,valid,0.6394362513783538,False
2026-01-22 23:49:00+00:00,valid,0.6208040743737062,False
2026-01-22 23:50:00+00:00,valid,0.6140970154765968,False
2026-01-22 23:51:00+00:00,valid,0.5981256825383044,False
2026-01-22 23:52:00+00:00,valid,0.6110406566324937,False
2026-01-22 23:55:00+00:00,valid,0.6340105381677452,False
2026-01-22 23:56:00+00:00,valid,0.6548016201854785,False
2026-01-22 23:57:00+00:00,valid,0.6456402827062342,False
2026-01-22 23:58:00+00:00,valid,0.627072388277265,False
2026-01-22 23:59:00+00:00,valid,0.6264459306190505,False
2026-01-23 00:00:00+00:00,valid,0.6572147607390553,False
2026-01-23 00:01:00+00:00,valid,0.7086281907388939,False
2026-01-23 00:02:00+00:00,valid,0.6958098868965759,False
2026-01-23 00:03:00+00:00,valid,0.6947494157473589,False
2026-01-23 00:04:00+00:00,valid,0.7017349207462158,False
2026-01-23 00:05:00+00:00,valid,0.7068228621120424,False
2026-01-23 00:06:00+00:00,valid,0.6592514633688679,False
2026-01-23 00:07:00+00:00,valid,1.1271536022092195,False
2026-01-23 00:08:00+00:00,valid,0.6061095727647083,False
2026-01-23 00:09:00+00:00,valid,0.5988145267852195,False
2026-01-23 00:10:00+00:00,valid,0.5875348722314793,False
2026-01-23 00:11:00+00:00,valid,0.6153078275427946,False
2026-01-23 00:12:00+00:00,valid,0.6087347387748855,False
2026-01-23 00:13:00+00:00,valid,0.5880687097349393,False
2026-01-23 00:14:00+00:00,valid,0.5632098667886056,False
2026-01-23 00:15:00+00:00,valid,0.5816336834235428,False
2026-01-23 00:16:00+00:00,valid,0.556903914032858,False
2026-01-23 00:19:00+00:00,valid,0.5432213007631522,False
2026-01-23 00:20:00+00:00,valid,0.5411767977733181,False
2026-01-23 00:21:00+00:00,valid,0.5690710828271178,False
2026-01-23 00:22:00+00:00,valid,0.5483190677457623,False
2026-01-23 00:23:00+00:00,valid,0.5654494492290096,False
2026-01-23 00:24:00+00:00,valid,0.5642712443491598,False
2026-01-23 00:25:00+00:00,valid,0.5644222584802345,False
2026-01-23 00:26:00+00:00,valid,0.5833872117651105,False
2026-01-23 00:27:00+00:00,valid,0.5700722181311075,False
2026-01-23 00:28:00+00:00,valid,0.5954636064712299,False
2026-01-23 00:29:00+00:00,valid,0.6694599539079649,False
2026-01-23 00:30:00+00:00,valid,0.725450667947585,False
2026-01-23 00:31:00+00:00,valid,0.6516683664150879,False
2026-01-23 00:32:00+00:00,valid,0.6421720220604638,False
2026-01-23 00:33:00+00:00,valid,0.6459588123611919,False
2026-01-23 00:34:00+00:00,valid,0.6312704790814276,False
2026-01-23 00:35:00+00:00,valid,0.662636526763224,False
2026-01-23 00:36:00+00:00,valid,0.718851934189889,False
2026-01-23 00:37:00+00:00,valid,0.7333256014348067,False
2026-01-23 00:38:00+00:00,valid,0.7942137473911083,False
2026-01-23 00:39:00+00:00,valid,0.8545235536179053,False
2026-01-23 00:40:00+00:00,valid,0.8032479549509263,False
2026-01-23 00:41:00+00:00,valid,0.6902160002903409,False
2026-01-23 00:42:00+00:00,valid,0.6374982175136413,False
2026-01-23 00:43:00+00:00,valid,0.610214176504549,False
2026-01-23 00:44:00+00:00,valid,0.6636643731072446,False
2026-01-23 00:45:00+00:00,valid,0.7496794440022855,False
2026-01-23 00:46:00+00:00,valid,0.8202089888986979,False
2026-01-23 00:47:00+00:00,valid,0.8042381104357458,False
2026-01-23 00:48:00+00:00,valid,0.7762919024092942,False
2026-01-23 00:49:00+00:00,valid,0.6955174189794143,False
2026-01-23 00:50:00+00:00,valid,0.6310768664372214,False
2026-01-23 00:51:00+00:00,valid,0.5899346222931849,False
2026-01-23 00:52:00+00:00,valid,0.5574125502629357,False
2026-01-23 00:53:00+00:00,valid,0.5704978894712411,False
2026-01-23 00:54:00+00:00,valid,0.5502762651930154,False
2026-01-23 00:55:00+00:00,valid,0.5775967778759138,False
2026-01-23 00:56:00+00:00,valid,0.5838736645364058,False
2026-01-23 00:57:00+00:00,valid,0.6583704322821914,False
2026-01-23 00:58:00+00:00,valid,0.6844607464656363,False
2026-01-23 00:59:00+00:00,valid,0.6979185862119544,False
2026-01-23 01:00:00+00:00,valid,0.6839253905036442,False
2026-01-23 01:01:00+00:00,valid,0.679069256364634,False
2026-01-23 01:02:00+00:00,valid,0.6793860097545275,False
2026-01-23 01:03:00+00:00,valid,1.2752947572395164,False
2026-01-23 01:04:00+00:00,valid,0.6799390039766746,False
2026-01-23 01:05:00+00:00,valid,0.6005020294483936,False
2026-01-23 01:06:00+00:00,valid,1.2915908657081372,False
2026-01-23 01:07:00+00:00,valid,0.6238606137937831,False
2026-01-23 01:08:00+00:00,valid,0.619990863161053,False
2026-01-23 01:09:00+00:00,valid,0.6411434745133097,False
2026-01-23 01:10:00+00:00,valid,0.6916035974608136,False
2026-01-23 01:11:00+00:00,valid,0.6417227275028442,False
2026-01-23 01:12:00+00:00,valid,0.6495682052436078,False
2026-01-23 01:13:00+00:00,valid,0.7027609911961912,False
2026-01-23 01:14:00+00:00,valid,0.7330528288297684,False
2026-01-23 01:15:00+00:00,valid,0.7348722637144738,False
2026-01-23 01:16:00+00:00,valid,0.6940284192835714,False
2026-01-23 01:17:00+00:00,valid,0.6715309528594798,False
2026-01-23 01:18:00+00:00,valid,0.6356763677319993,False
2026-01-23 01:19:00+00:00,valid,0.5890591575140379,False
2026-01-23 01:20:00+00:00,valid,0.5421074008569762,False
2026-01-23 01:21:00+00:00,valid,0.518095557847529,False
2026-01-23 01:22:00+00:00,valid,1.087596061801756,False
2026-01-23 01:23:00+00:00,valid,0.5285878468681097,False
2026-01-23 01:24:00+00:00,valid,0.5920514320833548,False
2026-01-23 01:25:00+00:00,valid,0.5848379160440549,False
2026-01-23 01:26:00+00:00,valid,0.6564646392307336,False
2026-01-23 01:27:00+00:00,valid,0.6374825103417967,False
2026-01-23 01:28:00+00:00,valid,0.6383239777213255,False
2026-01-23 01:29:00+00:00,valid,0.6688687553836179,False
2026-01-23 01:30:00+00:00,valid,0.6896284214341176,False
2026-01-23 01:31:00+00:00,valid,0.6688899315619997,False
2026-01-23 01:32:00+00:00,valid,0.6520332387320965,False
2026-01-23 01:33:00+00:00,valid,0.6188454562901271,False
2026-01-23 01:34:00+00:00,valid,0.6012099858505738,False
2026-01-23 01:35:00+00:00,valid,0.5595050942189754,False
2026-01-23 01:36:00+00:00,valid,0.5670417965928198,False
2026-01-23 01:37:00+00:00,valid,0.6193920304210547,False
2026-01-23 01:38:00+00:00,valid,0.6411420782081914,False
2026-01-23 01:39:00+00:00,valid,0.6485047620705625,False
2026-01-23 01:40:00+00:00,valid,0.6068439837961956,False
2026-01-23 01:41:00+00:00,valid,0.6264013957967545,False
2026-01-23 01:42:00+00:00,valid,0.6439790870650041,False
2026-01-23 01:43:00+00:00,valid,0.73633031426616,False
2026-01-23 01:44:00+00:00,valid,0.6800902345756114,False
2026-01-23 01:45:00+00:00,valid,0.6108887608573925,False
2026-01-23 01:46:00+00:00,valid,0.6019516216117237,False
2026-01-23 01:47:00+00:00,valid,0.61497753949967,False
2026-01-23 01:48:00+00:00,valid,1.0157066300129303,False
2026-01-23 01:49:00+00:00,valid,0.5891067062540085,False
2026-01-23 01:50:00+00:00,valid,0.6043921772686862,False
2026-01-23 01:51:00+00:00,valid,0.6637314397713396,False
2026-01-23 01:52:00+00:00,valid,0.6776274799979595,False
2026-01-23 01:53:00+00:00,valid,0.5982152919114522,False
2026-01-23 01:54:00+00:00,valid,0.6058319345180786,False
2026-01-23 01:55:00+00:00,valid,0.5848053815024783,False
2026-01-23 01:56:00+00:00,valid,0.6250023435005795,False
2026-01-23 01:57:00+00:00,valid,0.626887360273203,False
2026-01-23 01:58:00+00:00,valid,0.6646045242007573,False
2026-01-23 01:59:00+00:00,valid,0.7041159807575391,False
2026-01-23 02:00:00+00:00,valid,0.716746652547494,False
2026-01-23 02:01:00+00:00,valid,0.668455313952305,False
2026-01-23 02:02:00+00:00,valid,0.5969973244097851,False
2026-01-23 02:03:00+00:00,valid,0.6385968867097049,False
2026-01-23 02:04:00+00:00,valid,0.6237461360253986,False
2026-01-23 02:05:00+00:00,valid,0.6065973370517039,False
2026-01-23 02:06:00+00:00,valid,0.5212379819859896,False
2026-01-23 02:07:00+00:00,valid,0.5373216473684691,False
2026-01-23 02:08:00+00:00,valid,0.5596351272203619,False
2026-01-23 02:09:00+00:00,valid,0.574146435750376,False
2026-01-23 02:10:00+00:00,valid,0.5542011327459028,False
2026-01-23 02:11:00+00:00,valid,0.5520569657273452,False
2026-01-23 02:12:00+00:00,valid,0.561673930167891,False
2026-01-23 02:13:00+00:00,valid,0.5087990376675973,False
2026-01-23 02:14:00+00:00,valid,0.5875699741375073,False
2026-01-23 02:15:00+00:00,valid,0.5941251621437934,False
2026-01-23 02:16:00+00:00,valid,0.6148105605252027,False
2026-01-23 02:17:00+00:00,valid,0.9217426589231011,False
2026-01-23 02:18:00+00:00,valid,0.6288068484652999,False
2026-01-23 02:19:00+00:00,valid,0.6506864553716042,False
2026-01-23 02:20:00+00:00,valid,0.6964404233834359,False
2026-01-23 02:21:00+00:00,valid,0.6382620244423892,False
2026-01-23 02:22:00+00:00,valid,1.0109045549639277,False
2026-01-23 02:23:00+00:00,valid,0.5902685887522323,False
2026-01-23 02:24:00+00:00,valid,0.5724467595612325,False
2026-01-23 02:25:00+00:00,valid,0.5452637983963614,False
2026-01-23 02:26:00+00:00,valid,0.6377697351105956,False
2026-01-23 02:27:00+00:00,valid,0.6165742354311852,False
2026-01-23 02:28:00+00:00,valid,0.6344071585054359,False
2026-01-23 02:29:00+00:00,valid,0.6499534454240483,False
2026-01-23 02:30:00+00:00,valid,0.6235226249250304,False
2026-01-23 02:31:00+00:00,valid,0.6125413250989069,False
2026-01-23 02:32:00+00:00,valid,0.5805972473705178,False
2026-01-23 02:33:00+00:00,valid,0.6186349010468305,False
2026-01-23 02:34:00+00:00,valid,0.594804394861333,False
2026-01-23 02:35:00+00:00,valid,0.5969325124334304,False
2026-01-23 02:36:00+00:00,valid,0.6275121942706634,False
2026-01-23 02:37:00+00:00,valid,1.279387115603526,False
2026-01-23 02:38:00+00:00,valid,0.639079832084313,False
2026-01-23 02:39:00+00:00,valid,0.5825555917346144,False
2026-01-23 02:40:00+00:00,valid,0.592250501940063,False
2026-01-23 02:41:00+00:00,valid,0.5906518324703623,False
2026-01-23 02:42:00+00:00,valid,0.575480045396201,False
2026-01-23 02:43:00+00:00,valid,0.5511386127735582,False
2026-01-23 02:44:00+00:00,valid,0.5579048054315511,False
2026-01-23 02:45:00+00:00,valid,0.5600811374301088,False
2026-01-23 02:46:00+00:00,valid,1.001249022073485,False
2026-01-23 02:47:00+00:00,valid,0.6049844232419279,False
2026-01-23 02:48:00+00:00,valid,0.6473940229966754,False
2026-01-23 02:49:00+00:00,valid,0.6352400201977902,False
2026-01-23 02:50:00+00:00,valid,0.6219301427341714,False
2026-01-23 02:51:00+00:00,valid,0.6168029690968558,False
2026-01-23 02:52:00+00:00,valid,0.6716829975240342,False
2026-01-23 02:53:00+00:00,valid,0.6524709846566372,False
2026-01-23 02:54:00+00:00,valid,0.6811680150546338,False
2026-01-23 02:55:00+00:00,valid,0.6685403579606272,False
2026-01-23 02:56:00+00:00,valid,0.7149497667045294,False
2026-01-23 02:57:00+00:00,valid,1.5146669223780407,False
2026-01-23 02:58:00+00:00,valid,0.6726384134873556,False
2026-01-23 02:59:00+00:00,valid,0.6591745127042066,False
2026-01-23 03:00:00+00:00,valid,0.6354173362746098,False
2026-01-23 03:01:00+00:00,valid,1.0503722740840937,False
2026-01-23 03:02:00+00:00,valid,0.6038855136579536,False
2026-01-23 03:03:00+00:00,valid,0.6090574809166633,False
2026-01-23 03:04:00+00:00,valid,0.5955566805668949,False
2026-01-23 03:05:00+00:00,valid,0.5875587632255314,False
2026-01-23 03:06:00+00:00,valid,0.5931448955076171,False
2026-01-23 03:07:00+00:00,valid,0.6148532259397614,False
2026-01-23 03:08:00+00:00,valid,0.6118725823428989,False
2026-01-23 03:09:00+00:00,valid,0.609480112447066,False
2026-01-23 03:10:00+00:00,valid,0.6033332430413293,False
2026-01-23 03:11:00+00:00,valid,0.5629568834251832,False
2026-01-23 03:12:00+00:00,valid,0.61154331830937,False
2026-01-23 03:13:00+00:00,valid,0.6079757634808283,False
2026-01-23 03:14:00+00:00,valid,0.5479144036134803,False
2026-01-23 03:15:00+00:00,valid,0.5505417552298638,False
2026-01-23 03:16:00+00:00,valid,0.5905582627382739,False
2026-01-23 03:17:00+00:00,valid,0.5943293113905141,False
2026-01-23 03:18:00+00:00,valid,0.6312155061463682,False
2026-01-23 03:19:00+00:00,valid,0.5757290564537851,False
2026-01-23 03:20:00+00:00,valid,0.5137872929751076,False
2026-01-23 03:21:00+00:00,valid,0.5849629702534538,False
2026-01-23 03:22:00+00:00,valid,0.5430678782300744,False
2026-01-23 03:23:00+00:00,valid,0.5645988901877849,False
2026-01-23 03:24:00+00:00,valid,1.068086297745244,False
2026-01-23 03:25:00+00:00,valid,0.5753137656288089,False
2026-01-23 03:26:00+00:00,valid,1.100547573443085,False
2026-01-23 03:27:00+00:00,valid,0.5876848274150008,False
2026-01-23 03:28:00+00:00,valid,1.180071185715524,False
2026-01-23 03:29:00+00:00,valid,0.5502315973681658,False
2026-01-23 03:30:00+00:00,valid,0.5244753353171477,False
2026-01-23 03:31:00+00:00,valid,0.5592450366912108,False
2026-01-23 03:32:00+00:00,valid,0.5094183033726012,False
2026-01-23 03:33:00+00:00,valid,1.1340868116396374,False
2026-01-23 03:34:00+00:00,valid,0.5066535498328605,False
2026-01-23 03:35:00+00:00,valid,0.6185680086950893,False
2026-01-23 03:36:00+00:00,valid,0.5252164552545285,False
2026-01-23 03:37:00+00:00,valid,0.559263350937972,False
2026-01-23 03:38:00+00:00,valid,0.542183171479792,False
2026-01-23 03:39:00+00:00,valid,1.2709514712184888,False
2026-01-23 03:40:00+00:00,valid,0.5614715805718162,False
2026-01-23 03:41:00+00:00,valid,0.6051806794172354,False
2026-01-23 03:42:00+00:00,valid,0.5533004717063358,False
2026-01-23 03:43:00+00:00,valid,0.5259338365418099,False
2026-01-23 03:44:00+00:00,valid,0.5898703863845077,False
2026-01-23 03:45:00+00:00,valid,0.5850385378705354,False
2026-01-23 03:46:00+00:00,valid,0.6865316540310414,False
2026-01-23 03:47:00+00:00,valid,0.6176844480045558,False
2026-01-23 03:48:00+00:00,valid,0.6265959542984335,False
2026-01-23 03:49:00+00:00,valid,0.6005896053042041,False
2026-01-23 03:50:00+00:00,valid,0.5890657459172655,False
2026-01-23 03:51:00+00:00,valid,0.6021541862114427,False
2026-01-23 03:52:00+00:00,valid,0.6486794714006386,False
2026-01-23 03:53:00+00:00,valid,0.6589738409618291,False
2026-01-23 03:54:00+00:00,valid,0.67101957544475,False
2026-01-23 03:55:00+00:00,valid,1.0725802091702046,False
2026-01-23 03:56:00+00:00,valid,0.7271549166905255,False
2026-01-23 03:57:00+00:00,valid,0.6898703573169451,False
2026-01-23 03:58:00+00:00,valid,0.7224911032466111,False
2026-01-23 03:59:00+00:00,valid,0.7225493954305381,False
2026-01-23 04:00:00+00:00,valid,0.7321770232528688,False
2026-01-23 04:01:00+00:00,valid,0.6843141855705244,False
2026-01-23 04:02:00+00:00,valid,0.6573350337489077,False
2026-01-23 04:03:00+00:00,valid,0.666523610674477,False
2026-01-23 04:04:00+00:00,valid,0.6253040680895048,False
2026-01-23 04:05:00+00:00,valid,0.643064856949625,False
2026-01-23 04:06:00+00:00,valid,0.6427251017316431,False
2026-01-23 04:07:00+00:00,valid,0.6263793026220096,False
2026-01-23 04:08:00+00:00,valid,0.632390384282751,False
2026-01-23 04:09:00+00:00,valid,0.6172839825135854,False
2026-01-23 04:10:00+00:00,valid,0.6168815230402015,False
2026-01-23 04:11:00+00:00,valid,0.6120582240907784,False
2026-01-23 04:12:00+00:00,valid,0.5779201896738011,False
2026-01-23 04:13:00+00:00,valid,0.5782764968805502,False
2026-01-23 04:14:00+00:00,valid,0.5875364736995691,False
2026-01-23 04:15:00+00:00,valid,0.6310519284470225,False
2026-01-23 04:16:00+00:00,valid,0.666606564850646,False
2026-01-23 04:17:00+00:00,valid,0.6285688912029866,False
2026-01-23 04:18:00+00:00,valid,0.6336583266379607,False
2026-01-23 04:19:00+00:00,valid,0.6160449950422895,False
2026-01-23 04:20:00+00:00,valid,1.206981083914376,False
2026-01-23 04:23:00+00:00,valid,1.0853182816681335,False
2026-01-23 04:24:00+00:00,valid,0.6782261498568023,False
2026-01-23 04:25:00+00:00,valid,0.6815766118675772,False
2026-01-23 04:26:00+00:00,valid,0.6729037518018482,False
2026-01-23 04:27:00+00:00,valid,0.6928068555243414,False
2026-01-23 04:28:00+00:00,valid,1.0265493334652107,False
2026-01-23 04:29:00+00:00,valid,1.0387574033361116,False
2026-01-23 04:30:00+00:00,valid,1.0536142723586606,False
2026-01-23 04:31:00+00:00,valid,1.044058644651733,False
2026-01-23 04:32:00+00:00,valid,1.0736082590970646,False
2026-01-23 04:33:00+00:00,valid,1.135577468717169,False
2026-01-23 04:34:00+00:00,valid,1.132709484636454,False
2026-01-23 04:35:00+00:00,valid,1.1631071169119445,False
2026-01-23 04:36:00+00:00,valid,1.1698871574992042,False
2026-01-23 04:37:00+00:00,valid,1.2371290542864584,False
2026-01-23 04:38:00+00:00,valid,1.223124466489029,False
2026-01-23 04:39:00+00:00,valid,1.1502304049584045,False
2026-01-23 04:40:00+00:00,valid,1.1507323457942074,False
2026-01-23 04:41:00+00:00,valid,1.145300334583415,False
2026-01-23 04:42:00+00:00,valid,1.1299661953037072,False
2026-01-23 04:43:00+00:00,valid,1.090581108328077,False
2026-01-23 04:44:00+00:00,valid,1.0603390650965907,False
2026-01-23 04:45:00+00:00,valid,1.0557616325986638,False
2026-01-23 04:46:00+00:00,valid,1.0244585235112373,False
2026-01-23 04:47:00+00:00,valid,0.9954931199624043,False
2026-01-23 04:48:00+00:00,valid,0.9871469453564721,False
2026-01-23 04:49:00+00:00,valid,0.9873946637810961,False
2026-01-23 04:50:00+00:00,valid,0.9794507421095989,False
2026-01-23 04:51:00+00:00,valid,0.9928440613101815,False
2026-01-23 04:52:00+00:00,valid,1.0413424886897529,False
2026-01-23 04:53:00+00:00,valid,1.0293757904304799,False
2026-01-23 04:54:00+00:00,valid,1.0144057712786396,False
2026-01-23 04:55:00+00:00,valid,1.0322059429994608,False
2026-01-23 04:56:00+00:00,valid,1.0284585006631966,False
2026-01-23 04:57:00+00:00,valid,1.0153960112050542,False
2026-01-23 04:58:00+00:00,valid,1.0099753893919539,False
2026-01-23 04:59:00+00:00,valid,0.9854140043355089,False
2026-01-23 05:00:00+00:00,valid,0.9911627772126823,False
2026-01-23 05:01:00+00:00,valid,0.9822559176188428,False
2026-01-23 05:02:00+00:00,valid,1.0294014378461172,False
2026-01-23 05:03:00+00:00,valid,1.0081638655699523,False
2026-01-23 05:04:00+00:00,valid,1.011279750160368,False
2026-01-23 05:05:00+00:00,valid,1.0033226333108252,False
2026-01-23 05:06:00+00:00,valid,0.9909405023416198,False
2026-01-23 05:07:00+00:00,valid,0.9829454302414712,False
2026-01-23 05:08:00+00:00,valid,0.9836041857993126,False
2026-01-23 05:09:00+00:00,valid,0.9804724609630044,False
2026-01-23 05:10:00+00:00,valid,1.001636862566093,False
2026-01-23 05:11:00+00:00,valid,0.9990748928164238,False
2026-01-23 05:12:00+00:00,valid,0.9866073309695557,False
2026-01-23 05:13:00+00:00,valid,0.993624391460983,False
2026-01-23 05:14:00+00:00,valid,1.0502871565054768,False
2026-01-23 05:15:00+00:00,valid,1.031746624294104,False
2026-01-23 05:16:00+00:00,valid,1.0483209212545093,False
2026-01-23 05:17:00+00:00,valid,1.0164428812075708,False
2026-01-23 05:18:00+00:00,valid,1.01915541249524,False
2026-01-23 05:19:00+00:00,valid,1.036459458651842,False
2026-01-23 05:20:00+00:00,valid,1.002792352425392,False
2026-01-23 05:21:00+00:00,valid,0.9980290744709625,False
2026-01-23 05:22:00+00:00,valid,0.9954928179589387,False
2026-01-23 05:23:00+00:00,valid,0.9632015094815684,False
2026-01-23 05:24:00+00:00,valid,0.9920232946520788,False
2026-01-23 05:25:00+00:00,valid,0.965323504990816,False
2026-01-23 05:26:00+00:00,valid,1.4370817433593168,False
2026-01-23 05:27:00+00:00,valid,1.2506537447200579,False
2026-01-23 05:28:00+00:00,valid,0.9572109935625612,False
2026-01-23 05:29:00+00:00,valid,0.9735573298413938,False
2026-01-23 05:30:00+00:00,valid,0.981463374240158,False
2026-01-23 05:31:00+00:00,valid,0.9931837013630761,False
2026-01-23 05:32:00+00:00,valid,1.0270251955279845,False
2026-01-23 05:33:00+00:00,valid,1.0744973686887525,False
2026-01-23 05:34:00+00:00,valid,1.0440626207642938,False
2026-01-23 05:35:00+00:00,valid,1.0610791473821628,False
2026-01-23 05:36:00+00:00,valid,1.0603118425629323,False
2026-01-23 05:37:00+00:00,valid,1.0097974503471727,False
2026-01-23 05:38:00+00:00,valid,1.0143462836879833,False
2026-01-23 05:39:00+00:00,valid,1.0385348796396112,False
2026-01-23 05:40:00+00:00,valid,1.050805090271332,False
2026-01-23 05:41:00+00:00,valid,1.0790427670039051,False
2026-01-23 05:42:00+00:00,valid,1.0986570236259345,False
2026-01-23 05:43:00+00:00,valid,1.0898899955965557,False
2026-01-23 05:44:00+00:00,valid,1.1094953164078432,False
2026-01-23 05:45:00+00:00,valid,1.0893719617245785,False
2026-01-23 05:46:00+00:00,valid,1.0575361811804713,False
2026-01-23 05:47:00+00:00,valid,1.0563840363395287,False
2026-01-23 05:48:00+00:00,valid,1.0098085042733083,False
2026-01-23 05:49:00+00:00,valid,0.5637777954481124,False
2026-01-23 05:50:00+00:00,valid,1.1655688958383414,False
2026-01-23 05:51:00+00:00,valid,0.9625901590142513,False
2026-01-23 05:52:00+00:00,valid,0.9543252689390114,False
2026-01-23 05:53:00+00:00,valid,0.9438857458133169,False
2026-01-23 05:54:00+00:00,valid,0.9320366333694646,False
2026-01-23 05:55:00+00:00,valid,0.9138850314809301,False
2026-01-23 05:56:00+00:00,valid,0.9125227605750846,False
2026-01-23 05:57:00+00:00,valid,0.919651842634072,False
2026-01-23 05:58:00+00:00,valid,0.9470659598556238,False
2026-01-23 05:59:00+00:00,valid,1.3328293429482747,False
2026-01-23 06:00:00+00:00,valid,0.9461943721440046,False
2026-01-23 06:01:00+00:00,valid,0.9325306404592422,False
2026-01-23 06:02:00+00:00,valid,0.929140779239409,False
2026-01-23 06:03:00+00:00,valid,0.9188727401700716,False
2026-01-23 06:04:00+00:00,valid,0.9373376459037212,False
2026-01-23 06:05:00+00:00,valid,0.9582479608433316,False
2026-01-23 06:06:00+00:00,valid,0.9581257477042548,False
2026-01-23 06:07:00+00:00,valid,0.9849370196562921,False
2026-01-23 06:08:00+00:00,valid,0.9540619590145948,False
2026-01-23 06:09:00+00:00,valid,0.9815566670122424,False
2026-01-23 06:10:00+00:00,valid,0.9898467707008521,False
2026-01-23 06:11:00+00:00,valid,0.9873148447116451,False
2026-01-23 06:12:00+00:00,valid,0.9916382696226743,False
2026-01-23 06:13:00+00:00,valid,1.0061372134385511,False
2026-01-23 06:14:00+00:00,valid,1.027776714952517,False
2026-01-23 06:15:00+00:00,valid,1.0073740302385392,False
2026-01-23 06:16:00+00:00,valid,1.0346371038201871,False
2026-01-23 06:17:00+00:00,valid,1.0447758730459338,False
2026-01-23 06:18:00+00:00,valid,1.05016501213011,False
2026-01-23 06:19:00+00:00,valid,1.0206230496473967,False
2026-01-23 06:20:00+00:00,valid,1.0120456973062402,False
2026-01-23 06:21:00+00:00,valid,0.9801660424659911,False
2026-01-23 06:22:00+00:00,valid,0.9599401243825679,False
2026-01-23 06:23:00+00:00,valid,1.3715185737336117,False
2026-01-23 06:24:00+00:00,valid,0.9706307415919373,False
2026-01-23 06:25:00+00:00,valid,0.9713592433487251,False
2026-01-23 06:26:00+00:00,valid,0.9615379530863026,False
2026-01-23 06:27:00+00:00,valid,1.4229371423226025,False
2026-01-23 06:28:00+00:00,valid,0.9786635341001112,False
2026-01-23 06:29:00+00:00,valid,1.04572619854398,False
2026-01-23 06:30:00+00:00,valid,1.0509649526558764,False
2026-01-23 06:31:00+00:00,valid,1.0732617623870575,False
2026-01-23 06:32:00+00:00,valid,1.0812761760105893,False
2026-01-23 06:33:00+00:00,valid,1.0841161285003196,False
2026-01-23 06:34:00+00:00,valid,1.0445774985742917,False
2026-01-23 06:35:00+00:00,valid,1.063552691104806,False
2026-01-23 06:36:00+00:00,valid,1.0415632351503952,False
2026-01-23 06:37:00+00:00,valid,1.0208113586508227,False
2026-01-23 06:38:00+00:00,valid,1.0446489860257802,False
2026-01-23 06:39:00+00:00,valid,1.0300866813551024,False
2026-01-23 06:40:00+00:00,valid,1.042549749298744,False
2026-01-23 06:41:00+00:00,valid,1.0354942372624927,False
2026-01-23 06:42:00+00:00,valid,1.0037261226220875,False
2026-01-23 06:43:00+00:00,valid,1.4799371775535137,False
2026-01-23 06:44:00+00:00,valid,1.0144822220999496,False
2026-01-23 06:45:00+00:00,valid,1.0155783325760397,False
2026-01-23 06:46:00+00:00,valid,1.0578009722958464,False
2026-01-23 06:47:00+00:00,valid,1.0027925541472238,False
2026-01-23 06:48:00+00:00,valid,1.0038266587610245,False
2026-01-23 06:49:00+00:00,valid,1.0522773190772898,False
2026-01-23 06:50:00+00:00,valid,1.0269376157801626,False
2026-01-23 06:51:00+00:00,valid,1.0700770595016305,False
2026-01-23 06:52:00+00:00,valid,1.0299438626300885,False
2026-01-23 06:53:00+00:00,valid,1.0321913432067602,False
2026-01-23 06:54:00+00:00,valid,1.0308053119330212,False
2026-01-23 06:55:00+00:00,valid,1.0392023513912731,False
2026-01-23 06:56:00+00:00,valid,0.9738631486734879,False
2026-01-23 06:57:00+00:00,valid,0.9710249829864793,False
2026-01-23 06:58:00+00:00,valid,0.9834508240663317,False
2026-01-23 06:59:00+00:00,valid,1.3763668386235932,False
2026-01-23 07:00:00+00:00,valid,1.0140677296996121,False
2026-01-23 07:01:00+00:00,valid,1.0527498409584266,False
2026-01-23 07:02:00+00:00,valid,1.0837798799153497,False
2026-01-23 07:03:00+00:00,valid,1.0909908077839348,False
2026-01-23 07:04:00+00:00,valid,1.0662037937828068,False
2026-01-23 07:05:00+00:00,valid,1.0452623338532658,False
2026-01-23 07:06:00+00:00,valid,1.3697813742444982,False
2026-01-23 07:07:00+00:00,valid,0.9880977897166563,False
2026-01-23 07:08:00+00:00,valid,0.999964067969066,False
2026-01-23 07:09:00+00:00,valid,1.0175548724512933,False
2026-01-23 07:10:00+00:00,valid,1.1060367509681153,False
2026-01-23 07:11:00+00:00,valid,1.123482622555879,False
2026-01-23 07:12:00+00:00,valid,1.1343027739508957,False
2026-01-23 07:13:00+00:00,valid,1.43121345893059,False
2026-01-23 07:14:00+00:00,valid,1.0882544427985337,False
2026-01-23 07:15:00+00:00,valid,1.0702192522771279,False
2026-01-23 07:16:00+00:00,valid,1.0401228391100943,False
2026-01-23 07:17:00+00:00,valid,1.0922016322002994,False
2026-01-23 07:18:00+00:00,valid,0.716011106806892,False
2026-01-23 07:19:00+00:00,valid,1.2638238509495285,False
2026-01-23 07:20:00+00:00,valid,0.6944863228725378,False
2026-01-23 07:21:00+00:00,valid,0.6834504495315386,False
2026-01-23 07:22:00+00:00,valid,0.6206053666203419,False
2026-01-23 07:23:00+00:00,valid,0.5923178558828229,False
2026-01-23 07:24:00+00:00,valid,0.5753324519668758,False
2026-01-23 07:25:00+00:00,valid,0.5986077821584979,False
2026-01-23 07:26:00+00:00,valid,0.6255903248013871,False
2026-01-23 07:27:00+00:00,valid,0.6830742362807092,False
2026-01-23 07:28:00+00:00,valid,0.7166972195695901,False
2026-01-23 07:29:00+00:00,valid,0.7288615303518304,False
2026-01-23 07:30:00+00:00,valid,0.7501216730020022,False
2026-01-23 07:31:00+00:00,valid,0.8017086967669282,False
2026-01-23 07:32:00+00:00,valid,0.8126377284080074,False
2026-01-23 07:33:00+00:00,valid,0.7186835825241369,False
2026-01-23 07:34:00+00:00,valid,0.6772542938039903,False
2026-01-23 07:35:00+00:00,valid,1.0561475784473353,False
2026-01-23 07:36:00+00:00,valid,0.5928110249032132,False
2026-01-23 07:37:00+00:00,valid,0.6205719127113967,False
2026-01-23 07:38:00+00:00,valid,0.7671593275779548,False
2026-01-23 07:39:00+00:00,valid,0.7891190298213446,False
2026-01-23 07:40:00+00:00,valid,0.7567137867124363,False
2026-01-23 07:41:00+00:00,valid,0.7117924468669036,False
2026-01-23 07:42:00+00:00,valid,0.6787818644619735,False
2026-01-23 07:43:00+00:00,valid,0.6406161681791896,False
2026-01-23 07:44:00+00:00,valid,0.5986859060734964,False
2026-01-23 07:45:00+00:00,valid,0.590084354577785,False
2026-01-23 07:46:00+00:00,valid,0.575062160905068,False
2026-01-23 07:47:00+00:00,valid,0.6061213356540123,False
2026-01-23 07:48:00+00:00,valid,0.6061867739066727,False
2026-01-23 07:49:00+00:00,valid,0.6054362739012622,False
2026-01-23 07:50:00+00:00,valid,1.0513681048151355,False
2026-01-23 07:51:00+00:00,valid,1.0560454044140595,False
2026-01-23 07:52:00+00:00,valid,1.0480556756688963,False
2026-01-23 07:53:00+00:00,valid,1.040160035120861,False
2026-01-23 07:54:00+00:00,valid,1.035398710073469,False
2026-01-23 07:55:00+00:00,valid,1.033578726980709,False
2026-01-23 07:56:00+00:00,valid,1.054579657009627,False
2026-01-23 07:57:00+00:00,valid,1.0225714893814377,False
2026-01-23 07:58:00+00:00,valid,0.9973014739739384,False
2026-01-23 07:59:00+00:00,valid,0.9954309428914909,False
2026-01-23 08:00:00+00:00,valid,0.9806224029197966,False
2026-01-23 08:01:00+00:00,valid,1.016299737220186,False
2026-01-23 08:02:00+00:00,valid,1.0250953626818016,False
2026-01-23 08:03:00+00:00,valid,1.0197673005656007,False
2026-01-23 08:04:00+00:00,valid,0.609140789162499,False
2026-01-23 08:05:00+00:00,valid,0.610753593307805,False
2026-01-23 08:06:00+00:00,valid,0.6410736291933303,False
2026-01-23 08:07:00+00:00,valid,0.6386540087615951,False
2026-01-23 08:08:00+00:00,valid,0.6205691116119828,False
2026-01-23 08:09:00+00:00,valid,0.591851718325685,False
2026-01-23 08:10:00+00:00,valid,0.624098686518542,False
2026-01-23 08:11:00+00:00,valid,0.5885287463435389,False
2026-01-23 08:12:00+00:00,valid,0.6078218702422534,False
2026-01-23 08:13:00+00:00,valid,1.0131268809065392,False
2026-01-23 08:14:00+00:00,valid,0.6178900404774971,False
2026-01-23 08:15:00+00:00,valid,0.572404615940724,False
2026-01-23 08:16:00+00:00,valid,0.616872934721325,False
2026-01-23 08:17:00+00:00,valid,0.608968363735657,False
2026-01-23 08:18:00+00:00,valid,0.6203918174728442,False
2026-01-23 08:19:00+00:00,valid,0.6019274006592237,False
2026-01-23 08:20:00+00:00,valid,0.5737793087342324,False
2026-01-23 08:21:00+00:00,valid,0.5594805900444151,False
2026-01-23 08:22:00+00:00,valid,1.098322471746998,False
2026-01-23 08:23:00+00:00,valid,0.5182389483241102,False
2026-01-23 08:24:00+00:00,valid,1.2513598585395358,False
2026-01-23 08:25:00+00:00,valid,0.5237769228419,False
2026-01-23 08:26:00+00:00,valid,0.5104196564241297,False
2026-01-23 08:27:00+00:00,valid,0.48174604655233444,False
2026-01-23 08:28:00+00:00,valid,1.1175045948847555,False
2026-01-23 08:29:00+00:00,valid,0.5309955427975309,False
2026-01-23 08:30:00+00:00,valid,0.5096174326717722,False
2026-01-23 08:31:00+00:00,valid,0.4970163278707842,False
2026-01-23 08:32:00+00:00,valid,0.5019120909861581,False
2026-01-23 08:33:00+00:00,valid,0.560992660519901,False
2026-01-23 08:34:00+00:00,valid,0.5624095019759329,False
2026-01-23 08:35:00+00:00,valid,0.5905996452261147,False
2026-01-23 08:36:00+00:00,valid,0.6035007362796334,False
2026-01-23 08:37:00+00:00,valid,0.6687586220973969,False
2026-01-23 08:38:00+00:00,valid,1.0318531056082991,False
2026-01-23 08:39:00+00:00,valid,0.6206030559912634,False
2026-01-23 08:40:00+00:00,valid,0.6069198298829704,False
2026-01-23 08:41:00+00:00,valid,0.5886152345492308,False
2026-01-23 08:42:00+00:00,valid,0.5740965425371408,False
2026-01-23 08:43:00+00:00,valid,0.5678916053134172,False
2026-01-23 08:44:00+00:00,valid,0.6056520222253311,False
2026-01-23 08:45:00+00:00,valid,0.6625290382385063,False
2026-01-23 08:46:00+00:00,valid,0.6780074977002153,False
2026-01-23 08:47:00+00:00,valid,0.691698198658852,False
2026-01-23 08:48:00+00:00,valid,0.6693418010650367,False
2026-01-23 08:49:00+00:00,valid,0.6590298479379998,False
2026-01-23 08:50:00+00:00,valid,0.6569196793960297,False
2026-01-23 08:51:00+00:00,valid,0.6492383404796177,False
2026-01-23 08:52:00+00:00,valid,0.680414387724281,False
2026-01-23 08:53:00+00:00,valid,0.7221127886383892,False
2026-01-23 08:54:00+00:00,valid,0.674181887962673,False
2026-01-23 08:55:00+00:00,valid,0.6570794748155503,False
2026-01-23 08:56:00+00:00,valid,0.6801338856400331,False
2026-01-23 08:57:00+00:00,valid,0.6665293841934554,False
2026-01-23 08:58:00+00:00,valid,0.6403037792708226,False
2026-01-23 08:59:00+00:00,valid,0.6154489581922875,False
2026-01-23 09:00:00+00:00,valid,0.576526307048905,False
2026-01-23 09:01:00+00:00,valid,0.6345254355467967,False
2026-01-23 09:02:00+00:00,valid,0.6250091421193605,False
2026-01-23 09:03:00+00:00,valid,0.6300763214233065,False
2026-01-23 09:04:00+00:00,valid,0.6203693353593652,False
2026-01-23 09:05:00+00:00,valid,0.6186327700580719,False
2026-01-23 09:06:00+00:00,valid,0.596401054012456,False
2026-01-23 09:07:00+00:00,valid,0.6086663369795486,False
2026-01-23 09:08:00+00:00,valid,0.6463714827956394,False
2026-01-23 09:09:00+00:00,valid,0.6361815039847707,False
2026-01-23 09:10:00+00:00,valid,0.6777161004572183,False
2026-01-23 09:11:00+00:00,valid,0.6804856952195305,False
2026-01-23 09:12:00+00:00,valid,0.6414422601925833,False
2026-01-23 09:13:00+00:00,valid,0.6184317280768968,False
2026-01-23 09:14:00+00:00,valid,0.6330021271137715,False
2026-01-23 09:15:00+00:00,valid,1.0864676270369245,False
2026-01-23 09:16:00+00:00,valid,1.2477674300652672,False
2026-01-23 09:17:00+00:00,valid,0.7065885510858587,False
2026-01-23 09:18:00+00:00,valid,0.6811822743363299,False
2026-01-23 09:19:00+00:00,valid,0.631744148652553,False
2026-01-23 09:20:00+00:00,valid,1.292651288234616,False
2026-01-23 09:21:00+00:00,valid,0.5996422244761275,False
2026-01-23 09:22:00+00:00,valid,0.5374973305957109,False
2026-01-23 09:23:00+00:00,valid,0.5153334320586419,False
2026-01-23 09:24:00+00:00,valid,0.5115491411483941,False
2026-01-23 09:25:00+00:00,valid,0.549320434541659,False
2026-01-23 09:26:00+00:00,valid,0.550691474484718,False
2026-01-23 09:27:00+00:00,valid,0.5400624417324571,False
2026-01-23 09:28:00+00:00,valid,0.5267659814834811,False
2026-01-23 09:29:00+00:00,valid,0.5415981445733802,False
2026-01-23 09:30:00+00:00,valid,0.5991058756337901,False
2026-01-23 09:31:00+00:00,valid,0.6107002566667838,False
2026-01-23 09:32:00+00:00,valid,0.6355732506888911,False
2026-01-23 09:33:00+00:00,valid,1.0640201734462136,False
2026-01-23 09:34:00+00:00,valid,0.6933076169481772,False
2026-01-23 09:35:00+00:00,valid,0.6553668780107861,False
2026-01-23 09:36:00+00:00,valid,0.6684342583106525,False
2026-01-23 09:37:00+00:00,valid,0.6384084282097408,False
2026-01-23 09:38:00+00:00,valid,0.6334676359523367,False
2026-01-23 09:39:00+00:00,valid,0.6695737364781165,False
2026-01-23 09:40:00+00:00,valid,0.6567036834123436,False
2026-01-23 09:41:00+00:00,valid,0.7266790753519441,False
2026-01-23 09:42:00+00:00,valid,0.7262674637426865,False
2026-01-23 09:43:00+00:00,valid,0.6785346481631962,False
2026-01-23 09:44:00+00:00,valid,0.7284332147735071,False
2026-01-23 09:45:00+00:00,valid,0.6677894272720256,False
2026-01-23 09:46:00+00:00,valid,0.7063398555516748,False
2026-01-23 09:47:00+00:00,valid,0.6611002027415934,False
2026-01-23 09:48:00+00:00,valid,0.6572694561756475,False
2026-01-23 09:49:00+00:00,valid,0.6073679669671735,False
2026-01-23 09:50:00+00:00,valid,0.5423215821369397,False
2026-01-23 09:51:00+00:00,valid,0.5443446498144305,False
2026-01-23 09:52:00+00:00,valid,0.5579451777455823,False
2026-01-23 09:53:00+00:00,valid,0.5467444320544197,False
2026-01-23 09:54:00+00:00,valid,0.5611057317485098,False
2026-01-23 09:55:00+00:00,valid,0.5241954561620752,False
2026-01-23 09:56:00+00:00,valid,0.5891682272571613,False
2026-01-23 09:57:00+00:00,valid,0.6003560453102431,False
2026-01-23 09:58:00+00:00,valid,0.6468234437866615,False
2026-01-23 09:59:00+00:00,valid,0.6938604899962585,False
2026-01-23 10:00:00+00:00,valid,0.6536763645163651,False
2026-01-23 10:01:00+00:00,valid,0.6287198408260697,False
2026-01-23 10:02:00+00:00,valid,0.5907384959622152,False
2026-01-23 10:03:00+00:00,valid,0.609627050561406,False
2026-01-23 10:04:00+00:00,valid,0.5495247438912364,False
2026-01-23 10:05:00+00:00,valid,0.49319345301315537,False
2026-01-23 10:06:00+00:00,valid,0.5340749578546298,False
2026-01-23 10:07:00+00:00,valid,0.593382761742208,False
2026-01-23 10:08:00+00:00,valid,0.5671238470656542,False
2026-01-23 10:09:00+00:00,valid,1.009452625965544,False
2026-01-23 10:10:00+00:00,valid,0.6069303315735352,False
2026-01-23 10:11:00+00:00,valid,0.6575285331478607,False
2026-01-23 10:12:00+00:00,valid,0.6420121439927238,False
2026-01-23 10:13:00+00:00,valid,0.6206130449049917,False
2026-01-23 10:14:00+00:00,valid,0.5685494543973123,False
2026-01-23 10:15:00+00:00,valid,0.4993377485606717,False
2026-01-23 10:16:00+00:00,valid,0.46360622919117556,False
2026-01-23 10:17:00+00:00,valid,0.5111668014215976,False
2026-01-23 10:18:00+00:00,valid,0.5220787164004456,False
2026-01-23 10:19:00+00:00,valid,0.5349269741919026,False
2026-01-23 10:20:00+00:00,valid,0.49858534055085746,False
2026-01-23 10:21:00+00:00,valid,0.5535409798864233,False
2026-01-23 10:22:00+00:00,valid,0.5919595375530113,False
2026-01-23 10:23:00+00:00,valid,0.6260165364967022,False
2026-01-23 10:24:00+00:00,valid,0.5616595058976231,False
2026-01-23 10:25:00+00:00,valid,0.5229137182165432,False
2026-01-23 10:26:00+00:00,valid,0.521713265670789,False
2026-01-23 10:27:00+00:00,valid,0.4998286129348304,False
2026-01-23 10:28:00+00:00,valid,0.46552154746637914,False
2026-01-23 10:29:00+00:00,valid,1.2192202185981988,False
2026-01-23 10:30:00+00:00,valid,0.478716702360369,False
2026-01-23 10:31:00+00:00,valid,0.45750202586275074,False
2026-01-23 10:32:00+00:00,valid,0.5001931068829124,False
2026-01-23 10:33:00+00:00,valid,0.46990600449988545,False
2026-01-23 10:34:00+00:00,valid,0.4862494573088547,False
2026-01-23 10:35:00+00:00,valid,0.49821514579360276,False
2026-01-23 10:36:00+00:00,valid,1.2005970706892144,False
2026-01-23 10:37:00+00:00,valid,0.4985078935065022,False
2026-01-23 10:38:00+00:00,valid,0.5124552114482306,False
2026-01-23 10:39:00+00:00,valid,0.5415621566669743,False
2026-01-23 10:40:00+00:00,valid,0.546651227761196,False
2026-01-23 10:41:00+00:00,valid,0.5987015398091348,False
2026-01-23 10:42:00+00:00,valid,0.670040081698365,False
2026-01-23 10:43:00+00:00,valid,0.6885195910736384,False
2026-01-23 10:44:00+00:00,valid,0.7170726561209521,False
2026-01-23 10:45:00+00:00,valid,0.6760173856753431,False
2026-01-23 10:46:00+00:00,valid,1.2144208160243029,False
2026-01-23 10:47:00+00:00,valid,1.0481074459909763,False
2026-01-23 10:48:00+00:00,valid,0.6776415445045458,False
2026-01-23 10:49:00+00:00,valid,0.7108600229299866,False
2026-01-23 10:50:00+00:00,valid,0.7462405967122081,False
2026-01-23 10:51:00+00:00,valid,0.6806607113995847,False
2026-01-23 10:52:00+00:00,valid,0.6168373828267344,False
2026-01-23 10:53:00+00:00,valid,0.5543856260685305,False
2026-01-23 10:54:00+00:00,valid,0.5828561099778026,False
2026-01-23 10:55:00+00:00,valid,0.6246368698844762,False
2026-01-23 10:56:00+00:00,valid,0.6925402280082124,False
2026-01-23 10:57:00+00:00,valid,0.7364638245468517,False
2026-01-23 10:58:00+00:00,valid,0.7534026520819664,False
2026-01-23 10:59:00+00:00,valid,0.7513295050251122,False
2026-01-23 11:00:00+00:00,valid,0.7926911651623784,False
2026-01-23 11:01:00+00:00,valid,0.8185969572564783,False
2026-01-23 11:02:00+00:00,valid,0.7928513196667533,False
2026-01-23 11:03:00+00:00,valid,0.7666562363521972,False
2026-01-23 11:04:00+00:00,valid,0.7206560721747213,False
2026-01-23 11:05:00+00:00,valid,0.7206045430555382,False
2026-01-23 11:06:00+00:00,valid,0.7462583536392138,False
2026-01-23 11:07:00+00:00,valid,0.697862655080199,False
2026-01-23 11:08:00+00:00,valid,0.7627619417692865,False
2026-01-23 11:09:00+00:00,valid,1.2885102438278158,False
2026-01-23 11:10:00+00:00,valid,0.829205810177558,False
2026-01-23 11:11:00+00:00,valid,0.7823067782631261,False
2026-01-23 11:12:00+00:00,valid,0.7703165667880276,False
2026-01-23 11:13:00+00:00,valid,0.7186908433829687,False
2026-01-23 11:14:00+00:00,valid,0.6534443163570279,False
2026-01-23 11:17:00+00:00,valid,0.7102250042707727,False
2026-01-23 11:18:00+00:00,valid,0.697806899749188,False
2026-01-23 11:19:00+00:00,valid,0.698101133701338,False
2026-01-23 11:20:00+00:00,valid,0.6446942648608622,False
2026-01-23 11:21:00+00:00,valid,0.6216567333296177,False
2026-01-23 11:22:00+00:00,valid,0.6571072310809486,False
2026-01-23 11:23:00+00:00,valid,0.6263686774082113,False
2026-01-23 11:24:00+00:00,valid,0.663244139088749,False
2026-01-23 11:25:00+00:00,valid,1.1795977520357495,False
2026-01-23 11:26:00+00:00,valid,1.0438774966133242,False
2026-01-23 11:27:00+00:00,valid,0.6280619117013467,False
2026-01-23 11:28:00+00:00,valid,0.6213981098384225,False
2026-01-23 11:29:00+00:00,valid,0.64886504241954,False
2026-01-23 11:30:00+00:00,valid,0.6594027482514,False
2026-01-23 11:31:00+00:00,valid,0.6978028287892208,False
2026-01-23 11:32:00+00:00,valid,0.6531047184121662,False
2026-01-23 11:33:00+00:00,valid,0.7189856849211044,False
2026-01-23 11:34:00+00:00,valid,0.6824970558047713,False
2026-01-23 11:35:00+00:00,valid,0.7006629649867497,False
2026-01-23 11:36:00+00:00,valid,0.7012684662804464,False
2026-01-23 11:37:00+00:00,valid,1.245444474643382,False
2026-01-23 11:38:00+00:00,valid,0.6503818859365234,False
2026-01-23 11:39:00+00:00,valid,0.6789745270989361,False
2026-01-23 11:40:00+00:00,valid,0.6873455356956434,False
2026-01-23 11:41:00+00:00,valid,0.6673193857111229,False
2026-01-23 11:42:00+00:00,valid,0.6343913540665344,False
2026-01-23 11:43:00+00:00,valid,0.6333234290065699,False
2026-01-23 11:44:00+00:00,valid,0.7175382281415453,False
2026-01-23 11:45:00+00:00,valid,1.5003848719733586,False
2026-01-23 11:46:00+00:00,valid,1.1485890084334085,False
2026-01-23 11:47:00+00:00,valid,0.8000962295508989,False
2026-01-23 11:48:00+00:00,valid,0.7741145095608795,False
2026-01-23 11:49:00+00:00,valid,0.8005340533995959,False
2026-01-23 11:50:00+00:00,valid,0.8144531980650457,False
2026-01-23 11:51:00+00:00,valid,0.803204895369933,False
2026-01-23 11:52:00+00:00,valid,0.7651877950183994,False
2026-01-23 11:53:00+00:00,valid,0.7937002351987987,False
2026-01-23 11:54:00+00:00,valid,0.7915742655740702,False
2026-01-23 11:55:00+00:00,valid,0.7565890731913488,False
2026-01-23 11:56:00+00:00,valid,0.7217020948723716,False
2026-01-23 11:57:00+00:00,valid,0.7094939902903863,False
2026-01-23 11:58:00+00:00,valid,0.7222619560087452,False
2026-01-23 11:59:00+00:00,valid,0.7593319302844325,False
2026-01-23 12:00:00+00:00,valid,0.7636694833993467,False
2026-01-23 12:01:00+00:00,valid,0.7482102074233815,False
2026-01-23 12:02:00+00:00,valid,0.7435709273239733,False
2026-01-23 12:03:00+00:00,valid,0.7953250952680101,False
2026-01-23 12:04:00+00:00,valid,0.896837533669527,False
2026-01-23 12:05:00+00:00,valid,0.7942590397184733,False
2026-01-23 12:06:00+00:00,valid,0.7823322745800516,False
2026-01-23 12:07:00+00:00,valid,0.813903534061362,False
2026-01-23 12:08:00+00:00,valid,0.8176126909009866,False
2026-01-23 12:09:00+00:00,valid,0.8202166842156234,False
2026-01-23 12:10:00+00:00,valid,0.8170058931096402,False
2026-01-23 12:11:00+00:00,valid,1.1773388860542693,False
2026-01-23 12:12:00+00:00,valid,0.8185974291466381,False
2026-01-23 12:13:00+00:00,valid,1.1236931602150475,False
2026-01-23 12:14:00+00:00,valid,0.7905569740825374,False
2026-01-23 12:15:00+00:00,valid,0.7749918088157138,False
2026-01-23 12:16:00+00:00,valid,0.7914704915292186,False
2026-01-23 12:17:00+00:00,valid,0.8358135793599688,False
2026-01-23 12:18:00+00:00,valid,0.8630362090251421,False
2026-01-23 12:19:00+00:00,valid,0.8258360570524604,False
2026-01-23 12:20:00+00:00,valid,0.7645653977371292,False
2026-01-23 12:21:00+00:00,valid,0.7790084427562917,False
2026-01-23 12:22:00+00:00,valid,0.7767241824880176,False
2026-01-23 12:23:00+00:00,valid,0.8099140623728575,False
2026-01-23 12:24:00+00:00,valid,1.1019099293124892,False
2026-01-23 12:25:00+00:00,valid,0.8576063458208257,False
2026-01-23 12:26:00+00:00,valid,0.8201606724930429,False
2026-01-23 12:27:00+00:00,valid,0.7157680475519327,False
2026-01-23 12:28:00+00:00,valid,0.6975959467364123,False
2026-01-23 12:29:00+00:00,valid,0.6144011620911692,False
2026-01-23 12:30:00+00:00,valid,0.6936372633160489,False
2026-01-23 12:31:00+00:00,valid,0.6406309872089999,False
2026-01-23 12:32:00+00:00,valid,0.6515202988980301,False
2026-01-23 12:33:00+00:00,valid,0.6490971673874207,False
2026-01-23 12:34:00+00:00,valid,0.7150166865440193,False
2026-01-23 12:35:00+00:00,valid,0.6602799514338092,False
2026-01-23 12:36:00+00:00,valid,0.691316646134743,False
2026-01-23 12:37:00+00:00,valid,0.6922083508873704,False
2026-01-23 12:38:00+00:00,valid,0.6631963624588993,False
2026-01-23 12:39:00+00:00,valid,0.6461274565776004,False
2026-01-23 12:40:00+00:00,valid,0.6426456754588556,False
2026-01-23 12:41:00+00:00,valid,0.6880981046050167,False
2026-01-23 12:42:00+00:00,valid,0.7027787624680456,False
2026-01-23 12:43:00+00:00,valid,0.6839286007277463,False
2026-01-23 12:44:00+00:00,valid,0.7176033306671958,False
2026-01-23 12:45:00+00:00,valid,0.7119990442268462,False
2026-01-23 12:46:00+00:00,valid,0.7875760360434911,False
2026-01-23 12:47:00+00:00,valid,0.8349714670746845,False
2026-01-23 12:48:00+00:00,valid,1.4181138888368132,False
2026-01-23 12:49:00+00:00,valid,0.9221858209225291,False
2026-01-23 12:50:00+00:00,valid,0.8622414239595143,False
2026-01-23 12:51:00+00:00,valid,0.8533849126315279,False
2026-01-23 12:52:00+00:00,valid,0.8188519107900633,False
2026-01-23 12:53:00+00:00,valid,0.804399279728677,False
2026-01-23 12:54:00+00:00,valid,0.8003088051393805,False
2026-01-23 12:55:00+00:00,valid,0.7322421569126356,False
2026-01-23 12:56:00+00:00,valid,1.278153755786585,False
2026-01-23 12:57:00+00:00,valid,0.7463558849918972,False
2026-01-23 12:58:00+00:00,valid,0.7953901404039364,False
2026-01-23 12:59:00+00:00,valid,0.8225687522339179,False
2026-01-23 13:00:00+00:00,valid,0.7421501331674354,False
2026-01-23 13:01:00+00:00,valid,0.6897608841692483,False
2026-01-23 13:02:00+00:00,valid,1.0888330939754816,False
2026-01-23 13:03:00+00:00,valid,0.71972749639206,False
2026-01-23 13:04:00+00:00,valid,0.6937550823258279,False
2026-01-23 13:05:00+00:00,valid,0.6977440596612219,False
2026-01-23 13:06:00+00:00,valid,0.6773911381645209,False
2026-01-23 13:07:00+00:00,valid,0.6908977831771336,False
2026-01-23 13:08:00+00:00,valid,0.6679004504956555,False
2026-01-23 13:09:00+00:00,valid,0.6390691882155518,False
2026-01-23 13:10:00+00:00,valid,0.6653801626801263,False
2026-01-23 13:11:00+00:00,valid,0.6446909043250453,False
2026-01-23 13:12:00+00:00,valid,0.6966615988870671,False
2026-01-23 13:13:00+00:00,valid,0.7116888691209899,False
2026-01-23 13:14:00+00:00,valid,0.7306591643580602,False
2026-01-23 13:15:00+00:00,valid,1.1201378710378438,False
2026-01-23 13:16:00+00:00,valid,0.8196863917265999,False
2026-01-23 13:17:00+00:00,valid,0.8061513051741597,False
2026-01-23 13:18:00+00:00,valid,0.7599787544876969,False
2026-01-23 13:19:00+00:00,valid,0.7717505149894418,False
2026-01-23 13:20:00+00:00,valid,0.7727082488162328,False
2026-01-23 13:21:00+00:00,valid,0.7859570028031044,False
2026-01-23 13:22:00+00:00,valid,0.7818858032949945,False
2026-01-23 13:23:00+00:00,valid,0.7956063192409901,False
2026-01-23 13:24:00+00:00,valid,0.7992804338170473,False
2026-01-23 13:25:00+00:00,valid,1.1756828399707386,False
2026-01-23 13:26:00+00:00,valid,0.7694310348308061,False
2026-01-23 13:27:00+00:00,valid,0.7850134082522117,False
2026-01-23 13:28:00+00:00,valid,0.7776043044709453,False
2026-01-23 13:29:00+00:00,valid,0.7553231864526023,False
2026-01-23 13:30:00+00:00,valid,0.8293857444453523,False
2026-01-23 13:31:00+00:00,valid,0.8299337760343188,False
2026-01-23 13:32:00+00:00,valid,0.8539812586778815,False
2026-01-23 13:33:00+00:00,valid,0.7947698023170533,False
2026-01-23 13:34:00+00:00,valid,0.7873210347197884,False
2026-01-23 13:35:00+00:00,valid,0.7878797288073006,False
2026-01-23 13:36:00+00:00,valid,0.7673570047440467,False
2026-01-23 13:37:00+00:00,valid,0.7335805097076697,False
2026-01-23 13:38:00+00:00,valid,0.7370523832164099,False
2026-01-23 13:39:00+00:00,valid,0.7346367587552269,False
2026-01-23 13:40:00+00:00,valid,0.7269411121378733,False
2026-01-23 13:41:00+00:00,valid,0.780735717529399,False
2026-01-23 13:42:00+00:00,valid,0.8090890487314779,False
2026-01-23 13:43:00+00:00,valid,0.7957524636657423,False
2026-01-23 13:44:00+00:00,valid,0.7760863654769556,False
2026-01-23 13:45:00+00:00,valid,0.8107286095820315,False
2026-01-23 13:46:00+00:00,valid,0.7608760915550998,False
2026-01-23 13:47:00+00:00,valid,0.7333030401228708,False
2026-01-23 13:48:00+00:00,valid,0.7153664533146986,False
2026-01-23 13:49:00+00:00,valid,1.1804744714588018,False
2026-01-23 13:50:00+00:00,valid,0.6967722301158448,False
2026-01-23 13:51:00+00:00,valid,0.6791949946441339,False
2026-01-23 13:52:00+00:00,valid,0.6836304998948572,False
2026-01-23 13:53:00+00:00,valid,0.6526108358339165,False
2026-01-23 13:54:00+00:00,valid,0.6300711548254807,False
2026-01-23 13:55:00+00:00,valid,0.6503497969513374,False
2026-01-23 13:56:00+00:00,valid,1.067729530536103,False
2026-01-23 13:57:00+00:00,valid,0.6462044425807514,False
2026-01-23 13:58:00+00:00,valid,0.6394978563800809,False
2026-01-23 13:59:00+00:00,valid,0.6810869372954838,False
2026-01-23 14:00:00+00:00,valid,1.2952690776437354,False
2026-01-23 14:01:00+00:00,valid,0.6571982816016865,False
2026-01-23 14:02:00+00:00,valid,0.6123062245752372,False
2026-01-23 14:03:00+00:00,valid,0.6015499177231988,False
2026-01-23 14:04:00+00:00,valid,0.6300682086857367,False
2026-01-23 14:05:00+00:00,valid,0.5826367730371721,False
2026-01-23 14:06:00+00:00,valid,0.6191157994027929,False
2026-01-23 14:07:00+00:00,valid,0.6282229573545702,False
2026-01-23 14:08:00+00:00,valid,0.6265803457153224,False
2026-01-23 14:09:00+00:00,valid,0.6648237604704055,False
2026-01-23 14:10:00+00:00,valid,0.6571647852324741,False
2026-01-23 14:11:00+00:00,valid,0.6329941438491452,False
2026-01-23 14:12:00+00:00,valid,0.6583964869493797,False
2026-01-23 14:13:00+00:00,valid,0.6434479362547191,False
2026-01-23 14:14:00+00:00,valid,0.6206249246075745,False
2026-01-23 14:15:00+00:00,valid,0.5802418368521766,False
2026-01-23 14:16:00+00:00,valid,0.6154959617287429,False
2026-01-23 14:17:00+00:00,valid,1.7775999982343518,False
2026-01-23 14:18:00+00:00,valid,0.6196927224017384,False
2026-01-23 14:19:00+00:00,valid,0.6445932683917436,False
2026-01-23 14:20:00+00:00,valid,0.6352062323477442,False
2026-01-23 14:21:00+00:00,valid,0.6697912479226641,False
2026-01-23 14:22:00+00:00,valid,0.682090463607512,False
2026-01-23 14:23:00+00:00,valid,0.6886220147878884,False
2026-01-23 14:24:00+00:00,valid,0.6850778977451142,False
2026-01-23 14:25:00+00:00,valid,0.670945103438866,False
2026-01-23 14:26:00+00:00,valid,0.6787008009215351,False
2026-01-23 14:27:00+00:00,valid,0.661422992398718,False
2026-01-23 14:28:00+00:00,valid,1.2042497238487961,False
2026-01-23 14:29:00+00:00,valid,0.6741732041792784,False
2026-01-23 14:30:00+00:00,valid,0.71349724086746,False
2026-01-23 14:31:00+00:00,valid,0.6665230803513582,False
2026-01-23 14:32:00+00:00,valid,0.6770994360257805,False
2026-01-23 14:33:00+00:00,valid,0.6775290067633806,False
2026-01-23 14:34:00+00:00,valid,0.7011945099782382,False
2026-01-23 14:35:00+00:00,valid,0.6949545554693567,False
2026-01-23 14:36:00+00:00,valid,1.1669379680086214,False
2026-01-23 14:37:00+00:00,valid,0.6628586520361336,False
2026-01-23 14:38:00+00:00,valid,0.6725305863401148,False
2026-01-23 14:39:00+00:00,valid,0.6999416792075002,False
2026-01-23 14:40:00+00:00,valid,0.7092191933115429,False
2026-01-23 14:41:00+00:00,valid,0.7592019859631407,False
2026-01-23 14:42:00+00:00,valid,0.8053164229174449,False
2026-01-23 14:43:00+00:00,valid,0.8075389210778778,False
2026-01-23 14:44:00+00:00,valid,0.8429271733715099,False
2026-01-23 14:45:00+00:00,valid,0.7814762201662164,False
2026-01-23 14:46:00+00:00,valid,0.7215246358871836,False
2026-01-23 14:47:00+00:00,valid,0.7151406402600115,False
2026-01-23 14:48:00+00:00,valid,0.6510609200133103,False
2026-01-23 14:49:00+00:00,valid,0.638907226356739,False
2026-01-23 14:50:00+00:00,valid,0.6050941113465543,False
2026-01-23 14:51:00+00:00,valid,0.6192203241263451,False
2026-01-23 14:52:00+00:00,valid,0.6284374650506036,False
2026-01-23 14:53:00+00:00,valid,0.6241919866428834,False
2026-01-23 14:54:00+00:00,valid,0.6991870838619043,False
2026-01-23 14:55:00+00:00,valid,0.699346537982367,False
2026-01-23 14:56:00+00:00,valid,0.6801632726970138,False
2026-01-23 14:57:00+00:00,valid,1.0462608524097656,False
2026-01-23 14:58:00+00:00,valid,0.6538446404475073,False
2026-01-23 14:59:00+00:00,valid,0.6276696499339047,False
2026-01-23 15:00:00+00:00,valid,0.6567842468447271,False
2026-01-23 15:01:00+00:00,valid,0.6357351211436028,False
2026-01-23 15:02:00+00:00,valid,0.6165528909917916,False
2026-01-23 15:03:00+00:00,valid,0.6412929137511061,False
2026-01-23 15:04:00+00:00,valid,0.6296499036286731,False
2026-01-23 15:05:00+00:00,valid,0.6508848849636328,False
2026-01-23 15:06:00+00:00,valid,0.6841381567079897,False
2026-01-23 15:07:00+00:00,valid,0.6892767751337671,False
2026-01-23 15:08:00+00:00,valid,0.5994305797346591,False
2026-01-23 15:09:00+00:00,valid,0.5964952671569469,False
2026-01-23 15:10:00+00:00,valid,0.6005701394894516,False
2026-01-23 15:11:00+00:00,valid,0.586222185694466,False
2026-01-23 15:12:00+00:00,valid,0.6117697711149739,False
2026-01-23 15:13:00+00:00,valid,0.5824476341048048,False
2026-01-23 15:14:00+00:00,valid,0.6034218798706915,False
2026-01-23 15:15:00+00:00,valid,0.6243884041755793,False
2026-01-23 15:16:00+00:00,valid,0.6269044222898036,False
2026-01-23 15:17:00+00:00,valid,1.0282343262020217,False
2026-01-23 15:18:00+00:00,valid,0.5706133561290612,False
2026-01-23 15:19:00+00:00,valid,1.7751846984418602,False
2026-01-23 15:20:00+00:00,valid,0.5848734445707314,False
2026-01-23 15:21:00+00:00,valid,0.5679336238284809,False
2026-01-23 15:22:00+00:00,valid,0.6014266622574459,False
2026-01-23 15:23:00+00:00,valid,0.6470126060771714,False
2026-01-23 15:24:00+00:00,valid,0.6717473652922036,False
2026-01-23 15:25:00+00:00,valid,0.622139856647924,False
2026-01-23 15:26:00+00:00,valid,0.6427158977283858,False
2026-01-23 15:27:00+00:00,valid,0.6100505357291782,False
2026-01-23 15:28:00+00:00,valid,0.6233913554829333,False
2026-01-23 15:29:00+00:00,valid,0.6208339822949641,False
2026-01-23 15:30:00+00:00,valid,0.6222039545940473,False
2026-01-23 15:31:00+00:00,valid,0.6563122609135771,False
2026-01-23 15:32:00+00:00,valid,0.7282132383723094,False
2026-01-23 15:33:00+00:00,valid,0.7176566924771667,False
2026-01-23 15:34:00+00:00,valid,0.6635669942433293,False
2026-01-23 15:35:00+00:00,valid,0.702288379630245,False
2026-01-23 15:36:00+00:00,valid,0.6769292049494234,False
2026-01-23 15:37:00+00:00,valid,0.6318325235361886,False
2026-01-23 15:38:00+00:00,valid,0.6013320292520404,False
2026-01-23 15:39:00+00:00,valid,0.6217059364098767,False
2026-01-23 15:40:00+00:00,valid,0.5850102046888914,False
2026-01-23 15:41:00+00:00,valid,0.5893443695311341,False
2026-01-23 15:42:00+00:00,valid,0.6136353832488909,False
2026-01-23 15:43:00+00:00,valid,0.5913980894123161,False
2026-01-23 15:44:00+00:00,valid,0.6338672401322772,False
2026-01-23 15:45:00+00:00,valid,0.6195150048043191,False
2026-01-23 15:46:00+00:00,valid,0.6431351258753093,False
2026-01-23 15:47:00+00:00,valid,0.6509284839168082,False
2026-01-23 15:48:00+00:00,valid,0.6784247931305304,False
2026-01-23 15:49:00+00:00,valid,0.6303460977081827,False
2026-01-23 15:50:00+00:00,valid,0.5571154601386868,False
2026-01-23 15:51:00+00:00,valid,0.5329553615613225,False
2026-01-23 15:52:00+00:00,valid,0.5600139969925896,False
2026-01-23 15:53:00+00:00,valid,0.5331781775549606,False
2026-01-23 15:54:00+00:00,valid,0.5511163251256069,False
2026-01-23 15:55:00+00:00,valid,0.5247460060183011,False
2026-01-23 15:56:00+00:00,valid,0.5233771615207302,False
2026-01-23 15:57:00+00:00,valid,0.4824135501076119,False
2026-01-23 15:58:00+00:00,valid,0.5399407384880528,False
2026-01-23 15:59:00+00:00,valid,0.5241020720694075,False
2026-01-23 16:00:00+00:00,valid,0.5008498189128628,False
2026-01-23 16:01:00+00:00,valid,0.9814818570850825,False
2026-01-23 16:02:00+00:00,valid,0.5247959229855536,False
2026-01-23 16:03:00+00:00,valid,0.5701737383254244,False
2026-01-23 16:04:00+00:00,valid,0.6799357663160543,False
2026-01-23 16:05:00+00:00,valid,0.7258847948873499,False
2026-01-23 16:06:00+00:00,valid,0.7803042125797202,False
2026-01-23 16:07:00+00:00,valid,0.7481802837462539,False
2026-01-23 16:08:00+00:00,valid,0.7607050522015105,False
2026-01-23 16:09:00+00:00,valid,0.700406273426572,False
2026-01-23 16:10:00+00:00,valid,0.6554455448285548,False
2026-01-23 16:11:00+00:00,valid,0.657080193713868,False
2026-01-23 16:12:00+00:00,valid,0.6570911202760817,False
2026-01-23 16:13:00+00:00,valid,0.6315667351972458,False
2026-01-23 16:14:00+00:00,valid,1.0296003252717558,False
2026-01-23 16:15:00+00:00,valid,0.5707035892224988,False
2026-01-23 16:16:00+00:00,valid,0.5947219623524193,False
2026-01-23 16:17:00+00:00,valid,0.5929168850672931,False
2026-01-23 16:18:00+00:00,valid,0.6126169805195083,False
2026-01-23 16:19:00+00:00,valid,0.5977835592961859,False
2026-01-23 16:20:00+00:00,valid,0.5851580934873355,False
2026-01-23 16:21:00+00:00,valid,0.5561942494876256,False
2026-01-23 16:22:00+00:00,valid,0.5051084462149421,False
2026-01-23 16:23:00+00:00,valid,0.5155042573661643,False
2026-01-23 16:24:00+00:00,valid,0.5206933218544433,False
2026-01-23 16:25:00+00:00,valid,0.5517195657975826,False
2026-01-23 16:26:00+00:00,valid,0.5534811764190471,False
2026-01-23 16:27:00+00:00,valid,0.5385650584273702,False
2026-01-23 16:28:00+00:00,valid,0.5299780960069322,False
2026-01-23 16:29:00+00:00,valid,0.559347193150739,False
2026-01-23 16:30:00+00:00,valid,0.5426656729448787,False
2026-01-23 16:31:00+00:00,valid,0.5499416943294968,False
2026-01-23 16:32:00+00:00,valid,0.5125577535236348,False
2026-01-23 16:33:00+00:00,valid,0.48328285135862376,False
2026-01-23 16:34:00+00:00,valid,0.4867030143779914,False
2026-01-23 16:35:00+00:00,valid,0.5098505007010724,False
2026-01-23 16:36:00+00:00,valid,0.4739918223975585,False
2026-01-23 16:37:00+00:00,valid,0.49740022692234037,False
2026-01-23 16:38:00+00:00,valid,0.538709027873535,False
2026-01-23 16:39:00+00:00,valid,0.529314142268815,False
2026-01-23 16:40:00+00:00,valid,0.49956099527125775,False
2026-01-23 16:41:00+00:00,valid,0.45138128166478686,False
2026-01-23 16:42:00+00:00,valid,0.42028798076638246,False
2026-01-23 16:43:00+00:00,valid,0.43594858968293665,False
2026-01-23 16:44:00+00:00,valid,0.4175275197572912,False
2026-01-23 16:45:00+00:00,valid,0.5150533031911051,False
2026-01-23 16:46:00+00:00,valid,0.5199782669777467,False
2026-01-23 16:47:00+00:00,valid,0.5211716694679958,False
2026-01-23 16:48:00+00:00,valid,0.5317666177362832,False
2026-01-23 16:49:00+00:00,valid,0.5101747497330796,False
2026-01-23 16:50:00+00:00,valid,0.46578413969821464,False
2026-01-23 16:51:00+00:00,valid,0.39361765993244296,False
2026-01-23 16:52:00+00:00,valid,0.4321201558170523,False
2026-01-23 16:53:00+00:00,valid,0.41533517860069,False
2026-01-23 16:54:00+00:00,valid,0.50359345583973,False
2026-01-23 16:55:00+00:00,valid,0.5462029108819164,False
2026-01-23 16:56:00+00:00,valid,0.5266552754438206,False
2026-01-23 16:57:00+00:00,valid,0.4893435812432264,False
2026-01-23 16:58:00+00:00,valid,0.43825517157293,False
2026-01-23 16:59:00+00:00,valid,0.4294647426292385,False
2026-01-23 17:00:00+00:00,valid,0.8962566109315075,False
2026-01-23 17:01:00+00:00,valid,1.356430900576173,False
2026-01-23 17:02:00+00:00,valid,0.49392598820358424,False
2026-01-23 17:03:00+00:00,valid,0.4431723329488538,False
2026-01-23 17:04:00+00:00,valid,0.44847838872842277,False
2026-01-23 17:05:00+00:00,valid,0.44666483671961227,False
2026-01-23 17:06:00+00:00,valid,0.4206522182282478,False
2026-01-23 17:07:00+00:00,valid,0.4325470311534253,False
2026-01-23 17:08:00+00:00,valid,0.5083267126400671,False
2026-01-23 17:09:00+00:00,valid,0.5427570677780511,False
2026-01-23 17:10:00+00:00,valid,0.546521882883065,False
2026-01-23 17:11:00+00:00,valid,0.5429441672752303,False
2026-01-23 17:12:00+00:00,valid,0.5328065879022068,False
2026-01-23 17:13:00+00:00,valid,0.5193613477271896,False
2026-01-23 17:14:00+00:00,valid,0.5103678406338129,False
2026-01-23 17:15:00+00:00,valid,0.5539507319756266,False
2026-01-23 17:16:00+00:00,valid,0.5778120322626941,False
2026-01-23 17:17:00+00:00,valid,0.5763417310083634,False
2026-01-23 17:18:00+00:00,valid,1.1369522283931532,False
2026-01-23 17:19:00+00:00,valid,0.6640047121225816,False
2026-01-23 17:20:00+00:00,valid,0.703955942066435,False
2026-01-23 17:21:00+00:00,valid,0.6479113704925881,False
2026-01-23 17:22:00+00:00,valid,0.6313154380757577,False
2026-01-23 17:23:00+00:00,valid,0.5934265435449075,False
2026-01-23 17:24:00+00:00,valid,0.6036584863759035,False
2026-01-23 17:25:00+00:00,valid,0.5445805315286265,False
2026-01-23 17:26:00+00:00,valid,0.5075575042192098,False
2026-01-23 17:27:00+00:00,valid,0.501277961098058,False
2026-01-23 17:28:00+00:00,valid,0.48730693553572574,False
2026-01-23 17:29:00+00:00,valid,0.5177846586624867,False
2026-01-23 17:30:00+00:00,valid,0.8761522813652269,False
2026-01-23 17:31:00+00:00,valid,0.5046356691219367,False
2026-01-23 17:32:00+00:00,valid,0.5302603127235863,False
2026-01-23 17:33:00+00:00,valid,0.5414600708995806,False
2026-01-23 17:34:00+00:00,valid,0.5940089367186459,False
2026-01-23 17:35:00+00:00,valid,0.6088009545879477,False
2026-01-23 17:36:00+00:00,valid,0.580831000645591,False
2026-01-23 17:37:00+00:00,valid,0.5930417164081062,False
2026-01-23 17:38:00+00:00,valid,0.5607215243267748,False
2026-01-23 17:39:00+00:00,valid,0.5657244516128184,False
2026-01-23 17:40:00+00:00,valid,0.9798404743762197,False
2026-01-23 17:41:00+00:00,valid,0.5845821582439152,False
2026-01-23 17:42:00+00:00,valid,0.6077788312423567,False
2026-01-23 17:43:00+00:00,valid,0.6129185610370526,False
2026-01-23 17:44:00+00:00,valid,0.6640472693034438,False
2026-01-23 17:45:00+00:00,valid,0.689310346187691,False
2026-01-23 17:46:00+00:00,valid,0.6874378014418997,False
2026-01-23 17:47:00+00:00,valid,0.7121645874812147,False
2026-01-23 17:48:00+00:00,valid,0.7492596069173835,False
2026-01-23 17:49:00+00:00,valid,0.8169664224283146,False
2026-01-23 17:50:00+00:00,valid,0.8673009522728219,False
2026-01-23 17:51:00+00:00,valid,1.3042967056274053,False
2026-01-23 17:52:00+00:00,valid,0.9286212757931437,False
2026-01-23 17:53:00+00:00,valid,0.9552960836854371,False
2026-01-23 17:54:00+00:00,valid,0.9071638088943916,False
2026-01-23 17:55:00+00:00,valid,0.8422891598592994,False
2026-01-23 17:56:00+00:00,valid,0.7613712951834425,False
2026-01-23 17:57:00+00:00,valid,0.6733944533193931,False
2026-01-23 17:58:00+00:00,valid,0.6958172311402648,False
2026-01-23 17:59:00+00:00,valid,1.0603432324146311,False
2026-01-23 18:00:00+00:00,valid,0.7261478625984586,False
2026-01-23 18:01:00+00:00,valid,0.7598934443378697,False
2026-01-23 18:02:00+00:00,valid,0.7876587912340546,False
2026-01-23 18:03:00+00:00,valid,0.753370357443455,False
2026-01-23 18:04:00+00:00,valid,0.7446006107144095,False
2026-01-23 18:05:00+00:00,valid,0.7531266203305901,False
2026-01-23 18:06:00+00:00,valid,0.7099974898930003,False
2026-01-23 18:07:00+00:00,valid,0.7276621555441887,False
2026-01-23 18:08:00+00:00,valid,0.7370482463788827,False
2026-01-23 18:09:00+00:00,valid,0.6785947164096269,False
2026-01-23 18:10:00+00:00,valid,0.6530121105188822,False
2026-01-23 18:11:00+00:00,valid,0.6407225588577053,False
2026-01-23 18:12:00+00:00,valid,0.6363929238418028,False
2026-01-23 18:13:00+00:00,valid,0.5713835991587938,False
2026-01-23 18:14:00+00:00,valid,0.5882287223922887,False
2026-01-23 18:15:00+00:00,valid,0.596622393965082,False
2026-01-23 18:16:00+00:00,valid,0.6275300296202071,False
2026-01-23 18:17:00+00:00,valid,0.6273767711975183,False
2026-01-23 18:18:00+00:00,valid,1.2814093968411597,False
2026-01-23 18:19:00+00:00,valid,0.6019958780897497,False
2026-01-23 18:20:00+00:00,valid,0.5725689490862569,False
2026-01-23 18:21:00+00:00,valid,0.5689759483439645,False
2026-01-23 18:22:00+00:00,valid,1.0062242558065067,False
2026-01-23 18:23:00+00:00,valid,0.6211389367148544,False
2026-01-23 18:24:00+00:00,valid,0.6490099464351473,False
2026-01-23 18:25:00+00:00,valid,0.6525154348161717,False
2026-01-23 18:26:00+00:00,valid,0.6314727321290197,False
2026-01-23 18:27:00+00:00,valid,0.5957078900398696,False
2026-01-23 18:28:00+00:00,valid,0.5535780550325906,False
2026-01-23 18:29:00+00:00,valid,0.5255726175217975,False
2026-01-23 18:30:00+00:00,valid,0.5167269274644366,False
2026-01-23 18:31:00+00:00,valid,0.6071797980037944,False
2026-01-23 18:32:00+00:00,valid,0.7117687774784813,False
2026-01-23 18:33:00+00:00,valid,0.7080209116010215,False
2026-01-23 18:34:00+00:00,valid,0.6383416769256619,False
2026-01-23 18:35:00+00:00,valid,0.6989651606986121,False
2026-01-23 18:36:00+00:00,valid,0.6677624978413687,False
2026-01-23 18:37:00+00:00,valid,0.6514769657914248,False
2026-01-23 18:38:00+00:00,valid,0.6179951381868073,False
2026-01-23 18:39:00+00:00,valid,0.6042154055439038,False
2026-01-23 18:40:00+00:00,valid,0.5816717437099849,False
2026-01-23 18:41:00+00:00,valid,0.5682365884845945,False
2026-01-23 18:42:00+00:00,valid,0.5986407895453683,False
2026-01-23 18:43:00+00:00,valid,0.6255749762987656,False
2026-01-23 18:44:00+00:00,valid,0.6381816044398194,False
2026-01-23 18:45:00+00:00,valid,0.6208123448717606,False
2026-01-23 18:46:00+00:00,valid,0.6264967773155333,False
2026-01-23 18:47:00+00:00,valid,1.1220018011331465,False
2026-01-23 18:48:00+00:00,valid,0.6630012290746866,False
2026-01-23 18:49:00+00:00,valid,0.6036329854509525,False
2026-01-23 18:50:00+00:00,valid,0.6031176509867804,False
2026-01-23 18:51:00+00:00,valid,0.6138981661009293,False
2026-01-23 18:52:00+00:00,valid,0.5485099824301898,False
2026-01-23 18:53:00+00:00,valid,0.5210732830493996,False
2026-01-23 18:54:00+00:00,valid,0.5398850290545189,False
2026-01-23 18:55:00+00:00,valid,0.6559867721684283,False
2026-01-23 18:56:00+00:00,valid,0.6363889854152409,False
2026-01-23 18:57:00+00:00,valid,0.6576624204638137,False
2026-01-23 18:58:00+00:00,valid,0.6377833574139304,False
2026-01-23 18:59:00+00:00,valid,0.5935623131068354,False
2026-01-23 19:00:00+00:00,valid,0.5605873859183773,False
2026-01-23 19:01:00+00:00,valid,0.4950314649361822,False
2026-01-23 19:02:00+00:00,valid,0.5357311604923195,False
2026-01-23 19:03:00+00:00,valid,0.5986016171102515,False
2026-01-23 19:04:00+00:00,valid,0.6637317430748569,False
2026-01-23 19:05:00+00:00,valid,0.6555936511518513,False
2026-01-23 19:06:00+00:00,valid,0.6474573357445177,False
2026-01-23 19:07:00+00:00,valid,0.653285754547694,False
2026-01-23 19:08:00+00:00,valid,0.6033647895973426,False
2026-01-23 19:09:00+00:00,valid,0.5424446029801313,False
2026-01-23 19:10:00+00:00,valid,0.500829312288289,False
2026-01-23 19:11:00+00:00,valid,0.5328762309830781,False
2026-01-23 19:12:00+00:00,valid,1.0080843787760536,False
2026-01-23 19:13:00+00:00,valid,0.5658861594860215,False
2026-01-23 19:14:00+00:00,valid,0.5115911624437736,False
2026-01-23 19:15:00+00:00,valid,0.5323459017548882,False
2026-01-23 19:16:00+00:00,valid,1.2050554023795514,False
2026-01-23 19:17:00+00:00,valid,0.5226706599253238,False
2026-01-23 19:18:00+00:00,valid,0.5266212039627298,False
2026-01-23 19:19:00+00:00,valid,0.5786954547054359,False
2026-01-23 19:20:00+00:00,valid,0.6230343758980398,False
2026-01-23 19:21:00+00:00,valid,0.5847415338489088,False
2026-01-23 19:22:00+00:00,valid,0.6530189603334057,False
2026-01-23 19:23:00+00:00,valid,0.5927707744449948,False
2026-01-23 19:24:00+00:00,valid,0.5445529001915519,False
2026-01-23 19:25:00+00:00,valid,0.5278880924255249,False
2026-01-23 19:26:00+00:00,valid,0.49769378250260704,False
2026-01-23 19:27:00+00:00,valid,0.5039569059660209,False
2026-01-23 19:28:00+00:00,valid,0.502452882120161,False
2026-01-23 19:29:00+00:00,valid,0.48930899010134454,False
2026-01-23 19:30:00+00:00,valid,0.5456861852973484,False
2026-01-23 19:31:00+00:00,valid,0.5361769274961523,False
2026-01-23 19:32:00+00:00,valid,0.563306703194217,False
2026-01-23 19:33:00+00:00,valid,0.5500524213450614,False
2026-01-23 19:34:00+00:00,valid,0.5610656994613077,False
2026-01-23 19:35:00+00:00,valid,0.5622233730776987,False
2026-01-23 19:36:00+00:00,valid,0.5505977529905569,False
2026-01-23 19:37:00+00:00,valid,0.5247994720643863,False
2026-01-23 19:38:00+00:00,valid,0.5533618900440263,False
2026-01-23 19:39:00+00:00,valid,0.6203983140121394,False
2026-01-23 19:40:00+00:00,valid,0.5800531389003641,False
2026-01-23 19:41:00+00:00,valid,0.5465946206332324,False
2026-01-23 19:42:00+00:00,valid,0.5312238827154196,False
2026-01-23 19:43:00+00:00,valid,0.5105661884600706,False
2026-01-23 19:44:00+00:00,valid,0.5448938742630248,False
2026-01-23 19:47:00+00:00,valid,0.5643895899472724,False
2026-01-23 19:48:00+00:00,valid,0.5877163865563064,False
2026-01-23 19:49:00+00:00,valid,0.565351568529405,False
2026-01-23 19:50:00+00:00,valid,0.5853507798995803,False
2026-01-23 19:51:00+00:00,valid,0.6519362105843012,False
2026-01-23 19:52:00+00:00,valid,1.002310349589808,False
2026-01-23 19:53:00+00:00,valid,0.6013657843321296,False
2026-01-23 19:54:00+00:00,valid,1.2336990034831246,False
2026-01-23 19:55:00+00:00,valid,0.5551317094662649,False
2026-01-23 19:56:00+00:00,valid,0.5378011748837148,False
2026-01-23 19:57:00+00:00,valid,0.5449962331752398,False
2026-01-23 19:58:00+00:00,valid,0.5329118894164238,False
2026-01-23 19:59:00+00:00,valid,0.5975660512768816,False
2026-01-23 20:00:00+00:00,valid,0.6392104320958132,False
2026-01-23 20:01:00+00:00,valid,0.6251759885416054,False
2026-01-23 20:02:00+00:00,valid,0.6232974442000506,False
2026-01-23 20:03:00+00:00,valid,0.6278185566270802,False
2026-01-23 20:04:00+00:00,valid,0.7004425426151054,False
2026-01-23 20:05:00+00:00,valid,0.7741350048141202,False
2026-01-23 20:06:00+00:00,valid,0.7720905653402877,False
2026-01-23 20:07:00+00:00,valid,0.8221766530437195,False
2026-01-23 20:08:00+00:00,valid,1.1597763929659186,False
2026-01-23 20:09:00+00:00,valid,0.8106148200219103,False
2026-01-23 20:10:00+00:00,valid,0.7922546504671675,False
2026-01-23 20:11:00+00:00,valid,0.821408100483107,False
2026-01-23 20:12:00+00:00,valid,0.8893074465243563,False
2026-01-23 20:13:00+00:00,valid,0.8754302807226381,False
2026-01-23 20:14:00+00:00,valid,1.2506317053207645,False
2026-01-23 20:15:00+00:00,valid,0.7630711316980228,False
2026-01-23 20:16:00+00:00,valid,0.7660812928686493,False
2026-01-23 20:17:00+00:00,valid,0.7584715425827294,False
2026-01-23 20:18:00+00:00,valid,1.098798032484742,False
2026-01-23 20:19:00+00:00,valid,0.7372182759275611,False
2026-01-23 20:20:00+00:00,valid,0.7356215116459676,False
2026-01-23 20:21:00+00:00,valid,0.7509092575639185,False
2026-01-23 20:22:00+00:00,valid,0.7535310855485486,False
2026-01-23 20:23:00+00:00,valid,0.7135069689223474,False
2026-01-23 20:24:00+00:00,valid,0.7423431565724389,False
2026-01-23 20:25:00+00:00,valid,0.7238800226661805,False
2026-01-23 20:26:00+00:00,valid,0.721213422874291,False
2026-01-23 20:27:00+00:00,valid,0.6744047722197525,False
2026-01-23 20:28:00+00:00,valid,1.1422245845249293,False
2026-01-23 20:29:00+00:00,valid,0.6829079262841616,False
2026-01-23 20:30:00+00:00,valid,0.676555594538468,False
2026-01-23 20:31:00+00:00,valid,0.6811910498125866,False
2026-01-23 20:32:00+00:00,valid,0.6654667583090983,False
2026-01-23 20:33:00+00:00,valid,0.6835984103298806,False
2026-01-23 20:34:00+00:00,valid,0.676504032841102,False
2026-01-23 20:35:00+00:00,valid,0.6447138656475212,False
2026-01-23 20:36:00+00:00,valid,0.6311772450998151,False
2026-01-23 20:37:00+00:00,valid,0.6709629025454558,False
2026-01-23 20:38:00+00:00,valid,1.06801934924679,False
2026-01-23 20:39:00+00:00,valid,0.6574598390575935,False
2026-01-23 20:40:00+00:00,valid,0.6341289569666023,False
2026-01-23 20:41:00+00:00,valid,0.7140308688456612,False
2026-01-23 20:42:00+00:00,valid,0.7393780029339835,False
2026-01-23 20:43:00+00:00,valid,0.7227048291658059,False
2026-01-23 20:44:00+00:00,valid,0.7352779597946337,False
2026-01-23 20:45:00+00:00,valid,0.746806362675922,False
2026-01-23 20:46:00+00:00,valid,1.0019874789672214,False
2026-01-23 20:47:00+00:00,valid,0.5532681528856394,False
2026-01-23 20:48:00+00:00,valid,0.5294718104610189,False
2026-01-23 20:49:00+00:00,valid,0.5373946008321696,False
2026-01-23 20:50:00+00:00,valid,0.5176875904334687,False
2026-01-23 20:51:00+00:00,valid,0.569359346206048,False
2026-01-23 20:52:00+00:00,valid,0.9685522622818459,False
2026-01-23 20:53:00+00:00,valid,0.5088822280847926,False
2026-01-23 20:54:00+00:00,valid,0.4872502428705795,False
2026-01-23 20:55:00+00:00,valid,0.456100428241026,False
2026-01-23 20:56:00+00:00,valid,0.520542385931493,False
2026-01-23 20:57:00+00:00,valid,0.531171782043854,False
2026-01-23 20:58:00+00:00,valid,0.5485429059950394,False
2026-01-23 20:59:00+00:00,valid,0.5497743374540285,False
2026-01-23 21:00:00+00:00,valid,0.5499909372888497,False
2026-01-23 21:01:00+00:00,valid,0.5551414400372884,False
2026-01-23 21:02:00+00:00,valid,0.5663357251422279,False
2026-01-23 21:03:00+00:00,valid,0.5556083292475231,False
2026-01-23 21:04:00+00:00,valid,1.0809619415277627,False
2026-01-23 21:05:00+00:00,valid,0.526713451174897,False
2026-01-23 21:06:00+00:00,valid,0.4921867437028959,False
2026-01-23 21:07:00+00:00,valid,0.49455374564058147,False
2026-01-23 21:08:00+00:00,valid,0.5032632287651487,False
2026-01-23 21:09:00+00:00,valid,0.5184025956415316,False
2026-01-23 21:10:00+00:00,valid,0.5557275699287458,False
2026-01-23 21:11:00+00:00,valid,0.5681311726809691,False
2026-01-23 21:12:00+00:00,valid,0.5511070530085106,False
2026-01-23 21:13:00+00:00,valid,0.5356644945467165,False
2026-01-23 21:14:00+00:00,valid,0.6105457509399533,False
2026-01-23 21:15:00+00:00,valid,0.5949909790484564,False
2026-01-23 21:16:00+00:00,valid,0.6098886033290245,False
2026-01-23 21:17:00+00:00,valid,0.6471931305677675,False
2026-01-23 21:18:00+00:00,valid,0.5914697633077212,False
2026-01-23 21:19:00+00:00,valid,0.5716225853786827,False
2026-01-23 21:20:00+00:00,valid,0.6277547283740217,False
2026-01-23 21:21:00+00:00,valid,0.580265155737216,False
2026-01-23 21:22:00+00:00,valid,0.5371097529188905,False
2026-01-23 21:23:00+00:00,valid,0.5375913151064603,False
2026-01-23 21:24:00+00:00,valid,0.5777537332263762,False
2026-01-23 21:25:00+00:00,valid,0.5456836613859141,False
2026-01-23 21:26:00+00:00,valid,0.515654043340804,False
2026-01-23 21:27:00+00:00,valid,0.5090384262136306,False
2026-01-23 21:28:00+00:00,valid,0.5118557565265092,False
2026-01-23 21:29:00+00:00,valid,0.5408639548245148,False
2026-01-23 21:30:00+00:00,valid,0.5599758634029866,False
2026-01-23 21:31:00+00:00,valid,0.5259092510523783,False
2026-01-23 21:32:00+00:00,valid,0.5350489101454687,False
2026-01-23 21:33:00+00:00,valid,0.5641302818919414,False
2026-01-23 21:34:00+00:00,valid,0.539528502652864,False
2026-01-23 21:35:00+00:00,valid,0.5294076709030171,False
2026-01-23 21:36:00+00:00,valid,0.5132633423746127,False
2026-01-23 21:37:00+00:00,valid,0.46988625505009796,False
2026-01-23 21:38:00+00:00,valid,0.5060590892234165,False
2026-01-23 21:39:00+00:00,valid,0.4872514513746665,False
2026-01-23 21:40:00+00:00,valid,0.5245918048213384,False
2026-01-23 21:41:00+00:00,valid,0.5213412491136307,False
2026-01-23 21:42:00+00:00,valid,1.2159345162301654,False
2026-01-23 21:43:00+00:00,valid,0.5287205342910722,False
2026-01-23 21:44:00+00:00,valid,0.6107717151936133,False
2026-01-23 21:45:00+00:00,valid,0.5978265420858158,False
2026-01-23 21:46:00+00:00,valid,0.5673755137066339,False
2026-01-23 21:47:00+00:00,valid,0.5430525118937579,False
2026-01-23 21:48:00+00:00,valid,0.49368591160644026,False
2026-01-23 21:49:00+00:00,valid,0.5727320578890083,False
2026-01-23 21:50:00+00:00,valid,0.5570624119807889,False
2026-01-23 21:51:00+00:00,valid,0.5934065003338114,False
2026-01-23 21:52:00+00:00,valid,0.5438627512393119,False
2026-01-23 21:53:00+00:00,valid,0.5676546759384219,False
2026-01-23 21:54:00+00:00,valid,0.51886771193892,False
2026-01-23 21:55:00+00:00,valid,0.5715720065214788,False
2026-01-23 21:56:00+00:00,valid,0.5641564819595958,False
2026-01-23 21:57:00+00:00,valid,0.5871368948003913,False
2026-01-23 21:58:00+00:00,valid,0.6315863004137354,False
2026-01-23 21:59:00+00:00,valid,0.6652363757007351,False
2026-01-23 22:00:00+00:00,valid,0.6333986117914951,False
2026-01-23 22:01:00+00:00,valid,0.5723267212303597,False
2026-01-23 22:02:00+00:00,valid,0.5384410765336515,False
2026-01-23 22:03:00+00:00,valid,0.5228536511358023,False
2026-01-23 22:04:00+00:00,valid,0.5163128369650909,False
2026-01-23 22:05:00+00:00,valid,0.49738460837590376,False
2026-01-23 22:06:00+00:00,valid,0.5136591688898703,False
2026-01-23 22:07:00+00:00,valid,0.5011332386258649,False
2026-01-23 22:08:00+00:00,valid,0.5394995764256362,False
2026-01-23 22:09:00+00:00,valid,0.5286741585814572,False
2026-01-23 22:10:00+00:00,valid,0.5808032049423737,False
2026-01-23 22:11:00+00:00,valid,0.5765906732741458,False
2026-01-23 22:12:00+00:00,valid,0.5836236654144329,False
2026-01-23 22:13:00+00:00,valid,0.5404351724151505,False
2026-01-23 22:14:00+00:00,valid,0.6419363569692998,False
2026-01-23 22:15:00+00:00,valid,0.6390998887266113,False
2026-01-23 22:16:00+00:00,valid,0.65813888127257,False
2026-01-23 22:17:00+00:00,valid,0.6746237459461846,False
2026-01-23 22:18:00+00:00,valid,0.636999062221776,False
2026-01-23 22:19:00+00:00,valid,0.6678389246516248,False
2026-01-23 22:20:00+00:00,valid,0.6515058819980396,False
2026-01-23 22:21:00+00:00,valid,0.5922218778274343,False
2026-01-23 22:22:00+00:00,valid,0.5779159659540525,False
2026-01-23 22:23:00+00:00,valid,0.5864920379561888,False
2026-01-23 22:24:00+00:00,valid,0.6494561162362048,False
2026-01-23 22:25:00+00:00,valid,0.6029787518477817,False
2026-01-23 22:26:00+00:00,valid,0.6267393988871965,False
2026-01-23 22:27:00+00:00,valid,0.6026241124206876,False
2026-01-23 22:28:00+00:00,valid,0.61153109462091,False
2026-01-23 22:29:00+00:00,valid,0.5991404026580152,False
2026-01-23 22:30:00+00:00,valid,0.6063529240808224,False
2026-01-23 22:31:00+00:00,valid,0.5940152343356545,False
2026-01-23 22:32:00+00:00,valid,0.5939196027703929,False
2026-01-23 22:33:00+00:00,valid,0.6068438260956182,False
2026-01-23 22:34:00+00:00,valid,0.6057833255943308,False
2026-01-23 22:35:00+00:00,valid,0.5950741859247926,False
2026-01-23 22:36:00+00:00,valid,0.6157342304514488,False
2026-01-23 22:37:00+00:00,valid,0.6129170475534401,False
2026-01-23 22:38:00+00:00,valid,0.643675517953022,False
2026-01-23 22:39:00+00:00,valid,0.6622704537189242,False
2026-01-23 22:40:00+00:00,valid,0.6208980431016787,False
2026-01-23 22:41:00+00:00,valid,0.6467495411682983,False
2026-01-23 22:42:00+00:00,valid,0.6497330991282294,False
2026-01-23 22:43:00+00:00,valid,0.6559101854611284,False
2026-01-23 22:44:00+00:00,valid,0.6374132257216462,False
2026-01-23 22:45:00+00:00,valid,0.6670426866266699,False
2026-01-23 22:46:00+00:00,valid,0.634585407670177,False
2026-01-23 22:47:00+00:00,valid,1.0206825458534015,False
2026-01-23 22:48:00+00:00,valid,0.5650304816021329,False
2026-01-23 22:49:00+00:00,valid,0.5742981629646117,False
2026-01-23 22:50:00+00:00,valid,0.5947881625965432,False
2026-01-23 22:51:00+00:00,valid,0.5849327459262161,False
2026-01-23 22:52:00+00:00,valid,0.5946632666028581,False
2026-01-23 22:53:00+00:00,valid,0.6203712097855385,False
2026-01-23 22:54:00+00:00,valid,0.6457566584341174,False
2026-01-23 22:55:00+00:00,valid,0.6231163942600233,False
2026-01-23 22:56:00+00:00,valid,0.6468631529791543,False
2026-01-23 22:57:00+00:00,valid,0.6284749333669232,False
2026-01-23 22:58:00+00:00,valid,0.6257882120645623,False
2026-01-23 22:59:00+00:00,valid,0.6115977025128353,False
2026-01-23 23:00:00+00:00,valid,1.0245544383253262,False
2026-01-23 23:01:00+00:00,valid,0.5292748758364373,False
2026-01-23 23:02:00+00:00,valid,0.5447363471647853,False
2026-01-23 23:03:00+00:00,valid,0.5408373663200834,False
2026-01-23 23:04:00+00:00,valid,1.0551836179584895,False
2026-01-23 23:05:00+00:00,valid,0.5093411903472325,False
2026-01-23 23:06:00+00:00,valid,0.5388538826201492,False
2026-01-23 23:07:00+00:00,valid,0.5748379214181679,False
2026-01-23 23:08:00+00:00,valid,0.5736998165444533,False
2026-01-23 23:09:00+00:00,valid,0.5347599925624172,False
2026-01-23 23:10:00+00:00,valid,0.5265600246247777,False
2026-01-23 23:11:00+00:00,valid,0.9611479534662897,False
2026-01-23 23:12:00+00:00,valid,0.5128332607830095,False
2026-01-23 23:13:00+00:00,valid,0.5230905305179876,False
2026-01-23 23:14:00+00:00,valid,0.5402019164794487,False
2026-01-23 23:15:00+00:00,valid,0.5621884050953364,False
2026-01-23 23:16:00+00:00,valid,0.5784259184999329,False
2026-01-23 23:17:00+00:00,valid,0.5707841673435657,False
2026-01-23 23:18:00+00:00,valid,0.5364550599814515,False
2026-01-23 23:19:00+00:00,valid,0.5421483415754323,False
2026-01-23 23:20:00+00:00,valid,0.5382717923637342,False
2026-01-23 23:21:00+00:00,valid,0.49573221861868816,False
2026-01-23 23:22:00+00:00,valid,0.5265818378721527,False
2026-01-23 23:23:00+00:00,valid,0.4905314006796191,False
2026-01-23 23:24:00+00:00,valid,0.5439481659707331,False
2026-01-23 23:25:00+00:00,valid,0.5444761341426033,False
2026-01-23 23:26:00+00:00,valid,0.5646325291645288,False
2026-01-23 23:27:00+00:00,valid,0.5606204616550525,False
2026-01-23 23:28:00+00:00,valid,1.0065092790841805,False
2026-01-23 23:29:00+00:00,valid,0.6035026603720272,False
2026-01-23 23:30:00+00:00,valid,1.0445513262295794,False
2026-01-23 23:31:00+00:00,valid,0.5899845715733014,False
2026-01-23 23:32:00+00:00,valid,0.5115554333196562,False
2026-01-23 23:33:00+00:00,valid,0.5699284157816263,False
2026-01-23 23:34:00+00:00,valid,0.6072976153142083,False
2026-01-23 23:35:00+00:00,valid,0.571968482534931,False
2026-01-23 23:36:00+00:00,valid,0.5847792787200863,False
2026-01-23 23:37:00+00:00,valid,0.6069887942829019,False
2026-01-23 23:38:00+00:00,valid,0.6817884535181673,False
2026-01-23 23:39:00+00:00,valid,0.7100205431249332,False
2026-01-23 23:40:00+00:00,valid,0.7794377770521312,False
2026-01-23 23:41:00+00:00,valid,0.884837283463811,False
2026-01-23 23:42:00+00:00,valid,1.0155953348928164,False
2026-01-23 23:43:00+00:00,valid,1.0388887860340232,False
2026-01-23 23:44:00+00:00,valid,0.9723992323211907,False
2026-01-23 23:45:00+00:00,valid,0.8656912217334725,False
2026-01-23 23:46:00+00:00,valid,0.7727322078565463,False
2026-01-23 23:47:00+00:00,valid,0.7210752987561199,False
2026-01-23 23:48:00+00:00,valid,0.6933653333541534,False
2026-01-23 23:49:00+00:00,valid,0.7086421553098987,False
2026-01-23 23:50:00+00:00,valid,0.6915867836860996,False
2026-01-23 23:51:00+00:00,valid,0.773682095560679,False
2026-01-23 23:52:00+00:00,valid,1.2329406741391,False
2026-01-23 23:53:00+00:00,valid,0.7945840611555373,False
2026-01-23 23:54:00+00:00,valid,0.8051124066042905,False
2026-01-23 23:55:00+00:00,valid,0.8049843642575377,False
2026-01-23 23:56:00+00:00,valid,0.8377178143354138,False
2026-01-23 23:57:00+00:00,valid,0.8220291147729646,False
2026-01-23 23:58:00+00:00,valid,0.7416629094309548,False
2026-01-23 23:59:00+00:00,valid,0.6977789614123868,False
2026-01-24 00:00:00+00:00,valid,0.7103745553397732,False
2026-01-24 00:01:00+00:00,valid,0.6865266587991222,False
2026-01-24 00:02:00+00:00,valid,0.6480619761868117,False
2026-01-24 00:03:00+00:00,valid,0.671362565106455,False
2026-01-24 00:04:00+00:00,valid,0.6339911991703412,False
2026-01-24 00:05:00+00:00,valid,0.6592334978774992,False
2026-01-24 00:06:00+00:00,valid,0.6919966573447606,False
2026-01-24 00:07:00+00:00,valid,0.708764235159236,False
2026-01-24 00:08:00+00:00,valid,0.6917238889084706,False
2026-01-24 00:09:00+00:00,valid,0.7118666423661467,False
2026-01-24 00:10:00+00:00,valid,0.7187007600039228,False
2026-01-24 00:11:00+00:00,valid,0.6654357211938626,False
2026-01-24 00:12:00+00:00,valid,0.6942510821367975,False
2026-01-24 00:13:00+00:00,valid,0.6244848550740831,False
2026-01-24 00:14:00+00:00,valid,0.6040959968034487,False
2026-01-24 00:15:00+00:00,valid,0.6279937394800896,False
2026-01-24 00:16:00+00:00,valid,0.6190546880619687,False
2026-01-24 00:17:00+00:00,valid,0.6749360467721349,False
2026-01-24 00:18:00+00:00,valid,0.6965725866054565,False
2026-01-24 00:19:00+00:00,valid,1.1043830668416152,False
2026-01-24 00:20:00+00:00,valid,0.6594665458706375,False
2026-01-24 00:21:00+00:00,valid,0.6516351122448282,False
2026-01-24 00:22:00+00:00,valid,0.6356274079020076,False
2026-01-24 00:23:00+00:00,valid,0.6084153887715681,False
2026-01-24 00:24:00+00:00,valid,0.6931606439906133,False
2026-01-24 00:25:00+00:00,valid,0.7071272148205254,False
2026-01-24 00:26:00+00:00,valid,0.6593011963302378,False
2026-01-24 00:27:00+00:00,valid,0.6536735823413129,False
2026-01-24 00:28:00+00:00,valid,0.681738251569234,False
2026-01-24 00:29:00+00:00,valid,0.6343643832051866,False
2026-01-24 00:30:00+00:00,valid,0.5985841899116772,False
2026-01-24 00:31:00+00:00,valid,0.6014144588538174,False
2026-01-24 00:32:00+00:00,valid,0.5539059719487458,False
2026-01-24 00:33:00+00:00,valid,0.597050794758178,False
2026-01-24 00:34:00+00:00,valid,0.5823160676527329,False
2026-01-24 00:35:00+00:00,valid,0.627047867720068,False
2026-01-24 00:36:00+00:00,valid,0.5911215000227537,False
2026-01-24 00:37:00+00:00,valid,0.5846635955740325,False
2026-01-24 00:38:00+00:00,valid,0.6126344504135451,False
2026-01-24 00:39:00+00:00,valid,0.6458061709110139,False
2026-01-24 00:40:00+00:00,valid,0.6499876196630602,False
2026-01-24 00:41:00+00:00,valid,0.6773045625315766,False
2026-01-24 00:42:00+00:00,valid,0.6615162287341392,False
2026-01-24 00:43:00+00:00,valid,0.7416322338001535,False
2026-01-24 00:44:00+00:00,valid,0.7593414226741696,False
2026-01-24 00:45:00+00:00,valid,0.7344857198645889,False
2026-01-24 00:46:00+00:00,valid,0.7116539099232775,False
2026-01-24 00:47:00+00:00,valid,0.6647884670219049,False
2026-01-24 00:48:00+00:00,valid,0.628935017243938,False
2026-01-24 00:49:00+00:00,valid,0.625764706315498,False
2026-01-24 00:50:00+00:00,valid,0.6511759580259673,False
2026-01-24 00:51:00+00:00,valid,0.6585545881548124,False
2026-01-24 00:52:00+00:00,valid,0.6705718496162903,False
2026-01-24 00:53:00+00:00,valid,0.6915908412143074,False
2026-01-24 00:54:00+00:00,valid,0.6589863666778899,False
2026-01-24 00:55:00+00:00,valid,0.6705101021110271,False
2026-01-24 00:56:00+00:00,valid,0.7346481871149354,False
2026-01-24 00:57:00+00:00,valid,0.7391304574766894,False
2026-01-24 00:58:00+00:00,valid,0.7407433342279575,False
2026-01-24 00:59:00+00:00,valid,0.7467546831253253,False
2026-01-24 01:00:00+00:00,valid,0.7946341047309519,False
2026-01-24 01:01:00+00:00,valid,0.7708573624958532,False
2026-01-24 01:02:00+00:00,valid,0.7759556671057893,False
2026-01-24 01:03:00+00:00,valid,0.7883644759256311,False
2026-01-24 01:04:00+00:00,valid,0.7352637914841302,False
2026-01-24 01:05:00+00:00,valid,0.7437783113447695,False
2026-01-24 01:06:00+00:00,valid,0.7315631963035554,False
2026-01-24 01:07:00+00:00,valid,0.69089754019155,False
2026-01-24 01:08:00+00:00,valid,1.0249183628096727,False
2026-01-24 01:09:00+00:00,valid,0.6393205972632808,False
2026-01-24 01:10:00+00:00,valid,0.6867074551301634,False
2026-01-24 01:11:00+00:00,valid,0.6941222614898005,False
2026-01-24 01:12:00+00:00,valid,0.6692322240668785,False
2026-01-24 01:13:00+00:00,valid,0.6708682405054726,False
2026-01-24 01:14:00+00:00,valid,0.6523471393616572,False
2026-01-24 01:15:00+00:00,valid,0.6655037385948326,False
2026-01-24 01:16:00+00:00,valid,0.6587824551147319,False
2026-01-24 01:17:00+00:00,valid,0.6587845489513902,False
2026-01-24 01:18:00+00:00,valid,1.2656752191988156,False
2026-01-24 01:19:00+00:00,valid,0.7077160796145864,False
2026-01-24 01:20:00+00:00,valid,0.6956545429111021,False
2026-01-24 01:21:00+00:00,valid,0.639200358502614,False
2026-01-24 01:22:00+00:00,valid,0.6137091936924043,False
2026-01-24 01:23:00+00:00,valid,1.0012593163585943,False
2026-01-24 01:24:00+00:00,valid,0.6336601479900393,False
2026-01-24 01:25:00+00:00,valid,0.5615175072758033,False
2026-01-24 01:26:00+00:00,valid,0.5989039913683738,False
2026-01-24 01:27:00+00:00,valid,0.5736600095085193,False
2026-01-24 01:28:00+00:00,valid,0.5921601001798575,False
2026-01-24 01:29:00+00:00,valid,0.6736729493836133,False
2026-01-24 01:30:00+00:00,valid,0.7017029796580959,False
2026-01-24 01:31:00+00:00,valid,1.2570982488103455,False
2026-01-24 01:32:00+00:00,valid,0.6457503063939757,False
2026-01-24 01:33:00+00:00,valid,0.6838053516466154,False
2026-01-24 01:34:00+00:00,valid,0.7199151274306171,False
2026-01-24 01:35:00+00:00,valid,0.7596901969498118,False
2026-01-24 01:36:00+00:00,valid,0.7406983840883254,False
2026-01-24 01:37:00+00:00,valid,0.8011425615521774,False
2026-01-24 01:38:00+00:00,valid,1.104359622997565,False
2026-01-24 01:39:00+00:00,valid,1.075074523204246,False
2026-01-24 01:40:00+00:00,valid,0.6812098673189652,False
2026-01-24 01:41:00+00:00,valid,0.6325362275331483,False
2026-01-24 01:42:00+00:00,valid,0.6199743106723831,False
2026-01-24 01:43:00+00:00,valid,0.6109325164964391,False
2026-01-24 01:44:00+00:00,valid,0.6431677523045579,False
2026-01-24 01:45:00+00:00,valid,0.6327775881409763,False
2026-01-24 01:46:00+00:00,valid,0.6441779770163344,False
2026-01-24 01:47:00+00:00,valid,0.6284699866608902,False
2026-01-24 01:48:00+00:00,valid,0.6372396524888835,False
2026-01-24 01:49:00+00:00,valid,0.6784026483233738,False
2026-01-24 01:50:00+00:00,valid,0.6522356477338658,False
2026-01-24 01:51:00+00:00,valid,0.6424004877304882,False
2026-01-24 01:52:00+00:00,valid,1.0065522081046223,False
2026-01-24 01:53:00+00:00,valid,0.9980042005528489,False
2026-01-24 01:54:00+00:00,valid,1.0007202798463661,False
2026-01-24 01:55:00+00:00,valid,0.9894117453865119,False
2026-01-24 01:56:00+00:00,valid,1.0015295713311074,False
2026-01-24 01:57:00+00:00,valid,1.0217144609560034,False
2026-01-24 01:58:00+00:00,valid,1.0667013746850078,False
2026-01-24 01:59:00+00:00,valid,1.445697847885495,False
2026-01-24 02:00:00+00:00,valid,1.109962464863055,False
2026-01-24 02:01:00+00:00,valid,1.0837300691136238,False
2026-01-24 02:02:00+00:00,valid,1.0622907432197057,False
2026-01-24 02:03:00+00:00,valid,0.6848480589761429,False
2026-01-24 02:04:00+00:00,valid,0.6959738255517913,False
2026-01-24 02:05:00+00:00,valid,0.6863082599000035,False
2026-01-24 02:06:00+00:00,valid,0.642358644667037,False
2026-01-24 02:07:00+00:00,valid,0.6390182054483925,False
2026-01-24 02:08:00+00:00,valid,1.0994719819058618,False
2026-01-24 02:09:00+00:00,valid,0.7149297881278469,False
2026-01-24 02:10:00+00:00,valid,0.7584966354732964,False
2026-01-24 02:11:00+00:00,valid,0.7925144769708888,False
2026-01-24 02:12:00+00:00,valid,0.7569778340669259,False
2026-01-24 02:13:00+00:00,valid,0.7061775371046115,False
2026-01-24 02:14:00+00:00,valid,1.185037116463639,False
2026-01-24 02:15:00+00:00,valid,0.7246721725817746,False
2026-01-24 02:16:00+00:00,valid,0.7063803779005979,False
2026-01-24 02:17:00+00:00,valid,0.7339281613176267,False
2026-01-24 02:18:00+00:00,valid,0.6917529020002868,False
2026-01-24 02:19:00+00:00,valid,0.7234516466453341,False
2026-01-24 02:20:00+00:00,valid,0.7584310397716791,False
2026-01-24 02:21:00+00:00,valid,0.7262482141881926,False
2026-01-24 02:22:00+00:00,valid,0.7828694332030041,False
2026-01-24 02:23:00+00:00,valid,0.8121490992693511,False
2026-01-24 02:24:00+00:00,valid,0.8398012358259535,False
2026-01-24 02:25:00+00:00,valid,0.7840609725808654,False
2026-01-24 02:26:00+00:00,valid,0.85966609440296,False
2026-01-24 02:27:00+00:00,valid,0.8714160094881273,False
2026-01-24 02:28:00+00:00,valid,0.8451003779846287,False
2026-01-24 02:29:00+00:00,valid,0.8983235935172266,False
2026-01-24 02:30:00+00:00,valid,0.9160837867908644,False
2026-01-24 02:31:00+00:00,valid,0.8957605448666246,False
2026-01-24 02:32:00+00:00,valid,0.8171758430851095,False
2026-01-24 02:33:00+00:00,valid,0.7799153293884813,False
2026-01-24 02:34:00+00:00,valid,0.7759213626379496,False
2026-01-24 02:35:00+00:00,valid,0.7912833237148075,False
2026-01-24 02:36:00+00:00,valid,0.7508373348451586,False
2026-01-24 02:37:00+00:00,valid,0.798900674126898,False
2026-01-24 02:38:00+00:00,valid,0.8268417257424188,False
2026-01-24 02:39:00+00:00,valid,0.8021304669626687,False
2026-01-24 02:40:00+00:00,valid,0.792574804692436,False
2026-01-24 02:41:00+00:00,valid,0.7591008261443756,False
2026-01-24 02:42:00+00:00,valid,1.1109979771561773,False
2026-01-24 02:43:00+00:00,valid,0.6904659833677177,False
2026-01-24 02:44:00+00:00,valid,1.1735245566265264,False
2026-01-24 02:45:00+00:00,valid,0.7098953042685466,False
2026-01-24 02:46:00+00:00,valid,1.1560834165786331,False
2026-01-24 02:47:00+00:00,valid,0.6474471096623651,False
2026-01-24 02:48:00+00:00,valid,0.6881332497468157,False
2026-01-24 02:49:00+00:00,valid,0.673644824782006,False
2026-01-24 02:50:00+00:00,valid,0.6664899503035326,False
2026-01-24 02:51:00+00:00,valid,0.7112655383299182,False
2026-01-24 02:52:00+00:00,valid,0.6868110440916413,False
2026-01-24 02:53:00+00:00,valid,0.7329360546822328,False
2026-01-24 02:54:00+00:00,valid,0.7325999686084882,False
2026-01-24 02:55:00+00:00,valid,0.7373932250784169,False
2026-01-24 02:56:00+00:00,valid,0.6990933348038573,False
2026-01-24 02:57:00+00:00,valid,0.7387999325059251,False
2026-01-24 02:58:00+00:00,valid,0.7285298371706681,False
2026-01-24 02:59:00+00:00,valid,0.7265271464918376,False
2026-01-24 03:00:00+00:00,valid,0.773502029487519,False
2026-01-24 03:01:00+00:00,valid,0.747241904266214,False
2026-01-24 03:02:00+00:00,valid,0.7078134013344464,False
2026-01-24 03:03:00+00:00,valid,1.1773878631178885,False
2026-01-24 03:04:00+00:00,valid,0.6869224167210876,False
2026-01-24 03:05:00+00:00,valid,0.71679959783203,False
2026-01-24 03:06:00+00:00,valid,0.6987736651184985,False
2026-01-24 03:07:00+00:00,valid,0.7525250079078154,False
2026-01-24 03:08:00+00:00,valid,0.7574641109194893,False
2026-01-24 03:09:00+00:00,valid,0.7531560941494746,False
2026-01-24 03:10:00+00:00,valid,0.7587210298925188,False
2026-01-24 03:11:00+00:00,valid,0.7335017703804328,False
2026-01-24 03:12:00+00:00,valid,0.7034959470633958,False
2026-01-24 03:13:00+00:00,valid,0.728005330465514,False
2026-01-24 03:14:00+00:00,valid,0.7186291312859371,False
2026-01-24 03:15:00+00:00,valid,0.6949371547795958,False
2026-01-24 03:16:00+00:00,valid,0.6407352643354457,False
2026-01-24 03:17:00+00:00,valid,0.6267433634558147,False
2026-01-24 03:18:00+00:00,valid,0.6250289183086365,False
2026-01-24 03:19:00+00:00,valid,0.6673173123963206,False
2026-01-24 03:20:00+00:00,valid,0.6940178418993823,False
2026-01-24 03:21:00+00:00,valid,0.7518939389203025,False
2026-01-24 03:22:00+00:00,valid,0.853546188731945,False
2026-01-24 03:23:00+00:00,valid,0.775137151755087,False
2026-01-24 03:24:00+00:00,valid,0.8346269940805896,False
2026-01-24 03:25:00+00:00,valid,0.831384834618334,False
2026-01-24 03:26:00+00:00,valid,0.775289635420082,False
2026-01-24 03:27:00+00:00,valid,0.7357714228909672,False
2026-01-24 03:28:00+00:00,valid,0.7113227751827502,False
2026-01-24 03:29:00+00:00,valid,0.7068972140690681,False
2026-01-24 03:30:00+00:00,valid,0.6537037741335933,False
2026-01-24 03:31:00+00:00,valid,0.6671619108835902,False
2026-01-24 03:32:00+00:00,valid,0.6605386901044488,False
2026-01-24 03:33:00+00:00,valid,0.7463335967076199,False
2026-01-24 03:34:00+00:00,valid,0.8586099597324907,False
2026-01-24 03:35:00+00:00,valid,0.8338501089768314,False
2026-01-24 03:36:00+00:00,valid,0.791901285246385,False
2026-01-24 03:37:00+00:00,valid,0.7541310521729179,False
2026-01-24 03:38:00+00:00,valid,0.7335310765707259,False
2026-01-24 03:39:00+00:00,valid,0.7732832852083812,False
2026-01-24 03:40:00+00:00,valid,0.7734504924924017,False
2026-01-24 03:41:00+00:00,valid,0.7476598386905361,False
2026-01-24 03:42:00+00:00,valid,0.7622825319505943,False
2026-01-24 03:43:00+00:00,valid,0.8095885597298709,False
2026-01-24 03:44:00+00:00,valid,0.8001822503140114,False
2026-01-24 03:45:00+00:00,valid,0.7333201348846017,False
2026-01-24 03:46:00+00:00,valid,0.7943000680540698,False
2026-01-24 03:47:00+00:00,valid,0.8094856390158542,False
2026-01-24 03:48:00+00:00,valid,0.8075765179233935,False
2026-01-24 03:49:00+00:00,valid,0.770133317277252,False
2026-01-24 03:50:00+00:00,valid,0.7032143797349176,False
2026-01-24 03:51:00+00:00,valid,0.7611821230965327,False
2026-01-24 03:52:00+00:00,valid,0.7575861519337753,False
2026-01-24 03:53:00+00:00,valid,0.7013679023798856,False
2026-01-24 03:54:00+00:00,valid,0.6644461261026577,False
2026-01-24 03:55:00+00:00,valid,0.6737675619809647,False
2026-01-24 03:56:00+00:00,valid,0.6652853654032272,False
2026-01-24 03:57:00+00:00,valid,1.0444902086166894,False
2026-01-24 03:58:00+00:00,valid,0.6712518665203763,False
2026-01-24 03:59:00+00:00,valid,0.6697948117879267,False
2026-01-24 04:00:00+00:00,valid,0.738228270797972,False
2026-01-24 04:01:00+00:00,valid,0.7185434143419475,False
2026-01-24 04:02:00+00:00,valid,0.7354155605930234,False
2026-01-24 04:03:00+00:00,valid,0.7313773801141814,False
2026-01-24 04:04:00+00:00,valid,0.6598191835308413,False
2026-01-24 04:05:00+00:00,valid,0.7035368625942573,False
2026-01-24 04:06:00+00:00,valid,0.7059373196619235,False
2026-01-24 04:07:00+00:00,valid,0.7382030005655973,False
2026-01-24 04:08:00+00:00,valid,0.7849168620743936,False
2026-01-24 04:09:00+00:00,valid,0.8617467328337131,False
2026-01-24 04:10:00+00:00,valid,0.8892076085103159,False
2026-01-24 04:11:00+00:00,valid,0.870962645076904,False
2026-01-24 04:12:00+00:00,valid,0.7856375156226071,False
2026-01-24 04:13:00+00:00,valid,0.7956769726131229,False
2026-01-24 04:14:00+00:00,valid,0.7733628611491389,False
2026-01-24 04:15:00+00:00,valid,0.7902473648321959,False
2026-01-24 04:16:00+00:00,valid,0.7690873939685314,False
2026-01-24 04:17:00+00:00,valid,0.8724524308907468,False
2026-01-24 04:18:00+00:00,valid,0.8583059845038385,False
2026-01-24 04:19:00+00:00,valid,0.848558303394857,False
2026-01-24 04:20:00+00:00,valid,0.7392104164632237,False
2026-01-24 04:21:00+00:00,valid,0.7801029044821368,False
2026-01-24 04:22:00+00:00,valid,0.7705514106576146,False
2026-01-24 04:23:00+00:00,valid,0.7377407924628921,False
2026-01-24 04:24:00+00:00,valid,0.684674768420018,False
2026-01-24 04:25:00+00:00,valid,1.1906784719679255,False
2026-01-24 04:26:00+00:00,valid,0.6571473916600018,False
2026-01-24 04:27:00+00:00,valid,0.7212381692219114,False
2026-01-24 04:28:00+00:00,valid,0.7191538964770375,False
2026-01-24 04:29:00+00:00,valid,0.757651073123023,False
2026-01-24 04:30:00+00:00,valid,0.7354733571861332,False
2026-01-24 04:31:00+00:00,valid,0.7315427519825684,False
2026-01-24 04:32:00+00:00,valid,0.6737286778730969,False
2026-01-24 04:33:00+00:00,valid,0.7037360907375992,False
2026-01-24 04:34:00+00:00,valid,0.6920119054518935,False
2026-01-24 04:35:00+00:00,valid,0.6779363916060637,False
2026-01-24 04:36:00+00:00,valid,0.7090756040218308,False
2026-01-24 04:37:00+00:00,valid,0.7292973898114979,False
2026-01-24 04:38:00+00:00,valid,0.690481869453986,False
2026-01-24 04:39:00+00:00,valid,0.6255438253131108,False
2026-01-24 04:40:00+00:00,valid,0.596969179445289,False
2026-01-24 04:41:00+00:00,valid,0.5387021819294465,False
2026-01-24 04:42:00+00:00,valid,0.5347511491156433,False
2026-01-24 04:43:00+00:00,valid,0.5528262581845689,False
2026-01-24 04:44:00+00:00,valid,0.5559133281319946,False
2026-01-24 04:45:00+00:00,valid,0.5862116579548945,False
2026-01-24 04:46:00+00:00,valid,0.5841617062810925,False
2026-01-24 04:47:00+00:00,valid,0.6078714150132082,False
2026-01-24 04:48:00+00:00,valid,0.6358655723799338,False
2026-01-24 04:49:00+00:00,valid,0.6334627758217266,False
2026-01-24 04:50:00+00:00,valid,0.6261657712059399,False
2026-01-24 04:51:00+00:00,valid,0.6891489011371323,False
2026-01-24 04:52:00+00:00,valid,0.6571594666087223,False
2026-01-24 04:53:00+00:00,valid,0.6707381781943954,False
2026-01-24 04:54:00+00:00,valid,0.6383207294261436,False
2026-01-24 04:55:00+00:00,valid,0.6717112774680069,False
2026-01-24 04:56:00+00:00,valid,0.6632937108903506,False
2026-01-24 04:57:00+00:00,valid,0.6634447407055825,False
2026-01-24 04:58:00+00:00,valid,0.7400403410437613,False
2026-01-24 04:59:00+00:00,valid,0.7318095397615777,False
2026-01-24 05:00:00+00:00,valid,0.7429222931947448,False
2026-01-24 05:01:00+00:00,valid,0.6868734835724846,False
2026-01-24 05:02:00+00:00,valid,0.6786681345016532,False
2026-01-24 05:03:00+00:00,valid,0.6858938633165443,False
2026-01-24 05:04:00+00:00,valid,0.6609074542192105,False
2026-01-24 05:05:00+00:00,valid,0.6919042642349471,False
2026-01-24 05:06:00+00:00,valid,0.6736526264066164,False
2026-01-24 05:07:00+00:00,valid,0.6980302594083654,False
2026-01-24 05:08:00+00:00,valid,0.6905353479572348,False
2026-01-24 05:09:00+00:00,valid,0.694256916704694,False
2026-01-24 05:10:00+00:00,valid,0.6817918970868351,False
2026-01-24 05:11:00+00:00,valid,1.2182097105301564,False
2026-01-24 05:12:00+00:00,valid,0.6397923271139682,False
2026-01-24 05:13:00+00:00,valid,0.6561617586896574,False
2026-01-24 05:14:00+00:00,valid,0.7092977878131086,False
2026-01-24 05:15:00+00:00,valid,0.749816825192257,False
2026-01-24 05:16:00+00:00,valid,0.6955785788756588,False
2026-01-24 05:17:00+00:00,valid,0.6989946467817216,False
2026-01-24 05:18:00+00:00,valid,0.6547768362862035,False
2026-01-24 05:19:00+00:00,valid,0.6782964491033711,False
2026-01-24 05:20:00+00:00,valid,0.701126013167809,False
2026-01-24 05:21:00+00:00,valid,0.7565402775412191,False
2026-01-24 05:22:00+00:00,valid,0.7929754067830643,False
2026-01-24 05:23:00+00:00,valid,0.8378108979648569,False
2026-01-24 05:24:00+00:00,valid,0.9194524886270804,False
2026-01-24 05:25:00+00:00,valid,0.8916945921956159,False
2026-01-24 05:26:00+00:00,valid,0.8406987293282386,False
2026-01-24 05:27:00+00:00,valid,0.7929309354463022,False
2026-01-24 05:28:00+00:00,valid,0.7842710905627899,False
2026-01-24 05:29:00+00:00,valid,0.8015080726676329,False
2026-01-24 05:30:00+00:00,valid,0.7822666450670515,False
2026-01-24 05:31:00+00:00,valid,0.8382293767084066,False
2026-01-24 05:32:00+00:00,valid,0.8704408090446724,False
2026-01-24 05:33:00+00:00,valid,0.9249189817735874,False
2026-01-24 05:34:00+00:00,valid,0.8419120349319068,False
2026-01-24 05:35:00+00:00,valid,0.8365188687458424,False
2026-01-24 05:36:00+00:00,valid,1.0682289099418207,False
2026-01-24 05:37:00+00:00,valid,0.7785476516230823,False
2026-01-24 05:38:00+00:00,valid,0.8243216897245317,False
2026-01-24 05:39:00+00:00,valid,0.8418166424812358,False
2026-01-24 05:40:00+00:00,valid,0.8795879989220801,False
2026-01-24 05:41:00+00:00,valid,0.843910068665616,False
2026-01-24 05:42:00+00:00,valid,0.8281086643594178,False
2026-01-24 05:43:00+00:00,valid,0.7827619933519416,False
2026-01-24 05:44:00+00:00,valid,0.7896546857763774,False
2026-01-24 05:45:00+00:00,valid,0.7584790017714073,False
2026-01-24 05:46:00+00:00,valid,1.161028574152627,False
2026-01-24 05:47:00+00:00,valid,0.7687686317307988,False
2026-01-24 05:48:00+00:00,valid,0.7472483825567829,False
2026-01-24 05:49:00+00:00,valid,0.6778852540248361,False
2026-01-24 05:50:00+00:00,valid,0.660141007346222,False
2026-01-24 05:51:00+00:00,valid,0.5995579401059448,False
2026-01-24 05:52:00+00:00,valid,0.603723234779082,False
2026-01-24 05:53:00+00:00,valid,0.6355235164819801,False
2026-01-24 05:54:00+00:00,valid,0.669433507560077,False
2026-01-24 05:55:00+00:00,valid,0.660396078842556,False
2026-01-24 05:56:00+00:00,valid,0.7129698782061573,False
2026-01-24 05:57:00+00:00,valid,0.6758680688467245,False
2026-01-24 05:58:00+00:00,valid,0.6562078218716856,False
2026-01-24 05:59:00+00:00,valid,0.6665384330722041,False
2026-01-24 06:00:00+00:00,valid,0.6834412346967293,False
2026-01-24 06:01:00+00:00,valid,0.6465782369471214,False
2026-01-24 06:02:00+00:00,valid,0.6341969741599371,False
2026-01-24 06:03:00+00:00,valid,0.6688095375018208,False
2026-01-24 06:04:00+00:00,valid,0.6392006747027925,False
2026-01-24 06:05:00+00:00,valid,0.6136550470014124,False
2026-01-24 06:06:00+00:00,valid,0.626705230850949,False
2026-01-24 06:07:00+00:00,valid,0.6748204686236291,False
2026-01-24 06:08:00+00:00,valid,0.6950538790417857,False
2026-01-24 06:09:00+00:00,valid,1.0957428871033397,False
2026-01-24 06:10:00+00:00,valid,0.7004341441512512,False
2026-01-24 06:11:00+00:00,valid,0.7453106865833474,False
2026-01-24 06:12:00+00:00,valid,0.7415145704951958,False
2026-01-24 06:13:00+00:00,valid,0.7644665583425237,False
2026-01-24 06:14:00+00:00,valid,0.7085235248286994,False
2026-01-24 06:15:00+00:00,valid,0.706524768777517,False
2026-01-24 06:16:00+00:00,valid,0.6863298537865495,False
2026-01-24 06:17:00+00:00,valid,0.6525022258963252,False
2026-01-24 06:18:00+00:00,valid,0.6397863019667662,False
2026-01-24 06:19:00+00:00,valid,0.7218303391521919,False
2026-01-24 06:20:00+00:00,valid,1.095625437328428,False
2026-01-24 06:21:00+00:00,valid,0.7179837590143321,False
2026-01-24 06:22:00+00:00,valid,0.7261941791587094,False
2026-01-24 06:23:00+00:00,valid,0.6964221736360067,False
2026-01-24 06:24:00+00:00,valid,0.6754344203358369,False
2026-01-24 06:25:00+00:00,valid,0.5982157007224241,False
2026-01-24 06:26:00+00:00,valid,0.565329520482818,False
2026-01-24 06:27:00+00:00,valid,1.0175491569051567,False
2026-01-24 06:28:00+00:00,valid,0.5495334289154884,False
2026-01-24 06:29:00+00:00,valid,0.5909726809181731,False
2026-01-24 06:30:00+00:00,valid,0.5955967757873811,False
2026-01-24 06:31:00+00:00,valid,0.6304406479176449,False
2026-01-24 06:32:00+00:00,valid,0.6864338536083672,False
2026-01-24 06:33:00+00:00,valid,0.6324118976976225,False
2026-01-24 06:34:00+00:00,valid,0.6336546756452774,False
2026-01-24 06:35:00+00:00,valid,0.6672873348622975,False
2026-01-24 06:36:00+00:00,valid,0.6614413048294026,False
2026-01-24 06:39:00+00:00,valid,0.5618845456271379,False
2026-01-24 06:40:00+00:00,valid,0.5850625755312728,False
2026-01-24 06:41:00+00:00,valid,0.581933863431135,False
2026-01-24 06:42:00+00:00,valid,0.5807056406489661,False
2026-01-24 06:43:00+00:00,valid,0.5679966638347956,False
2026-01-24 06:44:00+00:00,valid,0.547040686508372,False
2026-01-24 06:45:00+00:00,valid,0.5463815507030064,False
2026-01-24 06:46:00+00:00,valid,0.5754720422347277,False
2026-01-24 06:47:00+00:00,valid,0.5776007592179945,False
2026-01-24 06:48:00+00:00,valid,0.5804474526487592,False
2026-01-24 06:49:00+00:00,valid,0.5651789002409243,False
2026-01-24 06:50:00+00:00,valid,0.5972814536502057,False
2026-01-24 06:51:00+00:00,valid,0.604188008919503,False
2026-01-24 06:52:00+00:00,valid,0.5995057378116633,False
2026-01-24 06:53:00+00:00,valid,0.6069727854956064,False
2026-01-24 06:54:00+00:00,valid,0.5630279670110643,False
2026-01-24 06:55:00+00:00,valid,0.5765969944940849,False
2026-01-24 06:56:00+00:00,valid,0.5618335394821518,False
2026-01-24 06:57:00+00:00,valid,0.5726714950012146,False
2026-01-24 06:58:00+00:00,valid,0.6599666650761842,False
2026-01-24 06:59:00+00:00,valid,0.7047774313269505,False
2026-01-24 07:00:00+00:00,valid,0.7780351001170354,False
2026-01-24 07:01:00+00:00,valid,0.763206317118435,False
2026-01-24 07:02:00+00:00,valid,0.7486898995181426,False
2026-01-24 07:03:00+00:00,valid,0.7335871202695547,False
2026-01-24 07:04:00+00:00,valid,0.7387942663597311,False
2026-01-24 07:05:00+00:00,valid,0.6849591062963325,False
2026-01-24 07:06:00+00:00,valid,1.1311389679349206,False
2026-01-24 07:07:00+00:00,valid,0.7765367685681607,False
2026-01-24 07:08:00+00:00,valid,0.8457140197426989,False
2026-01-24 07:09:00+00:00,valid,0.8249049191623615,False
2026-01-24 07:10:00+00:00,valid,0.8353151339662195,False
2026-01-24 07:11:00+00:00,valid,0.7909282651385465,False
2026-01-24 07:12:00+00:00,valid,0.8025604158616432,False
2026-01-24 07:13:00+00:00,valid,0.8128470530173045,False
2026-01-24 07:14:00+00:00,valid,0.7529039155585501,False
2026-01-24 07:15:00+00:00,valid,0.7217431293362666,False
2026-01-24 07:16:00+00:00,valid,1.3217402571347525,False
2026-01-24 07:17:00+00:00,valid,0.6918515064627042,False
2026-01-24 07:18:00+00:00,valid,0.683793913722041,False
2026-01-24 07:19:00+00:00,valid,1.2244455055054297,False
2026-01-24 07:20:00+00:00,valid,0.6876121984424237,False
2026-01-24 07:21:00+00:00,valid,0.6912597914025783,False
2026-01-24 07:22:00+00:00,valid,0.8202309683650296,False
2026-01-24 07:23:00+00:00,valid,1.807693226214867,False
2026-01-24 07:24:00+00:00,valid,0.6789238461520964,False
2026-01-24 07:25:00+00:00,valid,0.7022949973278754,False
2026-01-24 07:26:00+00:00,valid,0.7152891402109843,False
2026-01-24 07:27:00+00:00,valid,0.7987641428338643,False
2026-01-24 07:28:00+00:00,valid,0.7799829029531253,False
2026-01-24 07:29:00+00:00,valid,0.7601745636317407,False
2026-01-24 07:30:00+00:00,valid,0.7681279101494418,False
2026-01-24 07:31:00+00:00,valid,0.8098754666133038,False
2026-01-24 07:32:00+00:00,valid,0.8123323771358234,False
2026-01-24 07:33:00+00:00,valid,0.7832132484217866,False
2026-01-24 07:34:00+00:00,valid,0.757190829384856,False
2026-01-24 07:35:00+00:00,valid,0.7883276600140486,False
2026-01-24 07:36:00+00:00,valid,0.7987533134563307,False
2026-01-24 07:37:00+00:00,valid,0.754932240235205,False
2026-01-24 07:38:00+00:00,valid,0.7130034022930659,False
2026-01-24 07:39:00+00:00,valid,0.6800573575857273,False
2026-01-24 07:40:00+00:00,valid,0.7090576526495936,False
2026-01-24 07:41:00+00:00,valid,0.7150468465268209,False
2026-01-24 07:42:00+00:00,valid,0.717279922502748,False
2026-01-24 07:43:00+00:00,valid,0.7394704613964438,False
2026-01-24 07:44:00+00:00,valid,0.703915025413244,False
2026-01-24 07:45:00+00:00,valid,0.7186600544932683,False
2026-01-24 07:46:00+00:00,valid,0.7512321578503596,False
2026-01-24 07:47:00+00:00,valid,0.7444657536876804,False
2026-01-24 07:48:00+00:00,valid,0.7234344402812392,False
2026-01-24 07:49:00+00:00,valid,0.7259530005137642,False
2026-01-24 07:50:00+00:00,valid,1.1057003589906658,False
2026-01-24 07:51:00+00:00,valid,0.7615744241494086,False
2026-01-24 07:52:00+00:00,valid,0.7696782666977676,False
2026-01-24 07:53:00+00:00,valid,0.7510896175940331,False
2026-01-24 07:54:00+00:00,valid,0.774483452485142,False
2026-01-24 07:55:00+00:00,valid,0.7953242565107157,False
2026-01-24 07:56:00+00:00,valid,0.838774709999748,False
2026-01-24 07:57:00+00:00,valid,0.8618314279005317,False
2026-01-24 07:58:00+00:00,valid,0.8811625579781538,False
2026-01-24 07:59:00+00:00,valid,1.3137358497555967,False
2026-01-24 08:00:00+00:00,valid,1.5368158396927971,False
2026-01-24 08:01:00+00:00,valid,0.8062071895580117,False
2026-01-24 08:02:00+00:00,valid,0.8272817214054138,False
2026-01-24 08:03:00+00:00,valid,1.222137391984734,False
2026-01-24 08:04:00+00:00,valid,1.1113858343220742,False
2026-01-24 08:05:00+00:00,valid,0.7872621524702832,False
2026-01-24 08:06:00+00:00,valid,0.7562088970929115,False
2026-01-24 08:07:00+00:00,valid,0.7500008080176325,False
2026-01-24 08:08:00+00:00,valid,0.7309237459011076,False
2026-01-24 08:09:00+00:00,valid,0.7096766745127261,False
2026-01-24 08:10:00+00:00,valid,0.7232526062960014,False
2026-01-24 08:11:00+00:00,valid,0.69481116990158,False
2026-01-24 08:12:00+00:00,valid,0.7333766425084984,False
2026-01-24 08:13:00+00:00,valid,0.7523108082205381,False
2026-01-24 08:14:00+00:00,valid,0.7542989018384142,False
2026-01-24 08:15:00+00:00,valid,0.7079326703319069,False
2026-01-24 08:16:00+00:00,valid,0.7080335843613145,False
2026-01-24 08:17:00+00:00,valid,0.7008545337955449,False
2026-01-24 08:18:00+00:00,valid,0.7228769736124561,False
2026-01-24 08:19:00+00:00,valid,0.7078820942744362,False
2026-01-24 08:20:00+00:00,valid,0.7156439022906403,False
2026-01-24 08:21:00+00:00,valid,0.7337683825281582,False
2026-01-24 08:22:00+00:00,valid,0.7565833059802943,False
2026-01-24 08:23:00+00:00,valid,0.7580164572690198,False
2026-01-24 08:24:00+00:00,valid,1.2330606447495505,False
2026-01-24 08:25:00+00:00,valid,0.7557617511905841,False
2026-01-24 08:26:00+00:00,valid,0.7997007210204842,False
2026-01-24 08:27:00+00:00,valid,0.7482296273320114,False
2026-01-24 08:28:00+00:00,valid,0.7093569246262297,False
2026-01-24 08:29:00+00:00,valid,0.7765354046251759,False
2026-01-24 08:30:00+00:00,valid,0.741154450344252,False
2026-01-24 08:31:00+00:00,valid,0.7406269531921484,False
2026-01-24 08:32:00+00:00,valid,0.7101566707940071,False
2026-01-24 08:33:00+00:00,valid,0.6783766156417925,False
2026-01-24 08:34:00+00:00,valid,0.6683576921428058,False
2026-01-24 08:35:00+00:00,valid,0.6691861030567449,False
2026-01-24 08:36:00+00:00,valid,0.6561938795819734,False
2026-01-24 08:37:00+00:00,valid,0.6519729967164015,False
2026-01-24 08:38:00+00:00,valid,0.6338862133772598,False
2026-01-24 08:39:00+00:00,valid,0.6236519340481969,False
2026-01-24 08:40:00+00:00,valid,0.6755391461562843,False
2026-01-24 08:41:00+00:00,valid,0.689113998737463,False
2026-01-24 08:42:00+00:00,valid,0.7008035593630013,False
2026-01-24 08:43:00+00:00,valid,1.0923392851729006,False
2026-01-24 08:44:00+00:00,valid,0.667764943769173,False
2026-01-24 08:45:00+00:00,valid,0.6461358151193425,False
2026-01-24 08:46:00+00:00,valid,0.6101077030919304,False
2026-01-24 08:47:00+00:00,valid,0.596507653041352,False
2026-01-24 08:48:00+00:00,valid,0.5658356707989466,False
2026-01-24 08:49:00+00:00,valid,0.5667031930649703,False
2026-01-24 08:50:00+00:00,valid,0.6126803217673801,False
2026-01-24 08:51:00+00:00,valid,0.6261593631492441,False
2026-01-24 08:52:00+00:00,valid,0.6401400967233679,False
2026-01-24 08:53:00+00:00,valid,0.6232568360233657,False
2026-01-24 08:54:00+00:00,valid,0.663688431365668,False
2026-01-24 08:55:00+00:00,valid,0.6871853128956114,False
2026-01-24 08:56:00+00:00,valid,0.7295927660669792,False
2026-01-24 08:57:00+00:00,valid,0.8040772734421453,False
2026-01-24 08:58:00+00:00,valid,0.9154016227427436,False
2026-01-24 08:59:00+00:00,valid,0.9646978691562046,False
2026-01-24 09:00:00+00:00,valid,0.9575006940065346,False
2026-01-24 09:01:00+00:00,valid,0.941073032208349,False
2026-01-24 09:02:00+00:00,valid,0.9502957984705276,False
2026-01-24 09:03:00+00:00,valid,0.9662223956330287,False
2026-01-24 09:04:00+00:00,valid,0.8540394686739627,False
2026-01-24 09:05:00+00:00,valid,0.8344514809414362,False
2026-01-24 09:06:00+00:00,valid,0.8469237120054406,False
2026-01-24 09:07:00+00:00,valid,1.1520600318520917,False
2026-01-24 09:08:00+00:00,valid,0.8276707078095761,False
2026-01-24 09:09:00+00:00,valid,0.7760105044616622,False
2026-01-24 09:10:00+00:00,valid,0.7553367315634567,False
2026-01-24 09:11:00+00:00,valid,0.7050716912711935,False
2026-01-24 09:12:00+00:00,valid,0.7027853195572782,False
2026-01-24 09:13:00+00:00,valid,0.7120608482628293,False
2026-01-24 09:14:00+00:00,valid,0.7021346728016874,False
2026-01-24 09:15:00+00:00,valid,0.7315693562491865,False
2026-01-24 09:16:00+00:00,valid,0.7023825560635442,False
2026-01-24 09:17:00+00:00,valid,0.7115181271891752,False
2026-01-24 09:18:00+00:00,valid,0.6832874637618004,False
2026-01-24 09:19:00+00:00,valid,1.1744800498890953,False
2026-01-24 09:20:00+00:00,valid,0.7215116874963773,False
2026-01-24 09:21:00+00:00,valid,0.9604855991783273,False
2026-01-24 09:22:00+00:00,valid,0.7868398983269153,False
2026-01-24 09:23:00+00:00,valid,0.7548113853258881,False
2026-01-24 09:24:00+00:00,valid,0.7566092242850969,False
2026-01-24 09:25:00+00:00,valid,0.7564705170231483,False
2026-01-24 09:26:00+00:00,valid,0.787063710643708,False
2026-01-24 09:27:00+00:00,valid,0.7744922661414948,False
2026-01-24 09:28:00+00:00,valid,0.9194657091744013,False
2026-01-24 09:29:00+00:00,valid,0.7942981557346404,False
2026-01-24 09:30:00+00:00,valid,0.9101742615475087,False
2026-01-24 09:31:00+00:00,valid,0.8063651216716685,False
2026-01-24 09:32:00+00:00,valid,0.8302514940263604,False
2026-01-24 09:33:00+00:00,valid,0.8441879914530238,False
2026-01-24 09:34:00+00:00,valid,0.8723068222735236,False
2026-01-24 09:35:00+00:00,valid,0.8510132912115559,False
2026-01-24 09:36:00+00:00,valid,0.8168303970602178,False
2026-01-24 09:37:00+00:00,valid,0.764630171033875,False
2026-01-24 09:38:00+00:00,valid,0.7895570405213529,False
2026-01-24 09:39:00+00:00,valid,0.8386166464696958,False
2026-01-24 09:40:00+00:00,valid,0.8442363194391689,False
2026-01-24 09:41:00+00:00,valid,0.8729952059266638,False
2026-01-24 09:42:00+00:00,valid,1.3061081300225095,False
2026-01-24 09:43:00+00:00,valid,0.8651299237442301,False
2026-01-24 09:44:00+00:00,valid,0.8422652641845307,False
2026-01-24 09:45:00+00:00,valid,0.8131844067702179,False
2026-01-24 09:46:00+00:00,valid,0.8066081117048949,False
2026-01-24 09:47:00+00:00,valid,0.7354977871498957,False
2026-01-24 09:48:00+00:00,valid,1.073466685270398,False
2026-01-24 09:49:00+00:00,valid,0.6412144402993915,False
2026-01-24 09:50:00+00:00,valid,0.6614888199324068,False
2026-01-24 09:51:00+00:00,valid,0.6563902551075241,False
2026-01-24 09:52:00+00:00,valid,0.6538373451898295,False
2026-01-24 09:53:00+00:00,valid,0.6920720833408363,False
2026-01-24 09:54:00+00:00,valid,0.6824975952712432,False
2026-01-24 09:55:00+00:00,valid,0.6974529499865971,False
2026-01-24 09:56:00+00:00,valid,0.7339713373260641,False
2026-01-24 09:57:00+00:00,valid,0.7359250270363081,False
2026-01-24 09:58:00+00:00,valid,0.7150451400946003,False
2026-01-24 09:59:00+00:00,valid,0.6690555566729535,False
2026-01-24 10:00:00+00:00,valid,0.7041721516481946,False
2026-01-24 10:01:00+00:00,valid,0.7059330855448219,False
2026-01-24 10:02:00+00:00,valid,0.6886337324780909,False
2026-01-24 10:03:00+00:00,valid,0.685037061195518,False
2026-01-24 10:04:00+00:00,valid,0.7116050341605854,False
2026-01-24 10:05:00+00:00,valid,0.7172368585996677,False
2026-01-24 10:06:00+00:00,valid,0.7392620372276594,False
2026-01-24 10:07:00+00:00,valid,0.7755977184168104,False
2026-01-24 10:08:00+00:00,valid,0.7972394638336072,False
2026-01-24 10:09:00+00:00,valid,0.7697674007706813,False
2026-01-24 10:10:00+00:00,valid,0.7917699016537816,False
2026-01-24 10:11:00+00:00,valid,0.762769178886459,False
2026-01-24 10:12:00+00:00,valid,0.7675604627518113,False
2026-01-24 10:13:00+00:00,valid,0.7941588547670478,False
2026-01-24 10:14:00+00:00,valid,0.7609490480632919,False
2026-01-24 10:15:00+00:00,valid,1.112382172131029,False
2026-01-24 10:16:00+00:00,valid,0.810223961882681,False
2026-01-24 10:17:00+00:00,valid,0.8180725626478966,False
2026-01-24 10:18:00+00:00,valid,0.8572647311411487,False
2026-01-24 10:19:00+00:00,valid,1.176599010348435,False
2026-01-24 10:20:00+00:00,valid,0.848555604387611,False
2026-01-24 10:21:00+00:00,valid,0.8469725375311589,False
2026-01-24 10:22:00+00:00,valid,0.8438009518105614,False
2026-01-24 10:23:00+00:00,valid,0.8586767104114547,False
2026-01-24 10:24:00+00:00,valid,0.8497475586414226,False
2026-01-24 10:25:00+00:00,valid,0.8792650229288136,False
2026-01-24 10:26:00+00:00,valid,0.9128180313816375,False
2026-01-24 10:27:00+00:00,valid,0.9446138407560372,False
2026-01-24 10:28:00+00:00,valid,0.9439943140348812,False
2026-01-24 10:29:00+00:00,valid,0.933491367422564,False
2026-01-24 10:30:00+00:00,valid,0.9115664916862134,False
2026-01-24 10:31:00+00:00,valid,0.8745581608615989,False
2026-01-24 10:32:00+00:00,valid,0.8666511379952946,False
2026-01-24 10:33:00+00:00,valid,0.8812247863516541,False
2026-01-24 10:34:00+00:00,valid,0.8525508298847906,False
2026-01-24 10:35:00+00:00,valid,0.8388398851099853,False
2026-01-24 10:36:00+00:00,valid,0.8122327294739603,False
2026-01-24 10:37:00+00:00,valid,0.8275748710462962,False
2026-01-24 10:38:00+00:00,valid,0.8352647689912697,False
2026-01-24 10:39:00+00:00,valid,0.7829498606348646,False
2026-01-24 10:40:00+00:00,valid,0.7548345823109489,False
2026-01-24 10:41:00+00:00,valid,0.7655708721333819,False
2026-01-24 10:42:00+00:00,valid,0.8087897736396026,False
2026-01-24 10:43:00+00:00,valid,0.8455251809483985,False
2026-01-24 10:44:00+00:00,valid,0.8876573737868134,False
2026-01-24 10:45:00+00:00,valid,0.9052207940076745,False
2026-01-24 10:46:00+00:00,valid,0.8609593193686487,False
2026-01-24 10:47:00+00:00,valid,0.7935772546490713,False
2026-01-24 10:48:00+00:00,valid,0.789745519106403,False
2026-01-24 10:49:00+00:00,valid,0.8202471763836592,False
2026-01-24 10:50:00+00:00,valid,0.9079542493386656,False
2026-01-24 10:51:00+00:00,valid,0.9862590688732982,False
2026-01-24 10:52:00+00:00,valid,0.9717340740808098,False
2026-01-24 10:53:00+00:00,valid,0.9886636273655292,False
2026-01-24 10:54:00+00:00,valid,0.9076248060095902,False
2026-01-24 10:55:00+00:00,valid,0.8640485776574194,False
2026-01-24 10:56:00+00:00,valid,0.8860819561515155,False
2026-01-24 10:57:00+00:00,valid,0.8888437807296745,False
2026-01-24 10:58:00+00:00,valid,0.8758883852035187,False
2026-01-24 10:59:00+00:00,valid,1.2837648579413752,False
2026-01-24 11:00:00+00:00,valid,0.8389810852666914,False
2026-01-24 11:01:00+00:00,valid,0.8027163021917103,False
2026-01-24 11:02:00+00:00,valid,0.7634281433544642,False
2026-01-24 11:03:00+00:00,valid,0.7340093554222042,False
2026-01-24 11:04:00+00:00,valid,0.7486223915193863,False
2026-01-24 11:05:00+00:00,valid,0.7768802208814696,False
2026-01-24 11:06:00+00:00,valid,0.7743652764382403,False
2026-01-24 11:07:00+00:00,valid,0.7539162979993469,False
2026-01-24 11:08:00+00:00,valid,0.7613064867750442,False
2026-01-24 11:09:00+00:00,valid,0.7451562241345224,False
2026-01-24 11:10:00+00:00,valid,0.7601660513085412,False
2026-01-24 11:11:00+00:00,valid,0.7854128982016206,False
2026-01-24 11:12:00+00:00,valid,0.768789116747705,False
2026-01-24 11:13:00+00:00,valid,0.7759187666353822,False
2026-01-24 11:14:00+00:00,valid,0.8076690551091827,False
2026-01-24 11:15:00+00:00,valid,0.7792477070672873,False
2026-01-24 11:16:00+00:00,valid,0.8016999117404346,False
2026-01-24 11:17:00+00:00,valid,0.7810108039710666,False
2026-01-24 11:18:00+00:00,valid,0.7772458465505869,False
2026-01-24 11:19:00+00:00,valid,0.808970766168326,False
2026-01-24 11:20:00+00:00,valid,0.8372937508550286,False
2026-01-24 11:21:00+00:00,valid,1.3921955447025016,False
2026-01-24 11:22:00+00:00,valid,0.8701970438688839,False
2026-01-24 11:23:00+00:00,valid,0.9078331143321973,False
2026-01-24 11:24:00+00:00,valid,1.2004819353817087,False
2026-01-24 11:25:00+00:00,valid,0.9168200512377627,False
2026-01-24 11:26:00+00:00,valid,0.8713600789461574,False
2026-01-24 11:27:00+00:00,valid,0.8818718593452995,False
2026-01-24 11:28:00+00:00,valid,0.8547577526683005,False
2026-01-24 11:29:00+00:00,valid,0.8234427556591427,False
2026-01-24 11:30:00+00:00,valid,0.8444805171856291,False
2026-01-24 11:31:00+00:00,valid,0.842267359501852,False
2026-01-24 11:32:00+00:00,valid,0.8625189594972301,False
2026-01-24 11:33:00+00:00,valid,0.8728709162795412,False
2026-01-24 11:34:00+00:00,valid,0.854272794509212,False
2026-01-24 11:35:00+00:00,valid,0.8528007546379215,False
2026-01-24 11:36:00+00:00,valid,0.825731264754584,False
2026-01-24 11:37:00+00:00,valid,1.1499438143058294,False
2026-01-24 11:38:00+00:00,valid,0.8372573071769434,False
2026-01-24 11:39:00+00:00,valid,0.7922913606088885,False
2026-01-24 11:40:00+00:00,valid,0.7957910456739143,False
2026-01-24 11:41:00+00:00,valid,0.8022132034854851,False
2026-01-24 11:42:00+00:00,valid,0.7613437117545655,False
2026-01-24 11:43:00+00:00,valid,0.7493709845502939,False
2026-01-24 11:44:00+00:00,valid,0.7395132589496889,False
2026-01-24 11:45:00+00:00,valid,0.7820674814761788,False
2026-01-24 11:46:00+00:00,valid,0.7906082521479705,False
2026-01-24 11:47:00+00:00,valid,0.7576592329723807,False
2026-01-24 11:48:00+00:00,valid,0.7977581575656074,False
2026-01-24 11:49:00+00:00,valid,0.760539044794905,False
2026-01-24 11:50:00+00:00,valid,0.7729773332741676,False
2026-01-24 11:51:00+00:00,valid,0.7874395265583277,False
2026-01-24 11:52:00+00:00,valid,0.7668674662960536,False
2026-01-24 11:53:00+00:00,valid,0.7912673986146055,False
2026-01-24 11:54:00+00:00,valid,0.7994450806524467,False
2026-01-24 11:55:00+00:00,valid,1.0104043636179447,False
2026-01-24 11:56:00+00:00,valid,0.7951462902621644,False
2026-01-24 11:57:00+00:00,valid,0.7933488130638823,False
2026-01-24 11:58:00+00:00,valid,0.806427336918899,False
2026-01-24 11:59:00+00:00,valid,0.8211209291931549,False
2026-01-24 12:00:00+00:00,valid,0.8164674386548395,False
2026-01-24 12:01:00+00:00,valid,1.3029700402581086,False
2026-01-24 12:02:00+00:00,valid,1.3203607397104349,False
2026-01-24 12:03:00+00:00,valid,0.9021535706772439,False
2026-01-24 12:04:00+00:00,valid,1.8926014650833702,False
2026-01-24 12:05:00+00:00,valid,0.8593234497166568,False
2026-01-24 12:06:00+00:00,valid,0.844477062818607,False
2026-01-24 12:07:00+00:00,valid,0.8535650183559059,False
2026-01-24 12:08:00+00:00,valid,0.8235092467138978,False
2026-01-24 12:09:00+00:00,valid,0.8221955413411385,False
2026-01-24 12:10:00+00:00,valid,0.8030210621443027,False
2026-01-24 12:11:00+00:00,valid,0.8099490647061531,False
2026-01-24 12:12:00+00:00,valid,1.1891372156122537,False
2026-01-24 12:13:00+00:00,valid,0.8261644855821131,False
2026-01-24 12:14:00+00:00,valid,0.8408189362425963,False
2026-01-24 12:15:00+00:00,valid,0.8693565667364621,False
2026-01-24 12:16:00+00:00,valid,1.8719423473103531,False
2026-01-24 12:17:00+00:00,valid,0.8566028048565146,False
2026-01-24 12:18:00+00:00,valid,0.8429451883694505,False
2026-01-24 12:19:00+00:00,valid,0.8606316628985533,False
2026-01-24 12:20:00+00:00,valid,0.8344088628775802,False
2026-01-24 12:21:00+00:00,valid,0.9051379911852525,False
2026-01-24 12:22:00+00:00,valid,0.9084316337276374,False
2026-01-24 12:23:00+00:00,valid,1.3137847577563935,False
2026-01-24 12:24:00+00:00,valid,0.9482672791439497,False
2026-01-24 12:25:00+00:00,valid,0.961521332463245,False
2026-01-24 12:26:00+00:00,valid,1.3365734228694395,False
2026-01-24 12:27:00+00:00,valid,0.9197757285590541,False
2026-01-24 12:28:00+00:00,valid,0.9786482394063026,False
2026-01-24 12:29:00+00:00,valid,1.209082669281032,False
2026-01-24 12:30:00+00:00,valid,0.972504001448752,False
2026-01-24 12:31:00+00:00,valid,0.9320082759276296,False
2026-01-24 12:32:00+00:00,valid,0.9054287952293356,False
2026-01-24 12:33:00+00:00,valid,0.8890784090107421,False
2026-01-24 12:34:00+00:00,valid,0.8534507690868691,False
2026-01-24 12:35:00+00:00,valid,1.2694906748080685,False
2026-01-24 12:36:00+00:00,valid,1.3870628073652895,False
2026-01-24 12:37:00+00:00,valid,0.8747701613111684,False
2026-01-24 12:38:00+00:00,valid,0.8845635352504604,False
2026-01-24 12:39:00+00:00,valid,0.8792915055331461,False
2026-01-24 12:40:00+00:00,valid,1.1855389433636867,False
2026-01-24 12:41:00+00:00,valid,0.8315200863231654,False
2026-01-24 12:42:00+00:00,valid,0.8454776272095182,False
2026-01-24 12:43:00+00:00,valid,0.8029396171670932,False
2026-01-24 12:44:00+00:00,valid,0.7710780440667669,False
2026-01-24 12:45:00+00:00,valid,0.7607065142600637,False
2026-01-24 12:46:00+00:00,valid,0.7612678318547789,False
2026-01-24 12:47:00+00:00,valid,0.7805610780021559,False
2026-01-24 12:48:00+00:00,valid,1.2092910340935434,False
2026-01-24 12:49:00+00:00,valid,1.1823402812019204,False
2026-01-24 12:50:00+00:00,valid,0.8483912818643696,False
2026-01-24 12:51:00+00:00,valid,0.850996019048702,False
2026-01-24 12:52:00+00:00,valid,0.9051220854453663,False
2026-01-24 12:53:00+00:00,valid,0.8922718358313295,False
2026-01-24 12:54:00+00:00,valid,0.9141177717189435,False
2026-01-24 12:55:00+00:00,valid,0.9005898957279398,False
2026-01-24 12:56:00+00:00,valid,0.8799255479164122,False
2026-01-24 12:57:00+00:00,valid,0.8504339297300706,False
2026-01-24 12:58:00+00:00,valid,0.8329999991577252,False
2026-01-24 12:59:00+00:00,valid,0.8386229533185797,False
2026-01-24 13:00:00+00:00,valid,0.8449164043598633,False
2026-01-24 13:01:00+00:00,valid,0.8588245155589522,False
2026-01-24 13:02:00+00:00,valid,0.8669196126986934,False
2026-01-24 13:03:00+00:00,valid,0.8713218366787758,False
2026-01-24 13:04:00+00:00,valid,0.8776509548669077,False
2026-01-24 13:05:00+00:00,valid,0.9251590470551817,False
2026-01-24 13:06:00+00:00,valid,0.9689090317478752,False
2026-01-24 13:07:00+00:00,valid,0.9871300482118429,False
2026-01-24 13:08:00+00:00,valid,1.0263008725417728,False
2026-01-24 13:09:00+00:00,valid,1.3848297692386171,False
2026-01-24 13:10:00+00:00,valid,1.1219527894410595,False
2026-01-24 13:11:00+00:00,valid,1.1026542478413675,False
2026-01-24 13:12:00+00:00,valid,1.0347754080867109,False
2026-01-24 13:13:00+00:00,valid,1.0188632232716988,False
2026-01-24 13:14:00+00:00,valid,0.9533362848178578,False
2026-01-24 13:15:00+00:00,valid,0.9168679299054155,False
2026-01-24 13:16:00+00:00,valid,1.7191262348723764,False
2026-01-24 13:17:00+00:00,valid,0.9280755522465574,False
2026-01-24 13:18:00+00:00,valid,0.9532817380324233,False
2026-01-24 13:19:00+00:00,valid,0.9744943902664835,False
2026-01-24 13:20:00+00:00,valid,0.9916264437322816,False
2026-01-24 13:21:00+00:00,valid,0.9786856908912002,False
2026-01-24 13:22:00+00:00,valid,0.9662559195139941,False
2026-01-24 13:23:00+00:00,valid,0.9602304725773649,False
2026-01-24 13:24:00+00:00,valid,0.9600879785919937,False
2026-01-24 13:25:00+00:00,valid,0.9881702624636883,False
2026-01-24 13:26:00+00:00,valid,0.9772193900596071,False
2026-01-24 13:27:00+00:00,valid,1.0054566047937623,False
2026-01-24 13:28:00+00:00,valid,1.0252155573651096,False
2026-01-24 13:29:00+00:00,valid,1.0282925869380792,False
2026-01-24 13:30:00+00:00,valid,1.0290699177734557,False
2026-01-24 13:31:00+00:00,valid,1.024157702016979,False
2026-01-24 13:32:00+00:00,valid,1.0363480434241374,False
2026-01-24 13:33:00+00:00,valid,1.0479394046198,False
2026-01-24 13:34:00+00:00,valid,1.2837005228339062,False
2026-01-24 13:35:00+00:00,valid,1.034327362774257,False
2026-01-24 13:36:00+00:00,valid,1.0339119673533017,False
2026-01-24 13:37:00+00:00,valid,1.0495746679261413,False
2026-01-24 13:38:00+00:00,valid,1.0520781363822638,False
2026-01-24 13:39:00+00:00,valid,1.0567018228609617,False
2026-01-24 13:40:00+00:00,valid,1.4097360866679667,False
2026-01-24 13:41:00+00:00,valid,1.0450896984926972,False
2026-01-24 13:42:00+00:00,valid,1.0245460405943367,False
2026-01-24 13:43:00+00:00,valid,1.0218875771281926,False
2026-01-24 13:44:00+00:00,valid,0.9993476486258575,False
2026-01-24 13:45:00+00:00,valid,1.0072997217078739,False
2026-01-24 13:46:00+00:00,valid,0.9969249155676961,False
2026-01-24 13:47:00+00:00,valid,1.0212254501110856,False
2026-01-24 13:48:00+00:00,valid,1.014514631026056,False
2026-01-24 13:49:00+00:00,valid,1.0166702458339227,False
2026-01-24 13:50:00+00:00,valid,1.0506484972620278,False
2026-01-24 13:51:00+00:00,valid,1.0655861340683288,False
2026-01-24 13:52:00+00:00,valid,1.0816115458515505,False
2026-01-24 13:53:00+00:00,valid,1.1050516204462002,False
2026-01-24 13:54:00+00:00,valid,1.1009312837228873,False
2026-01-24 13:55:00+00:00,valid,1.0945756929956378,False
2026-01-24 13:56:00+00:00,valid,1.1211863585835324,False
2026-01-24 13:57:00+00:00,valid,1.089669365915738,False
2026-01-24 13:58:00+00:00,valid,1.1101393809286833,False
2026-01-24 13:59:00+00:00,valid,1.105150028744617,False
2026-01-24 14:00:00+00:00,valid,1.1003804392579604,False
2026-01-24 14:01:00+00:00,valid,1.0720680398951736,False
2026-01-24 14:02:00+00:00,valid,1.0713985683898013,False
2026-01-24 14:03:00+00:00,valid,1.1128882595307221,False
2026-01-24 14:04:00+00:00,valid,1.1449652292042278,False
2026-01-24 14:05:00+00:00,valid,1.1810019284979398,False
2026-01-24 14:06:00+00:00,valid,1.138790587179552,False
2026-01-24 14:07:00+00:00,valid,1.1029664968807356,False
2026-01-24 14:08:00+00:00,valid,1.0819138786922922,False
2026-01-24 14:09:00+00:00,valid,1.0349141543716474,False
2026-01-24 14:10:00+00:00,valid,1.0375960574225036,False
2026-01-24 14:11:00+00:00,valid,1.0456555525550644,False
2026-01-24 14:12:00+00:00,valid,1.0500748254659864,False
2026-01-24 14:13:00+00:00,valid,1.0554725568550787,False
2026-01-24 14:14:00+00:00,valid,1.0309077375025981,False
2026-01-24 14:15:00+00:00,valid,1.0690257181819196,False
2026-01-24 14:16:00+00:00,valid,1.0642890532538758,False
2026-01-24 14:17:00+00:00,valid,1.0365422889535036,False
2026-01-24 14:18:00+00:00,valid,0.9749332818027958,False
2026-01-24 14:19:00+00:00,valid,0.9741457185029505,False
2026-01-24 14:20:00+00:00,valid,1.2385472980410581,False
2026-01-24 14:21:00+00:00,valid,0.9157681180587395,False
2026-01-24 14:22:00+00:00,valid,0.90401637094597,False
2026-01-24 14:23:00+00:00,valid,0.912492053223793,False
2026-01-24 14:24:00+00:00,valid,0.8957947757486228,False
2026-01-24 14:25:00+00:00,valid,1.278304913152628,False
2026-01-24 14:26:00+00:00,valid,0.8857686409733266,False
2026-01-24 14:27:00+00:00,valid,0.8625924731386239,False
2026-01-24 14:28:00+00:00,valid,0.8761586976840854,False
2026-01-24 14:29:00+00:00,valid,0.880043375163004,False
2026-01-24 14:30:00+00:00,valid,0.9437642585208725,False
2026-01-24 14:31:00+00:00,valid,0.8551483308496208,False
2026-01-24 14:32:00+00:00,valid,0.8655192828536291,False
2026-01-24 14:33:00+00:00,valid,0.8613807654722592,False
2026-01-24 14:34:00+00:00,valid,0.8612830646391625,False
2026-01-24 14:35:00+00:00,valid,0.8635251975161958,False
2026-01-24 14:36:00+00:00,valid,0.838929912504537,False
2026-01-24 14:37:00+00:00,valid,0.8830633899354593,False
2026-01-24 14:38:00+00:00,valid,0.8991244179062945,False
2026-01-24 14:39:00+00:00,valid,0.9225076395864552,False
2026-01-24 14:40:00+00:00,valid,0.9441534801861031,False
2026-01-24 14:41:00+00:00,valid,0.9879560830197414,False
2026-01-24 14:42:00+00:00,valid,0.9717089274303251,False
2026-01-24 14:43:00+00:00,valid,0.9797605882991461,False
2026-01-24 14:44:00+00:00,valid,0.9436011522265861,False
2026-01-24 14:45:00+00:00,valid,1.4561998772210885,False
2026-01-24 14:46:00+00:00,valid,0.9569567175802601,False
2026-01-24 14:47:00+00:00,valid,0.9789529368019193,False
2026-01-24 14:48:00+00:00,valid,1.0488329027379995,False
2026-01-24 14:49:00+00:00,valid,1.0545534932955847,False
2026-01-24 14:50:00+00:00,valid,1.0847219669952302,False
2026-01-24 14:51:00+00:00,valid,1.111642830179767,False
2026-01-24 14:52:00+00:00,valid,1.0720833893934225,False
2026-01-24 14:53:00+00:00,valid,1.0437048239712208,False
2026-01-24 14:54:00+00:00,valid,0.988558240424706,False
2026-01-24 14:55:00+00:00,valid,0.9984057497319374,False
2026-01-24 14:56:00+00:00,valid,1.0556965096031485,False
2026-01-24 14:57:00+00:00,valid,1.0544042162809835,False
2026-01-24 14:58:00+00:00,valid,1.325513480723136,False
2026-01-24 14:59:00+00:00,valid,1.6548161908467658,False
2026-01-24 15:00:00+00:00,valid,1.0134248087875914,False
2026-01-24 15:01:00+00:00,valid,0.9903079405635848,False
2026-01-24 15:02:00+00:00,valid,0.9928349982918511,False
2026-01-24 15:03:00+00:00,valid,0.9688952130139397,False
2026-01-24 15:04:00+00:00,valid,0.9670936879573648,False
2026-01-24 15:05:00+00:00,valid,0.9746261393615955,False
2026-01-24 15:06:00+00:00,valid,0.9557518659202109,False
2026-01-24 15:07:00+00:00,valid,0.9544291242840963,False
2026-01-24 15:08:00+00:00,valid,0.9536772801774743,False
2026-01-24 15:09:00+00:00,valid,0.9934366165024571,False
2026-01-24 15:10:00+00:00,valid,1.0226939275024622,False
2026-01-24 15:11:00+00:00,valid,1.0516484391289993,False
2026-01-24 15:12:00+00:00,valid,1.0449053062120404,False
2026-01-24 15:13:00+00:00,valid,0.9922701942794145,False
2026-01-24 15:14:00+00:00,valid,0.9665678107018241,False
2026-01-24 15:15:00+00:00,valid,0.9723958028034032,False
2026-01-24 15:16:00+00:00,valid,0.9672350698047183,False
2026-01-24 15:17:00+00:00,valid,0.9571159724722187,False
2026-01-24 15:18:00+00:00,valid,1.0077044727825597,False
2026-01-24 15:19:00+00:00,valid,1.0049198739501715,False
2026-01-24 15:20:00+00:00,valid,0.9996706738641661,False
2026-01-24 15:21:00+00:00,valid,1.399715744495961,False
2026-01-24 15:22:00+00:00,valid,0.9590876390962196,False
2026-01-24 15:23:00+00:00,valid,1.318320885588838,False
2026-01-24 15:24:00+00:00,valid,1.268404866283265,False
2026-01-24 15:25:00+00:00,valid,1.0942279911425588,False
2026-01-24 15:26:00+00:00,valid,1.143969726158668,False
2026-01-24 15:27:00+00:00,valid,1.1572293175400687,False
2026-01-24 15:28:00+00:00,valid,1.4125894218253705,False
2026-01-24 15:29:00+00:00,valid,1.0733190567083921,False
2026-01-24 15:30:00+00:00,valid,1.0336888903687036,False
2026-01-24 15:31:00+00:00,valid,1.0391379220747072,False
2026-01-24 15:32:00+00:00,valid,1.0643725939119015,False
2026-01-24 15:33:00+00:00,valid,1.0691794657214497,False
2026-01-24 15:34:00+00:00,valid,1.0954925282721641,False
2026-01-24 15:35:00+00:00,valid,1.0608519091777229,False
2026-01-24 15:36:00+00:00,valid,1.0803453572070745,False
2026-01-24 15:37:00+00:00,valid,1.0736073543638,False
2026-01-24 15:38:00+00:00,valid,1.093282909585114,False
2026-01-24 15:39:00+00:00,valid,1.107057174225442,False
2026-01-24 15:40:00+00:00,valid,1.1393258403753377,False
2026-01-24 15:41:00+00:00,valid,1.090757447316081,False
2026-01-24 15:42:00+00:00,valid,1.0881180089521962,False
2026-01-24 15:43:00+00:00,valid,1.090399808333399,False
2026-01-24 15:44:00+00:00,valid,1.0911874607056546,False
2026-01-24 15:45:00+00:00,valid,1.0363563308270647,False
2026-01-24 15:46:00+00:00,valid,0.980953842212964,False
2026-01-24 15:47:00+00:00,valid,0.9806909669462992,False
2026-01-24 15:48:00+00:00,valid,0.9740612969136979,False
2026-01-24 15:49:00+00:00,valid,1.0098025900585954,False
2026-01-24 15:50:00+00:00,valid,1.000265718955242,False
2026-01-24 15:51:00+00:00,valid,0.9912177506814361,False
2026-01-24 15:52:00+00:00,valid,1.005865241504921,False
2026-01-24 15:53:00+00:00,valid,1.0008363588744524,False
2026-01-24 15:54:00+00:00,valid,0.9892764462107587,False
2026-01-24 15:55:00+00:00,valid,0.9828782201229861,False
2026-01-24 15:56:00+00:00,valid,0.9972946080210389,False
2026-01-24 15:57:00+00:00,valid,0.9845043122054045,False
2026-01-24 15:58:00+00:00,valid,0.9904617625590542,False
2026-01-24 15:59:00+00:00,valid,0.9624799499003502,False
2026-01-24 16:00:00+00:00,valid,0.9545966094833342,False
2026-01-24 16:01:00+00:00,valid,0.9352017340332858,False
2026-01-24 16:02:00+00:00,valid,0.9379186357759471,False
2026-01-24 16:03:00+00:00,valid,0.9334154554444674,False
2026-01-24 16:04:00+00:00,valid,0.9265886350923361,False
2026-01-24 16:05:00+00:00,valid,0.9218837615274095,False
2026-01-24 16:06:00+00:00,valid,0.9556722129218941,False
2026-01-24 16:07:00+00:00,valid,0.9645740141039667,False
2026-01-24 16:08:00+00:00,valid,0.9620883327799543,False
2026-01-24 16:09:00+00:00,valid,0.9315262541986711,False
2026-01-24 16:10:00+00:00,valid,0.9592557206266129,False
2026-01-24 16:11:00+00:00,valid,0.9367761731723097,False
2026-01-24 16:12:00+00:00,valid,0.9207519339637025,False
2026-01-24 16:13:00+00:00,valid,0.9266105457305747,False
2026-01-24 16:14:00+00:00,valid,0.919173769103529,False
2026-01-24 16:15:00+00:00,valid,0.9335506669518118,False
2026-01-24 16:16:00+00:00,valid,0.9243629230941316,False
2026-01-24 16:17:00+00:00,valid,0.9079502411612099,False
2026-01-24 16:18:00+00:00,valid,0.8980718717211172,False
2026-01-24 16:19:00+00:00,valid,0.9156576679205323,False
2026-01-24 16:20:00+00:00,valid,0.9503368569367165,False
2026-01-24 16:21:00+00:00,valid,0.9628043296395181,False
2026-01-24 16:22:00+00:00,valid,0.9374060064184863,False
2026-01-24 16:23:00+00:00,valid,0.9619719759583376,False
2026-01-24 16:24:00+00:00,valid,0.9745641212514403,False
2026-01-24 16:25:00+00:00,valid,0.9631638175371803,False
2026-01-24 16:26:00+00:00,valid,0.9758371360650391,False
2026-01-24 16:27:00+00:00,valid,0.9528928351053972,False
2026-01-24 16:28:00+00:00,valid,0.9143885175520425,False
2026-01-24 16:29:00+00:00,valid,0.9381048480303464,False
2026-01-24 16:30:00+00:00,valid,0.9234259800708123,False
2026-01-24 16:31:00+00:00,valid,0.941179068169042,False
2026-01-24 16:32:00+00:00,valid,0.9454171163241876,False
2026-01-24 16:33:00+00:00,valid,0.9519060351448938,False
2026-01-24 16:34:00+00:00,valid,0.9436520688949213,False
2026-01-24 16:35:00+00:00,valid,0.975462516712091,False
2026-01-24 16:36:00+00:00,valid,0.9375999457584734,False
2026-01-24 16:37:00+00:00,valid,0.9191869166323823,False
2026-01-24 16:38:00+00:00,valid,0.9000635500328902,False
2026-01-24 16:39:00+00:00,valid,0.9460310772605086,False
2026-01-24 16:40:00+00:00,valid,0.9710249451709217,False
2026-01-24 16:41:00+00:00,valid,0.9122558425586368,False
2026-01-24 16:42:00+00:00,valid,0.9205825020303483,False
2026-01-24 16:43:00+00:00,valid,0.9027890018377102,False
2026-01-24 16:44:00+00:00,valid,0.930067014174311,False
2026-01-24 16:45:00+00:00,valid,0.935603833444894,False
2026-01-24 16:46:00+00:00,valid,0.8945732646367314,False
2026-01-24 16:47:00+00:00,valid,0.9192494207244141,False
2026-01-24 16:48:00+00:00,valid,0.9120358280569085,False
2026-01-24 16:49:00+00:00,valid,0.941310599457301,False
2026-01-24 16:50:00+00:00,valid,0.9380267160657214,False
2026-01-24 16:51:00+00:00,valid,0.9017460239694528,False
2026-01-24 16:52:00+00:00,valid,0.9006707326162234,False
2026-01-24 16:53:00+00:00,valid,0.866492033718284,False
2026-01-24 16:54:00+00:00,valid,0.8937913442236578,False
2026-01-24 16:55:00+00:00,valid,0.8671968330428593,False
2026-01-24 16:56:00+00:00,valid,0.895125195370192,False
2026-01-24 16:57:00+00:00,valid,0.884041327941248,False
2026-01-24 16:58:00+00:00,valid,0.8816949345965079,False
2026-01-24 16:59:00+00:00,valid,1.1894971571096777,False
2026-01-24 17:00:00+00:00,valid,0.7904035290809754,False
2026-01-24 17:01:00+00:00,valid,0.8220355676058079,False
2026-01-24 17:02:00+00:00,valid,1.3303610005198674,False
2026-01-24 17:03:00+00:00,valid,0.8381624260913833,False
2026-01-24 17:04:00+00:00,valid,0.8376189939102239,False
2026-01-24 17:05:00+00:00,valid,0.8289539834041616,False
2026-01-24 17:06:00+00:00,valid,0.8662852519470045,False
2026-01-24 17:07:00+00:00,valid,0.8856208880205836,False
2026-01-24 17:08:00+00:00,valid,0.9138358654439204,False
2026-01-24 17:09:00+00:00,valid,1.308133291682124,False
2026-01-24 17:10:00+00:00,valid,1.1687902370144339,False
2026-01-24 17:11:00+00:00,valid,0.8418547070338559,False
2026-01-24 17:12:00+00:00,valid,0.8154637563693662,False
2026-01-24 17:13:00+00:00,valid,0.8596672898072791,False
2026-01-24 17:14:00+00:00,valid,1.1454066466901403,False
2026-01-24 17:15:00+00:00,valid,1.14540651864673,False
2026-01-24 17:16:00+00:00,valid,0.8696370749026369,False
2026-01-24 17:17:00+00:00,valid,0.8568742558952511,False
2026-01-24 17:18:00+00:00,valid,0.7995778957847022,False
2026-01-24 17:19:00+00:00,valid,0.77223867884332,False
2026-01-24 17:20:00+00:00,valid,0.7970343082947929,False
2026-01-24 17:21:00+00:00,valid,0.7989361534127535,False
2026-01-24 17:22:00+00:00,valid,0.7691691116749043,False
2026-01-24 17:23:00+00:00,valid,0.7921767664011238,False
2026-01-24 17:24:00+00:00,valid,0.7588039287446409,False
2026-01-24 17:25:00+00:00,valid,0.7800129233995917,False
2026-01-24 17:26:00+00:00,valid,0.823595487219389,False
2026-01-24 17:27:00+00:00,valid,0.7866175520685219,False
2026-01-24 17:28:00+00:00,valid,0.8039214554126662,False
2026-01-24 17:29:00+00:00,valid,0.7778842248161886,False
2026-01-24 17:30:00+00:00,valid,0.7912249143927181,False
2026-01-24 17:31:00+00:00,valid,0.8104951276365373,False
2026-01-24 17:32:00+00:00,valid,0.7969636192117372,False
2026-01-24 17:33:00+00:00,valid,0.8247267390700099,False
2026-01-24 17:34:00+00:00,valid,0.84401889634514,False
2026-01-24 17:35:00+00:00,valid,0.8614449992311668,False
2026-01-24 17:36:00+00:00,valid,0.8270061168694887,False
2026-01-24 17:37:00+00:00,valid,0.8376978753099054,False
2026-01-24 17:38:00+00:00,valid,0.8299880643688782,False
2026-01-24 17:39:00+00:00,valid,0.8413366128413318,False
2026-01-24 17:40:00+00:00,valid,0.8661254890759932,False
2026-01-24 17:41:00+00:00,valid,0.8365084004511948,False
2026-01-24 17:42:00+00:00,valid,0.8177369309439496,False
2026-01-24 17:43:00+00:00,valid,0.8028862252093245,False
2026-01-24 17:44:00+00:00,valid,1.1346138959374985,False
2026-01-24 17:45:00+00:00,valid,0.8661302847777282,False
2026-01-24 17:46:00+00:00,valid,0.8215717476749376,False
2026-01-24 17:47:00+00:00,valid,0.8210171974661612,False
2026-01-24 17:48:00+00:00,valid,0.8335920372504465,False
2026-01-24 17:49:00+00:00,valid,0.8589159455441417,False
2026-01-24 17:50:00+00:00,valid,0.862965014648997,False
2026-01-24 17:51:00+00:00,valid,0.8519779659225001,False
2026-01-24 17:52:00+00:00,valid,0.8407256305358517,False
2026-01-24 17:53:00+00:00,valid,0.8427109164605494,False
2026-01-24 17:54:00+00:00,valid,0.8216886757370596,False
2026-01-24 17:55:00+00:00,valid,0.8533051771829683,False
2026-01-24 17:56:00+00:00,valid,0.8309785984570016,False
2026-01-24 17:57:00+00:00,valid,0.8434034374349547,False
2026-01-24 17:58:00+00:00,valid,0.8561485791597641,False
2026-01-24 17:59:00+00:00,valid,0.8705620347277963,False
2026-01-24 18:00:00+00:00,valid,0.8451003523780583,False
2026-01-24 18:01:00+00:00,valid,0.8323726238954635,False
2026-01-24 18:02:00+00:00,valid,0.8221471500448236,False
2026-01-24 18:03:00+00:00,valid,1.2083981450999324,False
2026-01-24 18:04:00+00:00,valid,0.8618207378462,False
2026-01-24 18:05:00+00:00,valid,0.8614429152780748,False
2026-01-24 18:06:00+00:00,valid,0.9212754465097718,False
2026-01-24 18:07:00+00:00,valid,0.9013026638185492,False
2026-01-24 18:08:00+00:00,valid,0.8724000642460734,False
2026-01-24 18:09:00+00:00,valid,0.8412098088499377,False
2026-01-24 18:10:00+00:00,valid,0.8443167341316041,False
2026-01-24 18:11:00+00:00,valid,1.1489842316430066,False
2026-01-24 18:12:00+00:00,valid,0.8529341070168022,False
2026-01-24 18:13:00+00:00,valid,0.8246763861744768,False
2026-01-24 18:14:00+00:00,valid,0.807604517024773,False
2026-01-24 18:15:00+00:00,valid,0.8741582921929599,False
2026-01-24 18:16:00+00:00,valid,0.8343396867483402,False
2026-01-24 18:17:00+00:00,valid,0.8337593821316148,False
2026-01-24 18:18:00+00:00,valid,0.7994629909949059,False
2026-01-24 18:19:00+00:00,valid,0.8268959682102671,False
2026-01-24 18:20:00+00:00,valid,0.8392306948978075,False
2026-01-24 18:21:00+00:00,valid,0.8459270447480488,False
2026-01-24 18:22:00+00:00,valid,0.8517347640190025,False
2026-01-24 18:23:00+00:00,valid,0.8514313131566282,False
2026-01-24 18:24:00+00:00,valid,0.8137228038845792,False
2026-01-24 18:25:00+00:00,valid,0.8481842120681844,False
2026-01-24 18:26:00+00:00,valid,1.1963280936613827,False
2026-01-24 18:27:00+00:00,valid,1.1797520929674274,False
2026-01-24 18:28:00+00:00,valid,1.1565466989265252,False
2026-01-24 18:29:00+00:00,valid,1.164530993267557,False
2026-01-24 18:30:00+00:00,valid,1.1601933224468948,False
2026-01-24 18:31:00+00:00,valid,1.164918902394322,False
2026-01-24 18:32:00+00:00,valid,1.1446075435876184,False
2026-01-24 18:33:00+00:00,valid,1.1264315742767834,False
2026-01-24 18:34:00+00:00,valid,1.5744738502215312,False
2026-01-24 18:35:00+00:00,valid,1.8303685325561412,False
2026-01-24 18:36:00+00:00,valid,1.5822666693936818,False
2026-01-24 18:37:00+00:00,valid,1.5856860987288801,False
2026-01-24 18:38:00+00:00,valid,1.5905198887440413,False
2026-01-24 18:39:00+00:00,valid,1.6016922040964954,False
2026-01-24 18:40:00+00:00,valid,1.5912900371229548,False
2026-01-24 18:41:00+00:00,valid,1.593174993567528,False
2026-01-24 18:42:00+00:00,valid,1.5619522188952273,False
2026-01-24 18:43:00+00:00,valid,1.5574627547196074,False
2026-01-24 18:44:00+00:00,valid,1.5644217112550745,False
2026-01-24 18:45:00+00:00,valid,1.5633177427417022,False
2026-01-24 18:46:00+00:00,valid,1.5711725573390722,False
2026-01-24 18:47:00+00:00,valid,1.5670712991559086,False
2026-01-24 18:48:00+00:00,valid,1.5560214430575012,False
2026-01-24 18:49:00+00:00,valid,1.5658443807533426,False
2026-01-24 18:50:00+00:00,valid,1.5626771132719208,False
2026-01-24 18:51:00+00:00,valid,1.5568833186060254,False
2026-01-24 18:52:00+00:00,valid,1.5405283547960649,False
2026-01-24 18:53:00+00:00,valid,1.5399416307691576,False
2026-01-24 18:54:00+00:00,valid,1.5499497882016626,False
2026-01-24 18:55:00+00:00,valid,1.7263608558216421,False
2026-01-24 18:56:00+00:00,valid,1.5656970275588797,False
2026-01-24 18:57:00+00:00,valid,1.8146633859527492,False
2026-01-24 18:58:00+00:00,valid,1.568867886906497,False
2026-01-24 18:59:00+00:00,valid,1.5535981717384546,False
2026-01-24 19:00:00+00:00,valid,1.5487627094740557,False
2026-01-24 19:01:00+00:00,valid,1.5356132024981402,False
2026-01-24 19:02:00+00:00,valid,1.541780619446323,False
2026-01-24 19:03:00+00:00,valid,1.5461034690668898,False
2026-01-24 19:04:00+00:00,valid,1.5477019091546163,False
2026-01-24 19:05:00+00:00,valid,1.541390402742648,False
2026-01-24 19:06:00+00:00,valid,1.5551253211780318,False
2026-01-24 19:07:00+00:00,valid,1.541747081713227,False
2026-01-24 19:08:00+00:00,valid,1.5470130037121388,False
2026-01-24 19:09:00+00:00,valid,1.5243798652353902,False
2026-01-24 19:10:00+00:00,valid,1.536666750724212,False
2026-01-24 19:11:00+00:00,valid,0.6777448537177082,False
2026-01-24 19:12:00+00:00,valid,0.7574561640416465,False
2026-01-24 19:13:00+00:00,valid,0.7695247019408408,False
2026-01-24 19:16:00+00:00,valid,0.7689363000008789,False
2026-01-24 19:17:00+00:00,valid,0.8073672330886235,False
2026-01-24 19:18:00+00:00,valid,0.7712472366074485,False
2026-01-24 19:19:00+00:00,valid,0.7937051004702042,False
2026-01-24 19:20:00+00:00,valid,0.8129146828658895,False
2026-01-24 19:21:00+00:00,valid,0.8772953052622922,False
2026-01-24 19:22:00+00:00,valid,0.847823539492871,False
2026-01-24 19:23:00+00:00,valid,0.8581246838657122,False
2026-01-24 19:24:00+00:00,valid,0.844464310011929,False
2026-01-24 19:25:00+00:00,valid,0.8248407505451342,False
2026-01-24 19:26:00+00:00,valid,0.8484271340106836,False
2026-01-24 19:27:00+00:00,valid,0.80840416726778,False
2026-01-24 19:28:00+00:00,valid,0.8308318864301275,False
2026-01-24 19:29:00+00:00,valid,0.8541320917252918,False
2026-01-24 19:30:00+00:00,valid,0.8882246944860662,False
2026-01-24 19:31:00+00:00,valid,0.8403410306563063,False
2026-01-24 19:32:00+00:00,valid,0.8347870075878319,False
2026-01-24 19:33:00+00:00,valid,0.7912030945406952,False
2026-01-24 19:34:00+00:00,valid,0.8319157485311888,False
2026-01-24 19:35:00+00:00,valid,0.8668128997105012,False
2026-01-24 19:36:00+00:00,valid,0.8710920767805006,False
2026-01-24 19:37:00+00:00,valid,0.9201189541270243,False
2026-01-24 19:38:00+00:00,valid,0.9732337068504476,False
2026-01-24 19:39:00+00:00,valid,0.9421397989361961,False
2026-01-24 19:40:00+00:00,valid,0.9111535314659849,False
2026-01-24 19:41:00+00:00,valid,0.9315371331358995,False
2026-01-24 19:42:00+00:00,valid,0.8914079540339617,False
2026-01-24 19:43:00+00:00,valid,0.9202228430143247,False
2026-01-24 19:44:00+00:00,valid,0.8977717270196184,False
2026-01-24 19:45:00+00:00,valid,0.8758532787898233,False
2026-01-24 19:46:00+00:00,valid,0.8835442407270404,False
2026-01-24 19:47:00+00:00,valid,0.8615397722897192,False
2026-01-24 19:48:00+00:00,valid,0.832335252303001,False
2026-01-24 19:49:00+00:00,valid,0.8685545224308387,False
2026-01-24 19:50:00+00:00,valid,0.7996483606153196,False
2026-01-24 19:51:00+00:00,valid,0.864489123729674,False
2026-01-24 19:52:00+00:00,valid,0.8291556327284612,False
2026-01-24 19:53:00+00:00,valid,0.8094609426379308,False
2026-01-24 19:54:00+00:00,valid,0.8292094425792826,False
2026-01-24 19:55:00+00:00,valid,0.8066947612058192,False
2026-01-24 19:56:00+00:00,valid,0.8336031465482666,False
2026-01-24 19:57:00+00:00,valid,0.7930969928757844,False
2026-01-24 19:58:00+00:00,valid,1.3705589786194465,False
2026-01-24 19:59:00+00:00,valid,0.8276516508807473,False
2026-01-24 20:00:00+00:00,valid,0.8246861147401715,False
2026-01-24 20:01:00+00:00,valid,0.8214154001974736,False
2026-01-24 20:02:00+00:00,valid,1.2863048102970445,False
2026-01-24 20:03:00+00:00,valid,0.8651569957887545,False
2026-01-24 20:04:00+00:00,valid,0.8669186544169851,False
2026-01-24 20:05:00+00:00,valid,0.8116859215937848,False
2026-01-24 20:06:00+00:00,valid,0.8720414688688126,False
2026-01-24 20:07:00+00:00,valid,0.8270443350483598,False
2026-01-24 20:08:00+00:00,valid,0.8420852597706985,False
2026-01-24 20:09:00+00:00,valid,0.8038834350755361,False
2026-01-24 20:10:00+00:00,valid,0.784726294646776,False
2026-01-24 20:11:00+00:00,valid,0.7779148520318676,False
2026-01-24 20:12:00+00:00,valid,0.7657722735260857,False
2026-01-24 20:13:00+00:00,valid,0.8108271183545325,False
2026-01-24 20:14:00+00:00,valid,0.8254998758773233,False
2026-01-24 20:15:00+00:00,valid,0.8010084008707006,False
2026-01-24 20:16:00+00:00,valid,0.7890794641209137,False
2026-01-24 20:17:00+00:00,valid,0.8127891936106671,False
2026-01-24 20:18:00+00:00,valid,0.8076982355291571,False
2026-01-24 20:19:00+00:00,valid,0.7927141403756158,False
2026-01-24 20:20:00+00:00,valid,0.7667561367168279,False
2026-01-24 20:21:00+00:00,valid,0.7612493646749262,False
2026-01-24 20:22:00+00:00,valid,0.7454205469367826,False
2026-01-24 20:23:00+00:00,valid,0.810115277568013,False
2026-01-24 20:24:00+00:00,valid,0.7557113891172973,False
2026-01-24 20:25:00+00:00,valid,0.7683970613048201,False
2026-01-24 20:26:00+00:00,valid,0.7589158317536536,False
2026-01-24 20:27:00+00:00,valid,0.7729960229588294,False
2026-01-24 20:28:00+00:00,valid,0.786767740565284,False
2026-01-24 20:29:00+00:00,valid,0.8304655344661687,False
2026-01-24 20:30:00+00:00,valid,0.8242348298158201,False
2026-01-24 20:31:00+00:00,valid,0.8349422830479284,False
2026-01-24 20:32:00+00:00,valid,0.8216740848256453,False
2026-01-24 20:33:00+00:00,valid,0.8432003396347962,False
2026-01-24 20:34:00+00:00,valid,0.8185647131908115,False
2026-01-24 20:35:00+00:00,valid,0.782736056260899,False
2026-01-24 20:36:00+00:00,valid,0.8028387660061167,False
2026-01-24 20:37:00+00:00,valid,0.8105854529520893,False
2026-01-24 20:38:00+00:00,valid,0.8959471896111878,False
2026-01-24 20:39:00+00:00,valid,0.8176610937411605,False
2026-01-24 20:40:00+00:00,valid,0.8269102847812807,False
2026-01-24 20:41:00+00:00,valid,0.7759471083342815,False
2026-01-24 20:42:00+00:00,valid,0.7830377984012894,False
2026-01-24 20:43:00+00:00,valid,1.8293641398186737,False
2026-01-24 20:44:00+00:00,valid,0.7421849732722625,False
2026-01-24 20:45:00+00:00,valid,0.7363875356655697,False
2026-01-24 20:46:00+00:00,valid,0.7520404906407324,False
2026-01-24 20:47:00+00:00,valid,0.8089342008511441,False
2026-01-24 20:48:00+00:00,valid,0.8149005613998604,False
2026-01-24 20:49:00+00:00,valid,0.799220799756761,False
2026-01-24 20:50:00+00:00,valid,0.7856771526813294,False
2026-01-24 20:51:00+00:00,valid,0.7766087734070259,False
2026-01-24 20:52:00+00:00,valid,1.0732622216385705,False
2026-01-24 20:53:00+00:00,valid,0.7619688665756944,False
2026-01-24 20:54:00+00:00,valid,0.7823080014384015,False
2026-01-24 20:55:00+00:00,valid,0.7662342602948056,False
2026-01-24 20:56:00+00:00,valid,0.7397494240931698,False
2026-01-24 20:57:00+00:00,valid,0.7435614666308382,False
2026-01-24 20:58:00+00:00,valid,0.7602117254982831,False
2026-01-24 20:59:00+00:00,valid,0.7769774440242947,False
2026-01-24 21:00:00+00:00,valid,0.8290090439627217,False
2026-01-24 21:01:00+00:00,valid,0.7435706092133239,False
2026-01-24 21:02:00+00:00,valid,0.717583745132412,False
2026-01-24 21:03:00+00:00,valid,0.6997701474746051,False
2026-01-24 21:04:00+00:00,valid,0.6916407636195628,False
2026-01-24 21:05:00+00:00,valid,0.6715204175237734,False
2026-01-24 21:06:00+00:00,valid,0.678525535251247,False
2026-01-24 21:07:00+00:00,valid,0.7394672870865254,False
2026-01-24 21:08:00+00:00,valid,0.7848502923509717,False
2026-01-24 21:09:00+00:00,valid,0.8101394051137134,False
2026-01-24 21:10:00+00:00,valid,0.789186908213856,False
2026-01-24 21:11:00+00:00,valid,0.7560846505790765,False
2026-01-24 21:12:00+00:00,valid,0.7345698395528437,False
2026-01-24 21:13:00+00:00,valid,0.6966520386280377,False
2026-01-24 21:14:00+00:00,valid,0.722819764529173,False
2026-01-24 21:15:00+00:00,valid,0.7335934023639238,False
2026-01-24 21:16:00+00:00,valid,0.7423504010001724,False
2026-01-24 21:17:00+00:00,valid,0.7611803901429439,False
2026-01-24 21:18:00+00:00,valid,0.7363498524406791,False
2026-01-24 21:19:00+00:00,valid,0.73567412640007,False
2026-01-24 21:20:00+00:00,valid,0.6566610961179754,False
2026-01-24 21:21:00+00:00,valid,1.040842372081807,False
2026-01-24 21:22:00+00:00,valid,0.6223316341526604,False
2026-01-24 21:23:00+00:00,valid,0.5860271707157628,False
2026-01-24 21:24:00+00:00,valid,0.5605431171501248,False
2026-01-24 21:25:00+00:00,valid,0.555820170599531,False
2026-01-24 21:26:00+00:00,valid,0.6110736078868324,False
2026-01-24 21:27:00+00:00,valid,0.5520175123061803,False
2026-01-24 21:28:00+00:00,valid,0.5752452176413522,False
2026-01-24 21:29:00+00:00,valid,1.0152012886840927,False
2026-01-24 21:30:00+00:00,valid,0.5489971325984374,False
2026-01-24 21:31:00+00:00,valid,0.5447497195187153,False
2026-01-24 21:32:00+00:00,valid,0.528812688799525,False
2026-01-24 21:33:00+00:00,valid,0.5559981600807049,False
2026-01-24 21:34:00+00:00,valid,0.5509698657612463,False
2026-01-24 21:35:00+00:00,valid,0.5586082160215321,False
2026-01-24 21:36:00+00:00,valid,0.5297622138722143,False
2026-01-24 21:37:00+00:00,valid,0.5474605948093458,False
2026-01-24 21:38:00+00:00,valid,0.5428339590599935,False
2026-01-24 21:39:00+00:00,valid,0.5590442654774087,False
2026-01-24 21:40:00+00:00,valid,0.619137274928732,False
2026-01-24 21:41:00+00:00,valid,0.6369431230336828,False
2026-01-24 21:42:00+00:00,valid,0.6234038645383552,False
2026-01-24 21:43:00+00:00,valid,0.5829360096298688,False
2026-01-24 21:44:00+00:00,valid,0.5749805626033749,False
2026-01-24 21:45:00+00:00,valid,0.5725743881330678,False
2026-01-24 21:46:00+00:00,valid,0.5785608029117012,False
2026-01-24 21:47:00+00:00,valid,1.0548270376168192,False
2026-01-24 21:48:00+00:00,valid,0.627133118557805,False
2026-01-24 21:49:00+00:00,valid,0.5626773717975443,False
2026-01-24 21:50:00+00:00,valid,0.5912198597876014,False
2026-01-24 21:51:00+00:00,valid,0.5627216843760763,False
2026-01-24 21:52:00+00:00,valid,0.5238289837414591,False
2026-01-24 21:53:00+00:00,valid,0.6006164453943102,False
2026-01-24 21:54:00+00:00,valid,0.8761538365032157,False
2026-01-24 21:55:00+00:00,valid,0.5172169213927682,False
2026-01-24 21:56:00+00:00,valid,0.5211376380517622,False
2026-01-24 21:57:00+00:00,valid,0.5084656036098286,False
2026-01-24 21:58:00+00:00,valid,0.5172510745168301,False
2026-01-24 21:59:00+00:00,valid,0.5473560616450719,False
2026-01-24 22:00:00+00:00,valid,0.6112427699456867,False
2026-01-24 22:01:00+00:00,valid,0.6419461577887046,False
2026-01-24 22:02:00+00:00,valid,0.6912550907288534,False
2026-01-24 22:03:00+00:00,valid,0.6640840580867404,False
2026-01-24 22:04:00+00:00,valid,0.6553146694267785,False
2026-01-24 22:05:00+00:00,valid,0.6454211567226379,False
2026-01-24 22:06:00+00:00,valid,1.2693116821549824,False
2026-01-24 22:07:00+00:00,valid,0.620133366040107,False
2026-01-24 22:08:00+00:00,valid,0.5995162858370883,False
2026-01-24 22:09:00+00:00,valid,1.0019697983114613,False
2026-01-24 22:10:00+00:00,valid,0.5804214167395381,False
2026-01-24 22:11:00+00:00,valid,0.9889215150824122,False
2026-01-24 22:12:00+00:00,valid,0.5317788365326758,False
2026-01-24 22:13:00+00:00,valid,0.5147182265964513,False
2026-01-24 22:14:00+00:00,valid,0.5124840234672153,False
2026-01-24 22:15:00+00:00,valid,0.5399285989499469,False
2026-01-24 22:16:00+00:00,valid,0.5653842334831982,False
2026-01-24 22:17:00+00:00,valid,0.5537816631793212,False
2026-01-24 22:18:00+00:00,valid,0.5515803862721506,False
2026-01-24 22:19:00+00:00,valid,0.502961093328487,False
2026-01-24 22:20:00+00:00,valid,0.46741304391529864,False
2026-01-24 22:21:00+00:00,valid,0.4995897001044958,False
2026-01-24 22:22:00+00:00,valid,0.5549307428906843,False
2026-01-24 22:23:00+00:00,valid,0.569124222674072,False
2026-01-24 22:24:00+00:00,valid,0.5435558335424088,False
2026-01-24 22:25:00+00:00,valid,0.5644073503156047,False
2026-01-24 22:26:00+00:00,valid,0.5898675411141641,False
2026-01-24 22:27:00+00:00,valid,0.6355141126262521,False
2026-01-24 22:28:00+00:00,valid,0.6093010892970533,False
2026-01-24 22:29:00+00:00,valid,0.5748013871491702,False
2026-01-24 22:30:00+00:00,valid,0.5383190568103149,False
2026-01-24 22:31:00+00:00,valid,0.5875888060367479,False
2026-01-24 22:32:00+00:00,valid,1.0996683925121873,False
2026-01-24 22:33:00+00:00,valid,0.5094078928994857,False
2026-01-24 22:34:00+00:00,valid,0.5556106970679223,False
2026-01-24 22:35:00+00:00,valid,0.6308728443277497,False
2026-01-24 22:36:00+00:00,valid,0.6144459502516534,False
2026-01-24 22:37:00+00:00,valid,0.6077209503278085,False
2026-01-24 22:38:00+00:00,valid,0.6527550440557781,False
2026-01-24 22:39:00+00:00,valid,0.5633754447203746,False
2026-01-24 22:40:00+00:00,valid,0.5766331501119067,False
2026-01-24 22:41:00+00:00,valid,0.5212847153894881,False
2026-01-24 22:42:00+00:00,valid,0.6082959520340012,False
2026-01-24 22:43:00+00:00,valid,0.6124047281137887,False
2026-01-24 22:44:00+00:00,valid,0.6238004931019947,False
2026-01-24 22:45:00+00:00,valid,0.6270144084259612,False
2026-01-24 22:46:00+00:00,valid,0.6515009969717844,False
2026-01-24 22:47:00+00:00,valid,0.6658318940970713,False
2026-01-24 22:48:00+00:00,valid,0.6670577783994004,False
2026-01-24 22:49:00+00:00,valid,1.0320954125203112,False
2026-01-24 22:50:00+00:00,valid,0.5917064463952114,False
2026-01-24 22:51:00+00:00,valid,0.5276169909499071,False
2026-01-24 22:52:00+00:00,valid,0.5688171918625216,False
2026-01-24 22:53:00+00:00,valid,0.5982386429200007,False
2026-01-24 22:54:00+00:00,valid,0.6511062048414616,False
2026-01-24 22:55:00+00:00,valid,0.6527327338440839,False
2026-01-24 22:56:00+00:00,valid,0.7004217919387983,False
2026-01-24 22:57:00+00:00,valid,0.6524451582983546,False
2026-01-24 22:58:00+00:00,valid,0.5890380103698314,False
2026-01-24 22:59:00+00:00,valid,0.5673978759099623,False
2026-01-24 23:00:00+00:00,valid,0.5608738990585121,False
2026-01-24 23:01:00+00:00,valid,0.5562138108807813,False
2026-01-24 23:02:00+00:00,valid,0.6219013600796428,False
2026-01-24 23:03:00+00:00,valid,0.6812542813360091,False
2026-01-24 23:04:00+00:00,valid,0.7094628337477862,False
2026-01-24 23:05:00+00:00,valid,0.6336271318234145,False
2026-01-24 23:06:00+00:00,valid,0.6459614677270406,False
2026-01-24 23:07:00+00:00,valid,0.6771792847077368,False
2026-01-24 23:08:00+00:00,valid,1.0990940529334088,False
2026-01-24 23:09:00+00:00,valid,0.7368877346000343,False
2026-01-24 23:10:00+00:00,valid,1.5270736342962004,False
2026-01-24 23:11:00+00:00,valid,0.8754981580339415,False
2026-01-24 23:12:00+00:00,valid,0.8318913682924941,False
2026-01-24 23:13:00+00:00,valid,0.7852941399025105,False
2026-01-24 23:14:00+00:00,valid,0.7852713762163313,False
2026-01-24 23:15:00+00:00,valid,0.6923248594367564,False
2026-01-24 23:16:00+00:00,valid,0.6197422090851821,False
2026-01-24 23:17:00+00:00,valid,0.6141936745945036,False
2026-01-24 23:18:00+00:00,valid,0.5589761866359955,False
2026-01-24 23:19:00+00:00,valid,1.009189285236038,False
2026-01-24 23:20:00+00:00,valid,0.5767032271397552,False
2026-01-24 23:21:00+00:00,valid,0.631717509783884,False
2026-01-24 23:22:00+00:00,valid,0.6056839574979048,False
2026-01-24 23:23:00+00:00,valid,0.56589460261698,False
2026-01-24 23:24:00+00:00,valid,0.5683864692451482,False
2026-01-24 23:25:00+00:00,valid,0.6019485495136435,False
2026-01-24 23:26:00+00:00,valid,1.1119381906608934,False
2026-01-24 23:27:00+00:00,valid,0.5817726948432633,False
2026-01-24 23:28:00+00:00,valid,0.5538545576443997,False
2026-01-24 23:29:00+00:00,valid,0.5688762896888707,False
2026-01-24 23:30:00+00:00,valid,0.5294292473344367,False
2026-01-24 23:31:00+00:00,valid,0.5468693547102084,False
2026-01-24 23:32:00+00:00,valid,0.5491748917615504,False
2026-01-24 23:33:00+00:00,valid,0.5393951990143839,False
2026-01-24 23:34:00+00:00,valid,0.5338069902568625,False
2026-01-24 23:35:00+00:00,valid,0.559554278709772,False
2026-01-24 23:36:00+00:00,valid,0.5175589849332516,False
2026-01-24 23:37:00+00:00,valid,0.5386755888393658,False
2026-01-24 23:38:00+00:00,valid,0.5131333895967983,False
2026-01-24 23:39:00+00:00,valid,0.5733803740461838,False
2026-01-24 23:40:00+00:00,valid,1.1522183804917268,False
2026-01-24 23:41:00+00:00,valid,0.6054177588090665,False
2026-01-24 23:42:00+00:00,valid,0.5401171845133076,False
2026-01-24 23:43:00+00:00,valid,0.5677173782732615,False
2026-01-24 23:44:00+00:00,valid,0.577938953462707,False
2026-01-24 23:45:00+00:00,valid,0.5437767290517985,False
2026-01-24 23:46:00+00:00,valid,0.6874607042806123,False
2026-01-24 23:47:00+00:00,valid,0.6840609353139246,False
2026-01-24 23:48:00+00:00,valid,0.7193251236206001,False
2026-01-24 23:49:00+00:00,valid,1.0860456445756983,False
2026-01-24 23:50:00+00:00,valid,1.214004803905506,False
2026-01-24 23:51:00+00:00,valid,0.7214230123857527,False
2026-01-24 23:52:00+00:00,valid,0.648116944610567,False
2026-01-24 23:53:00+00:00,valid,0.617626630023181,False
2026-01-24 23:54:00+00:00,valid,0.5728753014421336,False
2026-01-24 23:55:00+00:00,valid,0.5670807533557382,False
2026-01-24 23:56:00+00:00,valid,0.5132039136153187,False
2026-01-24 23:57:00+00:00,valid,0.5350190639043737,False
2026-01-24 23:58:00+00:00,valid,0.5726328462441177,False
2026-01-24 23:59:00+00:00,valid,0.5360857454822425,False
2026-01-25 00:00:00+00:00,valid,0.5551734601353595,False
2026-01-25 00:01:00+00:00,valid,0.5523831270564886,False
2026-01-25 00:02:00+00:00,valid,0.5798456305749796,False
2026-01-25 00:03:00+00:00,valid,0.5594518766159781,False
2026-01-25 00:04:00+00:00,valid,0.5623908419050189,False
2026-01-25 00:05:00+00:00,valid,0.5907768326625598,False
2026-01-25 00:06:00+00:00,valid,0.6075948041886499,False
2026-01-25 00:07:00+00:00,valid,0.7152627229673362,False
2026-01-25 00:08:00+00:00,valid,0.6234053492379282,False
2026-01-25 00:09:00+00:00,valid,0.6571798878581591,False
2026-01-25 00:10:00+00:00,valid,0.632808220863395,False
2026-01-25 00:11:00+00:00,valid,0.6571687825075617,False
2026-01-25 00:12:00+00:00,valid,0.6535456054476898,False
2026-01-25 00:13:00+00:00,valid,0.6352806353737286,False
2026-01-25 00:14:00+00:00,valid,1.180745165258921,False
2026-01-25 00:15:00+00:00,valid,0.6863578864869159,False
2026-01-25 00:16:00+00:00,valid,0.6869321720874964,False
2026-01-25 00:17:00+00:00,valid,0.7220476814529969,False
2026-01-25 00:18:00+00:00,valid,0.7415723127214088,False
2026-01-25 00:19:00+00:00,valid,0.7406986185153981,False
2026-01-25 00:20:00+00:00,valid,0.7309744211012652,False
2026-01-25 00:21:00+00:00,valid,0.8063140633143726,False
2026-01-25 00:22:00+00:00,valid,0.8077696831225003,False
2026-01-25 00:23:00+00:00,valid,0.848688293621278,False
2026-01-25 00:24:00+00:00,valid,0.8672095048111054,False
2026-01-25 00:25:00+00:00,valid,0.8877778790055234,False
2026-01-25 00:26:00+00:00,valid,1.4220450690540116,False
2026-01-25 00:27:00+00:00,valid,0.9535181761335098,False
2026-01-25 00:28:00+00:00,valid,0.9361438403183927,False
2026-01-25 00:29:00+00:00,valid,0.8909889572433028,False
2026-01-25 00:30:00+00:00,valid,1.120616460689589,False
2026-01-25 00:31:00+00:00,valid,0.7718131474828823,False
2026-01-25 00:32:00+00:00,valid,0.8484874430018542,False
2026-01-25 00:33:00+00:00,valid,0.8988231238530076,False
2026-01-25 00:34:00+00:00,valid,0.8643602194982312,False
2026-01-25 00:35:00+00:00,valid,0.813743591987778,False
2026-01-25 00:36:00+00:00,valid,0.7921513109160938,False
2026-01-25 00:37:00+00:00,valid,0.732125411332111,False
2026-01-25 00:38:00+00:00,valid,0.7227367139287204,False
2026-01-25 00:39:00+00:00,valid,0.6110190953666835,False
2026-01-25 00:40:00+00:00,valid,0.6101446353148553,False
2026-01-25 00:41:00+00:00,valid,0.6271126296286337,False
2026-01-25 00:42:00+00:00,valid,0.6276023429311791,False
2026-01-25 00:43:00+00:00,valid,0.6074934167422346,False
2026-01-25 00:44:00+00:00,valid,0.6479675886045421,False
2026-01-25 00:45:00+00:00,valid,0.6191988512678477,False
2026-01-25 00:46:00+00:00,valid,0.6456780793376604,False
2026-01-25 00:47:00+00:00,valid,0.6195998333361383,False
2026-01-25 00:48:00+00:00,valid,0.631736045704014,False
2026-01-25 00:49:00+00:00,valid,0.6361873172105761,False
2026-01-25 00:50:00+00:00,valid,0.6780765845757484,False
2026-01-25 00:51:00+00:00,valid,0.7363705991744837,False
2026-01-25 00:52:00+00:00,valid,0.7377649410022518,False
2026-01-25 00:53:00+00:00,valid,0.6832019157781839,False
2026-01-25 00:54:00+00:00,valid,0.6709330236599163,False
2026-01-25 00:55:00+00:00,valid,0.659759485156678,False
2026-01-25 00:56:00+00:00,valid,0.7000955209119032,False
2026-01-25 00:57:00+00:00,valid,0.6679841576286512,False
2026-01-25 00:58:00+00:00,valid,0.6789026901424265,False
2026-01-25 00:59:00+00:00,valid,0.6603845502988024,False
2026-01-25 01:00:00+00:00,valid,0.7236563956966958,False
2026-01-25 01:01:00+00:00,valid,0.7467315283616102,False
2026-01-25 01:02:00+00:00,valid,0.7358898571884694,False
2026-01-25 01:03:00+00:00,valid,1.1507802761240928,False
2026-01-25 01:04:00+00:00,valid,1.779360818510045,False
2026-01-25 01:05:00+00:00,valid,0.7138577212389103,False
2026-01-25 01:06:00+00:00,valid,0.7033182545971456,False
2026-01-25 01:07:00+00:00,valid,0.7372470111059998,False
2026-01-25 01:08:00+00:00,valid,0.7787925019777875,False
2026-01-25 01:09:00+00:00,valid,0.861450059559594,False
2026-01-25 01:10:00+00:00,valid,0.8763416376273082,False
2026-01-25 01:11:00+00:00,valid,1.2751327447768475,False
2026-01-25 01:12:00+00:00,valid,0.9764068075895724,False
2026-01-25 01:13:00+00:00,valid,0.9614410911736505,False
2026-01-25 01:14:00+00:00,valid,0.9705310272273014,False
2026-01-25 01:15:00+00:00,valid,0.9192670383281518,False
2026-01-25 01:16:00+00:00,valid,0.9562011009632359,False
2026-01-25 01:17:00+00:00,valid,0.8541411892569479,False
2026-01-25 01:18:00+00:00,valid,0.9262070171888181,False
2026-01-25 01:19:00+00:00,valid,0.9366976928907768,False
2026-01-25 01:20:00+00:00,valid,1.405122191502693,False
2026-01-25 01:21:00+00:00,valid,0.95969165751978,False
2026-01-25 01:22:00+00:00,valid,0.9604513366904145,False
2026-01-25 01:23:00+00:00,valid,0.9137526001965035,False
2026-01-25 01:24:00+00:00,valid,0.8509150449623538,False
2026-01-25 01:25:00+00:00,valid,0.7875923073409069,False
2026-01-25 01:26:00+00:00,valid,0.7386085709792213,False
2026-01-25 01:27:00+00:00,valid,0.7657990312713496,False
2026-01-25 01:28:00+00:00,valid,0.799684651241643,False
2026-01-25 01:29:00+00:00,valid,0.7941352784978373,False
2026-01-25 01:30:00+00:00,valid,0.7641373293509861,False
2026-01-25 01:31:00+00:00,valid,0.746503257125204,False
2026-01-25 01:32:00+00:00,valid,0.7777806948812569,False
2026-01-25 01:33:00+00:00,valid,0.7527831953990727,False
2026-01-25 01:34:00+00:00,valid,0.7393988993160836,False
2026-01-25 01:35:00+00:00,valid,0.7803437974596182,False
2026-01-25 01:36:00+00:00,valid,0.7137964583896304,False
2026-01-25 01:37:00+00:00,valid,0.7632535506549384,False
2026-01-25 01:38:00+00:00,valid,0.7769616990804692,False
2026-01-25 01:39:00+00:00,valid,0.8000116190438943,False
2026-01-25 01:40:00+00:00,valid,0.7491213135734864,False
2026-01-25 01:41:00+00:00,valid,0.7121166838115017,False
2026-01-25 01:42:00+00:00,valid,0.7422984479071081,False
2026-01-25 01:43:00+00:00,valid,0.73255492790938,False
2026-01-25 01:44:00+00:00,valid,0.7623557178350558,False
2026-01-25 01:45:00+00:00,valid,0.7845425377149082,False
2026-01-25 01:46:00+00:00,valid,0.8213158698033455,False
2026-01-25 01:47:00+00:00,valid,0.8064676090472054,False
2026-01-25 01:48:00+00:00,valid,0.7936612302378289,False
2026-01-25 01:49:00+00:00,valid,0.7248106921408531,False
2026-01-25 01:50:00+00:00,valid,0.6983427642556936,False
2026-01-25 01:51:00+00:00,valid,0.7249590130919813,False
2026-01-25 01:52:00+00:00,valid,0.7118946198196671,False
2026-01-25 01:53:00+00:00,valid,0.7003101426599895,False
2026-01-25 01:54:00+00:00,valid,0.7444377920716299,False
2026-01-25 01:55:00+00:00,valid,0.6893002451676646,False
2026-01-25 01:56:00+00:00,valid,0.6763008821056625,False
2026-01-25 01:57:00+00:00,valid,0.6393977064993475,False
2026-01-25 01:58:00+00:00,valid,0.6750691214010673,False
2026-01-25 01:59:00+00:00,valid,0.6451266531064672,False
2026-01-25 02:00:00+00:00,valid,0.6821934243020316,False
2026-01-25 02:01:00+00:00,valid,1.2179219304560478,False
2026-01-25 02:02:00+00:00,valid,0.6793925320765701,False
2026-01-25 02:03:00+00:00,valid,1.1921753742229377,False
2026-01-25 02:04:00+00:00,valid,0.6866168101407196,False
2026-01-25 02:05:00+00:00,valid,0.7336791912531914,False
2026-01-25 02:06:00+00:00,valid,0.6826323863228846,False
2026-01-25 02:07:00+00:00,valid,0.68066307458278,False
2026-01-25 02:08:00+00:00,valid,0.6753378060518093,False
2026-01-25 02:09:00+00:00,valid,0.688829283513104,False
2026-01-25 02:10:00+00:00,valid,0.7050484105715437,False
2026-01-25 02:11:00+00:00,valid,0.6939408103539147,False
2026-01-25 02:12:00+00:00,valid,0.7714241822856809,False
2026-01-25 02:13:00+00:00,valid,0.7905388390721426,False
2026-01-25 02:14:00+00:00,valid,0.797409764611063,False
2026-01-25 02:15:00+00:00,valid,0.7281982179928966,False
2026-01-25 02:16:00+00:00,valid,0.7330943794333238,False
2026-01-25 02:17:00+00:00,valid,0.7007703692461483,False
2026-01-25 02:18:00+00:00,valid,0.7179364142427254,False
2026-01-25 02:19:00+00:00,valid,0.693676825493132,False
2026-01-25 02:20:00+00:00,valid,0.7150585623266774,False
2026-01-25 02:21:00+00:00,valid,0.6890178193557174,False
2026-01-25 02:22:00+00:00,valid,0.7179776850179872,False
2026-01-25 02:23:00+00:00,valid,1.0751849065486436,False
2026-01-25 02:24:00+00:00,valid,0.6565143300463143,False
2026-01-25 02:25:00+00:00,valid,0.6677187059660233,False
2026-01-25 02:26:00+00:00,valid,0.7015911820302776,False
2026-01-25 02:27:00+00:00,valid,0.7266118732139679,False
2026-01-25 02:28:00+00:00,valid,0.688749884011286,False
2026-01-25 02:29:00+00:00,valid,0.7570199562481759,False
2026-01-25 02:30:00+00:00,valid,0.7255221077072311,False
2026-01-25 02:31:00+00:00,valid,0.8037902360641278,False
2026-01-25 02:32:00+00:00,valid,0.767812971510677,False
2026-01-25 02:33:00+00:00,valid,0.7530109781132326,False
2026-01-25 02:34:00+00:00,valid,0.7106379645595203,False
2026-01-25 02:35:00+00:00,valid,0.7151698156185757,False
2026-01-25 02:36:00+00:00,valid,0.7122136418026114,False
2026-01-25 02:37:00+00:00,valid,0.7098815234614575,False
2026-01-25 02:38:00+00:00,valid,0.7385759503124192,False
2026-01-25 02:39:00+00:00,valid,0.7401396941983666,False
2026-01-25 02:40:00+00:00,valid,0.6959983161316002,False
2026-01-25 02:41:00+00:00,valid,0.6931537067912937,False
2026-01-25 02:42:00+00:00,valid,0.7263103148829168,False
2026-01-25 02:43:00+00:00,valid,0.7905302591631752,False
2026-01-25 02:44:00+00:00,valid,0.8504200890560051,False
2026-01-25 02:45:00+00:00,valid,1.204284080804225,False
2026-01-25 02:46:00+00:00,valid,0.8834131997491935,False
2026-01-25 02:47:00+00:00,valid,0.8571123618172204,False
2026-01-25 02:48:00+00:00,valid,0.7846576402628039,False
2026-01-25 02:49:00+00:00,valid,0.7360405923037598,False
2026-01-25 02:50:00+00:00,valid,0.7569534074709297,False
2026-01-25 02:51:00+00:00,valid,0.7915934103132832,False
2026-01-25 02:52:00+00:00,valid,0.7857392995352303,False
2026-01-25 02:53:00+00:00,valid,0.7728390972872549,False
2026-01-25 02:54:00+00:00,valid,0.7956157388323924,False
2026-01-25 02:55:00+00:00,valid,0.7512583851889892,False
2026-01-25 02:56:00+00:00,valid,0.7822524701560516,False
2026-01-25 02:57:00+00:00,valid,0.8291227461695713,False
2026-01-25 02:58:00+00:00,valid,0.809621207189977,False
2026-01-25 02:59:00+00:00,valid,0.8147478190814221,False
2026-01-25 03:00:00+00:00,valid,1.1365004657799194,False
2026-01-25 03:01:00+00:00,valid,0.7477543708652662,False
2026-01-25 03:02:00+00:00,valid,0.751382629083998,False
2026-01-25 03:03:00+00:00,valid,1.250874127881911,False
2026-01-25 03:04:00+00:00,valid,0.7317930289525132,False
2026-01-25 03:05:00+00:00,valid,0.7868048688888585,False
2026-01-25 03:06:00+00:00,valid,0.7618804908144182,False
2026-01-25 03:07:00+00:00,valid,0.7250681728518817,False
2026-01-25 03:08:00+00:00,valid,0.7033059389906343,False
2026-01-25 03:09:00+00:00,valid,0.6757884483454715,False
2026-01-25 03:10:00+00:00,valid,0.7404988174453325,False
2026-01-25 03:11:00+00:00,valid,1.228302046276567,False
2026-01-25 03:12:00+00:00,valid,0.7314790572951773,False
2026-01-25 03:13:00+00:00,valid,0.7566109894708731,False
2026-01-25 03:14:00+00:00,valid,1.1284457167521034,False
2026-01-25 03:15:00+00:00,valid,0.7647664587880229,False
2026-01-25 03:16:00+00:00,valid,0.7430291989624749,False
2026-01-25 03:17:00+00:00,valid,0.7854509757655653,False
2026-01-25 03:18:00+00:00,valid,0.7720531487145911,False
2026-01-25 03:19:00+00:00,valid,0.8041434865581504,False
2026-01-25 03:20:00+00:00,valid,0.7190767791838356,False
2026-01-25 03:21:00+00:00,valid,0.8101592697813771,False
2026-01-25 03:22:00+00:00,valid,0.808712370055079,False
2026-01-25 03:23:00+00:00,valid,0.7953260101626323,False
2026-01-25 03:24:00+00:00,valid,0.7450671758192541,False
2026-01-25 03:25:00+00:00,valid,0.7440487442284819,False
2026-01-25 03:26:00+00:00,valid,0.7741724002840636,False
2026-01-25 03:27:00+00:00,valid,0.7174054327405087,False
2026-01-25 03:28:00+00:00,valid,0.6691397852782284,False
2026-01-25 03:29:00+00:00,valid,0.6758071184402888,False
2026-01-25 03:30:00+00:00,valid,0.6614028872649949,False
2026-01-25 03:31:00+00:00,valid,0.6800840923924731,False
2026-01-25 03:32:00+00:00,valid,0.7236447586473833,False
2026-01-25 03:33:00+00:00,valid,0.6994281187533753,False
2026-01-25 03:34:00+00:00,valid,0.6831852041567037,False
2026-01-25 03:35:00+00:00,valid,0.712146228209194,False
2026-01-25 03:36:00+00:00,valid,0.8064503646251038,False
2026-01-25 03:37:00+00:00,valid,0.8268680511708578,False
2026-01-25 03:38:00+00:00,valid,0.8278248221429926,False
2026-01-25 03:39:00+00:00,valid,0.7887644939264804,False
2026-01-25 03:40:00+00:00,valid,0.7756961437122265,False
2026-01-25 03:41:00+00:00,valid,1.1254769020508226,False
2026-01-25 03:42:00+00:00,valid,0.6654499947086856,False
2026-01-25 03:43:00+00:00,valid,0.7360504720264672,False
2026-01-25 03:44:00+00:00,valid,0.6814908534069928,False
2026-01-25 03:45:00+00:00,valid,0.7555213640540924,False
2026-01-25 03:46:00+00:00,valid,0.7030975272506589,False
2026-01-25 03:47:00+00:00,valid,0.6994134586039799,False
2026-01-25 03:48:00+00:00,valid,0.6481777933960801,False
2026-01-25 03:49:00+00:00,valid,0.6601003701657029,False
2026-01-25 03:50:00+00:00,valid,0.624917933369466,False
2026-01-25 03:51:00+00:00,valid,0.6708052565654778,False
2026-01-25 03:52:00+00:00,valid,1.0956987198250159,False
2026-01-25 03:53:00+00:00,valid,0.6788212049586247,False
2026-01-25 03:54:00+00:00,valid,0.6979822640341804,False
2026-01-25 03:55:00+00:00,valid,0.728122054734735,False
2026-01-25 03:56:00+00:00,valid,0.752368789318795,False
2026-01-25 03:57:00+00:00,valid,0.7248929604433406,False
2026-01-25 03:58:00+00:00,valid,0.7162429519884321,False
2026-01-25 03:59:00+00:00,valid,0.6936751003849795,False
2026-01-25 04:00:00+00:00,valid,0.6668444190010328,False
2026-01-25 04:01:00+00:00,valid,0.6420451531851024,False
2026-01-25 04:02:00+00:00,valid,0.6243346216771426,False
2026-01-25 04:03:00+00:00,valid,0.6801479927946175,False
2026-01-25 04:04:00+00:00,valid,0.697360164723453,False
2026-01-25 04:05:00+00:00,valid,0.7461602743035621,False
2026-01-25 04:06:00+00:00,valid,0.7760688583353827,False
2026-01-25 04:07:00+00:00,valid,0.8249513631292018,False
2026-01-25 04:08:00+00:00,valid,0.8260177935452344,False
2026-01-25 04:09:00+00:00,valid,0.8525809582877478,False
2026-01-25 04:10:00+00:00,valid,0.881140747247292,False
2026-01-25 04:11:00+00:00,valid,0.8384203210250373,False
2026-01-25 04:12:00+00:00,valid,0.8094159200302147,False
2026-01-25 04:13:00+00:00,valid,0.8215401082406064,False
2026-01-25 04:14:00+00:00,valid,0.802832969849854,False
2026-01-25 04:15:00+00:00,valid,0.7868599692308791,False
2026-01-25 04:16:00+00:00,valid,0.7905136818050241,False
2026-01-25 04:17:00+00:00,valid,0.806862483622708,False
2026-01-25 04:18:00+00:00,valid,0.796767278514329,False
2026-01-25 04:19:00+00:00,valid,0.7811695670077782,False
2026-01-25 04:20:00+00:00,valid,1.2981459956526733,False
2026-01-25 04:21:00+00:00,valid,0.7245853703201665,False
2026-01-25 04:22:00+00:00,valid,0.7557666742227174,False
2026-01-25 04:23:00+00:00,valid,0.7717981844184657,False
2026-01-25 04:24:00+00:00,valid,1.1441668596571983,False
2026-01-25 04:25:00+00:00,valid,0.7937387166656593,False
2026-01-25 04:26:00+00:00,valid,0.8289999885888178,False
2026-01-25 04:27:00+00:00,valid,0.8232754727209326,False
2026-01-25 04:28:00+00:00,valid,0.790183304017268,False
2026-01-25 04:29:00+00:00,valid,0.802624780261887,False
2026-01-25 04:30:00+00:00,valid,0.7725650991235941,False
2026-01-25 04:31:00+00:00,valid,0.7984777468353392,False
2026-01-25 04:32:00+00:00,valid,1.09011372099352,False
2026-01-25 04:33:00+00:00,valid,0.7502045789656527,False
2026-01-25 04:34:00+00:00,valid,0.7280567152301651,False
2026-01-25 04:35:00+00:00,valid,0.7300855560899951,False
2026-01-25 04:36:00+00:00,valid,1.0134846232270451,False
2026-01-25 04:37:00+00:00,valid,0.7109843834370594,False
2026-01-25 04:38:00+00:00,valid,0.7462432394830717,False
2026-01-25 04:39:00+00:00,valid,0.7456160304357743,False
2026-01-25 04:40:00+00:00,valid,0.7761554807521907,False
2026-01-25 04:41:00+00:00,valid,0.688655228572952,False
2026-01-25 04:42:00+00:00,valid,0.6789209630305717,False
2026-01-25 04:43:00+00:00,valid,0.6970294228250838,False
2026-01-25 04:44:00+00:00,valid,0.7092170697819744,False
2026-01-25 04:45:00+00:00,valid,0.7032320378725083,False
2026-01-25 04:46:00+00:00,valid,0.7269070904163063,False
2026-01-25 04:47:00+00:00,valid,0.6873487092883758,False
2026-01-25 04:48:00+00:00,valid,0.7356843793686108,False
2026-01-25 04:49:00+00:00,valid,0.7420466012098609,False
2026-01-25 04:50:00+00:00,valid,0.7469630874289015,False
2026-01-25 04:51:00+00:00,valid,0.6973294302353314,False
2026-01-25 04:52:00+00:00,valid,0.6364539718449138,False
2026-01-25 04:53:00+00:00,valid,0.6687045475251243,False
2026-01-25 04:54:00+00:00,valid,0.6956264276772556,False
2026-01-25 04:55:00+00:00,valid,0.7461984723030023,False
2026-01-25 04:56:00+00:00,valid,0.7128446549727028,False
2026-01-25 04:57:00+00:00,valid,0.7287018089195424,False
2026-01-25 04:58:00+00:00,valid,0.7507729968038459,False
2026-01-25 04:59:00+00:00,valid,0.7496949035889903,False
2026-01-25 05:00:00+00:00,valid,0.7253570675000679,False
2026-01-25 05:01:00+00:00,valid,0.6774222222876509,False
2026-01-25 05:02:00+00:00,valid,0.7174098919446411,False
2026-01-25 05:03:00+00:00,valid,0.6787754289286405,False
2026-01-25 05:04:00+00:00,valid,0.6817919419821685,False
2026-01-25 05:05:00+00:00,valid,0.671719741901255,False
2026-01-25 05:06:00+00:00,valid,0.6731228067637689,False
2026-01-25 05:07:00+00:00,valid,0.6838249289296024,False
2026-01-25 05:08:00+00:00,valid,0.6887241286350675,False
2026-01-25 05:09:00+00:00,valid,0.6729547551366523,False
2026-01-25 05:10:00+00:00,valid,0.7044948105245112,False
2026-01-25 05:11:00+00:00,valid,0.6776632143586251,False
2026-01-25 05:12:00+00:00,valid,0.6788204010363972,False
2026-01-25 05:13:00+00:00,valid,0.6443861941191673,False
2026-01-25 05:14:00+00:00,valid,0.6525642608854257,False
2026-01-25 05:15:00+00:00,valid,0.6715966550761884,False
2026-01-25 05:16:00+00:00,valid,0.6986639667009109,False
2026-01-25 05:17:00+00:00,valid,0.6606566090475479,False
2026-01-25 05:18:00+00:00,valid,0.7147955332465442,False
2026-01-25 05:19:00+00:00,valid,0.7102749204764949,False
2026-01-25 05:20:00+00:00,valid,0.7012394608759897,False
2026-01-25 05:21:00+00:00,valid,0.693728952332976,False
2026-01-25 05:22:00+00:00,valid,0.6845418726588052,False
2026-01-25 05:23:00+00:00,valid,0.7077981000406536,False
2026-01-25 05:24:00+00:00,valid,0.6787119122904364,False
2026-01-25 05:25:00+00:00,valid,0.6986903691466961,False
2026-01-25 05:26:00+00:00,valid,0.7257450166357329,False
2026-01-25 05:27:00+00:00,valid,0.7238205026075453,False
2026-01-25 05:28:00+00:00,valid,0.7382548413903448,False
2026-01-25 05:29:00+00:00,valid,0.7373536103825078,False
2026-01-25 05:30:00+00:00,valid,0.7213900254719714,False
2026-01-25 05:31:00+00:00,valid,0.7100724655659945,False
2026-01-25 05:32:00+00:00,valid,0.7109368341452745,False
2026-01-25 05:33:00+00:00,valid,0.7189668231884841,False
2026-01-25 05:34:00+00:00,valid,0.7255799225673345,False
2026-01-25 05:35:00+00:00,valid,0.7637233737875797,False
2026-01-25 05:36:00+00:00,valid,0.810693706991778,False
2026-01-25 05:37:00+00:00,valid,0.7876471294685743,False
2026-01-25 05:38:00+00:00,valid,0.7745584048616669,False
2026-01-25 05:39:00+00:00,valid,0.7302821198684715,False
2026-01-25 05:40:00+00:00,valid,0.7432277902576158,False
2026-01-25 05:41:00+00:00,valid,0.709734643733469,False
2026-01-25 05:42:00+00:00,valid,1.2826335564128053,False
2026-01-25 05:43:00+00:00,valid,0.6928993007492175,False
2026-01-25 05:44:00+00:00,valid,0.7153174700352897,False
2026-01-25 05:45:00+00:00,valid,0.7448160236413962,False
2026-01-25 05:46:00+00:00,valid,0.7532153363458158,False
2026-01-25 05:47:00+00:00,valid,0.7365878609050672,False
2026-01-25 05:48:00+00:00,valid,0.738130446371628,False
2026-01-25 05:49:00+00:00,valid,0.7756730350274873,False
2026-01-25 05:50:00+00:00,valid,0.7616044824697759,False
2026-01-25 05:51:00+00:00,valid,0.8097225667029813,False
2026-01-25 05:52:00+00:00,valid,0.7830864780418997,False
2026-01-25 05:53:00+00:00,valid,0.8009620169309849,False
2026-01-25 05:54:00+00:00,valid,0.7798958620318188,False
2026-01-25 05:55:00+00:00,valid,0.73657068744314,False
2026-01-25 05:56:00+00:00,valid,0.7455184334867814,False
2026-01-25 05:57:00+00:00,valid,0.7355178984753598,False
2026-01-25 05:58:00+00:00,valid,0.733744967971758,False
2026-01-25 05:59:00+00:00,valid,0.7570289306139939,False
2026-01-25 06:00:00+00:00,valid,1.2087895601252343,False
2026-01-25 06:01:00+00:00,valid,0.7582978369754818,False
2026-01-25 06:02:00+00:00,valid,0.7666341754732807,False
2026-01-25 06:03:00+00:00,valid,0.7651347915041268,False
2026-01-25 06:04:00+00:00,valid,0.7359798631140723,False
2026-01-25 06:05:00+00:00,valid,0.7645715608397494,False
2026-01-25 06:06:00+00:00,valid,0.7908734516660963,False
2026-01-25 06:07:00+00:00,valid,0.7926843217425698,False
2026-01-25 06:08:00+00:00,valid,0.8207144475911804,False
2026-01-25 06:09:00+00:00,valid,0.7519354258879584,False
2026-01-25 06:10:00+00:00,valid,1.2045945144288113,False
2026-01-25 06:11:00+00:00,valid,0.7935883777755284,False
2026-01-25 06:12:00+00:00,valid,0.7296229796297151,False
2026-01-25 06:13:00+00:00,valid,0.6955850253890449,False
2026-01-25 06:14:00+00:00,valid,0.628410749880191,False
2026-01-25 06:15:00+00:00,valid,1.154237360225237,False
2026-01-25 06:16:00+00:00,valid,0.6302582509242739,False
2026-01-25 06:17:00+00:00,valid,0.6630770658030632,False
2026-01-25 06:18:00+00:00,valid,0.6775018958790069,False
2026-01-25 06:19:00+00:00,valid,0.672297035218089,False
2026-01-25 06:20:00+00:00,valid,0.7015990160941635,False
2026-01-25 06:21:00+00:00,valid,0.7328991450682513,False
2026-01-25 06:22:00+00:00,valid,0.7343297669594473,False
2026-01-25 06:23:00+00:00,valid,0.7511935436372673,False
2026-01-25 06:24:00+00:00,valid,0.7523836795782401,False
2026-01-25 06:25:00+00:00,valid,0.8096180586159799,False
2026-01-25 06:26:00+00:00,valid,0.8091879481668653,False
2026-01-25 06:27:00+00:00,valid,0.8297639503323919,False
2026-01-25 06:28:00+00:00,valid,0.818107659627416,False
2026-01-25 06:29:00+00:00,valid,0.7488342921637372,False
2026-01-25 06:30:00+00:00,valid,1.1071141997121754,False
2026-01-25 06:31:00+00:00,valid,0.7065748503524789,False
2026-01-25 06:32:00+00:00,valid,0.7285251559824639,False
2026-01-25 06:33:00+00:00,valid,0.7793522385178971,False
2026-01-25 06:34:00+00:00,valid,0.7609772114283995,False
2026-01-25 06:35:00+00:00,valid,0.7368616051591126,False
2026-01-25 06:36:00+00:00,valid,0.785158229940197,False
2026-01-25 06:37:00+00:00,valid,0.7223767531709042,False
2026-01-25 06:38:00+00:00,valid,0.7810302635933494,False
2026-01-25 06:39:00+00:00,valid,0.7543032933721607,False
2026-01-25 06:40:00+00:00,valid,0.7782308839058367,False
2026-01-25 06:41:00+00:00,valid,0.7574229152227132,False
2026-01-25 06:42:00+00:00,valid,0.7418537956136985,False
2026-01-25 06:43:00+00:00,valid,0.7440074384432235,False
2026-01-25 06:44:00+00:00,valid,0.7326734651034379,False
2026-01-25 06:45:00+00:00,valid,0.7018550383560046,False
2026-01-25 06:46:00+00:00,valid,0.6768436837631775,False
2026-01-25 06:47:00+00:00,valid,0.706980968814518,False
2026-01-25 06:48:00+00:00,valid,0.6477831551915699,False
2026-01-25 06:49:00+00:00,valid,0.662437185106645,False
2026-01-25 06:50:00+00:00,valid,0.650045486571148,False
2026-01-25 06:51:00+00:00,valid,0.7189629090791633,False
2026-01-25 06:52:00+00:00,valid,0.7039424214258166,False
2026-01-25 06:53:00+00:00,valid,0.6912387982808311,False
2026-01-25 06:54:00+00:00,valid,0.6748040622201718,False
2026-01-25 06:55:00+00:00,valid,0.7107219019509683,False
2026-01-25 06:56:00+00:00,valid,0.9823623517498654,False
2026-01-25 06:57:00+00:00,valid,0.6178313389311598,False
2026-01-25 06:58:00+00:00,valid,0.6502954268541415,False
2026-01-25 06:59:00+00:00,valid,0.6504717565960594,False
2026-01-25 07:00:00+00:00,valid,0.6535464922938402,False
2026-01-25 07:01:00+00:00,valid,0.617794777804657,False
2026-01-25 07:02:00+00:00,valid,0.6004574312865495,False
2026-01-25 07:03:00+00:00,valid,0.6151139444872843,False
2026-01-25 07:04:00+00:00,valid,0.5888029577217598,False
2026-01-25 07:05:00+00:00,valid,0.6381068551582041,False
2026-01-25 07:06:00+00:00,valid,0.6042364742562703,False
2026-01-25 07:07:00+00:00,valid,0.6447513278277267,False
2026-01-25 07:08:00+00:00,valid,0.5979846467504055,False
2026-01-25 07:09:00+00:00,valid,0.657730251870834,False
2026-01-25 07:10:00+00:00,valid,0.6594020154386406,False
2026-01-25 07:11:00+00:00,valid,0.6395520452689857,False
2026-01-25 07:12:00+00:00,valid,0.6614347096438932,False
2026-01-25 07:13:00+00:00,valid,0.6710623496951651,False
2026-01-25 07:14:00+00:00,valid,0.718045938150821,False
2026-01-25 07:15:00+00:00,valid,0.7212474341898162,False
2026-01-25 07:16:00+00:00,valid,0.7324004760824881,False
2026-01-25 07:17:00+00:00,valid,0.6518156755822367,False
2026-01-25 07:18:00+00:00,valid,0.6266277295229499,False
2026-01-25 07:19:00+00:00,valid,0.5869234030371155,False
2026-01-25 07:20:00+00:00,valid,0.5044758296734242,False
2026-01-25 07:21:00+00:00,valid,0.4797463165754534,False
2026-01-25 07:22:00+00:00,valid,0.5082951226072022,False
2026-01-25 07:23:00+00:00,valid,0.5516383366828305,False
2026-01-25 07:24:00+00:00,valid,0.5559656157225439,False
2026-01-25 07:25:00+00:00,valid,0.5464587404208296,False
2026-01-25 07:26:00+00:00,valid,0.4948214545270346,False
2026-01-25 07:27:00+00:00,valid,0.4851557725254862,False
2026-01-25 07:28:00+00:00,valid,0.554375746355698,False
2026-01-25 07:29:00+00:00,valid,0.5026398677839617,False
2026-01-25 07:30:00+00:00,valid,0.4887490390889299,False
2026-01-25 07:31:00+00:00,valid,0.5129933190027184,False
2026-01-25 07:32:00+00:00,valid,0.4823634438153278,False
2026-01-25 07:33:00+00:00,valid,0.5390461065737386,False
2026-01-25 07:34:00+00:00,valid,0.514828265558504,False
2026-01-25 07:35:00+00:00,valid,0.5411143105250035,False
2026-01-25 07:36:00+00:00,valid,0.5549489786703808,False
2026-01-25 07:37:00+00:00,valid,0.5802107003216168,False
2026-01-25 07:38:00+00:00,valid,0.5394126549190142,False
2026-01-25 07:39:00+00:00,valid,0.5158311141498693,False
2026-01-25 07:40:00+00:00,valid,0.4808565866258669,False
2026-01-25 07:41:00+00:00,valid,0.5148355904775884,False
2026-01-25 07:42:00+00:00,valid,0.5696126762760665,False
2026-01-25 07:43:00+00:00,valid,0.5585655200573524,False
2026-01-25 07:44:00+00:00,valid,0.5314801932282797,False
2026-01-25 07:45:00+00:00,valid,0.5047099205643192,False
2026-01-25 07:46:00+00:00,valid,0.5101645966220288,False
2026-01-25 07:47:00+00:00,valid,0.5139838081076623,False
2026-01-25 07:48:00+00:00,valid,0.5233579429927289,False
2026-01-25 07:49:00+00:00,valid,0.5054319695893452,False
2026-01-25 07:50:00+00:00,valid,0.5315280349658768,False
2026-01-25 07:51:00+00:00,valid,0.5257773803525204,False
2026-01-25 07:52:00+00:00,valid,0.5302974416014692,False
2026-01-25 07:53:00+00:00,valid,0.5289591555116,False
2026-01-25 07:54:00+00:00,valid,0.529214928958238,False
2026-01-25 07:55:00+00:00,valid,0.5763552031692235,False
2026-01-25 07:56:00+00:00,valid,0.9763202649882853,False
2026-01-25 07:57:00+00:00,valid,0.5049492893795126,False
2026-01-25 07:58:00+00:00,valid,0.5070410131045293,False
2026-01-25 07:59:00+00:00,valid,0.5320693631291105,False
2026-01-25 08:00:00+00:00,valid,0.5476875405615758,False
2026-01-25 08:01:00+00:00,valid,0.5547685009257652,False
2026-01-25 08:02:00+00:00,valid,0.5594805764635806,False
2026-01-25 08:03:00+00:00,valid,0.5816648891657937,False
2026-01-25 08:04:00+00:00,valid,0.6694383202822582,False
2026-01-25 08:05:00+00:00,valid,0.6855941349186662,False
2026-01-25 08:06:00+00:00,valid,0.6337866946303604,False
2026-01-25 08:07:00+00:00,valid,0.6348894139703156,False
2026-01-25 08:08:00+00:00,valid,0.6102908205447959,False
2026-01-25 08:09:00+00:00,valid,0.9709994335447296,False
2026-01-25 08:10:00+00:00,valid,0.5288951231563458,False
2026-01-25 08:11:00+00:00,valid,0.46219887869291043,False
2026-01-25 08:12:00+00:00,valid,0.9563834622906994,False
2026-01-25 08:13:00+00:00,valid,0.5088252624002364,False
2026-01-25 08:14:00+00:00,valid,0.49769968747958293,False
2026-01-25 08:15:00+00:00,valid,0.9673422425812581,False
2026-01-25 08:16:00+00:00,valid,0.5639765512365883,False
2026-01-25 08:17:00+00:00,valid,0.6027345298201877,False
2026-01-25 08:18:00+00:00,valid,0.6075574940230284,False
2026-01-25 08:19:00+00:00,valid,1.170227862628014,False
2026-01-25 08:20:00+00:00,valid,0.5599457145879458,False
2026-01-25 08:21:00+00:00,valid,0.5910558918320014,False
2026-01-25 08:22:00+00:00,valid,0.6039012009249469,False
2026-01-25 08:23:00+00:00,valid,0.572959231620526,False
2026-01-25 08:24:00+00:00,valid,0.5333307414011436,False
2026-01-25 08:25:00+00:00,valid,0.5116735066916174,False
2026-01-25 08:26:00+00:00,valid,0.5328449203674175,False
2026-01-25 08:27:00+00:00,valid,0.48362290826658355,False
2026-01-25 08:28:00+00:00,valid,0.48161451347475687,False
2026-01-25 08:29:00+00:00,valid,0.4675873532758858,False
2026-01-25 08:30:00+00:00,valid,0.46739619445754693,False
2026-01-25 08:31:00+00:00,valid,0.49875095518899387,False
2026-01-25 08:32:00+00:00,valid,0.47642868823254725,False
2026-01-25 08:33:00+00:00,valid,0.48278323821787106,False
2026-01-25 08:34:00+00:00,valid,0.4846587125024746,False
2026-01-25 08:35:00+00:00,valid,0.483385887356158,False
2026-01-25 08:36:00+00:00,valid,0.5201119465317169,False
2026-01-25 08:37:00+00:00,valid,0.5857579403534509,False
2026-01-25 08:38:00+00:00,valid,0.6325563600048171,False
2026-01-25 08:39:00+00:00,valid,0.5877701052241567,False
2026-01-25 08:40:00+00:00,valid,0.5545739602871649,False
2026-01-25 08:41:00+00:00,valid,0.480006674826125,False
2026-01-25 08:42:00+00:00,valid,0.519077229159526,False
2026-01-25 08:43:00+00:00,valid,0.5634678213369636,False
2026-01-25 08:44:00+00:00,valid,0.5795290378725498,False
2026-01-25 08:45:00+00:00,valid,0.5748611237059248,False
2026-01-25 08:46:00+00:00,valid,0.5736027409614926,False
2026-01-25 08:47:00+00:00,valid,0.5396172894667363,False
2026-01-25 08:48:00+00:00,valid,0.5428853713389015,False
2026-01-25 08:49:00+00:00,valid,0.5998629023623557,False
2026-01-25 08:50:00+00:00,valid,0.5936359001053836,False
2026-01-25 08:51:00+00:00,valid,0.6070310787884996,False
2026-01-25 08:52:00+00:00,valid,0.6554160987248131,False
2026-01-25 08:53:00+00:00,valid,0.6454834217075166,False
2026-01-25 08:54:00+00:00,valid,0.5824236109721915,False
2026-01-25 08:55:00+00:00,valid,0.5827850087375377,False
2026-01-25 08:56:00+00:00,valid,0.5137645354863898,False
2026-01-25 08:57:00+00:00,valid,0.5163105712650918,False
2026-01-25 08:58:00+00:00,valid,0.4795959063932055,False
2026-01-25 08:59:00+00:00,valid,0.5370667918800099,False
2026-01-25 09:00:00+00:00,valid,0.48327071297315805,False
2026-01-25 09:01:00+00:00,valid,0.5046970708018234,False
2026-01-25 09:02:00+00:00,valid,0.5268137788607274,False
2026-01-25 09:03:00+00:00,valid,0.634239506404468,False
2026-01-25 09:04:00+00:00,valid,0.653452426047525,False
2026-01-25 09:05:00+00:00,valid,0.6448518218734346,False
2026-01-25 09:06:00+00:00,valid,0.6450434821323029,False
2026-01-25 09:07:00+00:00,valid,0.6627084635797493,False
2026-01-25 09:08:00+00:00,valid,0.5246689307289882,False
2026-01-25 09:09:00+00:00,valid,0.5213008574256556,False
2026-01-25 09:10:00+00:00,valid,0.5268041093409604,False
2026-01-25 09:11:00+00:00,valid,0.6279484210078635,False
2026-01-25 09:12:00+00:00,valid,0.5935136197776197,False
2026-01-25 09:13:00+00:00,valid,0.6079826833133568,False
2026-01-25 09:14:00+00:00,valid,0.6429919184544274,False
2026-01-25 09:15:00+00:00,valid,0.6958711085706617,False
2026-01-25 09:16:00+00:00,valid,0.6240132916761431,False
2026-01-25 09:17:00+00:00,valid,0.6232119094910199,False
2026-01-25 09:18:00+00:00,valid,0.6511564261878889,False
2026-01-25 09:19:00+00:00,valid,0.6822107884834543,False
2026-01-25 09:20:00+00:00,valid,0.6835702461884833,False
2026-01-25 09:21:00+00:00,valid,0.6711432018181602,False
2026-01-25 09:22:00+00:00,valid,1.1441978555309231,False
2026-01-25 09:23:00+00:00,valid,0.6860776954334197,False
2026-01-25 09:24:00+00:00,valid,0.6299172294151646,False
2026-01-25 09:25:00+00:00,valid,0.6158030827223088,False
2026-01-25 09:26:00+00:00,valid,0.5918149900811883,False
2026-01-25 09:27:00+00:00,valid,0.571121824116848,False
2026-01-25 09:28:00+00:00,valid,0.5895551996636378,False
2026-01-25 09:29:00+00:00,valid,0.5710111115578222,False
2026-01-25 09:30:00+00:00,valid,0.5710863018730934,False
2026-01-25 09:31:00+00:00,valid,0.583275884974139,False
2026-01-25 09:32:00+00:00,valid,0.5701516456721739,False
2026-01-25 09:33:00+00:00,valid,0.5626358583599742,False
2026-01-25 09:34:00+00:00,valid,0.5883802309641634,False
2026-01-25 09:35:00+00:00,valid,0.6238669444077888,False
2026-01-25 09:36:00+00:00,valid,1.27937935374429,False
2026-01-25 09:37:00+00:00,valid,0.6726300695138727,False
2026-01-25 09:38:00+00:00,valid,0.6740850852072986,False
2026-01-25 09:39:00+00:00,valid,0.6682056647926717,False
2026-01-25 09:40:00+00:00,valid,0.6889355959204913,False
2026-01-25 09:41:00+00:00,valid,0.599263255622183,False
2026-01-25 09:42:00+00:00,valid,0.5619887760096912,False
2026-01-25 09:43:00+00:00,valid,0.5676864948623607,False
2026-01-25 09:44:00+00:00,valid,0.5854202931509063,False
2026-01-25 09:45:00+00:00,valid,0.6015495338573723,False
2026-01-25 09:46:00+00:00,valid,0.6019756779580462,False
2026-01-25 09:47:00+00:00,valid,0.6354040291565478,False
2026-01-25 09:48:00+00:00,valid,0.5654399356421829,False
2026-01-25 09:49:00+00:00,valid,0.5892345832552159,False
2026-01-25 09:50:00+00:00,valid,0.5488991559763475,False
2026-01-25 09:51:00+00:00,valid,0.6261459018162592,False
2026-01-25 09:52:00+00:00,valid,0.5831052515361288,False
2026-01-25 09:53:00+00:00,valid,0.6468518964259683,False
2026-01-25 09:54:00+00:00,valid,0.6962102337203772,False
2026-01-25 09:55:00+00:00,valid,0.7834760294969884,False
2026-01-25 09:56:00+00:00,valid,0.7835330546485054,False
2026-01-25 09:57:00+00:00,valid,1.085442680315048,False
2026-01-25 09:58:00+00:00,valid,0.6194161865635335,False
2026-01-25 09:59:00+00:00,valid,0.5760951403981647,False
2026-01-25 10:00:00+00:00,valid,0.7050670992145354,False
2026-01-25 10:01:00+00:00,valid,0.7361980902997428,False
2026-01-25 10:02:00+00:00,valid,0.771084657914166,False
2026-01-25 10:03:00+00:00,valid,0.801707779531672,False
2026-01-25 10:04:00+00:00,valid,0.8227786848228621,False
2026-01-25 10:05:00+00:00,valid,0.7416508748641376,False
2026-01-25 10:06:00+00:00,valid,0.6446249165158785,False
2026-01-25 10:07:00+00:00,valid,0.5867039217168991,False
2026-01-25 10:08:00+00:00,valid,0.9874200889950338,False
2026-01-25 10:09:00+00:00,valid,0.4806900535424421,False
2026-01-25 10:10:00+00:00,valid,0.4948007908531059,False
2026-01-25 10:11:00+00:00,valid,0.47796321613313314,False
2026-01-25 10:12:00+00:00,valid,0.5399054312704415,False
2026-01-25 10:13:00+00:00,valid,0.5389307373692455,False
2026-01-25 10:14:00+00:00,valid,0.5247198891730592,False
2026-01-25 10:15:00+00:00,valid,0.510363859520404,False
2026-01-25 10:16:00+00:00,valid,0.5157641257051202,False
2026-01-25 10:17:00+00:00,valid,0.5240044472616051,False
2026-01-25 10:18:00+00:00,valid,0.5469373642437635,False
2026-01-25 10:19:00+00:00,valid,0.5673205846233129,False
2026-01-25 10:20:00+00:00,valid,0.5240548822630728,False
2026-01-25 10:21:00+00:00,valid,0.47345610907964986,False
2026-01-25 10:22:00+00:00,valid,0.5138541005758712,False
2026-01-25 10:23:00+00:00,valid,0.45605361373177117,False
2026-01-25 10:24:00+00:00,valid,0.5210560120226354,False
2026-01-25 10:25:00+00:00,valid,0.5418657455020669,False
2026-01-25 10:26:00+00:00,valid,0.5525281016111792,False
2026-01-25 10:27:00+00:00,valid,1.4313403633207444,False
2026-01-25 10:28:00+00:00,valid,1.0366103781927312,False
2026-01-25 10:29:00+00:00,valid,1.0506890699750393,False
2026-01-25 10:30:00+00:00,valid,1.0045233798304327,False
2026-01-25 10:31:00+00:00,valid,0.9912560707782794,False
2026-01-25 10:32:00+00:00,valid,0.9670364682879906,False
2026-01-25 10:33:00+00:00,valid,0.9785272208007351,False
2026-01-25 10:34:00+00:00,valid,0.9643597799004899,False
2026-01-25 10:35:00+00:00,valid,0.9910579878885094,False
2026-01-25 10:36:00+00:00,valid,1.0215570954476163,False
2026-01-25 10:37:00+00:00,valid,1.0436829197009543,False
2026-01-25 10:38:00+00:00,valid,1.0598502347721244,False
2026-01-25 10:39:00+00:00,valid,1.0631391191553985,False
2026-01-25 10:40:00+00:00,valid,1.1485070947541725,False
2026-01-25 10:41:00+00:00,valid,0.8023158775622656,False
2026-01-25 10:42:00+00:00,valid,0.7722459790299033,False
2026-01-25 10:43:00+00:00,valid,0.7442123282090966,False
2026-01-25 10:44:00+00:00,valid,0.6984365354997373,False
2026-01-25 10:45:00+00:00,valid,0.6697619159534719,False
2026-01-25 10:46:00+00:00,valid,1.0181775013247496,False
2026-01-25 10:47:00+00:00,valid,0.6104268670342938,False
2026-01-25 10:48:00+00:00,valid,0.5445687018527189,False
2026-01-25 10:49:00+00:00,valid,0.5474236975640877,False
2026-01-25 10:50:00+00:00,valid,0.49974611880006314,False
2026-01-25 10:51:00+00:00,valid,0.48482569000774955,False
2026-01-25 10:52:00+00:00,valid,0.49194736926047694,False
2026-01-25 10:53:00+00:00,valid,0.5054701807792363,False
2026-01-25 10:54:00+00:00,valid,0.5286226620597873,False
2026-01-25 10:55:00+00:00,valid,0.5100863550384265,False
2026-01-25 10:56:00+00:00,valid,0.5237404934040657,False
2026-01-25 10:57:00+00:00,valid,0.4833060315543945,False
2026-01-25 10:58:00+00:00,valid,0.4559145118402017,False
2026-01-25 10:59:00+00:00,valid,0.4716367887466604,False
2026-01-25 11:00:00+00:00,valid,0.4725646189324293,False
2026-01-25 11:01:00+00:00,valid,0.47227234245305516,False
2026-01-25 11:02:00+00:00,valid,0.46957804116071006,False
2026-01-25 11:03:00+00:00,valid,0.5360419708630245,False
2026-01-25 11:04:00+00:00,valid,0.47412016547761165,False
2026-01-25 11:05:00+00:00,valid,0.5560387999403338,False
2026-01-25 11:06:00+00:00,valid,0.5304725325145955,False
2026-01-25 11:07:00+00:00,valid,0.9381858490461749,False
2026-01-25 11:08:00+00:00,valid,0.5231649356980965,False
2026-01-25 11:09:00+00:00,valid,0.5543138340656977,False
2026-01-25 11:10:00+00:00,valid,0.539234581377754,False
2026-01-25 11:11:00+00:00,valid,0.5663083711624676,False
2026-01-25 11:12:00+00:00,valid,0.6242395035785195,False
2026-01-25 11:13:00+00:00,valid,0.6601843757129479,False
2026-01-25 11:14:00+00:00,valid,1.216511416842875,False
2026-01-25 11:15:00+00:00,valid,1.1991284437725331,False
2026-01-25 11:16:00+00:00,valid,0.6944603650190727,False
2026-01-25 11:17:00+00:00,valid,0.6944482565792305,False
2026-01-25 11:18:00+00:00,valid,0.6691590429015436,False
2026-01-25 11:19:00+00:00,valid,1.4583621021928408,False
2026-01-25 11:20:00+00:00,valid,0.6101323002109256,False
2026-01-25 11:21:00+00:00,valid,0.5879686595199688,False
2026-01-25 11:22:00+00:00,valid,0.5766063695153646,False
2026-01-25 11:23:00+00:00,valid,0.5026359862164603,False
2026-01-25 11:24:00+00:00,valid,0.531524340764805,False
2026-01-25 11:25:00+00:00,valid,0.5107460592789751,False
2026-01-25 11:26:00+00:00,valid,0.5866958418875867,False
2026-01-25 11:27:00+00:00,valid,0.567583790149135,False
2026-01-25 11:28:00+00:00,valid,0.6140393862801123,False
2026-01-25 11:29:00+00:00,valid,0.6793779485244307,False
2026-01-25 11:30:00+00:00,valid,0.6666616051023616,False
2026-01-25 11:31:00+00:00,valid,0.6743613395186995,False
2026-01-25 11:32:00+00:00,valid,0.747187417021775,False
2026-01-25 11:33:00+00:00,valid,0.719061297584664,False
2026-01-25 11:34:00+00:00,valid,0.7619380248923002,False
2026-01-25 11:35:00+00:00,valid,0.728549685707355,False
2026-01-25 11:36:00+00:00,valid,0.7611881518578161,False
2026-01-25 11:37:00+00:00,valid,0.723720198895949,False
2026-01-25 11:38:00+00:00,valid,0.7224328000995872,False
2026-01-25 11:39:00+00:00,valid,0.6521809670175334,False
2026-01-25 11:40:00+00:00,valid,0.6597770185772723,False
2026-01-25 11:41:00+00:00,valid,0.7040181945125907,False
2026-01-25 11:42:00+00:00,valid,0.770628072680669,False
2026-01-25 11:43:00+00:00,valid,0.6515475915309435,False
2026-01-25 11:44:00+00:00,valid,0.6620046676765611,False
2026-01-25 11:45:00+00:00,valid,1.190630382541626,False
2026-01-25 11:46:00+00:00,valid,0.6184447036588546,False
2026-01-25 11:47:00+00:00,valid,0.6504188110058614,False
2026-01-25 11:48:00+00:00,valid,0.9855056684311889,False
2026-01-25 11:49:00+00:00,valid,0.5704611639788358,False
2026-01-25 11:50:00+00:00,valid,0.5836967094347434,False
2026-01-25 11:51:00+00:00,valid,0.580873172624926,False
2026-01-25 11:52:00+00:00,valid,0.6108533273107726,False
2026-01-25 11:53:00+00:00,valid,0.6067989790545987,False
2026-01-25 11:54:00+00:00,valid,1.2111242775806774,False
2026-01-25 11:55:00+00:00,valid,1.2140619890891915,False
2026-01-25 11:56:00+00:00,valid,1.2001540539407396,False
2026-01-25 11:57:00+00:00,valid,1.2066792818650882,False
2026-01-25 11:58:00+00:00,valid,1.193741708981523,False
2026-01-25 11:59:00+00:00,valid,1.2163405768933873,False
2026-01-25 12:00:00+00:00,valid,1.2167648196819136,False
2026-01-25 12:01:00+00:00,valid,1.222181638455343,False
2026-01-25 12:02:00+00:00,valid,1.2108096497398233,False
2026-01-25 12:03:00+00:00,valid,1.2113675980412,False
2026-01-25 12:04:00+00:00,valid,1.2128033246107623,False
2026-01-25 12:05:00+00:00,valid,1.2128889958771587,False
2026-01-25 12:06:00+00:00,valid,1.2081890004434401,False
2026-01-25 12:07:00+00:00,valid,1.2115979603845437,False
2026-01-25 12:08:00+00:00,valid,1.4679888716283538,False
2026-01-25 12:09:00+00:00,valid,1.2123058881037936,False
2026-01-25 12:10:00+00:00,valid,1.2120350082098004,False
2026-01-25 12:11:00+00:00,valid,0.6224136960466006,False
2026-01-25 12:12:00+00:00,valid,0.5625598201175154,False
2026-01-25 12:13:00+00:00,valid,0.577713955292709,False
2026-01-25 12:14:00+00:00,valid,0.6671517282457758,False
2026-01-25 12:15:00+00:00,valid,0.6313031734887925,False
2026-01-25 12:16:00+00:00,valid,0.6251345580937444,False
2026-01-25 12:17:00+00:00,valid,0.6592824787916182,False
2026-01-25 12:18:00+00:00,valid,0.7204797728131471,False
2026-01-25 12:19:00+00:00,valid,0.7176693219946388,False
2026-01-25 12:20:00+00:00,valid,0.7570003784990758,False
2026-01-25 12:21:00+00:00,valid,0.7137280307769981,False
2026-01-25 12:22:00+00:00,valid,0.6675349986891724,False
2026-01-25 12:23:00+00:00,valid,0.6410680212507865,False
2026-01-25 12:24:00+00:00,valid,0.63271639159189,False
2026-01-25 12:25:00+00:00,valid,0.7385993850740062,False
2026-01-25 12:26:00+00:00,valid,0.6467085280446491,False
2026-01-25 12:27:00+00:00,valid,0.6189222086284498,False
2026-01-25 12:28:00+00:00,valid,0.5828947082582814,False
2026-01-25 12:29:00+00:00,valid,0.6408466742294896,False
2026-01-25 12:30:00+00:00,valid,0.6192365443082484,False
2026-01-25 12:31:00+00:00,valid,0.5303920569569749,False
2026-01-25 12:32:00+00:00,valid,0.5487497291195795,False
2026-01-25 12:33:00+00:00,valid,1.1115964047781863,False
2026-01-25 12:34:00+00:00,valid,0.5335253916933951,False
2026-01-25 12:35:00+00:00,valid,0.6310017306275796,False
2026-01-25 12:36:00+00:00,valid,1.0781839961852202,False
2026-01-25 12:37:00+00:00,valid,0.7073660286840959,False
2026-01-25 12:38:00+00:00,valid,0.7953789658076198,False
2026-01-25 12:39:00+00:00,valid,0.7481887609670684,False
2026-01-25 12:40:00+00:00,valid,0.7115979739647347,False
2026-01-25 12:41:00+00:00,valid,0.6586132495658515,False
2026-01-25 12:42:00+00:00,valid,0.6472090956628382,False
2026-01-25 12:43:00+00:00,valid,0.6145558910776163,False
2026-01-25 12:44:00+00:00,valid,0.6703760180645825,False
2026-01-25 12:45:00+00:00,valid,0.6708679414481199,False
2026-01-25 12:46:00+00:00,valid,0.7324416133074243,False
2026-01-25 12:47:00+00:00,valid,0.7648916187193652,False
2026-01-25 12:48:00+00:00,valid,0.7797552736871316,False
2026-01-25 12:49:00+00:00,valid,0.7742794681025625,False
2026-01-25 12:50:00+00:00,valid,0.7142990792934294,False
2026-01-25 12:51:00+00:00,valid,0.6824927657138931,False
2026-01-25 12:52:00+00:00,valid,0.6749428393561756,False
2026-01-25 12:53:00+00:00,valid,0.6680528075474585,False
2026-01-25 12:54:00+00:00,valid,0.6704741364025051,False
2026-01-25 12:55:00+00:00,valid,0.9899985255053392,False
2026-01-25 12:56:00+00:00,valid,0.6562481193118271,False
2026-01-25 12:57:00+00:00,valid,0.6779050625946279,False
2026-01-25 12:58:00+00:00,valid,0.708287469840206,False
2026-01-25 12:59:00+00:00,valid,1.112896393812627,False
2026-01-25 13:00:00+00:00,valid,0.7122632598862403,False
2026-01-25 13:01:00+00:00,valid,0.710673158851784,False
2026-01-25 13:02:00+00:00,valid,0.6639597670933045,False
2026-01-25 13:03:00+00:00,valid,0.6340145087473287,False
2026-01-25 13:04:00+00:00,valid,0.5739418335167996,False
2026-01-25 13:05:00+00:00,valid,0.6290889373256087,False
2026-01-25 13:06:00+00:00,valid,0.6334327878697537,False
2026-01-25 13:07:00+00:00,valid,0.6282493002859785,False
2026-01-25 13:08:00+00:00,valid,0.6189456153330312,False
2026-01-25 13:09:00+00:00,valid,0.5887649908807281,False
2026-01-25 13:10:00+00:00,valid,0.6541086839144353,False
2026-01-25 13:11:00+00:00,valid,0.6183003848489795,False
2026-01-25 13:12:00+00:00,valid,0.5900033005709642,False
2026-01-25 13:13:00+00:00,valid,0.6152045523088963,False
2026-01-25 13:14:00+00:00,valid,0.622049378593434,False
2026-01-25 13:15:00+00:00,valid,0.6474172797699816,False
2026-01-25 13:16:00+00:00,valid,0.6478104379765058,False
2026-01-25 13:17:00+00:00,valid,0.6861334068494965,False
2026-01-25 13:18:00+00:00,valid,0.7120435750175961,False
2026-01-25 13:19:00+00:00,valid,0.7729226140462001,False
2026-01-25 13:20:00+00:00,valid,0.7361327868248326,False
2026-01-25 13:21:00+00:00,valid,0.7267050191597358,False
2026-01-25 13:22:00+00:00,valid,0.6465870472291078,False
2026-01-25 13:23:00+00:00,valid,0.594322108396429,False
2026-01-25 13:24:00+00:00,valid,0.5802180582509106,False
2026-01-25 13:25:00+00:00,valid,0.652454893767651,False
2026-01-25 13:26:00+00:00,valid,0.6983883585474225,False
2026-01-25 13:27:00+00:00,valid,0.7931886854832867,False
2026-01-25 13:28:00+00:00,valid,0.8103803950495853,False
2026-01-25 13:29:00+00:00,valid,0.8012690990721215,False
2026-01-25 13:30:00+00:00,valid,0.721694274462246,False
2026-01-25 13:31:00+00:00,valid,0.6577059349536386,False
2026-01-25 13:32:00+00:00,valid,0.9198547354515209,False
2026-01-25 13:33:00+00:00,valid,0.5512944308359382,False
2026-01-25 13:34:00+00:00,valid,0.502086234989468,False
2026-01-25 13:35:00+00:00,valid,0.5117981701662551,False
2026-01-25 13:36:00+00:00,valid,0.5178195211164432,False
2026-01-25 13:37:00+00:00,valid,0.5444842260468784,False
2026-01-25 13:40:00+00:00,valid,0.522972258522997,False
2026-01-25 13:41:00+00:00,valid,0.5032371259421325,False
2026-01-25 13:42:00+00:00,valid,0.5036799121973191,False
2026-01-25 13:43:00+00:00,valid,0.48256883197802464,False
2026-01-25 13:44:00+00:00,valid,1.094148130053546,False
2026-01-25 13:45:00+00:00,valid,0.5028102881147448,False
2026-01-25 13:46:00+00:00,valid,0.4681727688928594,False
2026-01-25 13:47:00+00:00,valid,0.4942146291510489,False
2026-01-25 13:48:00+00:00,valid,0.5035755234640329,False
2026-01-25 13:49:00+00:00,valid,0.47441402325268195,False
2026-01-25 13:50:00+00:00,valid,0.4768176400057201,False
2026-01-25 13:51:00+00:00,valid,0.4668651736728948,False
2026-01-25 13:52:00+00:00,valid,0.4738632802666813,False
2026-01-25 13:53:00+00:00,valid,1.1466486126439257,False
2026-01-25 13:54:00+00:00,valid,0.5199977146948209,False
2026-01-25 13:55:00+00:00,valid,0.5553596780109942,False
2026-01-25 13:56:00+00:00,valid,0.5506732225002232,False
2026-01-25 13:57:00+00:00,valid,0.5439111841208686,False
2026-01-25 13:58:00+00:00,valid,0.529090592829249,False
2026-01-25 13:59:00+00:00,valid,0.5387634240169242,False
2026-01-25 14:00:00+00:00,valid,0.49751508581352993,False
2026-01-25 14:01:00+00:00,valid,0.549515186801633,False
2026-01-25 14:02:00+00:00,valid,0.5609522337276627,False
2026-01-25 14:03:00+00:00,valid,0.4611842265026832,False
2026-01-25 14:04:00+00:00,valid,0.46719895298536385,False
2026-01-25 14:05:00+00:00,valid,0.4485731522674776,False
2026-01-25 14:06:00+00:00,valid,0.45860331533245396,False
2026-01-25 14:07:00+00:00,valid,0.472048155418901,False
2026-01-25 14:08:00+00:00,valid,0.4530963338763813,False
2026-01-25 14:09:00+00:00,valid,0.46015414218004924,False
2026-01-25 14:10:00+00:00,valid,0.42448531253575894,False
2026-01-25 14:11:00+00:00,valid,0.43416865639981245,False
2026-01-25 14:12:00+00:00,valid,0.4594997898593541,False
2026-01-25 14:13:00+00:00,valid,0.429341710483482,False
2026-01-25 14:14:00+00:00,valid,0.42851097000719357,False
2026-01-25 14:15:00+00:00,valid,0.49933166905645837,False
2026-01-25 14:16:00+00:00,valid,0.5317336518629825,False
2026-01-25 14:17:00+00:00,valid,0.5449520452154738,False
2026-01-25 14:18:00+00:00,valid,0.5282055601307202,False
2026-01-25 14:19:00+00:00,valid,0.5424426931364204,False
2026-01-25 14:20:00+00:00,valid,0.4999953230014607,False
2026-01-25 14:21:00+00:00,valid,0.5275163210312639,False
2026-01-25 14:22:00+00:00,valid,0.5401331155084382,False
2026-01-25 14:23:00+00:00,valid,0.5251065585539507,False
2026-01-25 14:24:00+00:00,valid,0.49904112401253314,False
2026-01-25 14:25:00+00:00,valid,0.4705188025057081,False
2026-01-25 14:26:00+00:00,valid,0.4754539355499915,False
2026-01-25 14:27:00+00:00,valid,0.49126603360267007,False
2026-01-25 14:28:00+00:00,valid,0.5092625066536987,False
2026-01-25 14:29:00+00:00,valid,0.5443966078811837,False
2026-01-25 14:30:00+00:00,valid,0.5215467264019927,False
2026-01-25 14:31:00+00:00,valid,0.9758221009179122,False
2026-01-25 14:32:00+00:00,valid,0.5783158009543484,False
2026-01-25 14:33:00+00:00,valid,0.5548625608788558,False
2026-01-25 14:34:00+00:00,valid,0.5272947562771524,False
2026-01-25 14:35:00+00:00,valid,0.543077453814659,False
2026-01-25 14:36:00+00:00,valid,0.5790279247510288,False
2026-01-25 14:37:00+00:00,valid,0.5766904036246061,False
2026-01-25 14:38:00+00:00,valid,0.5880953842897726,False
2026-01-25 14:39:00+00:00,valid,1.148365470820445,False
2026-01-25 14:40:00+00:00,valid,1.1002989369789127,False
2026-01-25 14:41:00+00:00,valid,1.1195049973067275,False
2026-01-25 14:42:00+00:00,valid,1.1182003393026647,False
2026-01-25 14:43:00+00:00,valid,1.1376419658273906,False
2026-01-25 14:44:00+00:00,valid,1.1246350577484328,False
2026-01-25 14:45:00+00:00,valid,1.1456757871870187,False
2026-01-25 14:46:00+00:00,valid,1.1869314036548182,False
2026-01-25 14:47:00+00:00,valid,1.1620643536045174,False
2026-01-25 14:48:00+00:00,valid,1.1706558916021308,False
2026-01-25 14:49:00+00:00,valid,1.1677684214991608,False
2026-01-25 14:50:00+00:00,valid,1.1489939604855501,False
2026-01-25 14:51:00+00:00,valid,1.1418838814852028,False
2026-01-25 14:52:00+00:00,valid,1.1443923388284154,False
2026-01-25 14:53:00+00:00,valid,1.1700969739602616,False
2026-01-25 14:54:00+00:00,valid,1.1926833146843558,False
2026-01-25 14:55:00+00:00,valid,1.1614369990240492,False
2026-01-25 14:56:00+00:00,valid,1.428445703503617,False
2026-01-25 14:57:00+00:00,valid,1.1279281605139049,False
2026-01-25 14:58:00+00:00,valid,1.1317476667135695,False
2026-01-25 14:59:00+00:00,valid,1.126120025701081,False
2026-01-25 15:00:00+00:00,valid,1.1056711047449184,False
2026-01-25 15:01:00+00:00,valid,1.3924748641650941,False
2026-01-25 15:02:00+00:00,valid,1.0747751371335408,False
2026-01-25 15:03:00+00:00,valid,1.0753756190358001,False
2026-01-25 15:04:00+00:00,valid,1.1061476588196015,False
2026-01-25 15:05:00+00:00,valid,1.0855048987111928,False
2026-01-25 15:06:00+00:00,valid,1.110954061995767,False
2026-01-25 15:07:00+00:00,valid,1.1740965335077946,False
2026-01-25 15:08:00+00:00,valid,1.1832953448183408,False
2026-01-25 15:09:00+00:00,valid,1.1684150476810777,False
2026-01-25 15:10:00+00:00,valid,1.15875286326279,False
2026-01-25 15:11:00+00:00,valid,1.1548605440226885,False
2026-01-25 15:12:00+00:00,valid,1.1534726036201843,False
2026-01-25 15:13:00+00:00,valid,1.1679000832777076,False
2026-01-25 15:14:00+00:00,valid,1.1333800597480228,False
2026-01-25 15:15:00+00:00,valid,1.1253435106444027,False
2026-01-25 15:16:00+00:00,valid,1.1269254169846152,False
2026-01-25 15:17:00+00:00,valid,1.1267401931415462,False
2026-01-25 15:18:00+00:00,valid,1.1343219723622149,False
2026-01-25 15:19:00+00:00,valid,1.567478129284385,False
2026-01-25 15:20:00+00:00,valid,1.1403320975255444,False
2026-01-25 15:21:00+00:00,valid,1.1688353909745504,False
2026-01-25 15:22:00+00:00,valid,1.1398985771441574,False
2026-01-25 15:23:00+00:00,valid,1.157300057903208,False
2026-01-25 15:24:00+00:00,valid,1.1512893139691103,False
2026-01-25 15:25:00+00:00,valid,1.135923597141058,False
2026-01-25 15:26:00+00:00,valid,1.1097248898848309,False
2026-01-25 15:27:00+00:00,valid,1.1260659329373268,False
2026-01-25 15:28:00+00:00,valid,1.1057262667477576,False
2026-01-25 15:29:00+00:00,valid,1.0763648576818032,False
2026-01-25 15:30:00+00:00,valid,1.0846140169184464,False
2026-01-25 15:31:00+00:00,valid,1.0877378904986992,False
2026-01-25 15:32:00+00:00,valid,1.0766727283328885,False
2026-01-25 15:33:00+00:00,valid,1.0863039286675658,False
2026-01-25 15:34:00+00:00,valid,0.5092464574773259,False
2026-01-25 15:35:00+00:00,valid,0.5200993133261838,False
2026-01-25 15:36:00+00:00,valid,0.5360409432444194,False
2026-01-25 15:37:00+00:00,valid,0.5668279568526907,False
2026-01-25 15:38:00+00:00,valid,0.5898661114959457,False
2026-01-25 15:39:00+00:00,valid,0.6234236326678567,False
2026-01-25 15:40:00+00:00,valid,0.6722667176220348,False
2026-01-25 15:41:00+00:00,valid,0.6701459471027279,False
2026-01-25 15:42:00+00:00,valid,0.6755355855569132,False
2026-01-25 15:43:00+00:00,valid,0.6654252285663701,False
2026-01-25 15:44:00+00:00,valid,0.6753612135472482,False
2026-01-25 15:45:00+00:00,valid,0.6840610261999593,False
2026-01-25 15:46:00+00:00,valid,1.0801840480767995,False
2026-01-25 15:47:00+00:00,valid,0.7137999119730325,False
2026-01-25 15:48:00+00:00,valid,0.7392986556718237,False
2026-01-25 15:49:00+00:00,valid,0.7527461728272379,False
2026-01-25 15:50:00+00:00,valid,0.718303006479647,False
2026-01-25 15:51:00+00:00,valid,0.6723767518138701,False
2026-01-25 15:52:00+00:00,valid,0.6262796748924253,False
2026-01-25 15:53:00+00:00,valid,0.6692504205142862,False
2026-01-25 15:54:00+00:00,valid,0.7589088729365905,False
2026-01-25 15:55:00+00:00,valid,0.7577531045790329,False
2026-01-25 15:56:00+00:00,valid,0.7333184820301358,False
2026-01-25 15:57:00+00:00,valid,0.7087201835082404,False
2026-01-25 15:58:00+00:00,valid,0.6450845594165862,False
2026-01-25 15:59:00+00:00,valid,0.624603465143984,False
2026-01-25 16:00:00+00:00,valid,0.7137562560282632,False
2026-01-25 16:01:00+00:00,valid,0.7774811018452467,False
2026-01-25 16:02:00+00:00,valid,0.8981142707008763,False
2026-01-25 16:03:00+00:00,valid,0.9134592485097545,False
2026-01-25 16:04:00+00:00,valid,0.9079071613917897,False
2026-01-25 16:05:00+00:00,valid,0.8255298065181479,False
2026-01-25 16:06:00+00:00,valid,0.7457914249745271,False
2026-01-25 16:07:00+00:00,valid,0.6779096838750223,False
2026-01-25 16:08:00+00:00,valid,0.6419597622505344,False
2026-01-25 16:09:00+00:00,valid,1.0442758159644694,False
2026-01-25 16:10:00+00:00,valid,1.0417362539687476,False
2026-01-25 16:11:00+00:00,valid,1.0386267316610442,False
2026-01-25 16:12:00+00:00,valid,1.0425767259993837,False
2026-01-25 16:13:00+00:00,valid,1.063210580686254,False
2026-01-25 16:14:00+00:00,valid,1.082017590885454,False
2026-01-25 16:15:00+00:00,valid,1.1423833407692845,False
2026-01-25 16:16:00+00:00,valid,1.1223721861886577,False
2026-01-25 16:17:00+00:00,valid,1.0913196226506743,False
2026-01-25 16:18:00+00:00,valid,1.083477811758725,False
2026-01-25 16:19:00+00:00,valid,1.0801655809089645,False
2026-01-25 16:20:00+00:00,valid,1.107007843376571,False
2026-01-25 16:21:00+00:00,valid,1.079268076743192,False
2026-01-25 16:22:00+00:00,valid,1.0847171779823483,False
2026-01-25 16:23:00+00:00,valid,1.0416115826980992,False
2026-01-25 16:24:00+00:00,valid,1.0735103491614992,False
2026-01-25 16:25:00+00:00,valid,1.0577080561651537,False
2026-01-25 16:26:00+00:00,valid,1.0750157313066813,False
2026-01-25 16:27:00+00:00,valid,1.0574959897586154,False
2026-01-25 16:28:00+00:00,valid,0.6152270796956248,False
2026-01-25 16:29:00+00:00,valid,0.6181672732787562,False
2026-01-25 16:30:00+00:00,valid,0.632891293323109,False
2026-01-25 16:31:00+00:00,valid,0.6583083660893259,False
2026-01-25 16:32:00+00:00,valid,0.680507739937459,False
2026-01-25 16:33:00+00:00,valid,0.6790825449500084,False
2026-01-25 16:34:00+00:00,valid,0.6594129795475232,False
2026-01-25 16:35:00+00:00,valid,0.6291463784171736,False
2026-01-25 16:36:00+00:00,valid,0.6338434877834465,False
2026-01-25 16:37:00+00:00,valid,0.6421803171470106,False
2026-01-25 16:38:00+00:00,valid,0.6261632477602973,False
2026-01-25 16:39:00+00:00,valid,0.6440624112336638,False
2026-01-25 16:40:00+00:00,valid,0.6250180524390508,False
2026-01-25 16:41:00+00:00,valid,1.021831566575936,False
2026-01-25 16:42:00+00:00,valid,0.6312472286028821,False
2026-01-25 16:43:00+00:00,valid,0.6495378116050846,False
2026-01-25 16:44:00+00:00,valid,0.6147615997807556,False
2026-01-25 16:45:00+00:00,valid,0.6573426325180344,False
2026-01-25 16:46:00+00:00,valid,0.6257867265826451,False
2026-01-25 16:47:00+00:00,valid,0.60756056693077,False
2026-01-25 16:48:00+00:00,valid,0.6250839483461251,False
2026-01-25 16:49:00+00:00,valid,1.0331323497603844,False
2026-01-25 16:50:00+00:00,valid,0.9374709199432518,False
2026-01-25 16:51:00+00:00,valid,0.5980725019448728,False
2026-01-25 16:52:00+00:00,valid,0.6336673770898571,False
2026-01-25 16:53:00+00:00,valid,0.6640709633875103,False
2026-01-25 16:54:00+00:00,valid,0.6792475802152074,False
2026-01-25 16:55:00+00:00,valid,0.6538008221444802,False
2026-01-25 16:56:00+00:00,valid,0.5996978773252142,False
2026-01-25 16:57:00+00:00,valid,0.5596933948131225,False
2026-01-25 16:58:00+00:00,valid,0.5792216760467166,False
2026-01-25 16:59:00+00:00,valid,0.597438748928403,False
2026-01-25 17:00:00+00:00,valid,0.6125157686132451,False
2026-01-25 17:01:00+00:00,valid,0.6232012336548539,False
2026-01-25 17:02:00+00:00,valid,0.5872646434716651,False
2026-01-25 17:03:00+00:00,valid,0.5838025755772832,False
2026-01-25 17:04:00+00:00,valid,0.5962094249610949,False
2026-01-25 17:05:00+00:00,valid,0.6338485879388995,False
2026-01-25 17:06:00+00:00,valid,0.6406969163953081,False
2026-01-25 17:07:00+00:00,valid,0.7236872087937595,False
2026-01-25 17:08:00+00:00,valid,0.7330242127430318,False
2026-01-25 17:09:00+00:00,valid,0.7161957868873178,False
2026-01-25 17:10:00+00:00,valid,0.6755914445815534,False
2026-01-25 17:11:00+00:00,valid,1.082022378229513,False
2026-01-25 17:12:00+00:00,valid,0.6820058013918157,False
2026-01-25 17:13:00+00:00,valid,0.6438965501884638,False
2026-01-25 17:14:00+00:00,valid,0.6005361628234567,False
2026-01-25 17:15:00+00:00,valid,0.6111467776591821,False
2026-01-25 17:16:00+00:00,valid,0.5662550897073544,False
2026-01-25 17:17:00+00:00,valid,0.6270885413383173,False
2026-01-25 17:18:00+00:00,valid,0.5783957411776519,False
2026-01-25 17:19:00+00:00,valid,0.5641181990658246,False
2026-01-25 17:20:00+00:00,valid,0.5428080856472561,False
2026-01-25 17:21:00+00:00,valid,0.5307969254460208,False
2026-01-25 17:22:00+00:00,valid,0.5828336624891961,False
2026-01-25 17:23:00+00:00,valid,0.5608609636110434,False
2026-01-25 17:24:00+00:00,valid,0.5374238648698151,False
2026-01-25 17:25:00+00:00,valid,0.5669709063882133,False
2026-01-25 17:26:00+00:00,valid,0.5794853853063877,False
2026-01-25 17:27:00+00:00,valid,0.6116929994551731,False
2026-01-25 17:28:00+00:00,valid,0.5592093484551441,False
2026-01-25 17:29:00+00:00,valid,0.5772251616739552,False
2026-01-25 17:30:00+00:00,valid,0.5789280317421568,False
2026-01-25 17:31:00+00:00,valid,0.6247155333901769,False
2026-01-25 17:32:00+00:00,valid,0.6196576569515905,False
2026-01-25 17:33:00+00:00,valid,0.5743349762224205,False
2026-01-25 17:34:00+00:00,valid,0.5424943209772692,False
2026-01-25 17:35:00+00:00,valid,0.986792103853257,False
2026-01-25 17:36:00+00:00,valid,0.5111819673693823,False
2026-01-25 17:37:00+00:00,valid,0.5352693602736927,False
2026-01-25 17:38:00+00:00,valid,0.5460642457712667,False
2026-01-25 17:39:00+00:00,valid,0.5804296511639603,False
2026-01-25 17:40:00+00:00,valid,1.087244798550512,False
2026-01-25 17:41:00+00:00,valid,0.5434492925355483,False
2026-01-25 17:42:00+00:00,valid,0.5309801549939092,False
2026-01-25 17:43:00+00:00,valid,0.5532987451747092,False
2026-01-25 17:44:00+00:00,valid,0.5993330944525066,False
2026-01-25 17:45:00+00:00,valid,0.5705082439888192,False
2026-01-25 17:46:00+00:00,valid,0.5184954299010762,False
2026-01-25 17:47:00+00:00,valid,0.5321419287258098,False
2026-01-25 17:48:00+00:00,valid,0.5829014541244669,False
2026-01-25 17:49:00+00:00,valid,0.5953955036433666,False
2026-01-25 17:50:00+00:00,valid,1.0826088904672724,False
2026-01-25 17:51:00+00:00,valid,0.6022201290528157,False
2026-01-25 17:52:00+00:00,valid,0.5661153570683267,False
2026-01-25 17:53:00+00:00,valid,0.5335016576262536,False
2026-01-25 17:54:00+00:00,valid,0.5098913244825412,False
2026-01-25 17:55:00+00:00,valid,0.5087998991041512,False
2026-01-25 17:56:00+00:00,valid,0.5308694787278304,False
2026-01-25 17:57:00+00:00,valid,0.537397534989879,False
2026-01-25 17:58:00+00:00,valid,0.5854082522310442,False
2026-01-25 17:59:00+00:00,valid,0.6126785604570114,False
2026-01-25 18:00:00+00:00,valid,0.6043331743099739,False
2026-01-25 18:01:00+00:00,valid,1.022830960242861,False
2026-01-25 18:02:00+00:00,valid,0.6125368159939063,False
2026-01-25 18:03:00+00:00,valid,0.590203201969764,False
2026-01-25 18:04:00+00:00,valid,0.5735843469655844,False
2026-01-25 18:05:00+00:00,valid,0.541904924122077,False
2026-01-25 18:06:00+00:00,valid,0.5644954241262125,False
2026-01-25 18:07:00+00:00,valid,0.5449968760506879,False
2026-01-25 18:08:00+00:00,valid,0.5707092922334159,False
2026-01-25 18:09:00+00:00,valid,0.5628896664768058,False
2026-01-25 18:10:00+00:00,valid,0.5741150668897324,False
2026-01-25 18:11:00+00:00,valid,0.6537665420083636,False
2026-01-25 18:12:00+00:00,valid,0.7101007379736304,False
2026-01-25 18:13:00+00:00,valid,0.761314313768867,False
2026-01-25 18:14:00+00:00,valid,0.7318471025663835,False
2026-01-25 18:15:00+00:00,valid,0.7176674366396859,False
2026-01-25 18:16:00+00:00,valid,0.6571350915756239,False
2026-01-25 18:17:00+00:00,valid,0.6785580755692295,False
2026-01-25 18:18:00+00:00,valid,0.6328316187336935,False
2026-01-25 18:19:00+00:00,valid,0.636858701382154,False
2026-01-25 18:20:00+00:00,valid,0.6548758809321477,False
2026-01-25 18:21:00+00:00,valid,0.6779229439256012,False
2026-01-25 18:22:00+00:00,valid,0.6902600080053797,False
2026-01-25 18:23:00+00:00,valid,0.663062390659628,False
2026-01-25 18:24:00+00:00,valid,0.6214067596424978,False
2026-01-25 18:25:00+00:00,valid,0.6684146098713094,False
2026-01-25 18:26:00+00:00,valid,0.7303062432593647,False
2026-01-25 18:27:00+00:00,valid,0.7229122684568233,False
2026-01-25 18:28:00+00:00,valid,0.7471484461489029,False
2026-01-25 18:29:00+00:00,valid,0.7524476728128563,False
2026-01-25 18:30:00+00:00,valid,0.73561276130828,False
2026-01-25 18:31:00+00:00,valid,0.715699870665156,False
2026-01-25 18:32:00+00:00,valid,0.678563529616526,False
2026-01-25 18:33:00+00:00,valid,0.7405122775314492,False
2026-01-25 18:34:00+00:00,valid,0.8273168812780967,False
2026-01-25 18:35:00+00:00,valid,0.8415127050863835,False
2026-01-25 18:36:00+00:00,valid,0.8789666403031903,False
2026-01-25 18:37:00+00:00,valid,0.7994554558458168,False
2026-01-25 18:38:00+00:00,valid,0.7692314989029845,False
2026-01-25 18:39:00+00:00,valid,0.6813587377522524,False
2026-01-25 18:40:00+00:00,valid,0.6543492830475848,False
2026-01-25 18:41:00+00:00,valid,0.6799904264109216,False
2026-01-25 18:42:00+00:00,valid,0.6878954927593461,False
2026-01-25 18:43:00+00:00,valid,0.6919360112800709,False
2026-01-25 18:44:00+00:00,valid,0.6655572680947965,False
2026-01-25 18:45:00+00:00,valid,0.6532201049948,False
2026-01-25 18:46:00+00:00,valid,0.9875901523695789,False
2026-01-25 18:47:00+00:00,valid,0.5733916680398092,False
2026-01-25 18:48:00+00:00,valid,0.5261348812679758,False
2026-01-25 18:49:00+00:00,valid,0.5165612821748169,False
2026-01-25 18:50:00+00:00,valid,0.5158065120119042,False
2026-01-25 18:51:00+00:00,valid,0.4907310687408515,False
2026-01-25 18:52:00+00:00,valid,0.47001654246121505,False
2026-01-25 18:53:00+00:00,valid,0.4786803375959473,False
2026-01-25 18:54:00+00:00,valid,0.49724723979581853,False
2026-01-25 18:55:00+00:00,valid,0.5334372673895076,False
2026-01-25 18:56:00+00:00,valid,0.5481521004324084,False
2026-01-25 18:57:00+00:00,valid,0.5900052907516841,False
2026-01-25 18:58:00+00:00,valid,0.5674059082766397,False
2026-01-25 18:59:00+00:00,valid,0.56025404625122,False
2026-01-25 19:00:00+00:00,valid,0.5997404974528704,False
2026-01-25 19:01:00+00:00,valid,0.5785820391546332,False
2026-01-25 19:02:00+00:00,valid,0.594636363211491,False
2026-01-25 19:03:00+00:00,valid,0.5815869983575749,False
2026-01-25 19:04:00+00:00,valid,0.626837419842184,False
2026-01-25 19:05:00+00:00,valid,0.6388015650259272,False
2026-01-25 19:06:00+00:00,valid,0.6264354906129402,False
2026-01-25 19:07:00+00:00,valid,0.6415613707346398,False
2026-01-25 19:08:00+00:00,valid,0.6781310917005469,False
2026-01-25 19:09:00+00:00,valid,0.6584280317342731,False
2026-01-25 19:10:00+00:00,valid,0.6505550409038313,False
2026-01-25 19:11:00+00:00,valid,0.6299252909471615,False
2026-01-25 19:12:00+00:00,valid,0.5848363090863625,False
2026-01-25 19:13:00+00:00,valid,0.6639569784100469,False
2026-01-25 19:14:00+00:00,valid,0.66306397402651,False
2026-01-25 19:15:00+00:00,valid,0.6859126924322668,False
2026-01-25 19:16:00+00:00,valid,0.6512700602153567,False
2026-01-25 19:17:00+00:00,valid,0.5864020376530321,False
2026-01-25 19:18:00+00:00,valid,0.5722718463384939,False
2026-01-25 19:19:00+00:00,valid,1.0021770736771731,False
2026-01-25 19:20:00+00:00,valid,0.6364460682421494,False
2026-01-25 19:21:00+00:00,valid,0.6109288207042171,False
2026-01-25 19:22:00+00:00,valid,0.9678743122183349,False
2026-01-25 19:23:00+00:00,valid,0.6124896425260458,False
2026-01-25 19:24:00+00:00,valid,0.6477235559550463,False
2026-01-25 19:25:00+00:00,valid,0.6350097677327153,False
2026-01-25 19:26:00+00:00,valid,0.6214155845102269,False
2026-01-25 19:27:00+00:00,valid,0.5781614733008595,False
2026-01-25 19:28:00+00:00,valid,0.5949634698310728,False
2026-01-25 19:29:00+00:00,valid,0.6177015482665804,False
2026-01-25 19:30:00+00:00,valid,0.6159067748135626,False
2026-01-25 19:31:00+00:00,valid,0.6279579538057696,False
2026-01-25 19:32:00+00:00,valid,0.684068046583047,False
2026-01-25 19:33:00+00:00,valid,0.6724795367145877,False
2026-01-25 19:34:00+00:00,valid,0.7056490449711464,False
2026-01-25 19:35:00+00:00,valid,0.7447590447244476,False
2026-01-25 19:36:00+00:00,valid,1.0959275501001244,False
2026-01-25 19:37:00+00:00,valid,0.7313794292045301,False
2026-01-25 19:38:00+00:00,valid,0.7080469987868886,False
2026-01-25 19:39:00+00:00,valid,0.6545008255594679,False
2026-01-25 19:40:00+00:00,valid,0.7026845669584595,False
2026-01-25 19:41:00+00:00,valid,0.6898760949839008,False
2026-01-25 19:42:00+00:00,valid,0.7308508126041839,False
2026-01-25 19:43:00+00:00,valid,0.7173432446718795,False
2026-01-25 19:44:00+00:00,valid,0.7520677452740592,False
2026-01-25 19:45:00+00:00,valid,0.7110722551122405,False
2026-01-25 19:46:00+00:00,valid,0.6628284651100692,False
2026-01-25 19:47:00+00:00,valid,0.6504484042943509,False
2026-01-25 19:48:00+00:00,valid,0.6628174990693843,False
2026-01-25 19:49:00+00:00,valid,0.7244990624723838,False
2026-01-25 19:50:00+00:00,valid,0.6996275414733528,False
2026-01-25 19:51:00+00:00,valid,0.6967378915613518,False
2026-01-25 19:52:00+00:00,valid,0.6570384047929644,False
2026-01-25 19:53:00+00:00,valid,0.6882581562949343,False
2026-01-25 19:54:00+00:00,valid,0.6249759193351192,False
2026-01-25 19:55:00+00:00,valid,0.6989132070117714,False
2026-01-25 19:56:00+00:00,valid,0.6497544018880492,False
2026-01-25 19:57:00+00:00,valid,0.7067981926762781,False
2026-01-25 19:58:00+00:00,valid,0.7265213422090591,False
2026-01-25 19:59:00+00:00,valid,1.2615149944943236,False
2026-01-25 20:00:00+00:00,valid,0.6837847471792706,False
2026-01-25 20:01:00+00:00,valid,0.7055025595405731,False
2026-01-25 20:02:00+00:00,valid,0.7065395237567201,False
2026-01-25 20:03:00+00:00,valid,0.7129848444262378,False
2026-01-25 20:04:00+00:00,valid,0.7539696146923943,False
2026-01-25 20:05:00+00:00,valid,0.761902344175997,False
2026-01-25 20:06:00+00:00,valid,0.7778952534105857,False
2026-01-25 20:07:00+00:00,valid,0.7949615593691712,False
2026-01-25 20:08:00+00:00,valid,0.7605714050973025,False
2026-01-25 20:09:00+00:00,valid,1.3275479070052059,False
2026-01-25 20:10:00+00:00,valid,0.7906725655446426,False
2026-01-25 20:11:00+00:00,valid,0.8289418010241402,False
2026-01-25 20:12:00+00:00,valid,0.7376734960153413,False
2026-01-25 20:13:00+00:00,valid,0.7488041167149954,False
2026-01-25 20:14:00+00:00,valid,0.7215353553437707,False
2026-01-25 20:15:00+00:00,valid,0.7654065607542965,False
2026-01-25 20:16:00+00:00,valid,0.7442068167618129,False
2026-01-25 20:17:00+00:00,valid,1.357249260515027,False
2026-01-25 20:18:00+00:00,valid,0.8096185275988598,False
2026-01-25 20:19:00+00:00,valid,0.8016290747971142,False
2026-01-25 20:20:00+00:00,valid,0.7556774595152544,False
2026-01-25 20:21:00+00:00,valid,0.7724875060997551,False
2026-01-25 20:22:00+00:00,valid,0.7401343395933699,False
2026-01-25 20:23:00+00:00,valid,0.7468978727924873,False
2026-01-25 20:24:00+00:00,valid,0.7261530463428589,False
2026-01-25 20:25:00+00:00,valid,0.7235171990783813,False
2026-01-25 20:26:00+00:00,valid,0.6831386023828814,False
2026-01-25 20:27:00+00:00,valid,0.7081377621678586,False
2026-01-25 20:28:00+00:00,valid,0.742843897505832,False
2026-01-25 20:29:00+00:00,valid,0.8032420730117386,False
2026-01-25 20:30:00+00:00,valid,0.7769899236897837,False
2026-01-25 20:31:00+00:00,valid,0.7350842584170737,False
2026-01-25 20:32:00+00:00,valid,0.7323894933425545,False
2026-01-25 20:33:00+00:00,valid,0.7593776895729148,False
2026-01-25 20:34:00+00:00,valid,0.7774837076989203,False
2026-01-25 20:35:00+00:00,valid,0.7812625440465953,False
2026-01-25 20:36:00+00:00,valid,1.5395927559402451,False
2026-01-25 20:37:00+00:00,valid,0.8212949844512092,False
2026-01-25 20:38:00+00:00,valid,0.8040725844740524,False
2026-01-25 20:39:00+00:00,valid,0.7589604687088612,False
2026-01-25 20:40:00+00:00,valid,0.7234100574519751,False
2026-01-25 20:41:00+00:00,valid,0.690589158534852,False
2026-01-25 20:42:00+00:00,valid,0.7011905894050651,False
2026-01-25 20:43:00+00:00,valid,0.7143988155171934,False
2026-01-25 20:44:00+00:00,valid,0.6729318371459946,False
2026-01-25 20:45:00+00:00,valid,0.7564241019235793,False
2026-01-25 20:46:00+00:00,valid,0.6778557743352551,False
2026-01-25 20:47:00+00:00,valid,0.6619135672274391,False
2026-01-25 20:48:00+00:00,valid,0.6741511921380184,False
2026-01-25 20:49:00+00:00,valid,0.6684939596396153,False
2026-01-25 20:50:00+00:00,valid,0.7261003713967948,False
2026-01-25 20:51:00+00:00,valid,1.8064480676060397,False
2026-01-25 20:52:00+00:00,valid,0.7191724676732477,False
2026-01-25 20:53:00+00:00,valid,0.6997177328428724,False
2026-01-25 20:54:00+00:00,valid,0.7059932217345103,False
2026-01-25 20:55:00+00:00,valid,0.6814473620692628,False
2026-01-25 20:56:00+00:00,valid,0.6921107948599563,False
2026-01-25 20:57:00+00:00,valid,1.0914353371409902,False
2026-01-25 20:58:00+00:00,valid,0.7333229709713488,False
2026-01-25 20:59:00+00:00,valid,0.6867448528437847,False
2026-01-25 21:00:00+00:00,valid,0.6740902299769624,False
2026-01-25 21:01:00+00:00,valid,0.6726451077583016,False
2026-01-25 21:02:00+00:00,valid,0.6522698112670022,False
2026-01-25 21:03:00+00:00,valid,0.6608665612309085,False
2026-01-25 21:04:00+00:00,valid,0.6066724338782008,False
2026-01-25 21:05:00+00:00,valid,0.679012769945569,False
2026-01-25 21:06:00+00:00,valid,0.6533403508085806,False
2026-01-25 21:07:00+00:00,valid,0.6730445977340304,False
2026-01-25 21:08:00+00:00,valid,0.608271838861517,False
2026-01-25 21:09:00+00:00,valid,0.5977149130944001,False
2026-01-25 21:10:00+00:00,valid,0.609706400814725,False
2026-01-25 21:11:00+00:00,valid,0.5355586792517802,False
2026-01-25 21:12:00+00:00,valid,0.5049317787765476,False
2026-01-25 21:13:00+00:00,valid,1.0765372356524323,False
2026-01-25 21:14:00+00:00,valid,0.511837199189193,False
2026-01-25 21:15:00+00:00,valid,0.5028690325082613,False
2026-01-25 21:16:00+00:00,valid,0.5352701855208783,False
2026-01-25 21:17:00+00:00,valid,0.5135274384364419,False
2026-01-25 21:18:00+00:00,valid,0.5246691270357293,False
2026-01-25 21:19:00+00:00,valid,0.5775200911990457,False
2026-01-25 21:20:00+00:00,valid,0.5864986775202293,False
2026-01-25 21:21:00+00:00,valid,0.6138671742055923,False
2026-01-25 21:22:00+00:00,valid,0.5963376486547252,False
2026-01-25 21:23:00+00:00,valid,0.6452936045949609,False
2026-01-25 21:24:00+00:00,valid,0.6870341695401114,False
2026-01-25 21:25:00+00:00,valid,1.1739020747632034,False
2026-01-25 21:26:00+00:00,valid,0.6391674060107067,False
2026-01-25 21:27:00+00:00,valid,0.5689370868023266,False
2026-01-25 21:28:00+00:00,valid,0.5633531973178011,False
2026-01-25 21:29:00+00:00,valid,0.5671972129476144,False
2026-01-25 21:30:00+00:00,valid,0.5720063938901546,False
2026-01-25 21:31:00+00:00,valid,0.5579404998924009,False
2026-01-25 21:32:00+00:00,valid,0.5665758162649465,False
2026-01-25 21:33:00+00:00,valid,0.5584540639428608,False
2026-01-25 21:34:00+00:00,valid,0.5204864473787527,False
2026-01-25 21:35:00+00:00,valid,0.52537539229823,False
2026-01-25 21:36:00+00:00,valid,0.5186561729288804,False
2026-01-25 21:37:00+00:00,valid,0.5200830570617878,False
2026-01-25 21:38:00+00:00,valid,0.47991988460865953,False
2026-01-25 21:39:00+00:00,valid,0.480155732483307,False
2026-01-25 21:40:00+00:00,valid,0.4773033372695488,False
2026-01-25 21:41:00+00:00,valid,0.5168207876809188,False
2026-01-25 21:42:00+00:00,valid,0.535049556403021,False
2026-01-25 21:43:00+00:00,valid,0.6055598081000857,False
2026-01-25 21:44:00+00:00,valid,0.5996221427274483,False
2026-01-25 21:45:00+00:00,valid,0.6298812039836025,False
2026-01-25 21:46:00+00:00,valid,0.599943546027453,False
2026-01-25 21:47:00+00:00,valid,1.0523987007340667,False
2026-01-25 21:48:00+00:00,valid,0.7013472031834501,False
2026-01-25 21:49:00+00:00,valid,0.6957934853522695,False
2026-01-25 21:50:00+00:00,valid,0.7291851918333926,False
2026-01-25 21:51:00+00:00,valid,0.717593856167338,False
2026-01-25 21:52:00+00:00,valid,0.707028485969011,False
2026-01-25 21:53:00+00:00,valid,0.7548120513208543,False
2026-01-25 21:54:00+00:00,valid,0.5887943005037657,False
2026-01-25 21:55:00+00:00,valid,0.6103082160788834,False
2026-01-25 21:56:00+00:00,valid,0.6075215517732898,False
2026-01-25 21:57:00+00:00,valid,0.6407801082970458,False
2026-01-25 21:58:00+00:00,valid,0.6499869481790395,False
2026-01-25 21:59:00+00:00,valid,0.6422486244778004,False
2026-01-25 22:00:00+00:00,valid,0.6395666117910866,False
2026-01-25 22:01:00+00:00,valid,0.6028190004043948,False
2026-01-25 22:02:00+00:00,valid,0.5185875905937981,False
2026-01-25 22:03:00+00:00,valid,0.5054734711526361,False
2026-01-25 22:04:00+00:00,valid,0.478400101575246,False
2026-01-25 22:05:00+00:00,valid,0.4963170764537979,False
2026-01-25 22:06:00+00:00,valid,1.0124091012288552,False
2026-01-25 22:07:00+00:00,valid,0.5104551392986971,False
2026-01-25 22:08:00+00:00,valid,0.5278368588635834,False
2026-01-25 22:09:00+00:00,valid,0.47561943628935227,False
2026-01-25 22:10:00+00:00,valid,0.4956356757068886,False
2026-01-25 22:11:00+00:00,valid,0.4791792935634804,False
2026-01-25 22:12:00+00:00,valid,0.5352140533403462,False
2026-01-25 22:13:00+00:00,valid,0.5311905918507959,False
2026-01-25 22:14:00+00:00,valid,0.5185417481775354,False
2026-01-25 22:15:00+00:00,valid,0.5448729607293736,False
2026-01-25 22:16:00+00:00,valid,0.5513400430203342,False
2026-01-25 22:17:00+00:00,valid,0.5401887641702432,False
2026-01-25 22:18:00+00:00,valid,0.5112560244407695,False
2026-01-25 22:19:00+00:00,valid,0.5335476734207999,False
2026-01-25 22:20:00+00:00,valid,0.5055521684370797,False
2026-01-25 22:21:00+00:00,valid,0.5460163447964317,False
2026-01-25 22:22:00+00:00,valid,0.5370401874953282,False
2026-01-25 22:23:00+00:00,valid,0.5586373315241585,False
2026-01-25 22:24:00+00:00,valid,0.5801883596337396,False
2026-01-25 22:25:00+00:00,valid,0.5667038858932214,False
2026-01-25 22:26:00+00:00,valid,0.6228801967189548,False
2026-01-25 22:27:00+00:00,valid,0.567517916262498,False
2026-01-25 22:28:00+00:00,valid,0.617185264286944,False
2026-01-25 22:29:00+00:00,valid,0.6551389227416167,False
2026-01-25 22:30:00+00:00,valid,0.6529301207752248,False
2026-01-25 22:31:00+00:00,valid,0.6834542077356258,False
2026-01-25 22:32:00+00:00,valid,0.6615547519413596,False
2026-01-25 22:33:00+00:00,valid,0.6740025517427614,False
2026-01-25 22:34:00+00:00,valid,0.7006886365845719,False
2026-01-25 22:35:00+00:00,valid,0.6573319870208952,False
2026-01-25 22:36:00+00:00,valid,0.6583521146576139,False
2026-01-25 22:37:00+00:00,valid,0.5857731717104879,False
2026-01-25 22:38:00+00:00,valid,0.5979954628442393,False
2026-01-25 22:39:00+00:00,valid,0.56066506824485,False
2026-01-25 22:40:00+00:00,valid,0.6058596924667246,False
2026-01-25 22:41:00+00:00,valid,1.0079711726443912,False
2026-01-25 22:42:00+00:00,valid,0.5662791798460416,False
2026-01-25 22:43:00+00:00,valid,0.5394250396476515,False
2026-01-25 22:44:00+00:00,valid,0.5478504796465172,False
2026-01-25 22:45:00+00:00,valid,0.5189211370921546,False
2026-01-25 22:46:00+00:00,valid,0.5464824868129333,False
2026-01-25 22:47:00+00:00,valid,0.5324830683712111,False
2026-01-25 22:48:00+00:00,valid,0.5337193006625321,False
2026-01-25 22:49:00+00:00,valid,0.5733107116613679,False
2026-01-25 22:50:00+00:00,valid,0.6085720706453068,False
2026-01-25 22:51:00+00:00,valid,0.6765556789719726,False
2026-01-25 22:52:00+00:00,valid,0.6529397207872948,False
2026-01-25 22:53:00+00:00,valid,0.6693938436408896,False
2026-01-25 22:54:00+00:00,valid,0.6540146948157488,False
2026-01-25 22:55:00+00:00,valid,0.6774010900223691,False
2026-01-25 22:56:00+00:00,valid,0.6811405571633364,False
2026-01-25 22:57:00+00:00,valid,0.6951613540858179,False
2026-01-25 22:58:00+00:00,valid,0.6421879657972469,False
2026-01-25 22:59:00+00:00,valid,0.6219077760765495,False
2026-01-25 23:00:00+00:00,valid,0.5633640373088451,False
2026-01-25 23:01:00+00:00,valid,0.5639464575350822,False
2026-01-25 23:02:00+00:00,valid,0.5338660150073368,False
2026-01-25 23:03:00+00:00,valid,0.9746840213363434,False
2026-01-25 23:04:00+00:00,valid,0.5382974018306752,False
2026-01-25 23:05:00+00:00,valid,0.5641289646520413,False
2026-01-25 23:06:00+00:00,valid,0.5908930107215625,False
2026-01-25 23:07:00+00:00,valid,0.6260827644531837,False
2026-01-25 23:08:00+00:00,valid,0.7101738429469429,False
2026-01-25 23:09:00+00:00,valid,0.7308217392446209,False
2026-01-25 23:10:00+00:00,valid,0.7146979071161988,False
2026-01-25 23:11:00+00:00,valid,0.6625951670071165,False
2026-01-25 23:12:00+00:00,valid,0.6506574740859731,False
2026-01-25 23:13:00+00:00,valid,0.5987679131277108,False
2026-01-25 23:14:00+00:00,valid,0.5935903505416089,False
2026-01-25 23:15:00+00:00,valid,0.6055876082941231,False
2026-01-25 23:16:00+00:00,valid,0.5503402356174802,False
2026-01-25 23:17:00+00:00,valid,0.557019303307668,False
2026-01-25 23:18:00+00:00,valid,0.5547841330906746,False
2026-01-25 23:19:00+00:00,valid,0.5270666878494937,False
2026-01-25 23:20:00+00:00,valid,0.5107589740268832,False
2026-01-25 23:21:00+00:00,valid,0.48946146466629314,False
2026-01-25 23:22:00+00:00,valid,0.520123890448174,False
2026-01-25 23:23:00+00:00,valid,0.5109593536225753,False
2026-01-25 23:24:00+00:00,valid,0.6019278211037371,False
2026-01-25 23:25:00+00:00,valid,0.5209132738215668,False
2026-01-25 23:26:00+00:00,valid,0.5261828460370901,False
2026-01-25 23:27:00+00:00,valid,0.4826504177222958,False
2026-01-25 23:28:00+00:00,valid,0.5261355375306596,False
2026-01-25 23:29:00+00:00,valid,0.5286653770059802,False
2026-01-25 23:30:00+00:00,valid,0.5440365110106453,False
2026-01-25 23:31:00+00:00,valid,0.6021635010998014,False
2026-01-25 23:32:00+00:00,valid,0.6193074079824289,False
2026-01-25 23:33:00+00:00,valid,0.6277589745999761,False
2026-01-25 23:34:00+00:00,valid,0.6637538096309162,False
2026-01-25 23:35:00+00:00,valid,0.6559306606545938,False
2026-01-25 23:36:00+00:00,valid,0.7039011621579956,False
2026-01-25 23:37:00+00:00,valid,0.7410138583611137,False
2026-01-25 23:38:00+00:00,valid,0.7678418807707779,False
2026-01-25 23:39:00+00:00,valid,0.7749083099545112,False
2026-01-25 23:40:00+00:00,valid,0.7225759298329432,False
2026-01-25 23:41:00+00:00,valid,0.6724406299749375,False
2026-01-25 23:42:00+00:00,valid,0.6882905955508081,False
2026-01-25 23:43:00+00:00,valid,0.6889667235227496,False
2026-01-25 23:44:00+00:00,valid,0.6880086110786996,False
2026-01-25 23:45:00+00:00,valid,1.0189679465988957,False
2026-01-25 23:46:00+00:00,valid,1.2877012557735796,False
2026-01-25 23:47:00+00:00,valid,0.6343812527917365,False
2026-01-25 23:48:00+00:00,valid,0.6162216058909422,False
2026-01-25 23:49:00+00:00,valid,0.6437970654345456,False
2026-01-25 23:50:00+00:00,valid,0.6255137969930668,False
2026-01-25 23:51:00+00:00,valid,0.6597951249450811,False
2026-01-25 23:52:00+00:00,valid,0.6940074683390093,False
2026-01-25 23:53:00+00:00,valid,0.6984255091502762,False
2026-01-25 23:54:00+00:00,valid,0.6855434413996263,False
2026-01-25 23:55:00+00:00,valid,0.6035095444457985,False
2026-01-25 23:56:00+00:00,valid,0.6157176951151193,False
2026-01-25 23:57:00+00:00,valid,0.5952812076181662,False
2026-01-25 23:58:00+00:00,valid,0.5773068111448868,False
2026-01-25 23:59:00+00:00,valid,0.5560476050134907,False
2026-01-26 00:00:00+00:00,valid,0.4990764111798129,False
2026-01-26 00:01:00+00:00,valid,0.993955495663444,False
2026-01-26 00:02:00+00:00,valid,0.5539961798260757,False
2026-01-26 00:03:00+00:00,valid,0.8864634279687797,False
2026-01-26 00:04:00+00:00,valid,1.0100147929704815,False
2026-01-26 00:05:00+00:00,valid,1.1020080422195795,False
2026-01-26 00:06:00+00:00,valid,1.1221111010861717,False
2026-01-26 00:07:00+00:00,valid,1.1650075109441227,False
2026-01-26 00:08:00+00:00,valid,1.3481089421381873,False
2026-01-26 00:09:00+00:00,valid,0.9641548148840868,False
2026-01-26 00:10:00+00:00,valid,0.9229678919680556,False
2026-01-26 00:11:00+00:00,valid,0.8436226235198307,False
2026-01-26 00:12:00+00:00,valid,0.6753477735355823,False
2026-01-26 00:13:00+00:00,valid,0.6290217892019626,False
2026-01-26 00:14:00+00:00,valid,0.6339122163054584,False
2026-01-26 00:15:00+00:00,valid,0.5898964771445818,False
2026-01-26 00:16:00+00:00,valid,0.5569486646280107,False
2026-01-26 00:17:00+00:00,valid,0.5656714746520408,False
2026-01-26 00:18:00+00:00,valid,0.5517349877806427,False
2026-01-26 00:19:00+00:00,valid,0.5764789111727502,False
2026-01-26 00:20:00+00:00,valid,0.6266097320641492,False
2026-01-26 00:21:00+00:00,valid,0.6038174561428462,False
2026-01-26 00:22:00+00:00,valid,0.6921212942827014,False
2026-01-26 00:23:00+00:00,valid,0.5783495183670812,False
2026-01-26 00:24:00+00:00,valid,0.5935056945977054,False
2026-01-26 00:25:00+00:00,valid,0.6081348069379355,False
2026-01-26 00:26:00+00:00,valid,0.8613916800040624,False
2026-01-26 00:27:00+00:00,valid,0.7460911831962485,False
2026-01-26 00:28:00+00:00,valid,0.7560546877955611,False
2026-01-26 00:29:00+00:00,valid,0.725254877275079,False
2026-01-26 00:30:00+00:00,valid,0.712224731531227,False
2026-01-26 00:31:00+00:00,valid,0.7796024582143716,False
2026-01-26 00:32:00+00:00,valid,1.306445689581541,False
2026-01-26 00:33:00+00:00,valid,0.656537532138143,False
2026-01-26 00:34:00+00:00,valid,0.6966421271690065,False
2026-01-26 00:35:00+00:00,valid,0.7193245491744045,False
2026-01-26 00:36:00+00:00,valid,0.6374691376670297,False
2026-01-26 00:37:00+00:00,valid,0.6519024742842494,False
2026-01-26 00:38:00+00:00,valid,0.6444050185089909,False
2026-01-26 00:39:00+00:00,valid,0.5804883293273315,False
2026-01-26 00:40:00+00:00,valid,0.6040917624760536,False
2026-01-26 00:41:00+00:00,valid,0.5857919793928538,False
2026-01-26 00:42:00+00:00,valid,0.6318442487282442,False
2026-01-26 00:43:00+00:00,valid,0.5843745975300455,False
2026-01-26 00:44:00+00:00,valid,0.6250817718578145,False
2026-01-26 00:45:00+00:00,valid,0.6052365948951086,False
2026-01-26 00:46:00+00:00,valid,0.6218868674406013,False
2026-01-26 00:47:00+00:00,valid,0.6250189411402263,False
2026-01-26 00:48:00+00:00,valid,0.6444122485311189,False
2026-01-26 00:49:00+00:00,valid,0.6233252615678104,False
2026-01-26 00:50:00+00:00,valid,0.6255871169768688,False
2026-01-26 00:51:00+00:00,valid,0.6875552604361729,False
2026-01-26 00:52:00+00:00,valid,0.6744479766327462,False
2026-01-26 00:53:00+00:00,valid,0.5862267777740987,False
2026-01-26 00:54:00+00:00,valid,0.5828935884778601,False
2026-01-26 00:55:00+00:00,valid,0.5961263404382421,False
2026-01-26 00:56:00+00:00,valid,0.6017923385009718,False
2026-01-26 00:57:00+00:00,valid,0.6187621530375366,False
2026-01-26 00:58:00+00:00,valid,0.6079760907211632,False
2026-01-26 00:59:00+00:00,valid,0.6490432065483854,False
2026-01-26 01:00:00+00:00,valid,0.6239502642092288,False
2026-01-26 01:01:00+00:00,valid,0.6449033992810344,False
2026-01-26 01:02:00+00:00,valid,0.6760157608904157,False
2026-01-26 01:03:00+00:00,valid,0.6471224968197611,False
2026-01-26 01:04:00+00:00,valid,0.6365513515854618,False
2026-01-26 01:05:00+00:00,valid,0.5863865000966529,False
2026-01-26 01:06:00+00:00,valid,0.5795389291802978,False
2026-01-26 01:07:00+00:00,valid,0.6080574718718511,False
2026-01-26 01:08:00+00:00,valid,0.6173274827392136,False
2026-01-26 01:09:00+00:00,valid,0.6557113823186563,False
2026-01-26 01:10:00+00:00,valid,0.6185402823228463,False
2026-01-26 01:11:00+00:00,valid,0.5913868133747909,False
2026-01-26 01:12:00+00:00,valid,0.5919702996963668,False
2026-01-26 01:13:00+00:00,valid,0.5979191341814701,False
2026-01-26 01:14:00+00:00,valid,0.6374737640601532,False
2026-01-26 01:17:00+00:00,valid,0.6354809159188197,False
2026-01-26 01:18:00+00:00,valid,0.6409439355304289,False
2026-01-26 01:19:00+00:00,valid,0.6318493131353955,False
2026-01-26 01:20:00+00:00,valid,0.6661751222447224,False
2026-01-26 01:21:00+00:00,valid,0.6094575259969719,False
2026-01-26 01:22:00+00:00,valid,0.6084582875880726,False
2026-01-26 01:23:00+00:00,valid,0.6141706877316022,False
2026-01-26 01:24:00+00:00,valid,0.6052876314975569,False
2026-01-26 01:25:00+00:00,valid,0.6202847132327934,False
2026-01-26 01:26:00+00:00,valid,0.653869699447933,False
2026-01-26 01:27:00+00:00,valid,0.6316917217563581,False
2026-01-26 01:28:00+00:00,valid,0.5887323939972986,False
2026-01-26 01:29:00+00:00,valid,0.5838558115941092,False
2026-01-26 01:30:00+00:00,valid,0.5623030058808558,False
2026-01-26 01:31:00+00:00,valid,0.5686621628269256,False
2026-01-26 01:32:00+00:00,valid,0.5817616171071296,False
2026-01-26 01:33:00+00:00,valid,0.5922432476648614,False
2026-01-26 01:34:00+00:00,valid,0.628327278670828,False
2026-01-26 01:35:00+00:00,valid,0.6761123462829829,False
2026-01-26 01:36:00+00:00,valid,0.6438622756964358,False
2026-01-26 01:37:00+00:00,valid,0.6049069757853777,False
2026-01-26 01:38:00+00:00,valid,0.5657961587833022,False
2026-01-26 01:39:00+00:00,valid,0.5933492148033723,False
2026-01-26 01:40:00+00:00,valid,0.5773459888916289,False
2026-01-26 01:41:00+00:00,valid,0.5749595078399594,False
2026-01-26 01:42:00+00:00,valid,0.6020536831345621,False
2026-01-26 01:43:00+00:00,valid,1.1694640163536767,False
2026-01-26 01:44:00+00:00,valid,0.6528151269489844,False
2026-01-26 01:45:00+00:00,valid,0.6601931729105265,False
2026-01-26 01:46:00+00:00,valid,0.6994963391817591,False
2026-01-26 01:47:00+00:00,valid,0.6456445074734886,False
2026-01-26 01:48:00+00:00,valid,0.6064258303238904,False
2026-01-26 01:49:00+00:00,valid,0.6212117202650052,False
2026-01-26 01:50:00+00:00,valid,0.6597771155357465,False
2026-01-26 01:51:00+00:00,valid,0.629896615779831,False
2026-01-26 01:52:00+00:00,valid,0.5636701218741353,False
2026-01-26 01:53:00+00:00,valid,0.6366601693224659,False
2026-01-26 01:54:00+00:00,valid,0.67920838157879,False
2026-01-26 01:55:00+00:00,valid,0.6548696895803477,False
2026-01-26 01:56:00+00:00,valid,0.6853311600435188,False
2026-01-26 01:57:00+00:00,valid,0.7205191504357354,False
2026-01-26 01:58:00+00:00,valid,0.7661356600478771,False
2026-01-26 01:59:00+00:00,valid,1.3451006612918877,False
2026-01-26 02:00:00+00:00,valid,0.7659678615421427,False
2026-01-26 02:01:00+00:00,valid,1.0345743372365317,False
2026-01-26 02:02:00+00:00,valid,0.6533703159896203,False
2026-01-26 02:03:00+00:00,valid,0.6903123116296309,False
2026-01-26 02:04:00+00:00,valid,0.6742495056412589,False
2026-01-26 02:05:00+00:00,valid,0.6145110301917358,False
2026-01-26 02:06:00+00:00,valid,0.6770899832687656,False
2026-01-26 02:07:00+00:00,valid,0.7303792164455586,False
2026-01-26 02:08:00+00:00,valid,0.7350686905429433,False
2026-01-26 02:09:00+00:00,valid,0.6906870416726113,False
2026-01-26 02:10:00+00:00,valid,1.0026272728119245,False
2026-01-26 02:11:00+00:00,valid,0.6313530220933695,False
2026-01-26 02:12:00+00:00,valid,0.6521205422671217,False
2026-01-26 02:13:00+00:00,valid,0.6484679222606005,False
2026-01-26 02:14:00+00:00,valid,0.6433391513111433,False
2026-01-26 02:15:00+00:00,valid,0.6335718207990101,False
2026-01-26 02:16:00+00:00,valid,0.6557443945547005,False
2026-01-26 02:17:00+00:00,valid,0.646860542308295,False
2026-01-26 02:18:00+00:00,valid,0.6632864803877744,False
2026-01-26 02:19:00+00:00,valid,0.6598810550887371,False
2026-01-26 02:20:00+00:00,valid,0.6537324149178018,False
2026-01-26 02:21:00+00:00,valid,0.6302480162571089,False
2026-01-26 02:22:00+00:00,valid,0.7116041363392112,False
2026-01-26 02:23:00+00:00,valid,0.6970556699283941,False
2026-01-26 02:24:00+00:00,valid,0.6967977955506658,False
2026-01-26 02:25:00+00:00,valid,0.6603482409217142,False
2026-01-26 02:26:00+00:00,valid,0.614274652673047,False
2026-01-26 02:27:00+00:00,valid,0.6434833472149085,False
2026-01-26 02:28:00+00:00,valid,1.163390343746752,False
2026-01-26 02:29:00+00:00,valid,0.6315417031842958,False
2026-01-26 02:30:00+00:00,valid,1.1227140052378821,False
2026-01-26 02:31:00+00:00,valid,0.5913628251144181,False
2026-01-26 02:32:00+00:00,valid,0.565755920742028,False
2026-01-26 02:33:00+00:00,valid,0.5374259184838335,False
2026-01-26 02:34:00+00:00,valid,0.5466421597400899,False
2026-01-26 02:35:00+00:00,valid,0.5428942928808195,False
2026-01-26 02:36:00+00:00,valid,0.5984056519780383,False
2026-01-26 02:37:00+00:00,valid,0.6956235265465408,False
2026-01-26 02:38:00+00:00,valid,0.7142015423052366,False
2026-01-26 02:39:00+00:00,valid,0.6935192922161595,False
2026-01-26 02:40:00+00:00,valid,1.0672308096445382,False
2026-01-26 02:41:00+00:00,valid,0.6679768892384753,False
2026-01-26 02:42:00+00:00,valid,0.8427733785247727,False
2026-01-26 02:43:00+00:00,valid,0.7009948730149751,False
2026-01-26 02:44:00+00:00,valid,0.6394521444897182,False
2026-01-26 02:45:00+00:00,valid,0.5758846146608475,False
2026-01-26 02:46:00+00:00,valid,0.5549171542082165,False
2026-01-26 02:47:00+00:00,valid,1.1030144705695346,False
2026-01-26 02:48:00+00:00,valid,0.7205493859440936,False
2026-01-26 02:49:00+00:00,valid,0.635667170768226,False
2026-01-26 02:50:00+00:00,valid,1.0298779628705106,False
2026-01-26 02:51:00+00:00,valid,0.6720817190722518,False
2026-01-26 02:52:00+00:00,valid,0.6125950645842839,False
2026-01-26 02:53:00+00:00,valid,0.6074117309742059,False
2026-01-26 02:54:00+00:00,valid,0.6186630982579175,False
2026-01-26 02:55:00+00:00,valid,0.6307011611307092,False
2026-01-26 02:56:00+00:00,valid,0.5791121001492422,False
2026-01-26 02:57:00+00:00,valid,0.5470950767540442,False
2026-01-26 02:58:00+00:00,valid,0.564281029974844,False
2026-01-26 02:59:00+00:00,valid,0.5913390847828767,False
2026-01-26 03:00:00+00:00,valid,0.6328086876136916,False
2026-01-26 03:01:00+00:00,valid,0.6737526769787527,False
2026-01-26 03:02:00+00:00,valid,0.6827982807957516,False
2026-01-26 03:03:00+00:00,valid,0.6882755423222732,False
2026-01-26 03:04:00+00:00,valid,0.6295224467391948,False
2026-01-26 03:05:00+00:00,valid,0.5569409964107247,False
2026-01-26 03:06:00+00:00,valid,0.5773029189538706,False
2026-01-26 03:07:00+00:00,valid,1.1409940073186229,False
2026-01-26 03:08:00+00:00,valid,0.6974684768923448,False
2026-01-26 03:09:00+00:00,valid,0.6915167300875407,False
2026-01-26 03:10:00+00:00,valid,0.6991204706388477,False
2026-01-26 03:11:00+00:00,valid,0.7079996100633652,False
2026-01-26 03:12:00+00:00,valid,0.6026088017947457,False
2026-01-26 03:13:00+00:00,valid,0.5474521105975851,False
2026-01-26 03:14:00+00:00,valid,0.5668992790342986,False
2026-01-26 03:15:00+00:00,valid,0.5603614182142233,False
2026-01-26 03:16:00+00:00,valid,0.5672498925304276,False
2026-01-26 03:17:00+00:00,valid,0.5397875620987451,False
2026-01-26 03:18:00+00:00,valid,0.5661233009753122,False
2026-01-26 03:19:00+00:00,valid,0.5805278962450793,False
2026-01-26 03:20:00+00:00,valid,0.5243119301081304,False
2026-01-26 03:21:00+00:00,valid,1.101119531448887,False
2026-01-26 03:22:00+00:00,valid,0.5338535820914274,False
2026-01-26 03:23:00+00:00,valid,0.5274761711961595,False
2026-01-26 03:24:00+00:00,valid,0.5916066237008023,False
2026-01-26 03:25:00+00:00,valid,0.5970083212285495,False
2026-01-26 03:26:00+00:00,valid,0.5908735161840509,False
2026-01-26 03:27:00+00:00,valid,0.5999747954927813,False
2026-01-26 03:28:00+00:00,valid,0.5831849096627462,False
2026-01-26 03:29:00+00:00,valid,0.6140183415325242,False
2026-01-26 03:30:00+00:00,valid,0.6080996937281528,False
2026-01-26 03:31:00+00:00,valid,0.5758540365562972,False
2026-01-26 03:32:00+00:00,valid,1.0067722987882897,False
2026-01-26 03:33:00+00:00,valid,0.5558535692665446,False
2026-01-26 03:34:00+00:00,valid,0.5961695775955482,False
2026-01-26 03:35:00+00:00,valid,0.9824101028405814,False
2026-01-26 03:36:00+00:00,valid,0.5233342816239255,False
2026-01-26 03:37:00+00:00,valid,0.5606058216841541,False
2026-01-26 03:38:00+00:00,valid,0.55011958141102,False
2026-01-26 03:39:00+00:00,valid,0.551885252579884,False
2026-01-26 03:40:00+00:00,valid,0.5526965725922567,False
2026-01-26 03:41:00+00:00,valid,0.6059134792666185,False
2026-01-26 03:42:00+00:00,valid,0.6150421387986702,False
2026-01-26 03:43:00+00:00,valid,0.6042807744701394,False
2026-01-26 03:44:00+00:00,valid,0.6007211685569089,False
2026-01-26 03:45:00+00:00,valid,0.6430243475365378,False
2026-01-26 03:46:00+00:00,valid,0.5838405269631762,False
2026-01-26 03:47:00+00:00,valid,1.2281286213431741,False
2026-01-26 03:48:00+00:00,valid,0.5343444434678444,False
2026-01-26 03:49:00+00:00,valid,0.5062485253378108,False
2026-01-26 03:50:00+00:00,valid,0.48733342435491,False
2026-01-26 03:51:00+00:00,valid,0.5386510131721985,False
2026-01-26 03:52:00+00:00,valid,0.5937554645958781,False
2026-01-26 03:53:00+00:00,valid,0.5613793923614555,False
2026-01-26 03:54:00+00:00,valid,0.5467547991191057,False
2026-01-26 03:55:00+00:00,valid,0.5377220969713216,False
2026-01-26 03:56:00+00:00,valid,0.5746821125655369,False
2026-01-26 03:57:00+00:00,valid,0.5748548745980993,False
2026-01-26 03:58:00+00:00,valid,0.5351573981651534,False
2026-01-26 03:59:00+00:00,valid,0.5775614675189406,False
2026-01-26 04:00:00+00:00,valid,0.6850252248071731,False
2026-01-26 04:01:00+00:00,valid,0.6282357194657157,False
2026-01-26 04:02:00+00:00,valid,0.6158565304412398,False
2026-01-26 04:03:00+00:00,valid,0.6075535967213098,False
2026-01-26 04:04:00+00:00,valid,0.5737323616486325,False
2026-01-26 04:05:00+00:00,valid,0.6244425211715833,False
2026-01-26 04:06:00+00:00,valid,1.1232095030814737,False
2026-01-26 04:07:00+00:00,valid,1.0224378983308469,False
2026-01-26 04:08:00+00:00,valid,0.6505420572014063,False
2026-01-26 04:09:00+00:00,valid,0.5877251472709015,False
2026-01-26 04:10:00+00:00,valid,0.5515614395350634,False
2026-01-26 04:11:00+00:00,valid,0.5519346747818837,False
2026-01-26 04:12:00+00:00,valid,0.5477656845049066,False
2026-01-26 04:13:00+00:00,valid,0.5823567805375678,False
2026-01-26 04:14:00+00:00,valid,0.5556276787020881,False
2026-01-26 04:15:00+00:00,valid,0.5284715950659744,False
2026-01-26 04:16:00+00:00,valid,0.5208142456706145,False
2026-01-26 04:17:00+00:00,valid,0.58112729373855,False
2026-01-26 04:18:00+00:00,valid,0.5423984973942153,False
2026-01-26 04:19:00+00:00,valid,0.56834268500516,False
2026-01-26 04:20:00+00:00,valid,0.4941025531849769,False
2026-01-26 04:21:00+00:00,valid,0.57005325778118,False
2026-01-26 04:22:00+00:00,valid,0.4998639587734305,False
2026-01-26 04:23:00+00:00,valid,0.57805270908703,False
2026-01-26 04:24:00+00:00,valid,0.5525095546358646,False
2026-01-26 04:25:00+00:00,valid,0.5202952515600335,False
2026-01-26 04:26:00+00:00,valid,0.5696495477170219,False
2026-01-26 04:27:00+00:00,valid,0.5690050675972801,False
2026-01-26 04:28:00+00:00,valid,0.5710096139981266,False
2026-01-26 04:29:00+00:00,valid,0.5812404723501435,False
2026-01-26 04:30:00+00:00,valid,0.5364431198575597,False
2026-01-26 04:31:00+00:00,valid,0.5254664899948257,False
2026-01-26 04:32:00+00:00,valid,0.5398160681204855,False
2026-01-26 04:33:00+00:00,valid,0.5456738699092353,False
2026-01-26 04:34:00+00:00,valid,0.6055834577281818,False
2026-01-26 04:35:00+00:00,valid,0.6151271680321038,False
2026-01-26 04:36:00+00:00,valid,0.6048641092188078,False
2026-01-26 04:37:00+00:00,valid,0.5785914337117644,False
2026-01-26 04:38:00+00:00,valid,0.585824571327166,False
2026-01-26 04:39:00+00:00,valid,0.6372839579607034,False
2026-01-26 04:40:00+00:00,valid,0.6476010132024284,False
2026-01-26 04:41:00+00:00,valid,1.2809810551962408,False
2026-01-26 04:42:00+00:00,valid,0.6518551579374937,False
2026-01-26 04:43:00+00:00,valid,0.666110590715442,False
2026-01-26 04:44:00+00:00,valid,0.6351188563179943,False
2026-01-26 04:45:00+00:00,valid,0.5942338751120714,False
2026-01-26 04:46:00+00:00,valid,0.5915183373444297,False
2026-01-26 04:47:00+00:00,valid,0.6146907302661033,False
2026-01-26 04:48:00+00:00,valid,0.6295076444121304,False
2026-01-26 04:49:00+00:00,valid,0.6283538377245936,False
2026-01-26 04:50:00+00:00,valid,0.6331250869705645,False
2026-01-26 04:51:00+00:00,valid,0.6559557571291726,False
2026-01-26 04:52:00+00:00,valid,0.9452021674347546,False
2026-01-26 04:53:00+00:00,valid,0.5877471722761951,False
2026-01-26 04:54:00+00:00,valid,0.6112799837304316,False
2026-01-26 04:55:00+00:00,valid,0.6057323272339359,False
2026-01-26 04:56:00+00:00,valid,0.6231970928590876,False
2026-01-26 04:57:00+00:00,valid,0.5974547888476549,False
2026-01-26 04:58:00+00:00,valid,0.6068358943682809,False
2026-01-26 04:59:00+00:00,valid,0.6190792613040246,False
2026-01-26 05:00:00+00:00,valid,0.686023306148707,False
2026-01-26 05:01:00+00:00,valid,0.7383347367799052,False
2026-01-26 05:02:00+00:00,valid,0.7639233983848077,False
2026-01-26 05:03:00+00:00,valid,0.7268852053235151,False
2026-01-26 05:04:00+00:00,valid,0.7286001486510291,False
2026-01-26 05:05:00+00:00,valid,0.6855240359811023,False
2026-01-26 05:06:00+00:00,valid,0.6243459336448193,False
2026-01-26 05:07:00+00:00,valid,0.593445094252699,False
2026-01-26 05:08:00+00:00,valid,0.5959974621823879,False
2026-01-26 05:09:00+00:00,valid,0.5903062706949977,False
2026-01-26 05:10:00+00:00,valid,0.6094579926358439,False
2026-01-26 05:11:00+00:00,valid,0.607928303963429,False
2026-01-26 05:12:00+00:00,valid,0.61997826925486,False
2026-01-26 05:13:00+00:00,valid,0.6091848697205766,False
2026-01-26 05:14:00+00:00,valid,0.643963645139879,False
2026-01-26 05:15:00+00:00,valid,0.6246167534265774,False
2026-01-26 05:16:00+00:00,valid,0.6540577160881649,False
2026-01-26 05:17:00+00:00,valid,1.1557268965663066,False
2026-01-26 05:18:00+00:00,valid,0.6479803909105883,False
2026-01-26 05:19:00+00:00,valid,0.6326236876970407,False
2026-01-26 05:20:00+00:00,valid,0.5947715180008118,False
2026-01-26 05:21:00+00:00,valid,0.5999477605747536,False
2026-01-26 05:22:00+00:00,valid,0.568808168475669,False
2026-01-26 05:23:00+00:00,valid,0.5875058033699424,False
2026-01-26 05:24:00+00:00,valid,0.5626249856506835,False
2026-01-26 05:25:00+00:00,valid,1.1642694015122963,False
2026-01-26 05:26:00+00:00,valid,0.4819855802319191,False
2026-01-26 05:27:00+00:00,valid,0.505727306474139,False
2026-01-26 05:28:00+00:00,valid,0.5241119720706278,False
2026-01-26 05:29:00+00:00,valid,0.5942153240185821,False
2026-01-26 05:30:00+00:00,valid,0.5512002052975195,False
2026-01-26 05:31:00+00:00,valid,0.6272054406383922,False
2026-01-26 05:32:00+00:00,valid,0.6111005297786425,False
2026-01-26 05:33:00+00:00,valid,0.6387217572613518,False
2026-01-26 05:34:00+00:00,valid,0.7212345398579545,False
2026-01-26 05:35:00+00:00,valid,0.8091717063482843,False
2026-01-26 05:36:00+00:00,valid,0.875074313295838,False
2026-01-26 05:37:00+00:00,valid,0.8845423575107139,False
2026-01-26 05:38:00+00:00,valid,0.8021583795221078,False
2026-01-26 05:39:00+00:00,valid,0.7486542134402434,False
2026-01-26 05:40:00+00:00,valid,0.8141788831065384,False
2026-01-26 05:41:00+00:00,valid,0.8139752934295447,False
2026-01-26 05:42:00+00:00,valid,0.7411033609699087,False
2026-01-26 05:43:00+00:00,valid,0.7201798698302532,False
2026-01-26 05:44:00+00:00,valid,0.6741986441179443,False
2026-01-26 05:45:00+00:00,valid,0.6707706733212063,False
2026-01-26 05:46:00+00:00,valid,0.6549432814971291,False
2026-01-26 05:47:00+00:00,valid,0.6464536932090313,False
2026-01-26 05:48:00+00:00,valid,0.598651434999987,False
2026-01-26 05:49:00+00:00,valid,0.6040382975198821,False
2026-01-26 05:50:00+00:00,valid,0.5210306846563261,False
2026-01-26 05:51:00+00:00,valid,0.6015886761865208,False
2026-01-26 05:52:00+00:00,valid,0.5986353624808002,False
2026-01-26 05:53:00+00:00,valid,0.6151300812770164,False
2026-01-26 05:54:00+00:00,valid,0.6706754101285918,False
2026-01-26 05:55:00+00:00,valid,0.6578303085489626,False
2026-01-26 05:56:00+00:00,valid,0.6948638940849504,False
2026-01-26 05:57:00+00:00,valid,0.6868241638839647,False
2026-01-26 05:58:00+00:00,valid,0.6398910233872239,False
2026-01-26 05:59:00+00:00,valid,0.6351124963882702,False
2026-01-26 06:00:00+00:00,valid,0.6646848977204003,False
2026-01-26 06:01:00+00:00,valid,0.6170877126690163,False
2026-01-26 06:02:00+00:00,valid,0.5776987062875962,False
2026-01-26 06:03:00+00:00,valid,0.5630908159504009,False
2026-01-26 06:04:00+00:00,valid,0.5929374291534604,False
2026-01-26 06:05:00+00:00,valid,0.6503677170246015,False
2026-01-26 06:06:00+00:00,valid,0.6330015600426315,False
2026-01-26 06:07:00+00:00,valid,0.6671593526452401,False
2026-01-26 06:08:00+00:00,valid,0.6207792930397092,False
2026-01-26 06:09:00+00:00,valid,0.667909026486092,False
2026-01-26 06:10:00+00:00,valid,0.6563097286895045,False
2026-01-26 06:11:00+00:00,valid,0.592237715129529,False
2026-01-26 06:12:00+00:00,valid,0.5676317450864896,False
2026-01-26 06:13:00+00:00,valid,0.5868921332837618,False
2026-01-26 06:14:00+00:00,valid,0.6408715418977722,False
2026-01-26 06:15:00+00:00,valid,0.6841188232813578,False
2026-01-26 06:16:00+00:00,valid,0.6561880566000194,False
2026-01-26 06:17:00+00:00,valid,0.6548767922936276,False
2026-01-26 06:18:00+00:00,valid,0.6090536435885835,False
2026-01-26 06:19:00+00:00,valid,0.6434988260333335,False
2026-01-26 06:20:00+00:00,valid,0.6636787786068092,False
2026-01-26 06:21:00+00:00,valid,0.6964846912796105,False
2026-01-26 06:22:00+00:00,valid,0.6880645477172013,False
2026-01-26 06:23:00+00:00,valid,0.7302425848769126,False
2026-01-26 06:24:00+00:00,valid,0.692550851483748,False
2026-01-26 06:25:00+00:00,valid,0.6379097925182795,False
2026-01-26 06:26:00+00:00,valid,0.6312706137528412,False
2026-01-26 06:27:00+00:00,valid,0.6496716202194689,False
2026-01-26 06:28:00+00:00,valid,0.632645864542719,False
2026-01-26 06:29:00+00:00,valid,0.635643764795907,False
2026-01-26 06:30:00+00:00,valid,0.6078494911516821,False
2026-01-26 06:31:00+00:00,valid,0.6131920108665686,False
2026-01-26 06:32:00+00:00,valid,0.653361258151872,False
2026-01-26 06:33:00+00:00,valid,0.5735388684726721,False
2026-01-26 06:34:00+00:00,valid,0.576092958142803,False
2026-01-26 06:35:00+00:00,valid,0.595448120205621,False
2026-01-26 06:36:00+00:00,valid,0.5910795389681566,False
2026-01-26 06:37:00+00:00,valid,0.5593945198907677,False
2026-01-26 06:38:00+00:00,valid,0.6032224356216895,False
2026-01-26 06:39:00+00:00,valid,0.5798995871077899,False
2026-01-26 06:40:00+00:00,valid,0.654248742970142,False
2026-01-26 06:41:00+00:00,valid,1.1675741531219446,False
2026-01-26 06:42:00+00:00,valid,0.6997988076392486,False
2026-01-26 06:43:00+00:00,valid,0.7624715011189939,False
2026-01-26 06:44:00+00:00,valid,0.7029270217487054,False
2026-01-26 06:47:00+00:00,valid,0.7022884939691453,False
2026-01-26 06:48:00+00:00,valid,0.6494434298532029,False
2026-01-26 06:49:00+00:00,valid,0.6745746054068362,False
2026-01-26 06:50:00+00:00,valid,0.6903543206842234,False
2026-01-26 06:51:00+00:00,valid,0.6558075923173017,False
2026-01-26 06:52:00+00:00,valid,0.552033102661815,False
2026-01-26 06:53:00+00:00,valid,0.5408115230347723,False
2026-01-26 06:54:00+00:00,valid,0.5208346233685569,False
2026-01-26 06:55:00+00:00,valid,0.4946904419076217,False
2026-01-26 06:56:00+00:00,valid,0.48527993904431843,False
2026-01-26 06:57:00+00:00,valid,0.49032718657268104,False
2026-01-26 06:58:00+00:00,valid,0.4898308749635325,False
2026-01-26 06:59:00+00:00,valid,0.5114007235994659,False
2026-01-26 07:00:00+00:00,valid,0.54608171685355,False
2026-01-26 07:01:00+00:00,valid,0.6139180019584877,False
2026-01-26 07:02:00+00:00,valid,0.6543275584087354,False
2026-01-26 07:03:00+00:00,valid,0.5821375612144372,False
2026-01-26 07:04:00+00:00,valid,1.002502582166316,False
2026-01-26 07:05:00+00:00,valid,0.6275577345144078,False
2026-01-26 07:06:00+00:00,valid,0.5442189520725413,False
2026-01-26 07:07:00+00:00,valid,0.4940909915695505,False
2026-01-26 07:08:00+00:00,valid,0.48822171431630507,False
2026-01-26 07:09:00+00:00,valid,0.47896134024334636,False
2026-01-26 07:10:00+00:00,valid,0.49590812221616865,False
2026-01-26 07:11:00+00:00,valid,0.5134815779815557,False
2026-01-26 07:12:00+00:00,valid,0.5206831263292754,False
2026-01-26 07:13:00+00:00,valid,0.5029237478639513,False
2026-01-26 07:14:00+00:00,valid,0.48417814571568785,False
2026-01-26 07:15:00+00:00,valid,0.4881027760393289,False
2026-01-26 07:16:00+00:00,valid,0.4876844024516974,False
2026-01-26 07:17:00+00:00,valid,0.48597949579406174,False
2026-01-26 07:18:00+00:00,valid,0.4960487462985488,False
2026-01-26 07:19:00+00:00,valid,0.45339315532901564,False
2026-01-26 07:20:00+00:00,valid,0.4541049655657387,False
2026-01-26 07:21:00+00:00,valid,0.526061569153223,False
2026-01-26 07:22:00+00:00,valid,0.5602665997568028,False
2026-01-26 07:23:00+00:00,valid,0.6103492720313606,False
2026-01-26 07:24:00+00:00,valid,0.5985861886138584,False
2026-01-26 07:25:00+00:00,valid,0.5907654925375945,False
2026-01-26 07:26:00+00:00,valid,0.5317572209250374,False
2026-01-26 07:27:00+00:00,valid,1.0090889371375773,False
2026-01-26 07:28:00+00:00,valid,0.5718132296622364,False
2026-01-26 07:29:00+00:00,valid,0.5504514049815967,False
2026-01-26 07:30:00+00:00,valid,0.5253636697119962,False
2026-01-26 07:31:00+00:00,valid,0.5295793967371715,False
2026-01-26 07:32:00+00:00,valid,0.5434166525025665,False
2026-01-26 07:33:00+00:00,valid,0.5596215919727096,False
2026-01-26 07:34:00+00:00,valid,0.5958637538372953,False
2026-01-26 07:35:00+00:00,valid,0.6340289036305354,False
2026-01-26 07:36:00+00:00,valid,0.6929362060405004,False
2026-01-26 07:37:00+00:00,valid,0.694975577647812,False
2026-01-26 07:38:00+00:00,valid,1.12931630747577,False
2026-01-26 07:39:00+00:00,valid,0.5788647064471075,False
2026-01-26 07:40:00+00:00,valid,0.5403240600768068,False
2026-01-26 07:41:00+00:00,valid,0.5591034531429808,False
2026-01-26 07:42:00+00:00,valid,0.5938533474755034,False
2026-01-26 07:43:00+00:00,valid,0.644914481282952,False
2026-01-26 07:44:00+00:00,valid,0.6792651700213818,False
2026-01-26 07:45:00+00:00,valid,0.6999253966966859,False
2026-01-26 07:46:00+00:00,valid,0.687539402326014,False
2026-01-26 07:47:00+00:00,valid,0.7331938962767469,False
2026-01-26 07:48:00+00:00,valid,0.6366330028324283,False
2026-01-26 07:49:00+00:00,valid,0.6300850912195263,False
2026-01-26 07:50:00+00:00,valid,0.6643802130002914,False
2026-01-26 07:51:00+00:00,valid,0.7499922536967721,False
2026-01-26 07:52:00+00:00,valid,0.7186946394811035,False
2026-01-26 07:53:00+00:00,valid,0.8171615452881994,False
2026-01-26 07:54:00+00:00,valid,0.7864704693208211,False
2026-01-26 07:55:00+00:00,valid,0.8145307760409964,False
2026-01-26 07:56:00+00:00,valid,0.752150054976041,False
2026-01-26 07:57:00+00:00,valid,0.7208215168717057,False
2026-01-26 07:58:00+00:00,valid,0.7018653675144164,False
2026-01-26 07:59:00+00:00,valid,1.1874343503772995,False
2026-01-26 08:00:00+00:00,valid,0.6387702866770814,False
2026-01-26 08:01:00+00:00,valid,0.7128699221709268,False
2026-01-26 08:02:00+00:00,valid,0.7558471179582004,False
2026-01-26 08:03:00+00:00,valid,0.7693099786139203,False
2026-01-26 08:04:00+00:00,valid,0.7176680861021921,False
2026-01-26 08:05:00+00:00,valid,0.7043887015985631,False
2026-01-26 08:06:00+00:00,valid,0.7021812795705957,False
2026-01-26 08:07:00+00:00,valid,0.6757276945826772,False
2026-01-26 08:08:00+00:00,valid,0.6425117802409864,False
2026-01-26 08:09:00+00:00,valid,0.6047956311506631,False
2026-01-26 08:10:00+00:00,valid,0.6201605508201992,False
2026-01-26 08:11:00+00:00,valid,0.6257163203416358,False
2026-01-26 08:12:00+00:00,valid,0.6144799050695788,False
2026-01-26 08:13:00+00:00,valid,0.6133280628322456,False
2026-01-26 08:14:00+00:00,valid,1.0113240680319626,False
2026-01-26 08:15:00+00:00,valid,0.6311552525685471,False
2026-01-26 08:16:00+00:00,valid,0.5868616073789953,False
2026-01-26 08:17:00+00:00,valid,0.5973322200553233,False
2026-01-26 08:18:00+00:00,valid,0.6140661527895029,False
2026-01-26 08:19:00+00:00,valid,0.6052593848680315,False
2026-01-26 08:20:00+00:00,valid,0.664437736436021,False
2026-01-26 08:21:00+00:00,valid,0.6511734579380628,False
2026-01-26 08:22:00+00:00,valid,0.6295661615872603,False
2026-01-26 08:23:00+00:00,valid,0.5924581693554396,False
2026-01-26 08:24:00+00:00,valid,0.5962260329234903,False
2026-01-26 08:25:00+00:00,valid,0.582069045409291,False
2026-01-26 08:26:00+00:00,valid,0.5506978874940737,False
2026-01-26 08:27:00+00:00,valid,1.0463135665644445,False
2026-01-26 08:28:00+00:00,valid,0.5947821845579719,False
2026-01-26 08:29:00+00:00,valid,0.6463643919201835,False
2026-01-26 08:30:00+00:00,valid,0.6375354994143693,False
2026-01-26 08:31:00+00:00,valid,0.6320755420272808,False
2026-01-26 08:32:00+00:00,valid,0.6064540675582863,False
2026-01-26 08:33:00+00:00,valid,0.6243371058872476,False
2026-01-26 08:34:00+00:00,valid,0.6282741936741474,False
2026-01-26 08:35:00+00:00,valid,0.6132214571340541,False
2026-01-26 08:36:00+00:00,valid,0.6235115634744144,False
2026-01-26 08:37:00+00:00,valid,0.5651552691853727,False
2026-01-26 08:38:00+00:00,valid,0.5652969910264107,False
2026-01-26 08:39:00+00:00,valid,0.6437951908266238,False
2026-01-26 08:40:00+00:00,valid,0.627730929948981,False
2026-01-26 08:41:00+00:00,valid,0.6382525846422948,False
2026-01-26 08:42:00+00:00,valid,0.6755543196891204,False
2026-01-26 08:43:00+00:00,valid,0.6747254139364245,False
2026-01-26 08:44:00+00:00,valid,0.6984402234725255,False
2026-01-26 08:45:00+00:00,valid,0.6860851152456054,False
2026-01-26 08:46:00+00:00,valid,1.0702940456422094,False
2026-01-26 08:47:00+00:00,valid,1.1534157529945097,False
2026-01-26 08:48:00+00:00,valid,0.5935705167519446,False
2026-01-26 08:49:00+00:00,valid,0.5723482839534607,False
2026-01-26 08:50:00+00:00,valid,0.5949551461608793,False
2026-01-26 08:51:00+00:00,valid,0.6363973628967344,False
2026-01-26 08:52:00+00:00,valid,0.7511154330774684,False
2026-01-26 08:53:00+00:00,valid,0.7171360297737166,False
2026-01-26 08:54:00+00:00,valid,0.7189125773937168,False
2026-01-26 08:55:00+00:00,valid,0.6552521193525495,False
2026-01-26 08:56:00+00:00,valid,0.6689120830028985,False
2026-01-26 08:57:00+00:00,valid,0.6647164589546737,False
2026-01-26 08:58:00+00:00,valid,0.6498385007802991,False
2026-01-26 08:59:00+00:00,valid,0.6629386989016458,False
2026-01-26 09:00:00+00:00,valid,0.6717110281166463,False
2026-01-26 09:01:00+00:00,valid,0.684880386287601,False
2026-01-26 09:02:00+00:00,valid,0.6782065724219647,False
2026-01-26 09:03:00+00:00,valid,0.6493563020870594,False
2026-01-26 09:04:00+00:00,valid,0.6212541124208344,False
2026-01-26 09:05:00+00:00,valid,0.6271453252269154,False
2026-01-26 09:06:00+00:00,valid,0.6381384750315724,False
2026-01-26 09:07:00+00:00,valid,0.636771674356023,False
2026-01-26 09:10:00+00:00,valid,0.7647407748681532,False
2026-01-26 09:11:00+00:00,valid,1.1246799503987468,False
2026-01-26 09:12:00+00:00,valid,0.7162787290412622,False
2026-01-26 09:13:00+00:00,valid,0.6501664530657764,False
2026-01-26 09:14:00+00:00,valid,0.6407836242368667,False
2026-01-26 09:15:00+00:00,valid,0.6259288309342785,False
2026-01-26 09:16:00+00:00,valid,1.0489984601330626,False
2026-01-26 09:17:00+00:00,valid,0.62669429120481,False
2026-01-26 09:18:00+00:00,valid,1.0576407960349234,False
2026-01-26 09:19:00+00:00,valid,0.6716823011264815,False
2026-01-26 09:20:00+00:00,valid,0.6218545406933614,False
2026-01-26 09:21:00+00:00,valid,0.6292621640500328,False
2026-01-26 09:22:00+00:00,valid,0.6339482495695883,False
2026-01-26 09:23:00+00:00,valid,0.6296956785221608,False
2026-01-26 09:24:00+00:00,valid,0.6114737647700137,False
2026-01-26 09:25:00+00:00,valid,0.6043603554066539,False
2026-01-26 09:26:00+00:00,valid,0.6232170733197621,False
2026-01-26 09:27:00+00:00,valid,0.6198290159173055,False
2026-01-26 09:28:00+00:00,valid,0.6378819190565356,False
2026-01-26 09:29:00+00:00,valid,0.6392730576418101,False
2026-01-26 09:30:00+00:00,valid,0.6160804017159921,False
2026-01-26 09:31:00+00:00,valid,0.6408856741214594,False
2026-01-26 09:32:00+00:00,valid,0.6415141592057173,False
2026-01-26 09:33:00+00:00,valid,0.6394845712957685,False
2026-01-26 09:34:00+00:00,valid,0.6013501987998717,False
2026-01-26 09:35:00+00:00,valid,0.6108604498936925,False
2026-01-26 09:36:00+00:00,valid,0.6001769095881748,False
2026-01-26 09:37:00+00:00,valid,0.661664237058475,False
2026-01-26 09:38:00+00:00,valid,0.6234094661746994,False
2026-01-26 09:39:00+00:00,valid,0.6355200331045587,False
2026-01-26 09:40:00+00:00,valid,0.6464114547267547,False
2026-01-26 09:41:00+00:00,valid,0.6530460314846719,False
2026-01-26 09:42:00+00:00,valid,0.653547623634767,False
2026-01-26 09:43:00+00:00,valid,0.6610493669732244,False
2026-01-26 09:44:00+00:00,valid,0.6581065584724821,False
2026-01-26 09:45:00+00:00,valid,0.6915601290080299,False
2026-01-26 09:46:00+00:00,valid,0.688374206180625,False
2026-01-26 09:47:00+00:00,valid,0.7035713880618271,False
2026-01-26 09:48:00+00:00,valid,0.7016200064500377,False
2026-01-26 09:49:00+00:00,valid,0.6507097433035771,False
2026-01-26 09:50:00+00:00,valid,0.6139978412312614,False
2026-01-26 09:51:00+00:00,valid,0.603947453198093,False
2026-01-26 09:52:00+00:00,valid,0.5775805503541587,False
2026-01-26 09:53:00+00:00,valid,0.6026918622365994,False
2026-01-26 09:54:00+00:00,valid,0.6164597566795726,False
2026-01-26 09:55:00+00:00,valid,0.6277060350710889,False
2026-01-26 09:56:00+00:00,valid,0.594132542041477,False
2026-01-26 09:57:00+00:00,valid,0.6145852702170855,False
2026-01-26 09:58:00+00:00,valid,0.5569924555920185,False
2026-01-26 09:59:00+00:00,valid,0.5771612897977336,False
2026-01-26 10:00:00+00:00,valid,0.5408047675597262,False
2026-01-26 10:01:00+00:00,valid,0.5472817846848843,False
2026-01-26 10:02:00+00:00,valid,0.5946357796616055,False
2026-01-26 10:03:00+00:00,valid,0.5965351576221615,False
2026-01-26 10:04:00+00:00,valid,0.5901112390591455,False
2026-01-26 10:05:00+00:00,valid,1.1793767329995328,False
2026-01-26 10:06:00+00:00,valid,0.5499046767276943,False
2026-01-26 10:07:00+00:00,valid,0.5475963414049538,False
2026-01-26 10:08:00+00:00,valid,0.5587953245946402,False
2026-01-26 10:09:00+00:00,valid,0.5773292687937241,False
2026-01-26 10:10:00+00:00,valid,0.607489051974657,False
2026-01-26 10:11:00+00:00,valid,0.6128952361734842,False
2026-01-26 10:12:00+00:00,valid,0.6489721526093962,False
2026-01-26 10:13:00+00:00,valid,0.5993860363946364,False
2026-01-26 10:14:00+00:00,valid,0.537242022374394,False
2026-01-26 10:15:00+00:00,valid,0.54223211595613,False
2026-01-26 10:16:00+00:00,valid,0.5303134764692572,False
2026-01-26 10:17:00+00:00,valid,0.5350302270059697,False
2026-01-26 10:18:00+00:00,valid,0.4942560101560243,False
2026-01-26 10:19:00+00:00,valid,0.5430568012209783,False
2026-01-26 10:20:00+00:00,valid,0.5611776549274583,False
2026-01-26 10:21:00+00:00,valid,0.5353821766589181,False
2026-01-26 10:22:00+00:00,valid,0.5668086085871399,False
2026-01-26 10:23:00+00:00,valid,0.557147999740368,False
2026-01-26 10:24:00+00:00,valid,0.5973958319901451,False
2026-01-26 10:25:00+00:00,valid,0.5845545138168214,False
2026-01-26 10:26:00+00:00,valid,0.5828144270231328,False
2026-01-26 10:27:00+00:00,valid,0.5460382249517272,False
2026-01-26 10:28:00+00:00,valid,0.5551137654955407,False
2026-01-26 10:29:00+00:00,valid,0.6110031906989265,False
2026-01-26 10:30:00+00:00,valid,0.6464489862344115,False
2026-01-26 10:31:00+00:00,valid,0.618575630659153,False
2026-01-26 10:32:00+00:00,valid,0.626128108973171,False
2026-01-26 10:33:00+00:00,valid,0.5981795746893263,False
2026-01-26 10:34:00+00:00,valid,0.6249030799697175,False
2026-01-26 10:35:00+00:00,valid,0.6253179848574534,False
2026-01-26 10:36:00+00:00,valid,0.6171779089030573,False
2026-01-26 10:37:00+00:00,valid,0.6010178237590373,False
2026-01-26 10:38:00+00:00,valid,0.6002152985690784,False
2026-01-26 10:39:00+00:00,valid,0.578361857123163,False
2026-01-26 10:40:00+00:00,valid,0.6507730689172012,False
2026-01-26 10:41:00+00:00,valid,0.7692737276489711,False
2026-01-26 10:42:00+00:00,valid,0.7775349041477837,False
2026-01-26 10:43:00+00:00,valid,0.854026557139878,False
2026-01-26 10:44:00+00:00,valid,0.932436867169464,False
2026-01-26 10:45:00+00:00,valid,0.8526702221845734,False
2026-01-26 10:46:00+00:00,valid,0.7625156616423068,False
2026-01-26 10:47:00+00:00,valid,0.7651701301995488,False
2026-01-26 10:48:00+00:00,valid,0.6451686962932804,False
2026-01-26 10:49:00+00:00,valid,0.6964683219520945,False
2026-01-26 10:50:00+00:00,valid,0.6579968760973375,False
2026-01-26 10:51:00+00:00,valid,0.6955904589423976,False
2026-01-26 10:52:00+00:00,valid,0.6589808946185348,False
2026-01-26 10:53:00+00:00,valid,0.6577958778005053,False
2026-01-26 10:54:00+00:00,valid,0.5962801054055683,False
2026-01-26 10:55:00+00:00,valid,0.6722670897458151,False
2026-01-26 10:56:00+00:00,valid,0.6899055985757918,False
2026-01-26 10:57:00+00:00,valid,0.7274438726800767,False
2026-01-26 10:58:00+00:00,valid,0.7017692640907328,False
2026-01-26 10:59:00+00:00,valid,0.6432431420376229,False
2026-01-26 11:00:00+00:00,valid,0.6304678551783042,False
2026-01-26 11:01:00+00:00,valid,0.5628807007809392,False
2026-01-26 11:02:00+00:00,valid,0.5450570381077955,False
2026-01-26 11:03:00+00:00,valid,0.5271966163241267,False
2026-01-26 11:04:00+00:00,valid,0.6292995690796597,False
2026-01-26 11:05:00+00:00,valid,0.687716208766623,False
2026-01-26 11:06:00+00:00,valid,0.6704185695630633,False
2026-01-26 11:07:00+00:00,valid,0.663386209666222,False
2026-01-26 11:08:00+00:00,valid,0.6574174494449332,False
2026-01-26 11:09:00+00:00,valid,0.5602987219108263,False
2026-01-26 11:10:00+00:00,valid,0.5563656363946662,False
2026-01-26 11:11:00+00:00,valid,0.5445350220044224,False
2026-01-26 11:12:00+00:00,valid,0.5411925699503115,False
2026-01-26 11:13:00+00:00,valid,0.5659053684394504,False
2026-01-26 11:14:00+00:00,valid,1.056077965031609,False
2026-01-26 11:15:00+00:00,valid,0.6638119223841968,False
2026-01-26 11:16:00+00:00,valid,0.7253766977494238,False
2026-01-26 11:17:00+00:00,valid,0.7931678061599041,False
2026-01-26 11:18:00+00:00,valid,0.7659958204350565,False
2026-01-26 11:19:00+00:00,valid,0.6783121128656914,False
2026-01-26 11:20:00+00:00,valid,0.567768250998565,False
2026-01-26 11:21:00+00:00,valid,0.5014787868534398,False
2026-01-26 11:22:00+00:00,valid,0.5011756093729998,False
2026-01-26 11:23:00+00:00,valid,0.4755253271855789,False
2026-01-26 11:24:00+00:00,valid,0.5385288818858971,False
2026-01-26 11:25:00+00:00,valid,0.5651240346341551,False
2026-01-26 11:26:00+00:00,valid,0.59247192998891,False
2026-01-26 11:27:00+00:00,valid,0.5964616285220868,False
2026-01-26 11:28:00+00:00,valid,0.6321624366864087,False
2026-01-26 11:29:00+00:00,valid,0.631148232631904,False
2026-01-26 11:30:00+00:00,valid,0.572837058281087,False
2026-01-26 11:31:00+00:00,valid,0.5563615303099682,False
2026-01-26 11:32:00+00:00,valid,0.5893359303964492,False
2026-01-26 11:33:00+00:00,valid,0.5312393834052845,False
2026-01-26 11:34:00+00:00,valid,0.5256223904545807,False
2026-01-26 11:35:00+00:00,valid,0.489350813818534,False
2026-01-26 11:36:00+00:00,valid,0.5417112662675624,False
2026-01-26 11:37:00+00:00,valid,0.4775918551548399,False
2026-01-26 11:38:00+00:00,valid,0.5187905880699222,False
2026-01-26 11:39:00+00:00,valid,0.5032913138515341,False
2026-01-26 11:40:00+00:00,valid,0.5599603463766253,False
2026-01-26 11:41:00+00:00,valid,0.5620223330084517,False
2026-01-26 11:42:00+00:00,valid,0.5249060221956586,False
2026-01-26 11:43:00+00:00,valid,0.5474745834087781,False
2026-01-26 11:44:00+00:00,valid,0.5503210696223417,False
2026-01-26 11:45:00+00:00,valid,0.7800289496208144,False
2026-01-26 11:46:00+00:00,valid,0.6321455968823261,False
2026-01-26 11:47:00+00:00,valid,0.6410711033432528,False
2026-01-26 11:48:00+00:00,valid,0.6374769673786554,False
2026-01-26 11:49:00+00:00,valid,0.6505475802048715,False
2026-01-26 11:50:00+00:00,valid,0.8059893839279308,False
2026-01-26 11:51:00+00:00,valid,0.6108108092197602,False
2026-01-26 11:52:00+00:00,valid,0.6220746064443426,False
2026-01-26 11:53:00+00:00,valid,1.153619576418384,False
2026-01-26 11:54:00+00:00,valid,0.678665550586901,False
2026-01-26 11:55:00+00:00,valid,0.5734333901935343,False
2026-01-26 11:56:00+00:00,valid,0.4866929265186241,False
2026-01-26 11:57:00+00:00,valid,0.48039848311382827,False
2026-01-26 11:58:00+00:00,valid,0.4959709369608864,False
2026-01-26 11:59:00+00:00,valid,0.5322343452114714,False
2026-01-26 12:00:00+00:00,valid,0.5060835016981926,False
2026-01-26 12:01:00+00:00,valid,0.5521846290588165,False
2026-01-26 12:02:00+00:00,valid,0.5726582213933891,False
2026-01-26 12:03:00+00:00,valid,0.5232743784430606,False
2026-01-26 12:04:00+00:00,valid,0.5404383569206507,False
2026-01-26 12:05:00+00:00,valid,0.5014708246248826,False
2026-01-26 12:06:00+00:00,valid,0.48800701270328506,False
2026-01-26 12:07:00+00:00,valid,0.5067712633292053,False
2026-01-26 12:08:00+00:00,valid,0.5047016395637025,False
2026-01-26 12:09:00+00:00,valid,0.49788435012007903,False
2026-01-26 12:10:00+00:00,valid,0.5251407677851012,False
2026-01-26 12:11:00+00:00,valid,0.6117967445576905,False
2026-01-26 12:12:00+00:00,valid,0.6338828363061856,False
2026-01-26 12:13:00+00:00,valid,0.6086682143658595,False
2026-01-26 12:14:00+00:00,valid,0.9600444737636701,False
2026-01-26 12:15:00+00:00,valid,0.9777527109815096,False
2026-01-26 12:16:00+00:00,valid,0.545854677458199,False
2026-01-26 12:17:00+00:00,valid,0.5296392211005805,False
2026-01-26 12:18:00+00:00,valid,0.48900469606110863,False
2026-01-26 12:19:00+00:00,valid,0.5164472401860354,False
2026-01-26 12:20:00+00:00,valid,1.1569665110339062,False
2026-01-26 12:21:00+00:00,valid,0.47270678339956074,False
2026-01-26 12:22:00+00:00,valid,0.46530358068947303,False
2026-01-26 12:23:00+00:00,valid,0.4679818513107525,False
2026-01-26 12:24:00+00:00,valid,0.4484038793154518,False
2026-01-26 12:25:00+00:00,valid,0.38458184953515606,False
2026-01-26 12:26:00+00:00,valid,0.4144405878570509,False
2026-01-26 12:27:00+00:00,valid,0.44985008305540375,False
2026-01-26 12:28:00+00:00,valid,0.4206498180296801,False
2026-01-26 12:29:00+00:00,valid,0.5174883841923862,False
2026-01-26 12:30:00+00:00,valid,0.5270757301529025,False
2026-01-26 12:31:00+00:00,valid,0.5765862560024466,False
2026-01-26 12:32:00+00:00,valid,0.5017500747959248,False
2026-01-26 12:33:00+00:00,valid,0.5152202155728162,False
2026-01-26 12:34:00+00:00,valid,0.5886091164554706,False
2026-01-26 12:35:00+00:00,valid,1.0399078109144273,False
2026-01-26 12:36:00+00:00,valid,0.6042487645277879,False
2026-01-26 12:37:00+00:00,valid,0.5501233938351756,False
2026-01-26 12:38:00+00:00,valid,0.5698348612187617,False
2026-01-26 12:39:00+00:00,valid,0.9939366608822039,False
2026-01-26 12:40:00+00:00,valid,0.4804763626558349,False
2026-01-26 12:41:00+00:00,valid,1.1894956100571352,False
2026-01-26 12:42:00+00:00,valid,0.5053870155721693,False
2026-01-26 12:43:00+00:00,valid,0.4941396692993842,False
2026-01-26 12:44:00+00:00,valid,0.5959927246738754,False
2026-01-26 12:45:00+00:00,valid,0.625498127582163,False
2026-01-26 12:46:00+00:00,valid,1.0631286257019839,False
2026-01-26 12:47:00+00:00,valid,0.6938842663126762,False
2026-01-26 12:48:00+00:00,valid,1.2647901566584374,False
2026-01-26 12:49:00+00:00,valid,0.8346320262027291,False
2026-01-26 12:50:00+00:00,valid,0.7865770374714987,False
2026-01-26 12:51:00+00:00,valid,0.7522870380312019,False
2026-01-26 12:52:00+00:00,valid,0.7801995541515567,False
2026-01-26 12:53:00+00:00,valid,0.6622156585672963,False
2026-01-26 12:54:00+00:00,valid,0.6389875991808205,False
2026-01-26 12:55:00+00:00,valid,0.592419745341158,False
2026-01-26 12:56:00+00:00,valid,0.5616927247716628,False
2026-01-26 12:57:00+00:00,valid,0.627483091996875,False
2026-01-26 12:58:00+00:00,valid,0.6089647532549205,False
2026-01-26 12:59:00+00:00,valid,0.6819386603476175,False
2026-01-26 13:00:00+00:00,valid,0.6167382164983115,False
2026-01-26 13:01:00+00:00,valid,0.6437491147069481,False
2026-01-26 13:02:00+00:00,valid,0.4872204663707304,False
2026-01-26 13:03:00+00:00,valid,0.5663261871258414,False
2026-01-26 13:04:00+00:00,valid,0.5857487787092241,False
2026-01-26 13:05:00+00:00,valid,1.162817288045552,False
2026-01-26 13:06:00+00:00,valid,0.6430349018031591,False
2026-01-26 13:07:00+00:00,valid,0.6449617914489829,False
2026-01-26 13:08:00+00:00,valid,0.6251172272738825,False
2026-01-26 13:09:00+00:00,valid,0.6081965319816928,False
2026-01-26 13:10:00+00:00,valid,0.944860049156744,False
2026-01-26 13:11:00+00:00,valid,0.5336048369168672,False
2026-01-26 13:12:00+00:00,valid,0.5337649176622203,False
2026-01-26 13:13:00+00:00,valid,0.6028213269237629,False
2026-01-26 13:14:00+00:00,valid,0.5854291885764689,False
2026-01-26 13:15:00+00:00,valid,0.6212581849617738,False
2026-01-26 13:16:00+00:00,valid,0.6064687610715265,False
2026-01-26 13:17:00+00:00,valid,0.5973988041298743,False
2026-01-26 13:18:00+00:00,valid,0.5980173949771382,False
2026-01-26 13:19:00+00:00,valid,0.5905517653627478,False
2026-01-26 13:20:00+00:00,valid,0.5645833646984358,False
2026-01-26 13:21:00+00:00,valid,0.5864029599926343,False
2026-01-26 13:22:00+00:00,valid,0.5856386124558522,False
2026-01-26 13:23:00+00:00,valid,0.5451896884392443,False
2026-01-26 13:24:00+00:00,valid,0.5630840585322593,False
2026-01-26 13:25:00+00:00,valid,0.6268472111097939,False
2026-01-26 13:26:00+00:00,valid,0.61802592758999,False
2026-01-26 13:27:00+00:00,valid,0.6504554756641434,False
2026-01-26 13:28:00+00:00,valid,0.6632641684067713,False
2026-01-26 13:29:00+00:00,valid,0.7051620743198296,False
2026-01-26 13:30:00+00:00,valid,0.6721547887234451,False
2026-01-26 13:31:00+00:00,valid,0.6839529973579335,False
2026-01-26 13:32:00+00:00,valid,0.6172139340953183,False
2026-01-26 13:33:00+00:00,valid,1.0462701216258643,False
2026-01-26 13:34:00+00:00,valid,0.6161651680504379,False
2026-01-26 13:35:00+00:00,valid,0.666256381942367,False
2026-01-26 13:36:00+00:00,valid,0.7074547115292812,False
2026-01-26 13:37:00+00:00,valid,0.7493941112107311,False
2026-01-26 13:38:00+00:00,valid,0.7700132720775634,False
2026-01-26 13:39:00+00:00,valid,0.7280942549415748,False
2026-01-26 13:40:00+00:00,valid,0.7189050602531881,False
2026-01-26 13:41:00+00:00,valid,0.6693054271218227,False
2026-01-26 13:42:00+00:00,valid,0.6430966578387716,False
2026-01-26 13:43:00+00:00,valid,0.6129538869491643,False
2026-01-26 13:44:00+00:00,valid,0.6311727866185487,False
2026-01-26 13:45:00+00:00,valid,0.6506816363591238,False
2026-01-26 13:46:00+00:00,valid,0.6689759014396566,False
2026-01-26 13:47:00+00:00,valid,0.7074144673594384,False
2026-01-26 13:48:00+00:00,valid,0.7457114479899364,False
2026-01-26 13:49:00+00:00,valid,0.7817497071323569,False
2026-01-26 13:50:00+00:00,valid,0.7595771787167166,False
2026-01-26 13:51:00+00:00,valid,0.7368666039505997,False
2026-01-26 13:52:00+00:00,valid,0.7509018706602142,False
2026-01-26 13:53:00+00:00,valid,0.7306934575975349,False
2026-01-26 13:54:00+00:00,valid,0.7931798939296217,False
2026-01-26 13:55:00+00:00,valid,1.154006713169723,False
2026-01-26 13:56:00+00:00,valid,0.7368152243191342,False
2026-01-26 13:57:00+00:00,valid,0.7538145895205624,False
2026-01-26 13:58:00+00:00,valid,0.7225922690542287,False
2026-01-26 13:59:00+00:00,valid,0.6965099942168153,False
2026-01-26 14:00:00+00:00,valid,0.6656237877151978,False
2026-01-26 14:01:00+00:00,valid,0.6670900480095279,False
2026-01-26 14:02:00+00:00,valid,0.6538433157203138,False
2026-01-26 14:03:00+00:00,valid,0.659627971109612,False
2026-01-26 14:04:00+00:00,valid,0.6602443550065656,False
2026-01-26 14:05:00+00:00,valid,0.6832444022174706,False
2026-01-26 14:06:00+00:00,valid,0.6275766527923015,False
2026-01-26 14:07:00+00:00,valid,0.6588520670959291,False
2026-01-26 14:08:00+00:00,valid,0.6813121955496919,False
2026-01-26 14:09:00+00:00,valid,0.7165211975494598,False
2026-01-26 14:10:00+00:00,valid,0.9645530389908015,False
2026-01-26 14:11:00+00:00,valid,0.7041020763959664,False
2026-01-26 14:12:00+00:00,valid,0.6793433974343265,False
2026-01-26 14:13:00+00:00,valid,0.6941470701803217,False
2026-01-26 14:14:00+00:00,valid,0.6536544754386465,False
2026-01-26 14:15:00+00:00,valid,0.6805221611329579,False
2026-01-26 14:16:00+00:00,valid,1.0384971742535127,False
2026-01-26 14:17:00+00:00,valid,0.7158518059946339,False
2026-01-26 14:20:00+00:00,valid,0.6567339620209044,False
2026-01-26 14:21:00+00:00,valid,0.656074744910587,False
2026-01-26 14:22:00+00:00,valid,0.6024047323649291,False
2026-01-26 14:23:00+00:00,valid,0.619440686134255,False
2026-01-26 14:24:00+00:00,valid,0.6361079875303933,False
2026-01-26 14:25:00+00:00,valid,0.6617987281481842,False
2026-01-26 14:26:00+00:00,valid,0.6609115607088456,False
2026-01-26 14:27:00+00:00,valid,0.7013929540301018,False
2026-01-26 14:28:00+00:00,valid,0.6752221075251849,False
2026-01-26 14:29:00+00:00,valid,0.9592837004624005,False
2026-01-26 14:30:00+00:00,valid,0.6480447575086379,False
2026-01-26 14:31:00+00:00,valid,0.6238218557851771,False
2026-01-26 14:32:00+00:00,valid,0.6018158440555149,False
2026-01-26 14:33:00+00:00,valid,0.5546015166965711,False
2026-01-26 14:34:00+00:00,valid,0.6063316409146846,False
2026-01-26 14:35:00+00:00,valid,0.6023055529561506,False
2026-01-26 14:36:00+00:00,valid,0.5840046753094884,False
2026-01-26 14:37:00+00:00,valid,0.5886154998543002,False
2026-01-26 14:38:00+00:00,valid,0.6071679564827159,False
2026-01-26 14:39:00+00:00,valid,0.6168262757430905,False
2026-01-26 14:40:00+00:00,valid,0.6079729795568602,False
2026-01-26 14:41:00+00:00,valid,0.6162743982504358,False
2026-01-26 14:42:00+00:00,valid,0.5996766573242996,False
2026-01-26 14:43:00+00:00,valid,0.6329657100860216,False
2026-01-26 14:44:00+00:00,valid,0.62600330786748,False
2026-01-26 14:45:00+00:00,valid,0.692018517121971,False
2026-01-26 14:46:00+00:00,valid,0.6581144294209238,False
2026-01-26 14:47:00+00:00,valid,0.644070013716921,False
2026-01-26 14:48:00+00:00,valid,0.6544337548704254,False
2026-01-26 14:49:00+00:00,valid,0.6478063319544426,False
2026-01-26 14:50:00+00:00,valid,0.6332612506617773,False
2026-01-26 14:51:00+00:00,valid,0.6555123146986452,False
2026-01-26 14:52:00+00:00,valid,0.6504131489180539,False
2026-01-26 14:53:00+00:00,valid,0.6851547202151236,False
2026-01-26 14:54:00+00:00,valid,0.7624203429742363,False
2026-01-26 14:55:00+00:00,valid,0.6451509287495758,False
2026-01-26 14:56:00+00:00,valid,0.6670483230701625,False
2026-01-26 14:57:00+00:00,valid,0.6166880341504601,False
2026-01-26 14:58:00+00:00,valid,1.080390863061069,False
2026-01-26 14:59:00+00:00,valid,0.6426561478676562,False
2026-01-26 15:00:00+00:00,valid,0.6400946191672657,False
2026-01-26 15:01:00+00:00,valid,0.6045208865597638,False
2026-01-26 15:02:00+00:00,valid,0.6559340166587672,False
2026-01-26 15:03:00+00:00,valid,0.6253488333409899,False
2026-01-26 15:04:00+00:00,valid,0.665832132935292,False
2026-01-26 15:05:00+00:00,valid,0.7109945655034976,False
2026-01-26 15:06:00+00:00,valid,0.700873609387477,False
2026-01-26 15:07:00+00:00,valid,0.7100426685167643,False
2026-01-26 15:08:00+00:00,valid,0.7684755778770939,False
2026-01-26 15:09:00+00:00,valid,0.7444691970865273,False
2026-01-26 15:10:00+00:00,valid,0.6447216668440279,False
2026-01-26 15:11:00+00:00,valid,1.019313710272143,False
2026-01-26 15:12:00+00:00,valid,0.597590511946047,False
2026-01-26 15:13:00+00:00,valid,0.6090038036850376,False
2026-01-26 15:14:00+00:00,valid,0.6044067736189455,False
2026-01-26 15:15:00+00:00,valid,0.5707774328226279,False
2026-01-26 15:16:00+00:00,valid,0.5884214649184119,False
2026-01-26 15:17:00+00:00,valid,0.6280391498455514,False
2026-01-26 15:18:00+00:00,valid,0.6666063296432796,False
2026-01-26 15:19:00+00:00,valid,0.6609325835667993,False
2026-01-26 15:20:00+00:00,valid,0.6623848142775195,False
2026-01-26 15:21:00+00:00,valid,0.653022655613776,False
2026-01-26 15:22:00+00:00,valid,0.9145252599722874,False
2026-01-26 15:23:00+00:00,valid,0.6916360365874689,False
2026-01-26 15:24:00+00:00,valid,0.5823272897505962,False
2026-01-26 15:25:00+00:00,valid,0.560658293310234,False
2026-01-26 15:26:00+00:00,valid,0.6331711888640736,False
2026-01-26 15:27:00+00:00,valid,0.6220634992830951,False
2026-01-26 15:28:00+00:00,valid,0.6401911663991666,False
2026-01-26 15:29:00+00:00,valid,0.6411477259061327,False
2026-01-26 15:30:00+00:00,valid,0.663613781488642,False
2026-01-26 15:31:00+00:00,valid,0.6766198697106586,False
2026-01-26 15:32:00+00:00,valid,0.6900333083967284,False
2026-01-26 15:33:00+00:00,valid,0.6302152168008082,False
2026-01-26 15:34:00+00:00,valid,0.6592006758845309,False
2026-01-26 15:37:00+00:00,valid,0.71402065648416,False
2026-01-26 15:38:00+00:00,valid,0.6996812497066313,False
2026-01-26 15:39:00+00:00,valid,0.7987482883161258,False
2026-01-26 15:40:00+00:00,valid,0.7183714130345259,False
2026-01-26 15:41:00+00:00,valid,0.7225573358442874,False
2026-01-26 15:42:00+00:00,valid,0.7774670084686724,False
2026-01-26 15:43:00+00:00,valid,1.6150273174959517,False
2026-01-26 15:44:00+00:00,valid,0.7026979512310112,False
2026-01-26 15:45:00+00:00,valid,1.1770981489368253,False
2026-01-26 15:46:00+00:00,valid,0.6877315047357221,False
2026-01-26 15:47:00+00:00,valid,0.6991503311079162,False
2026-01-26 15:48:00+00:00,valid,0.7231233450127745,False
2026-01-26 15:49:00+00:00,valid,0.7229672719850119,False
2026-01-26 15:50:00+00:00,valid,0.750546584844442,False
2026-01-26 15:51:00+00:00,valid,1.3036661914968375,False
2026-01-26 15:52:00+00:00,valid,0.7087641813282184,False
2026-01-26 15:53:00+00:00,valid,0.7425869582552722,False
2026-01-26 15:54:00+00:00,valid,0.7363951678328906,False
2026-01-26 15:55:00+00:00,valid,0.7455234905140432,False
2026-01-26 15:56:00+00:00,valid,0.7146020983798722,False
2026-01-26 15:57:00+00:00,valid,0.6886900860421837,False
2026-01-26 15:58:00+00:00,valid,0.6639998634288341,False
2026-01-26 15:59:00+00:00,valid,0.6935853757513954,False
2026-01-26 16:00:00+00:00,valid,0.6543798341676694,False
2026-01-26 16:01:00+00:00,valid,0.673183144926109,False
2026-01-26 16:02:00+00:00,valid,0.6709701187713586,False
2026-01-26 16:03:00+00:00,valid,0.72185025864233,False
2026-01-26 16:04:00+00:00,valid,0.6801325594055346,False
2026-01-26 16:05:00+00:00,valid,0.6809086686271971,False
2026-01-26 16:06:00+00:00,valid,0.6405740187740409,False
2026-01-26 16:07:00+00:00,valid,0.6523752642918248,False
2026-01-26 16:08:00+00:00,valid,0.6256138496255584,False
2026-01-26 16:09:00+00:00,valid,0.6435618530539647,False
2026-01-26 16:10:00+00:00,valid,0.6601496703416855,False
2026-01-26 16:11:00+00:00,valid,0.6551577092610187,False
2026-01-26 16:12:00+00:00,valid,0.657033195623824,False
2026-01-26 16:13:00+00:00,valid,0.6977189148526132,False
2026-01-26 16:14:00+00:00,valid,0.6758152317218326,False
2026-01-26 16:15:00+00:00,valid,1.7886046417057564,False
2026-01-26 16:16:00+00:00,valid,1.780996989737493,False
2026-01-26 16:17:00+00:00,valid,0.6067607449866224,False
2026-01-26 16:18:00+00:00,valid,0.6130354185185704,False
2026-01-26 16:19:00+00:00,valid,0.6483077250005039,False
2026-01-26 16:20:00+00:00,valid,0.6730337733872239,False
2026-01-26 16:21:00+00:00,valid,0.6737268649271521,False
2026-01-26 16:22:00+00:00,valid,0.6668841058848689,False
2026-01-26 16:23:00+00:00,valid,0.6764789006414983,False
2026-01-26 16:24:00+00:00,valid,0.6643137278881516,False
2026-01-26 16:25:00+00:00,valid,0.6429745657460104,False
2026-01-26 16:26:00+00:00,valid,0.6349757124060542,False
2026-01-26 16:27:00+00:00,valid,0.6668188496123041,False
2026-01-26 16:28:00+00:00,valid,0.644911878564339,False
2026-01-26 16:29:00+00:00,valid,1.303704768790946,False
2026-01-26 16:30:00+00:00,valid,0.7200512859832522,False
2026-01-26 16:31:00+00:00,valid,0.7323920558459373,False
2026-01-26 16:32:00+00:00,valid,0.7036849837439092,False
2026-01-26 16:33:00+00:00,valid,0.717029490540281,False
2026-01-26 16:34:00+00:00,valid,0.6973517264963364,False
2026-01-26 16:35:00+00:00,valid,1.2693050080690202,False
2026-01-26 16:36:00+00:00,valid,0.7432337779447088,False
2026-01-26 16:37:00+00:00,valid,0.7009151193094916,False
2026-01-26 16:38:00+00:00,valid,0.681164626247418,False
2026-01-26 16:39:00+00:00,valid,0.6779622445542177,False
2026-01-26 16:40:00+00:00,valid,1.173151650748464,False
2026-01-26 16:41:00+00:00,valid,0.6594754699571024,False
2026-01-26 16:42:00+00:00,valid,0.6847235840805638,False
2026-01-26 16:43:00+00:00,valid,0.6346869255393167,False
2026-01-26 16:44:00+00:00,valid,0.6322994796774931,False
2026-01-26 16:45:00+00:00,valid,0.6545439423393303,False
2026-01-26 16:46:00+00:00,valid,0.6387350863223951,False
2026-01-26 16:47:00+00:00,valid,0.5759799052194798,False
2026-01-26 16:48:00+00:00,valid,0.5849792989218777,False
2026-01-26 16:49:00+00:00,valid,0.6049802858542436,False
2026-01-26 16:50:00+00:00,valid,0.604408274015564,False
2026-01-26 16:51:00+00:00,valid,0.6580024351385048,False
2026-01-26 16:52:00+00:00,valid,0.6572680677627772,False
2026-01-26 16:53:00+00:00,valid,1.1592525875378232,False
2026-01-26 16:54:00+00:00,valid,1.2869174391191593,False
2026-01-26 16:55:00+00:00,valid,0.7332951496783757,False
2026-01-26 16:56:00+00:00,valid,1.1766880885153823,False
2026-01-26 16:57:00+00:00,valid,0.6629392500436865,False
2026-01-26 16:58:00+00:00,valid,0.6808305735235323,False
2026-01-26 16:59:00+00:00,valid,0.6674688267201464,False
2026-01-26 17:00:00+00:00,valid,0.6858103430103177,False
2026-01-26 17:01:00+00:00,valid,0.706132943922065,False
2026-01-26 17:02:00+00:00,valid,0.676436986566217,False
2026-01-26 17:03:00+00:00,valid,0.655636931546704,False
2026-01-26 17:04:00+00:00,valid,0.7270415393090507,False
2026-01-26 17:05:00+00:00,valid,0.7476188030495335,False
2026-01-26 17:06:00+00:00,valid,0.7940765919994949,False
2026-01-26 17:07:00+00:00,valid,0.760220082843919,False
2026-01-26 17:08:00+00:00,valid,0.7144655471392989,False
2026-01-26 17:09:00+00:00,valid,0.6428673732084237,False
2026-01-26 17:10:00+00:00,valid,0.618904420794713,False
2026-01-26 17:11:00+00:00,valid,0.5997985992822378,False
2026-01-26 17:12:00+00:00,valid,0.6715690665804185,False
2026-01-26 17:13:00+00:00,valid,0.678629576523813,False
2026-01-26 17:14:00+00:00,valid,0.697867427593549,False
2026-01-26 17:15:00+00:00,valid,1.3491414352539328,False
2026-01-26 17:16:00+00:00,valid,0.77265700684698,False
2026-01-26 17:17:00+00:00,valid,0.7771763969438827,False
2026-01-26 17:18:00+00:00,valid,0.8542473956438308,False
2026-01-26 17:19:00+00:00,valid,0.8862408311275358,False
2026-01-26 17:20:00+00:00,valid,0.9098561261370512,False
2026-01-26 17:21:00+00:00,valid,0.8842493442664816,False
2026-01-26 17:22:00+00:00,valid,0.8540098058101873,False
2026-01-26 17:23:00+00:00,valid,0.809699107777952,False
2026-01-26 17:24:00+00:00,valid,0.8310958482089112,False
2026-01-26 17:25:00+00:00,valid,0.7452028953306374,False
2026-01-26 17:26:00+00:00,valid,0.7003493904896357,False
2026-01-26 17:27:00+00:00,valid,0.7045342749807015,False
2026-01-26 17:28:00+00:00,valid,0.7353887574222315,False
2026-01-26 17:29:00+00:00,valid,0.6589207464608375,False
2026-01-26 17:30:00+00:00,valid,0.7007590964120312,False
2026-01-26 17:31:00+00:00,valid,0.781800499903613,False
2026-01-26 17:32:00+00:00,valid,0.8635015018317231,False
2026-01-26 17:33:00+00:00,valid,0.9232472696408265,False
2026-01-26 17:34:00+00:00,valid,0.8870397059255622,False
2026-01-26 17:35:00+00:00,valid,0.8768097460525762,False
2026-01-26 17:36:00+00:00,valid,0.8143273972351875,False
2026-01-26 17:37:00+00:00,valid,0.7884273490438414,False
2026-01-26 17:38:00+00:00,valid,0.7161130095721825,False
2026-01-26 17:39:00+00:00,valid,0.6217728006213952,False
2026-01-26 17:40:00+00:00,valid,0.6326976975677862,False
2026-01-26 17:41:00+00:00,valid,0.6525755326871637,False
2026-01-26 17:42:00+00:00,valid,0.6467146442856485,False
2026-01-26 17:43:00+00:00,valid,0.6429749717253986,False
2026-01-26 17:44:00+00:00,valid,0.6608486364710856,False
2026-01-26 17:45:00+00:00,valid,1.5189460985899714,False
2026-01-26 17:46:00+00:00,valid,1.0338027891983679,False
2026-01-26 17:47:00+00:00,valid,0.6688148887386218,False
2026-01-26 17:48:00+00:00,valid,0.671056822708954,False
2026-01-26 17:49:00+00:00,valid,0.6685549335547455,False
2026-01-26 17:50:00+00:00,valid,0.6518539933002208,False
2026-01-26 17:51:00+00:00,valid,0.6870012970985997,False
2026-01-26 17:52:00+00:00,valid,0.6563267142174268,False
2026-01-26 17:53:00+00:00,valid,0.6696895129100031,False
2026-01-26 17:54:00+00:00,valid,0.6257957207543027,False
2026-01-26 17:55:00+00:00,valid,0.6185202746432391,False
2026-01-26 17:56:00+00:00,valid,0.6087511960512995,False
2026-01-26 17:57:00+00:00,valid,0.6709646519731689,False
2026-01-26 17:58:00+00:00,valid,0.6970807953034602,False
2026-01-26 17:59:00+00:00,valid,0.6467757994472482,False
2026-01-26 18:00:00+00:00,valid,0.6727108889235541,False
2026-01-26 18:01:00+00:00,valid,1.1755606893628094,False
2026-01-26 18:02:00+00:00,valid,0.7470049570970617,False
2026-01-26 18:03:00+00:00,valid,0.6735404003482219,False
2026-01-26 18:04:00+00:00,valid,0.6967172007389739,False
2026-01-26 18:05:00+00:00,valid,0.6681244547455446,False
2026-01-26 18:06:00+00:00,valid,0.6702894311338842,False
2026-01-26 18:07:00+00:00,valid,0.6659303759256315,False
2026-01-26 18:08:00+00:00,valid,0.6739368771327547,False
2026-01-26 18:09:00+00:00,valid,0.6805527983054743,False
2026-01-26 18:10:00+00:00,valid,0.7048376087115338,False
2026-01-26 18:11:00+00:00,valid,0.680561972779756,False
2026-01-26 18:12:00+00:00,valid,0.6981506058388122,False
2026-01-26 18:13:00+00:00,valid,0.6794437993302047,False
2026-01-26 18:14:00+00:00,valid,0.6742462183879411,False
2026-01-26 18:15:00+00:00,valid,0.6602210988155758,False
2026-01-26 18:16:00+00:00,valid,0.6772278326082187,False
2026-01-26 18:17:00+00:00,valid,0.7092086417842982,False
2026-01-26 18:18:00+00:00,valid,0.6815988291154831,False
2026-01-26 18:19:00+00:00,valid,0.7086263816235853,False
2026-01-26 18:20:00+00:00,valid,0.7109957724770873,False
2026-01-26 18:21:00+00:00,valid,0.6991916969740836,False
2026-01-26 18:22:00+00:00,valid,0.7116591052830247,False
2026-01-26 18:23:00+00:00,valid,0.6906164420401238,False
2026-01-26 18:24:00+00:00,valid,0.744444220858822,False
2026-01-26 18:25:00+00:00,valid,0.724298361999312,False
2026-01-26 18:26:00+00:00,valid,0.7324621836935151,False
2026-01-26 18:27:00+00:00,valid,0.7090899466398426,False
2026-01-26 18:28:00+00:00,valid,0.7059728428118481,False
2026-01-26 18:29:00+00:00,valid,1.068204733545019,False
2026-01-26 18:30:00+00:00,valid,0.6754131683592967,False
2026-01-26 18:31:00+00:00,valid,0.6531873890268834,False
2026-01-26 18:32:00+00:00,valid,0.6403151941021216,False
2026-01-26 18:33:00+00:00,valid,0.6763535435625466,False
2026-01-26 18:34:00+00:00,valid,0.6588042539922737,False
2026-01-26 18:35:00+00:00,valid,0.7088905095942266,False
2026-01-26 18:36:00+00:00,valid,0.7123081875496782,False
2026-01-26 18:37:00+00:00,valid,0.694390038881098,False
2026-01-26 18:38:00+00:00,valid,0.7001309978985354,False
2026-01-26 18:39:00+00:00,valid,0.7175461948650661,False
2026-01-26 18:40:00+00:00,valid,0.7061944708299663,False
2026-01-26 18:41:00+00:00,valid,0.6895295497703451,False
2026-01-26 18:42:00+00:00,valid,0.7329859184521752,False
2026-01-26 18:43:00+00:00,valid,0.7453882355108589,False
2026-01-26 18:44:00+00:00,valid,0.7804826223748378,False
2026-01-26 18:45:00+00:00,valid,0.7551868342610332,False
2026-01-26 18:46:00+00:00,valid,0.7389547826372985,False
2026-01-26 18:47:00+00:00,valid,0.6749357161034203,False
2026-01-26 18:48:00+00:00,valid,0.654981649923449,False
2026-01-26 18:49:00+00:00,valid,0.6397020601441294,False
2026-01-26 18:50:00+00:00,valid,0.645588845553761,False
2026-01-26 18:51:00+00:00,valid,0.6358824144995271,False
2026-01-26 18:52:00+00:00,valid,0.6684059311460779,False
2026-01-26 18:53:00+00:00,valid,0.7046168311969673,False
2026-01-26 18:54:00+00:00,valid,0.7234666458982321,False
2026-01-26 18:55:00+00:00,valid,0.703187254653888,False
2026-01-26 18:56:00+00:00,valid,0.7222077072574533,False
2026-01-26 18:57:00+00:00,valid,0.6949149999036476,False
2026-01-26 18:58:00+00:00,valid,0.7040913636839823,False
2026-01-26 18:59:00+00:00,valid,1.2207842535182463,False
2026-01-26 19:00:00+00:00,valid,0.6785380552803708,False
2026-01-26 19:01:00+00:00,valid,0.7111998435075235,False
2026-01-26 19:02:00+00:00,valid,0.6742257956709389,False
2026-01-26 19:03:00+00:00,valid,0.6820396934989037,False
2026-01-26 19:04:00+00:00,valid,0.6580288354707471,False
2026-01-26 19:05:00+00:00,valid,0.6527974885008482,False
2026-01-26 19:06:00+00:00,valid,0.6881393964188824,False
2026-01-26 19:07:00+00:00,valid,0.7036618726522386,False
2026-01-26 19:08:00+00:00,valid,1.131711141773636,False
2026-01-26 19:09:00+00:00,valid,0.7716742674857017,False
2026-01-26 19:10:00+00:00,valid,0.7738391410917037,False
2026-01-26 19:11:00+00:00,valid,0.7382800685695899,False
2026-01-26 19:12:00+00:00,valid,0.7809800405602801,False
2026-01-26 19:13:00+00:00,valid,0.7691897423255365,False
2026-01-26 19:14:00+00:00,valid,0.7202959094452803,False
2026-01-26 19:15:00+00:00,valid,0.673494517535961,False
2026-01-26 19:16:00+00:00,valid,0.7568973330802173,False
2026-01-26 19:17:00+00:00,valid,1.2320295021246936,False
2026-01-26 19:18:00+00:00,valid,0.8600514295857755,False
2026-01-26 19:19:00+00:00,valid,0.8588288838576762,False
2026-01-26 19:20:00+00:00,valid,0.8473253214945419,False
2026-01-26 19:21:00+00:00,valid,0.8555341742009411,False
2026-01-26 19:22:00+00:00,valid,1.1023916837875867,False
2026-01-26 19:23:00+00:00,valid,0.7698833447325946,False
2026-01-26 19:24:00+00:00,valid,1.3414583945068341,False
2026-01-26 19:25:00+00:00,valid,0.8003927057618017,False
2026-01-26 19:26:00+00:00,valid,0.7641600173628309,False
2026-01-26 19:27:00+00:00,valid,0.821969937427436,False
2026-01-26 19:28:00+00:00,valid,1.0734732121991295,False
2026-01-26 19:29:00+00:00,valid,0.8579499214938467,False
2026-01-26 19:30:00+00:00,valid,0.8351483344852231,False
2026-01-26 19:31:00+00:00,valid,0.8328509469174306,False
2026-01-26 19:32:00+00:00,valid,0.8820462010970028,False
2026-01-26 19:33:00+00:00,valid,0.8854867278041706,False
2026-01-26 19:34:00+00:00,valid,0.8908992962746842,False
2026-01-26 19:35:00+00:00,valid,0.9005857107431491,False
2026-01-26 19:36:00+00:00,valid,0.8660268295842267,False
2026-01-26 19:37:00+00:00,valid,0.8176434717460234,False
2026-01-26 19:38:00+00:00,valid,0.802616982788084,False
2026-01-26 19:39:00+00:00,valid,0.7689394218605062,False
2026-01-26 19:40:00+00:00,valid,0.7343753977172459,False
2026-01-26 19:41:00+00:00,valid,0.6973482268860357,False
2026-01-26 19:42:00+00:00,valid,0.676470459225263,False
2026-01-26 19:43:00+00:00,valid,0.7058581017036104,False
2026-01-26 19:44:00+00:00,valid,0.7157471046253849,False
2026-01-26 19:45:00+00:00,valid,0.7055258334977748,False
2026-01-26 19:46:00+00:00,valid,0.7332390247828061,False
2026-01-26 19:47:00+00:00,valid,1.0720385790898082,False
2026-01-26 19:48:00+00:00,valid,1.1638268879840845,False
2026-01-26 19:49:00+00:00,valid,1.2493425262278488,False
2026-01-26 19:50:00+00:00,valid,1.2293010459338864,False
2026-01-26 19:51:00+00:00,valid,1.1280844018270173,False
2026-01-26 19:52:00+00:00,valid,1.1836048438753006,False
2026-01-26 19:53:00+00:00,valid,1.1671291629454312,False
2026-01-26 19:54:00+00:00,valid,1.1079351627868739,False
2026-01-26 19:55:00+00:00,valid,1.0192406347496508,False
2026-01-26 19:56:00+00:00,valid,1.0030457873982406,False
2026-01-26 19:57:00+00:00,valid,0.9446816915509182,False
2026-01-26 19:58:00+00:00,valid,1.1552742200525141,False
2026-01-26 19:59:00+00:00,valid,0.861217496867302,False
2026-01-26 20:00:00+00:00,valid,0.817321004937733,False
2026-01-26 20:01:00+00:00,valid,1.0821816729746738,False
2026-01-26 20:02:00+00:00,valid,0.9963498547773572,False
2026-01-26 20:03:00+00:00,valid,1.450638542415133,False
2026-01-26 20:04:00+00:00,valid,1.0760692000190855,False
2026-01-26 20:05:00+00:00,valid,1.0317560526229383,False
2026-01-26 20:06:00+00:00,valid,1.0849210581025577,False
2026-01-26 20:07:00+00:00,valid,0.9572164295504303,False
2026-01-26 20:08:00+00:00,valid,1.0188553553138548,False
2026-01-26 20:09:00+00:00,valid,1.1089216058430629,False
2026-01-26 20:10:00+00:00,valid,1.1018390860924487,False
2026-01-26 20:11:00+00:00,valid,1.1498457232994919,False
2026-01-26 20:12:00+00:00,valid,1.0985863572673435,False
2026-01-26 20:13:00+00:00,valid,1.116397662717064,False
2026-01-26 20:14:00+00:00,valid,1.1091489346069496,False
2026-01-26 20:15:00+00:00,valid,1.079959565604462,False
2026-01-26 20:16:00+00:00,valid,0.9277326797470934,False
2026-01-26 20:17:00+00:00,valid,0.7830324090877193,False
2026-01-26 20:18:00+00:00,valid,1.3430633438209023,False
2026-01-26 20:19:00+00:00,valid,0.7580807837121369,False
2026-01-26 20:20:00+00:00,valid,0.7307633184159088,False
2026-01-26 20:21:00+00:00,valid,0.7188495835332166,False
2026-01-26 20:22:00+00:00,valid,0.7179363367998393,False
2026-01-26 20:23:00+00:00,valid,0.7179000209167266,False
2026-01-26 20:24:00+00:00,valid,0.7341349060318006,False
2026-01-26 20:25:00+00:00,valid,0.7728716001213347,False
2026-01-26 20:26:00+00:00,valid,0.8030933257854043,False
2026-01-26 20:27:00+00:00,valid,0.7596107809417233,False
2026-01-26 20:28:00+00:00,valid,0.7727590243742064,False
2026-01-26 20:29:00+00:00,valid,0.7484795154706886,False
2026-01-26 20:30:00+00:00,valid,0.7626727428300802,False
2026-01-26 20:31:00+00:00,valid,0.7468758053423195,False
2026-01-26 20:32:00+00:00,valid,0.8233523910420285,False
2026-01-26 20:33:00+00:00,valid,0.8536680705720184,False
2026-01-26 20:34:00+00:00,valid,0.8718370501043635,False
2026-01-26 20:35:00+00:00,valid,0.8446290304170544,False
2026-01-26 20:36:00+00:00,valid,0.8530432276397322,False
2026-01-26 20:37:00+00:00,valid,0.814372919805282,False
2026-01-26 20:38:00+00:00,valid,0.8449107367939205,False
2026-01-26 20:39:00+00:00,valid,0.7786125546846319,False
2026-01-26 20:40:00+00:00,valid,0.778692138371041,False
2026-01-26 20:41:00+00:00,valid,0.7623516515538841,False
2026-01-26 20:42:00+00:00,valid,0.7561720246000972,False
2026-01-26 20:43:00+00:00,valid,0.7316086864719521,False
2026-01-26 20:44:00+00:00,valid,0.7169982061367053,False
2026-01-26 20:45:00+00:00,valid,0.7485792554400249,False
2026-01-26 20:46:00+00:00,valid,0.773259515543909,False
2026-01-26 20:47:00+00:00,valid,0.7630563234806598,False
2026-01-26 20:48:00+00:00,valid,0.7230926425470475,False
2026-01-26 20:49:00+00:00,valid,0.7535192792974352,False
2026-01-26 20:50:00+00:00,valid,0.751887139541622,False
2026-01-26 20:51:00+00:00,valid,0.7246489640639661,False
2026-01-26 20:52:00+00:00,valid,1.2475675474334043,False
2026-01-26 20:53:00+00:00,valid,0.7340816391045212,False
2026-01-26 20:54:00+00:00,valid,0.7948756260893618,False
2026-01-26 20:55:00+00:00,valid,0.7622907613372443,False
2026-01-26 20:56:00+00:00,valid,0.7568755162293344,False
2026-01-26 20:57:00+00:00,valid,1.210554111652106,False
2026-01-26 20:58:00+00:00,valid,0.6818948211284552,False
2026-01-26 20:59:00+00:00,valid,0.6618590900984523,False
2026-01-26 21:00:00+00:00,valid,0.6474754330073395,False
2026-01-26 21:01:00+00:00,valid,0.6681147794682714,False
2026-01-26 21:02:00+00:00,valid,0.5858267906210085,False
2026-01-26 21:03:00+00:00,valid,0.7074972793624482,False
2026-01-26 21:04:00+00:00,valid,0.6988033287570167,False
2026-01-26 21:05:00+00:00,valid,0.7355444520207352,False
2026-01-26 21:06:00+00:00,valid,0.7392774713659678,False
2026-01-26 21:07:00+00:00,valid,0.7352574392249526,False
2026-01-26 21:08:00+00:00,valid,0.7267610528032596,False
2026-01-26 21:09:00+00:00,valid,1.218086992564791,False
2026-01-26 21:10:00+00:00,valid,0.7565077043333881,False
2026-01-26 21:11:00+00:00,valid,0.7676485524422901,False
2026-01-26 21:12:00+00:00,valid,0.7684202529028527,False
2026-01-26 21:13:00+00:00,valid,0.8046757262117877,False
2026-01-26 21:14:00+00:00,valid,0.7522331687919175,False
2026-01-26 21:15:00+00:00,valid,0.7670162635729464,False
2026-01-26 21:16:00+00:00,valid,0.7822435373765249,False
2026-01-26 21:17:00+00:00,valid,0.7882176498834733,False
2026-01-26 21:18:00+00:00,valid,0.7809901485719024,False
2026-01-26 21:19:00+00:00,valid,0.7289595123128476,False
2026-01-26 21:20:00+00:00,valid,0.7168302208558268,False
2026-01-26 21:21:00+00:00,valid,0.7081426509499892,False
2026-01-26 21:22:00+00:00,valid,0.7033888597048491,False
2026-01-26 21:23:00+00:00,valid,0.6812270896094601,False
2026-01-26 21:24:00+00:00,valid,0.6690267358413059,False
2026-01-26 21:25:00+00:00,valid,0.6870792437163659,False
2026-01-26 21:26:00+00:00,valid,0.7228221579952794,False
2026-01-26 21:27:00+00:00,valid,0.7368804304580833,False
2026-01-26 21:28:00+00:00,valid,0.7486712483593987,False
2026-01-26 21:29:00+00:00,valid,0.7464951846576091,False
2026-01-26 21:30:00+00:00,valid,0.7319135248102231,False
2026-01-26 21:31:00+00:00,valid,0.7161872578741559,False
2026-01-26 21:32:00+00:00,valid,0.7057952686353083,False
2026-01-26 21:33:00+00:00,valid,0.7104273920627214,False
2026-01-26 21:34:00+00:00,valid,0.7695499953430947,False
2026-01-26 21:35:00+00:00,valid,0.709881958994359,False
2026-01-26 21:36:00+00:00,valid,0.7485475107260572,False
2026-01-26 21:37:00+00:00,valid,0.7960967267561324,False
2026-01-26 21:38:00+00:00,valid,0.8189659689863548,False
2026-01-26 21:39:00+00:00,valid,0.814028010818077,False
2026-01-26 21:40:00+00:00,valid,0.8901294990766982,False
2026-01-26 21:41:00+00:00,valid,0.8740105219839331,False
2026-01-26 21:42:00+00:00,valid,0.7848682483930346,False
2026-01-26 21:43:00+00:00,valid,0.7801713544720423,False
2026-01-26 21:44:00+00:00,valid,0.7445702153995092,False
2026-01-26 21:45:00+00:00,valid,0.7440579294726197,False
2026-01-26 21:46:00+00:00,valid,1.0762658369746716,False
2026-01-26 21:47:00+00:00,valid,0.7995235301984663,False
2026-01-26 21:48:00+00:00,valid,0.7382906266083935,False
2026-01-26 21:49:00+00:00,valid,0.7231718715864522,False
2026-01-26 21:50:00+00:00,valid,0.7315796419749672,False
2026-01-26 21:51:00+00:00,valid,0.7678498138399706,False
2026-01-26 21:52:00+00:00,valid,0.7667533136547773,False
2026-01-26 21:53:00+00:00,valid,0.7506506607910998,False
2026-01-26 21:54:00+00:00,valid,0.7352626609009784,False
2026-01-26 21:55:00+00:00,valid,0.7564409524180549,False
2026-01-26 21:56:00+00:00,valid,0.7289099431656617,False
2026-01-26 21:57:00+00:00,valid,0.7378739312206976,False
2026-01-26 21:58:00+00:00,valid,0.7275530924787521,False
2026-01-26 21:59:00+00:00,valid,0.7022296831160574,False
2026-01-26 22:00:00+00:00,valid,0.698480505552951,False
2026-01-26 22:01:00+00:00,valid,0.6938348297218954,False
2026-01-26 22:02:00+00:00,valid,0.7226792314042314,False
2026-01-26 22:03:00+00:00,valid,0.7162276120010562,False
2026-01-26 22:04:00+00:00,valid,0.7540682323407201,False
2026-01-26 22:05:00+00:00,valid,0.7580271588237772,False
2026-01-26 22:06:00+00:00,valid,0.7862633270422462,False
2026-01-26 22:07:00+00:00,valid,0.7284177631864315,False
2026-01-26 22:08:00+00:00,valid,0.7504078557168526,False
2026-01-26 22:09:00+00:00,valid,0.7845353644332242,False
2026-01-26 22:10:00+00:00,valid,0.8426057943351839,False
2026-01-26 22:11:00+00:00,valid,0.8694018260914405,False
2026-01-26 22:12:00+00:00,valid,0.8153348939158895,False
2026-01-26 22:13:00+00:00,valid,0.8040203539212059,False
2026-01-26 22:14:00+00:00,valid,0.7469708779102698,False
2026-01-26 22:15:00+00:00,valid,0.7559715522898867,False
2026-01-26 22:16:00+00:00,valid,0.7220297420298539,False
2026-01-26 22:17:00+00:00,valid,0.6822678733926458,False
2026-01-26 22:18:00+00:00,valid,0.689394098538993,False
2026-01-26 22:19:00+00:00,valid,0.6751206567792042,False
2026-01-26 22:20:00+00:00,valid,0.6376388627975644,False
2026-01-26 22:21:00+00:00,valid,0.7406977738940181,False
2026-01-26 22:22:00+00:00,valid,0.6401373446752174,False
2026-01-26 22:23:00+00:00,valid,0.6326779651758572,False
2026-01-26 22:24:00+00:00,valid,0.6791031237648186,False
2026-01-26 22:25:00+00:00,valid,0.6452296685185648,False
2026-01-26 22:26:00+00:00,valid,0.6694212258090966,False
2026-01-26 22:27:00+00:00,valid,0.6395549042873908,False
2026-01-26 22:28:00+00:00,valid,0.6556835631935847,False
2026-01-26 22:29:00+00:00,valid,0.6984459578644695,False
2026-01-26 22:30:00+00:00,valid,0.8294203270355273,False
2026-01-26 22:31:00+00:00,valid,0.7230553826506287,False
2026-01-26 22:32:00+00:00,valid,0.7214757131091575,False
2026-01-26 22:33:00+00:00,valid,0.6858939033463151,False
2026-01-26 22:34:00+00:00,valid,0.7412449004647005,False
2026-01-26 22:35:00+00:00,valid,0.794386547955216,False
2026-01-26 22:36:00+00:00,valid,0.8064992105269833,False
2026-01-26 22:37:00+00:00,valid,0.7543704178294549,False
2026-01-26 22:38:00+00:00,valid,0.7102404892692974,False
2026-01-26 22:39:00+00:00,valid,0.6520423785711742,False
2026-01-26 22:40:00+00:00,valid,0.652143461696625,False
2026-01-26 22:41:00+00:00,valid,0.6441198530070352,False
2026-01-26 22:42:00+00:00,valid,0.6418821778178135,False
2026-01-26 22:43:00+00:00,valid,0.6984665887633102,False
2026-01-26 22:44:00+00:00,valid,0.9533045648152267,False
2026-01-26 22:45:00+00:00,valid,0.7581027869524924,False
2026-01-26 22:46:00+00:00,valid,0.6927213735779842,False
2026-01-26 22:47:00+00:00,valid,1.28126354040039,False
2026-01-26 22:48:00+00:00,valid,0.5899031105884992,False
2026-01-26 22:49:00+00:00,valid,0.5857423109286366,False
2026-01-26 22:50:00+00:00,valid,0.5900166963719761,False
2026-01-26 22:51:00+00:00,valid,0.7643042567096007,False
2026-01-26 22:52:00+00:00,valid,0.7484535696967232,False
2026-01-26 22:53:00+00:00,valid,0.8208141471483247,False
2026-01-26 22:54:00+00:00,valid,0.8087432558305397,False
2026-01-26 22:55:00+00:00,valid,0.8360369782818915,False
2026-01-26 22:56:00+00:00,valid,0.8988503029298356,False
2026-01-26 22:57:00+00:00,valid,0.8448199755721606,False
2026-01-26 22:58:00+00:00,valid,0.7979764111346408,False
2026-01-26 22:59:00+00:00,valid,0.7390351563656083,False
2026-01-26 23:00:00+00:00,valid,0.903860846883783,False
2026-01-26 23:01:00+00:00,valid,0.745127504344979,False
2026-01-26 23:02:00+00:00,valid,0.6436791487159865,False
2026-01-26 23:03:00+00:00,valid,0.6372612101882501,False
2026-01-26 23:04:00+00:00,valid,0.6003921001935426,False
2026-01-26 23:05:00+00:00,valid,0.6666874028926625,False
2026-01-26 23:06:00+00:00,valid,0.6876442954619058,False
2026-01-26 23:07:00+00:00,valid,0.6479148582391584,False
2026-01-26 23:08:00+00:00,valid,0.6375729703188902,False
2026-01-26 23:09:00+00:00,valid,0.688368860258179,False
2026-01-26 23:10:00+00:00,valid,0.6630996263769224,False
2026-01-26 23:11:00+00:00,valid,0.6673422165143228,False
2026-01-26 23:12:00+00:00,valid,0.6255862058939763,False
2026-01-26 23:13:00+00:00,valid,0.6573573728169222,False
2026-01-26 23:14:00+00:00,valid,0.6249797550836875,False
2026-01-26 23:15:00+00:00,valid,0.659649804507764,False
2026-01-26 23:16:00+00:00,valid,0.6331721541357271,False
2026-01-26 23:17:00+00:00,valid,0.6951218198209571,False
2026-01-26 23:18:00+00:00,valid,0.7110282167190826,False
2026-01-26 23:19:00+00:00,valid,0.8075904976935204,False
2026-01-26 23:20:00+00:00,valid,0.8759478672907969,False
2026-01-26 23:21:00+00:00,valid,0.9642931335341988,False
2026-01-26 23:22:00+00:00,valid,0.871191437687202,False
2026-01-26 23:23:00+00:00,valid,0.8032530492015213,False
2026-01-26 23:24:00+00:00,valid,0.7315177621667545,False
2026-01-26 23:25:00+00:00,valid,0.6770795319223701,False
2026-01-26 23:26:00+00:00,valid,0.6526708995776936,False
2026-01-26 23:27:00+00:00,valid,0.6780192862731194,False
2026-01-26 23:28:00+00:00,valid,0.6263090274456823,False
2026-01-26 23:29:00+00:00,valid,0.6815805032296032,False
2026-01-26 23:30:00+00:00,valid,0.6983039397035137,False
2026-01-26 23:31:00+00:00,valid,0.7001443382437009,False
2026-01-26 23:32:00+00:00,valid,0.7308857118089915,False
2026-01-26 23:33:00+00:00,valid,0.7829484221007696,False
2026-01-26 23:34:00+00:00,valid,0.842951471875217,False
2026-01-26 23:35:00+00:00,valid,0.7994265658064432,False
2026-01-26 23:36:00+00:00,valid,0.7526069540824077,False
2026-01-26 23:37:00+00:00,valid,0.6564684488325403,False
2026-01-26 23:38:00+00:00,valid,0.6189886559047545,False
2026-01-26 23:39:00+00:00,valid,0.5820155007705502,False
2026-01-26 23:40:00+00:00,valid,0.6110546709474536,False
2026-01-26 23:41:00+00:00,valid,0.6578987550692192,False
2026-01-26 23:42:00+00:00,valid,0.6368835232413954,False
2026-01-26 23:43:00+00:00,valid,0.6321656446996512,False
2026-01-26 23:44:00+00:00,valid,0.7109368487734995,False
2026-01-26 23:45:00+00:00,valid,0.7232162315377717,False
2026-01-26 23:46:00+00:00,valid,0.6931174593192186,False
2026-01-26 23:47:00+00:00,valid,0.6876654908239918,False
2026-01-26 23:48:00+00:00,valid,0.6887972595471189,False
2026-01-26 23:49:00+00:00,valid,0.954442748993133,False
2026-01-26 23:50:00+00:00,valid,0.6265769196392219,False
2026-01-26 23:51:00+00:00,valid,0.5858733429916879,False
2026-01-26 23:52:00+00:00,valid,0.6191576668812555,False
2026-01-26 23:53:00+00:00,valid,0.6066107337133655,False
2026-01-26 23:54:00+00:00,valid,0.6278202031073195,False
2026-01-26 23:55:00+00:00,valid,0.6607563933249093,False
2026-01-26 23:56:00+00:00,valid,0.6507230497013078,False
2026-01-26 23:57:00+00:00,valid,0.6838094582225073,False
2026-01-26 23:58:00+00:00,valid,0.6555312404581135,False
2026-01-26 23:59:00+00:00,valid,0.6779554117794371,False
2026-01-27 00:00:00+00:00,valid,0.6503671496930832,False
2026-01-27 00:01:00+00:00,valid,0.6543580827279765,False
2026-01-27 00:02:00+00:00,valid,0.6236664144850149,False
2026-01-27 00:03:00+00:00,valid,0.7048858375857537,False
2026-01-27 00:04:00+00:00,valid,0.6919130596977814,False
2026-01-27 00:05:00+00:00,valid,0.6966786677392994,False
2026-01-27 00:06:00+00:00,valid,0.6515172174641345,False
2026-01-27 00:07:00+00:00,valid,0.6288398004565164,False
2026-01-27 00:08:00+00:00,valid,0.5914337607903792,False
2026-01-27 00:09:00+00:00,valid,0.5925301749988631,False
2026-01-27 00:10:00+00:00,valid,0.5694010670407078,False
2026-01-27 00:11:00+00:00,valid,0.6225306476989639,False
2026-01-27 00:12:00+00:00,valid,0.6535812458908129,False
2026-01-27 00:13:00+00:00,valid,0.6608020068594472,False
2026-01-27 00:14:00+00:00,valid,0.7294557914998816,False
2026-01-27 00:15:00+00:00,valid,1.0574867628687572,False
2026-01-27 00:16:00+00:00,valid,0.6435311663576826,False
2026-01-27 00:17:00+00:00,valid,0.6674298770589872,False
2026-01-27 00:18:00+00:00,valid,0.6862072664205964,False
2026-01-27 00:19:00+00:00,valid,0.6295703274953451,False
2026-01-27 00:20:00+00:00,valid,0.6471865440897616,False
2026-01-27 00:21:00+00:00,valid,0.6604933120567141,False
2026-01-27 00:22:00+00:00,valid,0.6849199004859734,False
2026-01-27 00:23:00+00:00,valid,1.0609567019321835,False
2026-01-27 00:24:00+00:00,valid,0.6224564303826047,False
2026-01-27 00:25:00+00:00,valid,0.6194126490803897,False
2026-01-27 00:26:00+00:00,valid,0.6201866412786804,False
2026-01-27 00:27:00+00:00,valid,0.6142990923348886,False
2026-01-27 00:28:00+00:00,valid,0.6495572432840907,False
2026-01-27 00:29:00+00:00,valid,0.6932375350919211,False
2026-01-27 00:30:00+00:00,valid,0.7110142320285743,False
2026-01-27 00:31:00+00:00,valid,0.6811798814673631,False
2026-01-27 00:32:00+00:00,valid,0.6934186860490539,False
2026-01-27 00:33:00+00:00,valid,0.7382735322732137,False
2026-01-27 00:34:00+00:00,valid,0.7412447842205606,False
2026-01-27 00:35:00+00:00,valid,0.7836028908324196,False
2026-01-27 00:36:00+00:00,valid,0.797592901413546,False
2026-01-27 00:37:00+00:00,valid,0.7952588337735055,False
2026-01-27 00:38:00+00:00,valid,0.756482369910426,False
2026-01-27 00:39:00+00:00,valid,1.099807210875324,False
2026-01-27 00:40:00+00:00,valid,0.672731324473857,False
2026-01-27 00:41:00+00:00,valid,0.710320047741472,False
2026-01-27 00:42:00+00:00,valid,0.7044228309880222,False
2026-01-27 00:43:00+00:00,valid,0.6984142301894471,False
2026-01-27 00:44:00+00:00,valid,0.7208810193914535,False
2026-01-27 00:45:00+00:00,valid,0.8029254993151687,False
2026-01-27 00:46:00+00:00,valid,0.8020696062200902,False
2026-01-27 00:47:00+00:00,valid,0.8158294364786947,False
2026-01-27 00:48:00+00:00,valid,0.8103165993386671,False
2026-01-27 00:49:00+00:00,valid,0.8179374822691904,False
2026-01-27 00:50:00+00:00,valid,0.7746045124389906,False
2026-01-27 00:51:00+00:00,valid,0.7537949107606484,False
2026-01-27 00:52:00+00:00,valid,0.7114190032892554,False
2026-01-27 00:53:00+00:00,valid,0.7284678316710468,False
2026-01-27 00:54:00+00:00,valid,0.7032076610036279,False
2026-01-27 00:55:00+00:00,valid,0.710757246823723,False
2026-01-27 00:56:00+00:00,valid,0.6971589886533867,False
2026-01-27 00:57:00+00:00,valid,0.6819960450852351,False
2026-01-27 00:58:00+00:00,valid,0.6747639400105311,False
2026-01-27 00:59:00+00:00,valid,0.6258634814300943,False
2026-01-27 01:00:00+00:00,valid,0.6439475763164463,False
2026-01-27 01:01:00+00:00,valid,0.6533285894727747,False
2026-01-27 01:02:00+00:00,valid,0.6961308853904404,False
2026-01-27 01:03:00+00:00,valid,0.7225759375262841,False
2026-01-27 01:04:00+00:00,valid,1.0140918526656064,False
2026-01-27 01:05:00+00:00,valid,0.8536835295420472,False
2026-01-27 01:06:00+00:00,valid,0.8578101796490536,False
2026-01-27 01:07:00+00:00,valid,0.8243239415641848,False
2026-01-27 01:08:00+00:00,valid,0.7786657178633517,False
2026-01-27 01:09:00+00:00,valid,0.7797089385483625,False
2026-01-27 01:10:00+00:00,valid,0.8188917737679005,False
2026-01-27 01:11:00+00:00,valid,0.8210462508263286,False
2026-01-27 01:12:00+00:00,valid,0.7764784574144833,False
2026-01-27 01:13:00+00:00,valid,0.8276254032386983,False
2026-01-27 01:14:00+00:00,valid,0.7337030763519397,False
2026-01-27 01:15:00+00:00,valid,0.7454360489992843,False
2026-01-27 01:16:00+00:00,valid,0.6777126379597033,False
2026-01-27 01:17:00+00:00,valid,0.6953422707684511,False
2026-01-27 01:18:00+00:00,valid,0.6257192318678042,False
2026-01-27 01:19:00+00:00,valid,0.6372810689702065,False
2026-01-27 01:20:00+00:00,valid,0.6106870391072807,False
2026-01-27 01:21:00+00:00,valid,0.5845961288151069,False
2026-01-27 01:22:00+00:00,valid,0.5979380063955181,False
2026-01-27 01:23:00+00:00,valid,0.625302620501217,False
2026-01-27 01:24:00+00:00,valid,0.6187533223187633,False
2026-01-27 01:25:00+00:00,valid,0.5827758738305665,False
2026-01-27 01:26:00+00:00,valid,0.5825729858578301,False
2026-01-27 01:27:00+00:00,valid,0.5817544460337413,False
2026-01-27 01:28:00+00:00,valid,0.5692249743324675,False
2026-01-27 01:29:00+00:00,valid,0.574840891783333,False
2026-01-27 01:30:00+00:00,valid,0.5640658979636326,False
2026-01-27 01:31:00+00:00,valid,0.5737695117115476,False
2026-01-27 01:32:00+00:00,valid,0.5938076788071507,False
2026-01-27 01:33:00+00:00,valid,0.6216244279935542,False
2026-01-27 01:34:00+00:00,valid,0.5605142590566958,False
2026-01-27 01:35:00+00:00,valid,0.5947306433535455,False
2026-01-27 01:36:00+00:00,valid,0.5604016829547048,False
2026-01-27 01:37:00+00:00,valid,0.5971247784732543,False
2026-01-27 01:38:00+00:00,valid,0.6156444767011796,False
2026-01-27 01:39:00+00:00,valid,0.6622389449570333,False
2026-01-27 01:40:00+00:00,valid,0.6768886469976172,False
2026-01-27 01:41:00+00:00,valid,0.6428788081174582,False
2026-01-27 01:42:00+00:00,valid,0.6174303364239893,False
2026-01-27 01:43:00+00:00,valid,0.5641164479361204,False
2026-01-27 01:44:00+00:00,valid,1.2157619724780344,False
2026-01-27 01:45:00+00:00,valid,0.5880248825010849,False
2026-01-27 01:46:00+00:00,valid,0.5895077487297671,False
2026-01-27 01:47:00+00:00,valid,0.5914125219080967,False
2026-01-27 01:48:00+00:00,valid,0.6239098707257461,False
2026-01-27 01:49:00+00:00,valid,0.9912869826352398,False
2026-01-27 01:50:00+00:00,valid,0.560765209092533,False
2026-01-27 01:51:00+00:00,valid,0.5261697935697298,False
2026-01-27 01:52:00+00:00,valid,1.0589571571672896,False
2026-01-27 01:53:00+00:00,valid,0.9598233892392021,False
2026-01-27 01:54:00+00:00,valid,0.48329545631019466,False
2026-01-27 01:55:00+00:00,valid,0.5343324953250246,False
2026-01-27 01:56:00+00:00,valid,0.5294013574900218,False
2026-01-27 01:57:00+00:00,valid,0.5143713070855991,False
2026-01-27 01:58:00+00:00,valid,0.4778970523256159,False
2026-01-27 01:59:00+00:00,valid,0.4634392732336928,False
2026-01-27 02:00:00+00:00,valid,0.5343253701517608,False
2026-01-27 02:01:00+00:00,valid,0.4779948505832933,False
2026-01-27 02:02:00+00:00,valid,0.4960721807172568,False
2026-01-27 02:03:00+00:00,valid,0.5240835269111561,False
2026-01-27 02:04:00+00:00,valid,0.5652005768151835,False
2026-01-27 02:05:00+00:00,valid,0.5930643358407264,False
2026-01-27 02:06:00+00:00,valid,0.5703625925612819,False
2026-01-27 02:07:00+00:00,valid,0.6118604775038448,False
2026-01-27 02:08:00+00:00,valid,0.5942372784457942,False
2026-01-27 02:09:00+00:00,valid,0.5434817141153412,False
2026-01-27 02:10:00+00:00,valid,0.5787105427739001,False
2026-01-27 02:11:00+00:00,valid,0.6018014405499621,False
2026-01-27 02:12:00+00:00,valid,1.0506949845335594,False
2026-01-27 02:13:00+00:00,valid,0.7816393675077707,False
2026-01-27 02:14:00+00:00,valid,0.6955116564414715,False
2026-01-27 02:15:00+00:00,valid,0.7013282235047826,False
2026-01-27 02:16:00+00:00,valid,0.7181109608510103,False
2026-01-27 02:17:00+00:00,valid,0.6712121374372042,False
2026-01-27 02:18:00+00:00,valid,0.6811247460361727,False
2026-01-27 02:19:00+00:00,valid,0.6281384551245216,False
2026-01-27 02:20:00+00:00,valid,0.5877696782471583,False
2026-01-27 02:21:00+00:00,valid,0.5867236207503916,False
2026-01-27 02:22:00+00:00,valid,0.553474492099261,False
2026-01-27 02:23:00+00:00,valid,0.5955528254957443,False
2026-01-27 02:24:00+00:00,valid,0.6219260190447023,False
2026-01-27 02:25:00+00:00,valid,0.6158085680053542,False
2026-01-27 02:26:00+00:00,valid,0.6782137078948284,False
2026-01-27 02:27:00+00:00,valid,0.6902482781664693,False
2026-01-27 02:28:00+00:00,valid,0.6412792012897143,False
2026-01-27 02:29:00+00:00,valid,0.6618056167609314,False
2026-01-27 02:30:00+00:00,valid,0.6620454664738266,False
2026-01-27 02:31:00+00:00,valid,0.6926953504581795,False
2026-01-27 02:32:00+00:00,valid,0.712193803024046,False
2026-01-27 02:33:00+00:00,valid,0.7235368324826111,False
2026-01-27 02:34:00+00:00,valid,0.6686107615952447,False
2026-01-27 02:35:00+00:00,valid,0.682803331279607,False
2026-01-27 02:36:00+00:00,valid,0.6097545796330478,False
2026-01-27 02:37:00+00:00,valid,0.9589336166617132,False
2026-01-27 02:38:00+00:00,valid,0.5128881597873023,False
2026-01-27 02:39:00+00:00,valid,0.46209113336917745,False
2026-01-27 02:40:00+00:00,valid,0.43341954689824036,False
2026-01-27 02:41:00+00:00,valid,0.505887103069561,False
2026-01-27 02:42:00+00:00,valid,0.4645035429265395,False
2026-01-27 02:43:00+00:00,valid,1.1034770068714885,False
2026-01-27 02:44:00+00:00,valid,0.47956218492097563,False
2026-01-27 02:45:00+00:00,valid,1.793072328150213,False
2026-01-27 02:46:00+00:00,valid,0.5387786996598491,False
2026-01-27 02:47:00+00:00,valid,0.54045663295853,False
2026-01-27 02:48:00+00:00,valid,1.2010159720647169,False
2026-01-27 02:49:00+00:00,valid,0.7026812162819448,False
2026-01-27 02:50:00+00:00,valid,0.7152043728757023,False
2026-01-27 02:51:00+00:00,valid,0.7080554956671684,False
2026-01-27 02:52:00+00:00,valid,0.688794026650164,False
2026-01-27 02:53:00+00:00,valid,0.6357404316041161,False
2026-01-27 02:54:00+00:00,valid,0.6080774089221052,False
2026-01-27 02:55:00+00:00,valid,0.620349422504615,False
2026-01-27 02:56:00+00:00,valid,1.2042331225860776,False
2026-01-27 02:57:00+00:00,valid,0.6201513854883504,False
2026-01-27 02:58:00+00:00,valid,0.6084532371515369,False
2026-01-27 02:59:00+00:00,valid,0.6261094561820725,False
2026-01-27 03:00:00+00:00,valid,0.6522074478615058,False
2026-01-27 03:01:00+00:00,valid,0.6051107555437792,False
2026-01-27 03:02:00+00:00,valid,1.0283172940577976,False
2026-01-27 03:03:00+00:00,valid,0.6322437064318901,False
2026-01-27 03:04:00+00:00,valid,0.6219057930504195,False
2026-01-27 03:05:00+00:00,valid,0.6213350957766056,False
2026-01-27 03:06:00+00:00,valid,0.6359064367322997,False
2026-01-27 03:07:00+00:00,valid,0.6521022507438611,False
2026-01-27 03:08:00+00:00,valid,0.6225395651889893,False
2026-01-27 03:09:00+00:00,valid,0.6591319254760958,False
2026-01-27 03:10:00+00:00,valid,0.668481834111329,False
2026-01-27 03:11:00+00:00,valid,0.6819878876096099,False
2026-01-27 03:12:00+00:00,valid,0.7180887523197703,False
2026-01-27 03:13:00+00:00,valid,0.6959859547594431,False
2026-01-27 03:14:00+00:00,valid,0.7237484417976864,False
2026-01-27 03:15:00+00:00,valid,1.3053048237834604,False
2026-01-27 03:16:00+00:00,valid,0.7065708450671605,False
2026-01-27 03:17:00+00:00,valid,0.7162073953620512,False
2026-01-27 03:18:00+00:00,valid,0.7377758659635162,False
2026-01-27 03:19:00+00:00,valid,0.7432821887228075,False
2026-01-27 03:20:00+00:00,valid,0.7269922442641338,False
2026-01-27 03:21:00+00:00,valid,0.6397297107210401,False
2026-01-27 03:22:00+00:00,valid,0.6234459806750404,False
2026-01-27 03:23:00+00:00,valid,1.049571435464915,False
2026-01-27 03:24:00+00:00,valid,0.6250542101151806,False
2026-01-27 03:25:00+00:00,valid,0.646615448931115,False
2026-01-27 03:26:00+00:00,valid,0.6728570061215963,False
2026-01-27 03:27:00+00:00,valid,0.6740726199796465,False
2026-01-27 03:28:00+00:00,valid,0.6652438324334752,False
2026-01-27 03:29:00+00:00,valid,0.6717694934502498,False
2026-01-27 03:30:00+00:00,valid,0.6324630680379172,False
2026-01-27 03:31:00+00:00,valid,0.6284918752001596,False
2026-01-27 03:32:00+00:00,valid,0.6660910490369016,False
2026-01-27 03:33:00+00:00,valid,0.6700226453421961,False
2026-01-27 03:34:00+00:00,valid,1.2305754717913933,False
2026-01-27 03:35:00+00:00,valid,0.78962552194561,False
2026-01-27 03:36:00+00:00,valid,0.7420180627596573,False
2026-01-27 03:37:00+00:00,valid,0.7568873637436805,False
2026-01-27 03:38:00+00:00,valid,0.7896547810048552,False
2026-01-27 03:39:00+00:00,valid,0.7757992591636521,False
2026-01-27 03:40:00+00:00,valid,1.2124056284872888,False
2026-01-27 03:41:00+00:00,valid,0.7838802250311884,False
2026-01-27 03:42:00+00:00,valid,0.8460737576921346,False
2026-01-27 03:43:00+00:00,valid,0.7719264002900097,False
2026-01-27 03:44:00+00:00,valid,0.7833478772866298,False
2026-01-27 03:45:00+00:00,valid,0.8019235710430315,False
2026-01-27 03:46:00+00:00,valid,0.7656853252341053,False
2026-01-27 03:47:00+00:00,valid,0.8204122647075727,False
2026-01-27 03:48:00+00:00,valid,0.7635889537869521,False
2026-01-27 03:51:00+00:00,valid,0.756785427374118,False
2026-01-27 03:52:00+00:00,valid,0.7801944035194563,False
2026-01-27 03:53:00+00:00,valid,0.8396066849877099,False
2026-01-27 03:54:00+00:00,valid,0.7831308829880151,False
2026-01-27 03:55:00+00:00,valid,0.743238543426399,False
2026-01-27 03:56:00+00:00,valid,1.2648616604395408,False
2026-01-27 03:57:00+00:00,valid,0.6874011302088537,False
2026-01-27 03:58:00+00:00,valid,0.6423926096172873,False
2026-01-27 03:59:00+00:00,valid,0.6459955108739901,False
2026-01-27 04:00:00+00:00,valid,0.6193302154717855,False
2026-01-27 04:01:00+00:00,valid,0.6218192261220667,False
2026-01-27 04:02:00+00:00,valid,0.6642946466577458,False
2026-01-27 04:03:00+00:00,valid,0.6401404268578174,False
2026-01-27 04:04:00+00:00,valid,1.025309917985504,False
2026-01-27 04:05:00+00:00,valid,1.0434734826555239,False
2026-01-27 04:06:00+00:00,valid,1.0679429599769126,False
2026-01-27 04:07:00+00:00,valid,1.060432126908258,False
2026-01-27 04:08:00+00:00,valid,1.5037116552953276,False
2026-01-27 04:09:00+00:00,valid,1.037825039768996,False
2026-01-27 04:10:00+00:00,valid,1.0618643177178253,False
2026-01-27 04:11:00+00:00,valid,1.0427936569652465,False
2026-01-27 04:12:00+00:00,valid,1.042234960903152,False
2026-01-27 04:13:00+00:00,valid,1.0176450596717765,False
2026-01-27 04:14:00+00:00,valid,1.3120130071851561,False
2026-01-27 04:15:00+00:00,valid,1.080784169673204,False
2026-01-27 04:16:00+00:00,valid,1.0719760924092783,False
2026-01-27 04:17:00+00:00,valid,1.0559482138758103,False
2026-01-27 04:18:00+00:00,valid,1.1180681695888361,False
2026-01-27 04:19:00+00:00,valid,1.0744052698870872,False
2026-01-27 04:20:00+00:00,valid,1.0533891284511534,False
2026-01-27 04:21:00+00:00,valid,1.0555179236495227,False
2026-01-27 04:22:00+00:00,valid,1.0341484001141923,False
2026-01-27 04:23:00+00:00,valid,1.0472719897569085,False
2026-01-27 04:24:00+00:00,valid,1.047522562555832,False
2026-01-27 05:06:00+00:00,valid,1.0871762730264016,False
2026-01-27 05:07:00+00:00,valid,1.069637483478492,False
2026-01-27 05:08:00+00:00,valid,1.0435117239401004,False
2026-01-27 05:09:00+00:00,valid,1.0656697084438724,False
2026-01-27 05:10:00+00:00,valid,1.0567005818121946,False
2026-01-27 05:11:00+00:00,valid,1.0535704463759155,False
2026-01-27 05:12:00+00:00,valid,1.0459359894123572,False
2026-01-27 05:13:00+00:00,valid,1.054761824399471,False
2026-01-27 05:14:00+00:00,valid,1.0559053963368918,False
2026-01-27 05:15:00+00:00,valid,1.047672608164677,False
2026-01-27 05:16:00+00:00,valid,1.051867556540812,False
2026-01-27 05:17:00+00:00,valid,1.0436194473084393,False
2026-01-27 05:18:00+00:00,valid,1.0352466560480122,False
2026-01-27 05:19:00+00:00,valid,1.0510228762379303,False
2026-01-27 05:20:00+00:00,valid,1.05804936120622,False
2026-01-27 05:21:00+00:00,valid,1.0414007476926077,False
2026-01-27 05:22:00+00:00,valid,1.0422459813120786,False
2026-01-27 05:23:00+00:00,valid,1.0479186735233659,False
2026-01-27 05:24:00+00:00,valid,1.0419893951702706,False
2026-01-27 05:25:00+00:00,valid,1.0386015414192389,False
2026-01-27 05:26:00+00:00,valid,1.065358034111023,False
2026-01-27 05:27:00+00:00,valid,1.0720247078209035,False
2026-01-27 05:28:00+00:00,valid,1.0754866255870077,False
2026-01-27 05:29:00+00:00,valid,1.0751666558565944,False
2026-01-27 05:30:00+00:00,valid,1.0665587584651999,False
2026-01-27 05:31:00+00:00,valid,0.6840902333052288,False
2026-01-27 05:32:00+00:00,valid,0.7260321327766854,False
2026-01-27 05:33:00+00:00,valid,0.7078383241445602,False
2026-01-27 05:34:00+00:00,valid,0.6947833404931509,False
2026-01-27 05:35:00+00:00,valid,0.7069224647280526,False
2026-01-27 05:36:00+00:00,valid,0.7027506722722212,False
2026-01-27 05:37:00+00:00,valid,0.7158277550883009,False
2026-01-27 05:38:00+00:00,valid,0.7196330409102591,False
2026-01-27 05:39:00+00:00,valid,0.7500918913717272,False
2026-01-27 05:40:00+00:00,valid,0.7749203938897558,False
2026-01-27 05:41:00+00:00,valid,0.7490095107716755,False
2026-01-27 05:42:00+00:00,valid,0.7096465100172994,False
2026-01-27 05:43:00+00:00,valid,0.8147735411611284,False
2026-01-27 05:44:00+00:00,valid,0.7863340061767344,False
2026-01-27 05:45:00+00:00,valid,0.7629916343440655,False
2026-01-27 05:46:00+00:00,valid,0.7505009815282409,False
2026-01-27 05:47:00+00:00,valid,0.7902192710147622,False
2026-01-27 05:48:00+00:00,valid,0.8189224059711625,False
2026-01-27 05:49:00+00:00,valid,0.8379807323865672,False
2026-01-27 05:50:00+00:00,valid,0.8152164712863181,False
2026-01-27 05:51:00+00:00,valid,0.8757454535379531,False
2026-01-27 05:52:00+00:00,valid,0.9038972454555664,False
2026-01-27 05:53:00+00:00,valid,0.9064100733182154,False
2026-01-27 05:54:00+00:00,valid,0.857510596820047,False
2026-01-27 05:55:00+00:00,valid,0.8283749414339248,False
2026-01-27 05:56:00+00:00,valid,0.8452012931567375,False
2026-01-27 05:57:00+00:00,valid,0.8173668717768976,False
2026-01-27 05:58:00+00:00,valid,0.8045818260227028,False
2026-01-27 05:59:00+00:00,valid,0.7749164400266437,False
2026-01-27 06:00:00+00:00,valid,0.7568268485450051,False
2026-01-27 06:01:00+00:00,valid,0.7893371969276656,False
2026-01-27 06:02:00+00:00,valid,0.7837214292704225,False
2026-01-27 06:03:00+00:00,valid,0.8277319862887292,False
2026-01-27 06:04:00+00:00,valid,0.8001483796182732,False
2026-01-27 06:05:00+00:00,valid,0.7857078673888243,False
2026-01-27 06:06:00+00:00,valid,0.7662761902896327,False
2026-01-27 06:07:00+00:00,valid,0.8168597974065649,False
2026-01-27 06:08:00+00:00,valid,0.8630235154426266,False
2026-01-27 06:09:00+00:00,valid,0.8545432924514813,False
2026-01-27 06:10:00+00:00,valid,0.9186995133013443,False
2026-01-27 06:11:00+00:00,valid,0.9496947701687594,False
2026-01-27 06:12:00+00:00,valid,0.9378054519540504,False
2026-01-27 06:13:00+00:00,valid,0.871190014272434,False
2026-01-27 06:14:00+00:00,valid,0.8566121236279335,False
2026-01-27 06:15:00+00:00,valid,0.914453858191042,False
2026-01-27 06:16:00+00:00,valid,1.2991396167919966,False
2026-01-27 06:17:00+00:00,valid,0.9089010220820319,False
2026-01-27 06:18:00+00:00,valid,0.9865512974700963,False
2026-01-27 06:19:00+00:00,valid,1.1180462848071222,False
2026-01-27 06:20:00+00:00,valid,1.4595782382255158,False
2026-01-27 06:21:00+00:00,valid,0.975580759394938,False
2026-01-27 06:22:00+00:00,valid,0.9489942426165647,False
2026-01-27 06:23:00+00:00,valid,0.9610605563678912,False
2026-01-27 06:24:00+00:00,valid,0.9780607621812706,False
2026-01-27 06:25:00+00:00,valid,0.9104829072449556,False
2026-01-27 06:26:00+00:00,valid,0.8902494417401396,False
2026-01-27 06:27:00+00:00,valid,0.9096897663869604,False
2026-01-27 06:28:00+00:00,valid,0.9374500466101953,False
2026-01-27 06:29:00+00:00,valid,0.9135570248366418,False
2026-01-27 06:30:00+00:00,valid,0.8873298287449877,False
2026-01-27 06:31:00+00:00,valid,0.8659985382608281,False
2026-01-27 06:32:00+00:00,valid,0.9052580197109409,False
2026-01-27 06:33:00+00:00,valid,0.9421053193124583,False
2026-01-27 06:34:00+00:00,valid,0.8802108312876571,False
2026-01-27 06:35:00+00:00,valid,0.8901633039236646,False
2026-01-27 06:36:00+00:00,valid,0.9088956545963266,False
2026-01-27 06:37:00+00:00,valid,0.94814131723328,False
2026-01-27 06:38:00+00:00,valid,0.9588441671891227,False
2026-01-27 06:39:00+00:00,valid,0.9136756839340553,False
2026-01-27 06:40:00+00:00,valid,0.9567528745058614,False
2026-01-27 06:41:00+00:00,valid,0.9469590606726727,False
2026-01-27 06:42:00+00:00,valid,1.0084308082800186,False
2026-01-27 06:43:00+00:00,valid,0.9828109902829676,False
2026-01-27 06:44:00+00:00,valid,0.9163263559651659,False
2026-01-27 06:45:00+00:00,valid,0.9137619208094923,False
2026-01-27 06:46:00+00:00,valid,0.9311979705629728,False
2026-01-27 06:47:00+00:00,valid,0.9271851985559819,False
2026-01-27 06:48:00+00:00,valid,0.9255380579223297,False
2026-01-27 06:49:00+00:00,valid,0.9417926445993146,False
2026-01-27 06:50:00+00:00,valid,0.9180617169231151,False
2026-01-27 06:51:00+00:00,valid,0.9234013646364426,False
2026-01-27 06:52:00+00:00,valid,0.9214128470234515,False
2026-01-27 06:53:00+00:00,valid,0.9051399619360763,False
2026-01-27 06:54:00+00:00,valid,0.9132225741572717,False
2026-01-27 06:55:00+00:00,valid,0.9099797819502614,False
2026-01-27 06:56:00+00:00,valid,0.9084389054495007,False
2026-01-27 06:57:00+00:00,valid,0.9485837560661878,False
2026-01-27 06:58:00+00:00,valid,0.9591345586396471,False
2026-01-27 06:59:00+00:00,valid,0.9761240857860598,False
2026-01-27 07:00:00+00:00,valid,0.9785920237290363,False
2026-01-27 07:01:00+00:00,valid,1.055151329611674,False
2026-01-27 07:02:00+00:00,valid,1.0215377908226442,False
2026-01-27 07:03:00+00:00,valid,0.97603017169927,False
2026-01-27 07:04:00+00:00,valid,0.9281055477000737,False
2026-01-27 07:05:00+00:00,valid,0.9085347197603569,False
2026-01-27 07:06:00+00:00,valid,0.936757059553616,False
2026-01-27 07:07:00+00:00,valid,0.9199218681325534,False
2026-01-27 07:08:00+00:00,valid,0.9639269216485769,False
2026-01-27 07:09:00+00:00,valid,0.9488033718907887,False
2026-01-27 07:10:00+00:00,valid,0.958352978031011,False
2026-01-27 07:11:00+00:00,valid,0.9898909504480119,False
2026-01-27 07:12:00+00:00,valid,1.2504549312764914,False
2026-01-27 07:13:00+00:00,valid,1.049742121786598,False
2026-01-27 07:14:00+00:00,valid,0.9980963153022726,False
2026-01-27 07:15:00+00:00,valid,1.0399724687498164,False
2026-01-27 07:16:00+00:00,valid,0.9791791430080696,False
2026-01-27 07:17:00+00:00,valid,0.936561114519347,False
2026-01-27 07:18:00+00:00,valid,0.9201514506302552,False
2026-01-27 07:19:00+00:00,valid,0.9370771457519301,False
2026-01-27 07:20:00+00:00,valid,0.9251579030466197,False
2026-01-27 07:21:00+00:00,valid,0.9220848251415444,False
2026-01-27 07:22:00+00:00,valid,0.9130372724747227,False
2026-01-27 07:23:00+00:00,valid,0.9345327623595431,False
2026-01-27 07:24:00+00:00,valid,0.9496767026444857,False
2026-01-27 07:25:00+00:00,valid,0.9334872658381216,False
2026-01-27 07:26:00+00:00,valid,0.9363092593927289,False
2026-01-27 07:27:00+00:00,valid,1.3825016122084204,False
2026-01-27 07:28:00+00:00,valid,0.9389901824065336,False
2026-01-27 07:29:00+00:00,valid,0.9585297618389922,False
2026-01-27 07:30:00+00:00,valid,0.9647773301857352,False
2026-01-27 07:31:00+00:00,valid,1.0241092589534924,False
2026-01-27 07:32:00+00:00,valid,1.0157297483134706,False
2026-01-27 07:33:00+00:00,valid,1.009801895028706,False
2026-01-27 07:34:00+00:00,valid,1.0038255179009121,False
2026-01-27 07:35:00+00:00,valid,1.028726942938268,False
2026-01-27 07:36:00+00:00,valid,1.0487971284321749,False
2026-01-27 07:37:00+00:00,valid,1.059467233477014,False
2026-01-27 07:38:00+00:00,valid,1.124655897926998,False
2026-01-27 07:39:00+00:00,valid,1.142416893660915,False
2026-01-27 07:40:00+00:00,valid,1.1067737402688174,False
2026-01-27 07:41:00+00:00,valid,1.1332046651438359,False
2026-01-27 07:42:00+00:00,valid,1.567691547530973,False
2026-01-27 07:43:00+00:00,valid,1.0666350491348882,False
2026-01-27 07:44:00+00:00,valid,1.045042434895888,False
2026-01-27 07:45:00+00:00,valid,1.094499292840208,False
2026-01-27 07:46:00+00:00,valid,1.0925861620710968,False
2026-01-27 07:47:00+00:00,valid,1.0625831272432633,False
2026-01-27 07:48:00+00:00,valid,1.0777489663123485,False
2026-01-27 07:49:00+00:00,valid,1.1174755651474568,False
2026-01-27 07:50:00+00:00,valid,1.1279754137211968,False
2026-01-27 07:51:00+00:00,valid,1.1315423985645403,False
2026-01-27 07:52:00+00:00,valid,1.15092005159875,False
2026-01-27 07:53:00+00:00,valid,1.3101025728879823,False
2026-01-27 07:54:00+00:00,valid,1.0989552860576126,False
2026-01-27 07:55:00+00:00,valid,1.0773903337749344,False
2026-01-27 07:56:00+00:00,valid,1.0923223016355894,False
2026-01-27 07:57:00+00:00,valid,1.1189358774652411,False
2026-01-27 07:58:00+00:00,valid,1.0993558699180324,False
2026-01-27 07:59:00+00:00,valid,1.1481083649636765,False
2026-01-27 08:00:00+00:00,valid,1.126015950008181,False
2026-01-27 08:01:00+00:00,valid,1.0856427945737033,False
2026-01-27 08:02:00+00:00,valid,1.086112413842643,False
2026-01-27 08:03:00+00:00,valid,1.0740021896082472,False
2026-01-27 08:04:00+00:00,valid,1.0425613028976013,False
2026-01-27 08:05:00+00:00,valid,1.0473760464370947,False
2026-01-27 08:06:00+00:00,valid,1.0565090365014496,False
2026-01-27 08:07:00+00:00,valid,1.061890960727414,False
2026-01-27 08:08:00+00:00,valid,1.0535084661145953,False
2026-01-27 08:09:00+00:00,valid,1.0912477819370832,False
2026-01-27 08:10:00+00:00,valid,1.031539053030081,False
2026-01-27 08:11:00+00:00,valid,1.0424076694946025,False
2026-01-27 08:12:00+00:00,valid,1.0965606520019606,False
2026-01-27 08:13:00+00:00,valid,1.087085769619711,False
2026-01-27 08:14:00+00:00,valid,1.087784299649781,False
2026-01-27 08:15:00+00:00,valid,1.0686866495723133,False
2026-01-27 08:16:00+00:00,valid,1.0635353268637973,False
2026-01-27 08:17:00+00:00,valid,1.0826806565632776,False
2026-01-27 08:18:00+00:00,valid,1.0352126940039126,False
2026-01-27 08:19:00+00:00,valid,1.0185724053159348,False
2026-01-27 08:20:00+00:00,valid,1.0138325190613349,False
2026-01-27 08:21:00+00:00,valid,1.0195467748696143,False
2026-01-27 08:22:00+00:00,valid,0.9835169891230335,False
2026-01-27 08:23:00+00:00,valid,1.029167163725408,False
2026-01-27 08:24:00+00:00,valid,1.6478124593364525,False
2026-01-27 08:25:00+00:00,valid,1.394499594406987,False
2026-01-27 08:26:00+00:00,valid,1.4038441267715827,False
2026-01-27 08:27:00+00:00,valid,1.6917713396689975,False
2026-01-27 08:28:00+00:00,valid,1.4178114605650347,False
2026-01-27 08:29:00+00:00,valid,1.4246657913147176,False
2026-01-27 08:30:00+00:00,valid,1.412806896885741,False
2026-01-27 08:31:00+00:00,valid,1.4307834626006921,False
2026-01-27 08:32:00+00:00,valid,1.753822264112185,False
2026-01-27 08:33:00+00:00,valid,1.4482507256612465,False
2026-01-27 08:34:00+00:00,valid,1.4674166397649036,False
2026-01-27 08:35:00+00:00,valid,1.4454811739699005,False
2026-01-27 08:36:00+00:00,valid,1.448836574590706,False
2026-01-27 08:37:00+00:00,valid,1.4572296345453797,False
2026-01-27 08:38:00+00:00,valid,1.4670710097217623,False
2026-01-27 08:39:00+00:00,valid,1.4273229953370699,False
2026-01-27 08:40:00+00:00,valid,1.4102450494274068,False
2026-01-27 08:41:00+00:00,valid,1.4250384565943188,False
2026-01-27 08:42:00+00:00,valid,1.565153180277814,False
2026-01-27 08:43:00+00:00,valid,1.3852010575386993,False
2026-01-27 08:44:00+00:00,valid,1.3662104987671992,False
2026-01-27 08:45:00+00:00,valid,1.3605517389602453,False
2026-01-27 08:46:00+00:00,valid,1.3663283409491653,False
2026-01-27 08:47:00+00:00,valid,1.3737034328487518,False
2026-01-27 08:48:00+00:00,valid,1.3639967471159102,False
2026-01-27 08:49:00+00:00,valid,1.580935980665973,False
2026-01-27 08:50:00+00:00,valid,1.404497545026921,False
2026-01-27 08:51:00+00:00,valid,1.4018638810635298,False
2026-01-27 08:52:00+00:00,valid,1.4114727790161015,False
2026-01-27 08:53:00+00:00,valid,1.4050361611419762,False
2026-01-27 08:54:00+00:00,valid,1.4048300924996955,False
2026-01-27 08:55:00+00:00,valid,1.40695568417421,False
2026-01-27 08:56:00+00:00,valid,1.3502053817200457,False
2026-01-27 08:57:00+00:00,valid,1.343194740278405,False
2026-01-27 08:58:00+00:00,valid,1.340240619801509,False
2026-01-27 08:59:00+00:00,test,1.3463844196001789,False
2026-01-27 09:00:00+00:00,test,1.3421348257355656,False
2026-01-27 09:01:00+00:00,test,1.353326348498313,False
2026-01-27 09:02:00+00:00,test,1.3542102308618937,False
2026-01-27 09:03:00+00:00,test,1.3457113647903187,False
2026-01-27 09:04:00+00:00,test,1.3508967648605439,False
2026-01-27 09:05:00+00:00,test,1.3433699029498458,False
2026-01-27 09:06:00+00:00,test,1.3480595969330853,False
2026-01-27 09:07:00+00:00,test,1.3393146708760326,False
2026-01-27 09:08:00+00:00,test,1.3418073003817885,False
2026-01-27 09:09:00+00:00,test,1.3479944421200374,False
2026-01-27 09:10:00+00:00,test,1.3486680011977523,False
2026-01-27 09:11:00+00:00,test,1.3393546691374343,False
2026-01-27 09:12:00+00:00,test,1.3440817176541602,False
2026-01-27 09:13:00+00:00,test,1.3220917641001928,False
2026-01-27 09:14:00+00:00,test,1.3341659188979151,False
2026-01-27 09:15:00+00:00,test,1.3188929212559053,False
2026-01-27 09:16:00+00:00,test,1.3074553607748196,False
2026-01-27 09:17:00+00:00,test,1.3077293403667274,False
2026-01-27 09:18:00+00:00,test,1.3071211111622731,False
2026-01-27 09:19:00+00:00,test,1.32596139394218,False
2026-01-27 09:20:00+00:00,test,1.322944738270471,False
2026-01-27 09:21:00+00:00,test,1.3326872902739093,False
2026-01-27 09:22:00+00:00,test,1.3314960013928707,False
2026-01-27 09:23:00+00:00,test,1.3471314757179715,False
2026-01-27 09:24:00+00:00,test,1.3319547494249282,False
2026-01-27 09:25:00+00:00,test,1.3288018491981233,False
2026-01-27 09:26:00+00:00,test,1.2955358430011474,False
2026-01-27 09:27:00+00:00,test,1.3030106050389803,False
2026-01-27 09:28:00+00:00,test,1.2934407995335218,False
2026-01-27 09:29:00+00:00,test,1.2952193571205532,False
2026-01-27 09:30:00+00:00,test,1.314042107030493,False
2026-01-27 09:31:00+00:00,test,1.2952355043835868,False
2026-01-27 09:32:00+00:00,test,1.3828495206395126,False
2026-01-27 09:33:00+00:00,test,1.5692750135841793,False
2026-01-27 09:34:00+00:00,test,1.3341691418070536,False
2026-01-27 09:35:00+00:00,test,1.3518398589614413,False
2026-01-27 09:36:00+00:00,test,1.3483686150880274,False
2026-01-27 09:37:00+00:00,test,1.3177696246460604,False
2026-01-27 09:38:00+00:00,test,1.287004428963047,False
2026-01-27 09:39:00+00:00,test,1.2852186636105851,False
2026-01-27 09:40:00+00:00,test,1.2801736388331773,False
2026-01-27 09:41:00+00:00,test,1.2672144789180597,False
2026-01-27 09:42:00+00:00,test,1.2653220571276984,False
2026-01-27 09:43:00+00:00,test,1.2823302678537611,False
2026-01-27 09:44:00+00:00,test,1.319806447784072,False
2026-01-27 09:45:00+00:00,test,1.3209638282582086,False
2026-01-27 09:46:00+00:00,test,1.3136840638281717,False
2026-01-27 09:47:00+00:00,test,1.2896884319904633,False
2026-01-27 09:48:00+00:00,test,1.269342923517767,False
2026-01-27 09:49:00+00:00,test,1.280718877710669,False
2026-01-27 09:50:00+00:00,test,1.271546044808039,False
2026-01-27 09:51:00+00:00,test,1.2885237304352908,False
2026-01-27 09:52:00+00:00,test,1.2760365450814297,False
2026-01-27 09:53:00+00:00,test,0.8627786086155905,False
2026-01-27 09:54:00+00:00,test,0.8635408031738148,False
2026-01-27 09:55:00+00:00,test,0.8702757418739113,False
2026-01-27 09:56:00+00:00,test,0.972779588121111,False
2026-01-27 09:57:00+00:00,test,0.9365090477949125,False
2026-01-27 09:58:00+00:00,test,0.9755067681383666,False
2026-01-27 09:59:00+00:00,test,0.9406939926769392,False
2026-01-27 10:00:00+00:00,test,0.8842964374309216,False
2026-01-27 10:01:00+00:00,test,0.9276739284508817,False
2026-01-27 10:02:00+00:00,test,0.9468617320575872,False
2026-01-27 10:03:00+00:00,test,0.9921801744254124,False
2026-01-27 10:04:00+00:00,test,0.9357034748959857,False
2026-01-27 10:05:00+00:00,test,0.9258707671005407,False
2026-01-27 10:06:00+00:00,test,1.1604878365325157,False
2026-01-27 10:07:00+00:00,test,0.8573919448132016,False
2026-01-27 10:08:00+00:00,test,0.8254562885946812,False
2026-01-27 10:09:00+00:00,test,0.8079940328354335,False
2026-01-27 10:10:00+00:00,test,0.8240336300124416,False
2026-01-27 10:11:00+00:00,test,0.80952435098855,False
2026-01-27 10:12:00+00:00,test,0.7774800427027828,False
2026-01-27 10:13:00+00:00,test,0.7828772509541805,False
2026-01-27 10:14:00+00:00,test,0.8019801593468499,False
2026-01-27 10:15:00+00:00,test,0.8297843331373557,False
2026-01-27 10:16:00+00:00,test,0.8326634353111981,False
2026-01-27 10:17:00+00:00,test,0.8828653303410441,False
2026-01-27 10:18:00+00:00,test,0.8559680587692474,False
2026-01-27 10:19:00+00:00,test,0.8816852408141346,False
2026-01-27 10:20:00+00:00,test,0.8739265190879795,False
2026-01-27 10:21:00+00:00,test,0.8884787328117402,False
2026-01-27 10:22:00+00:00,test,0.8904152034225554,False
2026-01-27 10:23:00+00:00,test,0.8641712164035343,False
2026-01-27 10:24:00+00:00,test,0.8884128475360192,False
2026-01-27 10:25:00+00:00,test,0.8478265720995544,False
2026-01-27 10:26:00+00:00,test,0.8587858110041016,False
2026-01-27 10:27:00+00:00,test,0.8524318406309825,False
2026-01-27 10:28:00+00:00,test,0.8714683547244738,False
2026-01-27 10:29:00+00:00,test,0.8681346459985654,False
2026-01-27 10:30:00+00:00,test,0.8420364092626553,False
2026-01-27 10:31:00+00:00,test,0.8479382648224361,False
2026-01-27 10:32:00+00:00,test,0.8709668564124398,False
2026-01-27 10:33:00+00:00,test,0.8598650460510275,False
2026-01-27 10:34:00+00:00,test,0.8613911694029643,False
2026-01-27 10:35:00+00:00,test,0.9048155814078234,False
2026-01-27 10:36:00+00:00,test,0.9126963436353979,False
2026-01-27 10:37:00+00:00,test,0.9227163454100437,False
2026-01-27 10:38:00+00:00,test,0.9111863273493337,False
2026-01-27 10:39:00+00:00,test,0.9543948172609381,False
2026-01-27 10:40:00+00:00,test,0.9078503534428407,False
2026-01-27 10:41:00+00:00,test,0.9146791504439645,False
2026-01-27 10:42:00+00:00,test,0.8720770573327864,False
2026-01-27 10:43:00+00:00,test,1.1502706273913017,False
2026-01-27 10:44:00+00:00,test,0.8487463111539614,False
2026-01-27 10:45:00+00:00,test,0.8425942257455992,False
2026-01-27 10:46:00+00:00,test,0.8289296388138837,False
2026-01-27 10:47:00+00:00,test,0.8457294819251087,False
2026-01-27 10:48:00+00:00,test,0.875484673112398,False
2026-01-27 10:49:00+00:00,test,0.8627309912066171,False
2026-01-27 10:50:00+00:00,test,0.843623262692952,False
2026-01-27 10:51:00+00:00,test,1.3011683314877298,False
2026-01-27 10:52:00+00:00,test,0.798094909905916,False
2026-01-27 10:53:00+00:00,test,0.8071916318148926,False
2026-01-27 10:54:00+00:00,test,1.3513274119998473,False
2026-01-27 10:55:00+00:00,test,0.7606267232062368,False
2026-01-27 10:56:00+00:00,test,0.7718292498256183,False
2026-01-27 10:57:00+00:00,test,0.7809577225732217,False
2026-01-27 10:58:00+00:00,test,0.766924711295293,False
2026-01-27 10:59:00+00:00,test,0.7768871507640762,False
2026-01-27 11:00:00+00:00,test,0.761687493105173,False
2026-01-27 11:01:00+00:00,test,0.7637989441746483,False
2026-01-27 11:02:00+00:00,test,0.8167217947432276,False
2026-01-27 11:03:00+00:00,test,0.772224688285719,False
2026-01-27 11:04:00+00:00,test,0.7816526990044982,False
2026-01-27 11:05:00+00:00,test,0.761312706865312,False
2026-01-27 11:06:00+00:00,test,0.797137085664198,False
2026-01-27 11:07:00+00:00,test,0.8103497734736634,False
2026-01-27 11:08:00+00:00,test,0.8107009380540356,False
2026-01-27 11:09:00+00:00,test,0.8335639307784607,False
2026-01-27 11:10:00+00:00,test,0.8511299262212927,False
2026-01-27 11:11:00+00:00,test,0.8095432704143688,False
2026-01-27 11:12:00+00:00,test,0.7933702336914021,False
2026-01-27 11:13:00+00:00,test,0.8110730469186496,False
2026-01-27 11:14:00+00:00,test,0.802502217650728,False
2026-01-27 11:15:00+00:00,test,1.2538693435364106,False
2026-01-27 11:16:00+00:00,test,0.8472372685827422,False
2026-01-27 11:17:00+00:00,test,0.8962186097529558,False
2026-01-27 11:18:00+00:00,test,0.8907890330885115,False
2026-01-27 11:19:00+00:00,test,0.8936544942735908,False
2026-01-27 11:20:00+00:00,test,0.8432801845014929,False
2026-01-27 11:21:00+00:00,test,0.8464408308310609,False
2026-01-27 11:22:00+00:00,test,0.8148288237656754,False
2026-01-27 11:23:00+00:00,test,0.8162199795262328,False
2026-01-27 11:24:00+00:00,test,1.2884118226959642,False
2026-01-27 11:25:00+00:00,test,0.8567953493118938,False
2026-01-27 11:28:00+00:00,test,0.7848616867640488,False
2026-01-27 11:29:00+00:00,test,0.7836737201562554,False
2026-01-27 11:30:00+00:00,test,0.7847139249344373,False
2026-01-27 11:31:00+00:00,test,0.8334831202790233,False
2026-01-27 11:32:00+00:00,test,0.8497835059520019,False
2026-01-27 11:33:00+00:00,test,0.87203356487973,False
2026-01-27 11:34:00+00:00,test,0.8832413146903415,False
2026-01-27 11:35:00+00:00,test,0.9084423458861908,False
2026-01-27 11:36:00+00:00,test,0.8398601916191878,False
2026-01-27 11:37:00+00:00,test,0.8334712956656348,False
2026-01-27 11:38:00+00:00,test,0.7930415205372039,False
2026-01-27 11:39:00+00:00,test,0.7917478033659575,False
2026-01-27 11:40:00+00:00,test,0.7818134872785983,False
2026-01-27 11:41:00+00:00,test,0.7904202023357404,False
2026-01-27 11:42:00+00:00,test,0.7908590635966144,False
2026-01-27 11:43:00+00:00,test,0.8357010928074328,False
2026-01-27 11:44:00+00:00,test,0.8291547845049514,False
2026-01-27 11:45:00+00:00,test,0.8138009638247432,False
2026-01-27 11:46:00+00:00,test,0.7586338565783466,False
2026-01-27 11:47:00+00:00,test,0.7609617038139613,False
2026-01-27 11:48:00+00:00,test,0.7307171824190327,False
2026-01-27 11:49:00+00:00,test,0.7628522104311071,False
2026-01-27 11:50:00+00:00,test,0.7543596807827577,False
2026-01-27 11:51:00+00:00,test,1.1309562926415864,False
2026-01-27 11:52:00+00:00,test,0.7404744772307544,False
2026-01-27 11:53:00+00:00,test,0.7182638783698189,False
2026-01-27 11:54:00+00:00,test,0.6937890985111133,False
2026-01-27 11:55:00+00:00,test,0.6685979262386487,False
2026-01-27 11:56:00+00:00,test,0.6914460425972647,False
2026-01-27 11:57:00+00:00,test,0.6904003144495656,False
2026-01-27 11:58:00+00:00,test,0.7471908645135952,False
2026-01-27 11:59:00+00:00,test,0.7557442374649196,False
2026-01-27 12:00:00+00:00,test,0.8331110975424474,False
2026-01-27 12:01:00+00:00,test,1.2826811645378495,False
2026-01-27 12:02:00+00:00,test,0.8083916402025201,False
2026-01-27 12:03:00+00:00,test,0.7719936251300548,False
2026-01-27 12:04:00+00:00,test,0.7732147646074243,False
2026-01-27 12:05:00+00:00,test,0.7281731431670286,False
2026-01-27 12:06:00+00:00,test,0.7115425506618116,False
2026-01-27 12:07:00+00:00,test,0.7157262797538141,False
2026-01-27 12:08:00+00:00,test,0.7142062202160279,False
2026-01-27 12:09:00+00:00,test,0.7756077559065919,False
2026-01-27 12:10:00+00:00,test,0.760471370548574,False
2026-01-27 12:11:00+00:00,test,1.1016631392381993,False
2026-01-27 12:12:00+00:00,test,0.7315140824041212,False
2026-01-27 12:13:00+00:00,test,0.7685851217661451,False
2026-01-27 12:14:00+00:00,test,0.7697907617997689,False
2026-01-27 12:15:00+00:00,test,0.7399070490761589,False
2026-01-27 12:16:00+00:00,test,0.7453800404414338,False
2026-01-27 12:17:00+00:00,test,0.7651917949511804,False
2026-01-27 12:18:00+00:00,test,1.279172081526015,False
2026-01-27 12:19:00+00:00,test,0.8137803942285159,False
2026-01-27 12:20:00+00:00,test,0.8153152478790026,False
2026-01-27 12:21:00+00:00,test,0.8244575555735003,False
2026-01-27 12:22:00+00:00,test,0.9140503371389777,False
2026-01-27 12:23:00+00:00,test,0.8485374121408725,False
2026-01-27 12:24:00+00:00,test,0.8410606128998548,False
2026-01-27 12:25:00+00:00,test,0.8358850068843056,False
2026-01-27 12:26:00+00:00,test,0.779734417650021,False
2026-01-27 12:27:00+00:00,test,0.810343446030256,False
2026-01-27 12:28:00+00:00,test,0.8174335201812842,False
2026-01-27 12:29:00+00:00,test,0.8268396660332797,False
2026-01-27 12:30:00+00:00,test,0.8838334022904405,False
2026-01-27 12:31:00+00:00,test,0.821529162422007,False
2026-01-27 12:32:00+00:00,test,0.8229652962951394,False
2026-01-27 12:33:00+00:00,test,0.7955239959456498,False
2026-01-27 12:34:00+00:00,test,0.7319363746528981,False
2026-01-27 12:35:00+00:00,test,1.0457685504111207,False
2026-01-27 12:36:00+00:00,test,0.6755209489107015,False
2026-01-27 12:37:00+00:00,test,0.6843646315952951,False
2026-01-27 12:38:00+00:00,test,1.1350297033669279,False
2026-01-27 12:39:00+00:00,test,0.5709501402288061,False
2026-01-27 12:40:00+00:00,test,0.9950868474188824,False
2026-01-27 12:41:00+00:00,test,0.9618085651703917,False
2026-01-27 12:42:00+00:00,test,0.5000579619472558,False
2026-01-27 12:43:00+00:00,test,0.49427625559409083,False
2026-01-27 12:44:00+00:00,test,0.5015088401533978,False
2026-01-27 12:45:00+00:00,test,0.9618748335615858,False
2026-01-27 12:46:00+00:00,test,0.5078520023805446,False
2026-01-27 12:47:00+00:00,test,0.5417282386460867,False
2026-01-27 12:48:00+00:00,test,0.5361186949077082,False
2026-01-27 12:49:00+00:00,test,0.5063972696814213,False
2026-01-27 12:50:00+00:00,test,0.9574883255669759,False
2026-01-27 12:51:00+00:00,test,0.5301242941833695,False
2026-01-27 12:52:00+00:00,test,0.5859163105646689,False
2026-01-27 12:53:00+00:00,test,0.570143574537969,False
2026-01-27 12:54:00+00:00,test,0.5525063442661899,False
2026-01-27 12:55:00+00:00,test,0.5759833996334517,False
2026-01-27 12:56:00+00:00,test,0.6173033751154301,False
2026-01-27 12:57:00+00:00,test,0.5947895213183843,False
2026-01-27 12:58:00+00:00,test,0.5924835389536708,False
2026-01-27 12:59:00+00:00,test,0.5732385354937289,False
2026-01-27 13:00:00+00:00,test,0.6107375076164332,False
2026-01-27 13:01:00+00:00,test,0.5991356625422924,False
2026-01-27 13:02:00+00:00,test,0.5609393525901835,False
2026-01-27 13:03:00+00:00,test,0.5355223443045033,False
2026-01-27 13:04:00+00:00,test,0.5622245070289537,False
2026-01-27 13:05:00+00:00,test,0.5958992928012447,False
2026-01-27 13:06:00+00:00,test,0.5657773826656066,False
2026-01-27 13:07:00+00:00,test,0.5772052493613372,False
2026-01-27 13:08:00+00:00,test,0.5574222474803596,False
2026-01-27 13:09:00+00:00,test,0.5082457925203958,False
2026-01-27 13:10:00+00:00,test,0.5316915858899345,False
2026-01-27 13:11:00+00:00,test,0.5722152367592235,False
2026-01-27 13:12:00+00:00,test,0.9033521646974907,False
2026-01-27 13:13:00+00:00,test,0.6635911233867335,False
2026-01-27 13:14:00+00:00,test,0.5657706273058148,False
2026-01-27 13:15:00+00:00,test,0.5446146371796121,False
2026-01-27 13:16:00+00:00,test,0.5775010051165651,False
2026-01-27 13:17:00+00:00,test,0.5565126337256036,False
2026-01-27 13:18:00+00:00,test,0.5746358775454344,False
2026-01-27 13:19:00+00:00,test,0.6256630430344117,False
2026-01-27 13:20:00+00:00,test,0.7023385834010326,False
2026-01-27 13:21:00+00:00,test,0.7597386419390626,False
2026-01-27 13:22:00+00:00,test,0.8174093757560323,False
2026-01-27 13:23:00+00:00,test,0.8143886086812958,False
2026-01-27 13:24:00+00:00,test,0.7629422771858222,False
2026-01-27 13:25:00+00:00,test,0.7165222967538925,False
2026-01-27 13:26:00+00:00,test,0.6795901889488791,False
2026-01-27 13:27:00+00:00,test,0.6024611863837143,False
2026-01-27 13:28:00+00:00,test,0.6040417232389508,False
2026-01-27 13:29:00+00:00,test,0.6144299053974098,False
2026-01-27 13:30:00+00:00,test,0.6285047286981358,False
2026-01-27 13:31:00+00:00,test,1.054509138799712,False
2026-01-27 13:32:00+00:00,test,0.614396835021089,False
2026-01-27 13:33:00+00:00,test,0.5484076448648145,False
2026-01-27 13:34:00+00:00,test,0.5653123579529193,False
2026-01-27 13:35:00+00:00,test,0.5453106689376084,False
2026-01-27 13:36:00+00:00,test,0.5318497119388971,False
2026-01-27 13:37:00+00:00,test,0.5442713129841255,False
2026-01-27 13:38:00+00:00,test,0.5568324012280919,False
2026-01-27 13:39:00+00:00,test,0.5852765165207865,False
2026-01-27 13:40:00+00:00,test,1.0030249383903862,False
2026-01-27 13:41:00+00:00,test,0.5771928673420551,False
2026-01-27 13:42:00+00:00,test,0.5349840735878038,False
2026-01-27 13:43:00+00:00,test,0.5249213832692219,False
2026-01-27 13:44:00+00:00,test,0.5330001849515942,False
2026-01-27 13:45:00+00:00,test,0.5278723292517692,False
2026-01-27 13:46:00+00:00,test,0.5685735233708836,False
2026-01-27 13:47:00+00:00,test,0.5360606163763754,False
2026-01-27 13:48:00+00:00,test,0.549932193107319,False
2026-01-27 13:49:00+00:00,test,0.5724092077639135,False
2026-01-27 13:50:00+00:00,test,0.5713209403208098,False
2026-01-27 13:51:00+00:00,test,0.5217329691202767,False
2026-01-27 13:52:00+00:00,test,0.5271240006354417,False
2026-01-27 13:53:00+00:00,test,0.5562436198677079,False
2026-01-27 13:54:00+00:00,test,0.562526812161143,False
2026-01-27 13:55:00+00:00,test,0.5491808927211789,False
2026-01-27 13:56:00+00:00,test,0.5577887937084993,False
2026-01-27 13:57:00+00:00,test,0.5835351021675184,False
2026-01-27 13:58:00+00:00,test,0.5177072963870387,False
2026-01-27 13:59:00+00:00,test,0.5468628846056838,False
2026-01-27 14:00:00+00:00,test,0.48235951757557877,False
2026-01-27 14:01:00+00:00,test,0.5873225821443578,False
2026-01-27 14:02:00+00:00,test,0.6460666614366646,False
2026-01-27 14:03:00+00:00,test,1.309232634506029,False
2026-01-27 14:04:00+00:00,test,0.6140181207763057,False
2026-01-27 14:05:00+00:00,test,0.6169631881567289,False
2026-01-27 14:06:00+00:00,test,0.6393101243565112,False
2026-01-27 14:07:00+00:00,test,0.6130318678658428,False
2026-01-27 14:08:00+00:00,test,0.5821692292508522,False
2026-01-27 14:09:00+00:00,test,1.053949352889891,False
2026-01-27 14:10:00+00:00,test,0.6350937700216456,False
2026-01-27 14:11:00+00:00,test,0.7333380700725843,False
2026-01-27 14:12:00+00:00,test,0.6711094588921533,False
2026-01-27 14:13:00+00:00,test,0.6818723355575617,False
2026-01-27 14:14:00+00:00,test,0.6597310964839501,False
2026-01-27 14:15:00+00:00,test,0.6487770318532434,False
2026-01-27 14:16:00+00:00,test,0.6019502838938908,False
2026-01-27 14:17:00+00:00,test,0.5964870638960268,False
2026-01-27 14:18:00+00:00,test,0.5800733714401326,False
2026-01-27 14:19:00+00:00,test,0.5638715252801288,False
2026-01-27 14:20:00+00:00,test,0.5735314404877104,False
2026-01-27 14:21:00+00:00,test,0.4838113965329047,False
2026-01-27 14:22:00+00:00,test,0.5329756095281949,False
2026-01-27 14:23:00+00:00,test,0.5451154049086495,False
2026-01-27 14:24:00+00:00,test,0.6344570151746927,False
2026-01-27 14:25:00+00:00,test,0.646117616359174,False
2026-01-27 14:26:00+00:00,test,0.594001599013021,False
2026-01-27 14:27:00+00:00,test,0.5955401889053311,False
2026-01-27 14:28:00+00:00,test,0.6006641403924732,False
2026-01-27 14:29:00+00:00,test,0.5288107610191112,False
2026-01-27 14:30:00+00:00,test,0.5215491816936002,False
2026-01-27 14:31:00+00:00,test,0.5277008896054621,False
2026-01-27 14:32:00+00:00,test,0.6095978609992996,False
2026-01-27 14:33:00+00:00,test,0.6283367477073784,False
2026-01-27 14:34:00+00:00,test,0.6923979654541311,False
2026-01-27 14:35:00+00:00,test,0.610860200541749,False
2026-01-27 14:36:00+00:00,test,0.6323492470023678,False
2026-01-27 14:37:00+00:00,test,0.6047143359534103,False
2026-01-27 14:38:00+00:00,test,0.6229793476934384,False
2026-01-27 14:39:00+00:00,test,0.6113227278195995,False
2026-01-27 14:40:00+00:00,test,0.5815275363410997,False
2026-01-27 14:41:00+00:00,test,0.5766526154476024,False
2026-01-27 14:42:00+00:00,test,0.5835460469506742,False
2026-01-27 14:43:00+00:00,test,0.5959655247622816,False
2026-01-27 14:44:00+00:00,test,0.5883773244012033,False
2026-01-27 14:45:00+00:00,test,0.6144673547743564,False
2026-01-27 14:46:00+00:00,test,0.6452544178034226,False
2026-01-27 14:47:00+00:00,test,0.6559711647144003,False
2026-01-27 14:48:00+00:00,test,0.6454485300755046,False
2026-01-27 14:49:00+00:00,test,0.6586811498592091,False
2026-01-27 14:50:00+00:00,test,0.6679892287870747,False
2026-01-27 14:51:00+00:00,test,0.617908409786129,False
2026-01-27 14:52:00+00:00,test,0.6748075594921792,False
2026-01-27 14:53:00+00:00,test,0.6425644920528797,False
2026-01-27 14:54:00+00:00,test,0.687367276521672,False
2026-01-27 14:55:00+00:00,test,0.7157497948290825,False
2026-01-27 14:56:00+00:00,test,0.6914190237833903,False
2026-01-27 14:57:00+00:00,test,0.6656967237902474,False
2026-01-27 14:58:00+00:00,test,0.6316758976565343,False
2026-01-27 14:59:00+00:00,test,0.5820317677123652,False
2026-01-27 15:00:00+00:00,test,0.5637503321874686,False
2026-01-27 15:01:00+00:00,test,0.564382102933229,False
2026-01-27 15:02:00+00:00,test,0.5762443482110493,False
2026-01-27 15:03:00+00:00,test,0.6171215479451676,False
2026-01-27 15:04:00+00:00,test,0.6277855679188493,False
2026-01-27 15:05:00+00:00,test,0.6640891527849622,False
2026-01-27 15:06:00+00:00,test,0.6740994454039558,False
2026-01-27 15:07:00+00:00,test,0.6738569855149024,False
2026-01-27 15:08:00+00:00,test,1.3158414661102191,False
2026-01-27 15:09:00+00:00,test,0.6584741239187146,False
2026-01-27 15:10:00+00:00,test,0.6638050887117852,False
2026-01-27 15:11:00+00:00,test,0.6459694053644047,False
2026-01-27 15:12:00+00:00,test,0.634073413101317,False
2026-01-27 15:13:00+00:00,test,0.6244416311933823,False
2026-01-27 15:14:00+00:00,test,0.629823660815042,False
2026-01-27 15:15:00+00:00,test,0.688094041750003,False
2026-01-27 15:16:00+00:00,test,0.709282147685256,False
2026-01-27 15:17:00+00:00,test,0.7087670309376727,False
2026-01-27 15:18:00+00:00,test,0.7046810345505933,False
2026-01-27 15:19:00+00:00,test,0.6847213962896856,False
2026-01-27 15:20:00+00:00,test,0.6869675812440946,False
2026-01-27 15:21:00+00:00,test,0.6663718115411057,False
2026-01-27 15:22:00+00:00,test,0.6537155784216762,False
2026-01-27 15:23:00+00:00,test,0.6655369045382006,False
2026-01-27 15:24:00+00:00,test,0.7037472679250361,False
2026-01-27 15:25:00+00:00,test,0.7328555302444599,False
2026-01-27 15:26:00+00:00,test,0.6945111455597016,False
2026-01-27 15:27:00+00:00,test,0.6949055299477283,False
2026-01-27 15:28:00+00:00,test,0.7341378173680447,False
2026-01-27 15:29:00+00:00,test,0.7450470273795697,False
2026-01-27 15:30:00+00:00,test,0.7626811045466384,False
2026-01-27 15:31:00+00:00,test,0.7114168787365356,False
2026-01-27 15:32:00+00:00,test,0.7503101441650843,False
2026-01-27 15:33:00+00:00,test,0.7436750301013613,False
2026-01-27 15:34:00+00:00,test,0.6949840194769683,False
2026-01-27 15:35:00+00:00,test,0.669513091943488,False
2026-01-27 15:36:00+00:00,test,0.6111135320051612,False
2026-01-27 15:37:00+00:00,test,0.6045007278274874,False
2026-01-27 15:38:00+00:00,test,0.6057885342290686,False
2026-01-27 15:39:00+00:00,test,0.5771215184501768,False
2026-01-27 15:40:00+00:00,test,0.6070613918585599,False
2026-01-27 15:41:00+00:00,test,0.6330484989819262,False
2026-01-27 15:42:00+00:00,test,0.6120854594022314,False
2026-01-27 15:43:00+00:00,test,0.6013671452858327,False
2026-01-27 15:44:00+00:00,test,0.6345589675510215,False
2026-01-27 15:45:00+00:00,test,0.6090986300906066,False
2026-01-27 15:46:00+00:00,test,0.5711275489653246,False
2026-01-27 15:47:00+00:00,test,0.5804349645386673,False
2026-01-27 15:48:00+00:00,test,0.561268998082711,False
2026-01-27 15:49:00+00:00,test,0.5338973223812256,False
2026-01-27 15:50:00+00:00,test,0.5623742343330287,False
2026-01-27 15:51:00+00:00,test,0.5695338924348925,False
2026-01-27 15:52:00+00:00,test,0.568518939954339,False
2026-01-27 15:53:00+00:00,test,0.5804416028328538,False
2026-01-27 15:54:00+00:00,test,0.5566376472024501,False
2026-01-27 15:55:00+00:00,test,0.593667084295904,False
2026-01-27 15:56:00+00:00,test,0.9781316869566876,False
2026-01-27 15:57:00+00:00,test,0.5618301086090701,False
2026-01-27 15:58:00+00:00,test,0.5891530451903889,False
2026-01-27 15:59:00+00:00,test,0.606778716592744,False
2026-01-27 16:00:00+00:00,test,0.5853164582893365,False
2026-01-27 16:01:00+00:00,test,0.5980258074411321,False
2026-01-27 16:02:00+00:00,test,1.0408706352766879,False
2026-01-27 16:03:00+00:00,test,0.5585387696573118,False
2026-01-27 16:04:00+00:00,test,1.6479957817763013,False
2026-01-27 16:05:00+00:00,test,0.6076265823147828,False
2026-01-27 16:06:00+00:00,test,0.6077071034428636,False
2026-01-27 16:07:00+00:00,test,0.5605382291216613,False
2026-01-27 16:08:00+00:00,test,0.5477626837214019,False
2026-01-27 16:09:00+00:00,test,1.1186544712791318,False
2026-01-27 16:10:00+00:00,test,0.5791460423674057,False
2026-01-27 16:11:00+00:00,test,0.6264786910827305,False
2026-01-27 16:12:00+00:00,test,0.6220593701902231,False
2026-01-27 16:13:00+00:00,test,0.6517939875852852,False
2026-01-27 16:14:00+00:00,test,0.6735872223429621,False
2026-01-27 16:15:00+00:00,test,0.7280357876478931,False
2026-01-27 16:16:00+00:00,test,0.789197759113065,False
2026-01-27 16:17:00+00:00,test,1.1182101486194946,False
2026-01-27 16:18:00+00:00,test,0.7225922614631706,False
2026-01-27 16:19:00+00:00,test,0.6438959539922581,False
2026-01-27 16:20:00+00:00,test,0.6197253796550898,False
2026-01-27 16:21:00+00:00,test,0.6347661296137722,False
2026-01-27 16:22:00+00:00,test,0.6242543419722988,False
2026-01-27 16:23:00+00:00,test,1.0781887798847947,False
2026-01-27 16:24:00+00:00,test,0.6804037046335382,False
2026-01-27 16:25:00+00:00,test,0.6898045611713635,False
2026-01-27 16:26:00+00:00,test,0.645158566301629,False
2026-01-27 16:27:00+00:00,test,0.6073605495022775,False
2026-01-27 16:28:00+00:00,test,0.5952255186603919,False
2026-01-27 16:29:00+00:00,test,0.61847079761258,False
2026-01-27 16:30:00+00:00,test,0.6460360254916676,False
2026-01-27 16:31:00+00:00,test,0.6713367156365159,False
2026-01-27 16:32:00+00:00,test,0.7652208630779509,False
2026-01-27 16:33:00+00:00,test,0.7262110342728852,False
2026-01-27 16:34:00+00:00,test,0.759447661308621,False
2026-01-27 16:35:00+00:00,test,0.6900960764628684,False
2026-01-27 16:36:00+00:00,test,0.6323913980771944,False
2026-01-27 16:37:00+00:00,test,0.6302546672831255,False
2026-01-27 16:38:00+00:00,test,0.6519298900978705,False
2026-01-27 16:39:00+00:00,test,0.6619545433764469,False
2026-01-27 16:40:00+00:00,test,0.7292084163850738,False
2026-01-27 16:41:00+00:00,test,0.7348983107367678,False
2026-01-27 16:42:00+00:00,test,0.8762296806720962,False
2026-01-27 16:43:00+00:00,test,1.1190831077966814,False
2026-01-27 16:44:00+00:00,test,0.7232916948176307,False
2026-01-27 16:45:00+00:00,test,0.6729065373268107,False
2026-01-27 16:46:00+00:00,test,0.6626015724322476,False
2026-01-27 16:47:00+00:00,test,0.6418372314285408,False
2026-01-27 16:48:00+00:00,test,0.6893298273120114,False
2026-01-27 16:49:00+00:00,test,0.6912690329564882,False
2026-01-27 16:50:00+00:00,test,0.7262812963056599,False
2026-01-27 16:51:00+00:00,test,0.7196782669138919,False
2026-01-27 16:52:00+00:00,test,0.6969171382507708,False
2026-01-27 16:53:00+00:00,test,0.6359402481773843,False
2026-01-27 16:54:00+00:00,test,0.5800569371447984,False
2026-01-27 16:55:00+00:00,test,0.5544913421547039,False
2026-01-27 16:56:00+00:00,test,0.5598609967285079,False
2026-01-27 16:57:00+00:00,test,0.5267514070764364,False
2026-01-27 16:58:00+00:00,test,0.49596327275869845,False
2026-01-27 16:59:00+00:00,test,0.5001000697517881,False
2026-01-27 17:00:00+00:00,test,0.5582897536098588,False
2026-01-27 17:01:00+00:00,test,0.6188946606585195,False
2026-01-27 17:02:00+00:00,test,0.6894363942768442,False
2026-01-27 17:03:00+00:00,test,0.7618506713523713,False
2026-01-27 17:04:00+00:00,test,0.7451770500394285,False
2026-01-27 17:05:00+00:00,test,0.7089474690816128,False
2026-01-27 17:06:00+00:00,test,0.7002743972430676,False
2026-01-27 17:07:00+00:00,test,0.7062795040606187,False
2026-01-27 17:08:00+00:00,test,0.6302121303004982,False
2026-01-27 17:09:00+00:00,test,0.6349311280736942,False
2026-01-27 17:10:00+00:00,test,0.6113492404728545,False
2026-01-27 17:11:00+00:00,test,0.6869410678366872,False
2026-01-27 17:12:00+00:00,test,0.5775817505491634,False
2026-01-27 17:13:00+00:00,test,0.5967269493031698,False
2026-01-27 17:14:00+00:00,test,0.5395025054826099,False
2026-01-27 17:15:00+00:00,test,0.549937141490012,False
2026-01-27 17:16:00+00:00,test,0.5562310808179545,False
2026-01-27 17:17:00+00:00,test,0.5793105249098122,False
2026-01-27 17:18:00+00:00,test,0.5947546129578439,False
2026-01-27 17:19:00+00:00,test,0.6176931556475649,False
2026-01-27 17:20:00+00:00,test,0.6111981728252386,False
2026-01-27 17:21:00+00:00,test,0.647833393427984,False
2026-01-27 17:22:00+00:00,test,0.6914299454910656,False
2026-01-27 17:23:00+00:00,test,0.6458501452929518,False
2026-01-27 17:24:00+00:00,test,0.573851869185975,False
2026-01-27 17:25:00+00:00,test,0.5831317236002261,False
2026-01-27 17:26:00+00:00,test,0.5224847578094133,False
2026-01-27 17:27:00+00:00,test,0.5510964129503586,False
2026-01-27 17:28:00+00:00,test,0.607970731201315,False
2026-01-27 17:29:00+00:00,test,0.6218069746050034,False
2026-01-27 17:30:00+00:00,test,0.6574851855711825,False
2026-01-27 17:31:00+00:00,test,1.18360644593548,False
2026-01-27 17:32:00+00:00,test,0.7006287995317854,False
2026-01-27 17:33:00+00:00,test,0.6243685890892444,False
2026-01-27 17:34:00+00:00,test,0.6013916478464426,False
2026-01-27 17:35:00+00:00,test,0.6056211904065252,False
2026-01-27 17:36:00+00:00,test,0.5625333356986638,False
2026-01-27 17:37:00+00:00,test,0.6062883809424486,False
2026-01-27 17:38:00+00:00,test,0.581598617944777,False
2026-01-27 17:39:00+00:00,test,0.610408550562228,False
2026-01-27 17:40:00+00:00,test,0.6135685966352761,False
2026-01-27 17:41:00+00:00,test,0.5429239568366441,False
2026-01-27 17:42:00+00:00,test,0.5328132218360808,False
2026-01-27 17:43:00+00:00,test,0.5398240178833085,False
2026-01-27 17:44:00+00:00,test,0.6587307355782804,False
2026-01-27 17:45:00+00:00,test,0.6128989157326868,False
2026-01-27 17:46:00+00:00,test,0.5908507693859906,False
2026-01-27 17:47:00+00:00,test,0.6150637974635794,False
2026-01-27 17:48:00+00:00,test,0.6457184974524132,False
2026-01-27 17:49:00+00:00,test,0.6189222443066568,False
2026-01-27 17:50:00+00:00,test,0.587982968383349,False
2026-01-27 17:51:00+00:00,test,0.6507569925680396,False
2026-01-27 17:52:00+00:00,test,1.2932324299453375,False
2026-01-27 17:53:00+00:00,test,0.6745307519985086,False
2026-01-27 17:54:00+00:00,test,0.6646782222512405,False
2026-01-27 17:55:00+00:00,test,0.6070920326303181,False
2026-01-27 17:56:00+00:00,test,0.5398627860618915,False
2026-01-27 17:57:00+00:00,test,0.5202966593421765,False
2026-01-27 17:58:00+00:00,test,0.5512646932784773,False
2026-01-27 17:59:00+00:00,test,0.5415007007525827,False
2026-01-27 18:00:00+00:00,test,0.5138438751619759,False
2026-01-27 18:01:00+00:00,test,0.5914475585814771,False
2026-01-27 18:02:00+00:00,test,0.6080112225409359,False
2026-01-27 18:03:00+00:00,test,0.5871333485249343,False
2026-01-27 18:04:00+00:00,test,1.0825292996229432,False
2026-01-27 18:05:00+00:00,test,0.5492847737015096,False
2026-01-27 18:06:00+00:00,test,0.5802643724215625,False
2026-01-27 18:07:00+00:00,test,1.0076368434403398,False
2026-01-27 18:08:00+00:00,test,0.5550497446041027,False
2026-01-27 18:09:00+00:00,test,0.5228594367249166,False
2026-01-27 18:10:00+00:00,test,0.4889773774977351,False
2026-01-27 18:11:00+00:00,test,0.4995080352487356,False
2026-01-27 18:12:00+00:00,test,1.0601136543494054,False
2026-01-27 18:13:00+00:00,test,0.523129540177287,False
2026-01-27 18:14:00+00:00,test,0.5001393593511843,False
2026-01-27 18:15:00+00:00,test,0.49157536937483853,False
2026-01-27 18:16:00+00:00,test,0.5209185967700226,False
2026-01-27 18:17:00+00:00,test,0.5058951208575342,False
2026-01-27 18:18:00+00:00,test,0.5389221068019788,False
2026-01-27 18:19:00+00:00,test,0.622694630475222,False
2026-01-27 18:20:00+00:00,test,0.6080093575869889,False
2026-01-27 18:21:00+00:00,test,0.637867025573051,False
2026-01-27 18:22:00+00:00,test,0.6037549331933804,False
2026-01-27 18:23:00+00:00,test,0.6316378009739976,False
2026-01-27 18:24:00+00:00,test,0.6345586915329656,False
2026-01-27 18:25:00+00:00,test,0.674509701869737,False
2026-01-27 18:26:00+00:00,test,0.6964938678740903,False
2026-01-27 18:27:00+00:00,test,0.7216627265052804,False
2026-01-27 18:28:00+00:00,test,0.6667805874796295,False
2026-01-27 18:29:00+00:00,test,0.6230709580269963,False
2026-01-27 18:30:00+00:00,test,0.6377638512828737,False
2026-01-27 18:31:00+00:00,test,0.6178510561686669,False
2026-01-27 18:32:00+00:00,test,0.5878645874045023,False
2026-01-27 18:33:00+00:00,test,0.6510391056836564,False
2026-01-27 18:34:00+00:00,test,0.6643823340377262,False
2026-01-27 18:35:00+00:00,test,0.6221857280287382,False
2026-01-27 18:36:00+00:00,test,0.6144886734856128,False
2026-01-27 18:37:00+00:00,test,0.8282271252981402,False
2026-01-27 18:38:00+00:00,test,0.7063506919004323,False
2026-01-27 18:39:00+00:00,test,0.709216179387757,False
2026-01-27 18:40:00+00:00,test,0.7215223111072817,False
2026-01-27 18:41:00+00:00,test,0.7385121314529864,False
2026-01-27 18:42:00+00:00,test,0.9095063018909592,False
2026-01-27 18:43:00+00:00,test,0.7312431045068015,False
2026-01-27 18:44:00+00:00,test,0.740823969260658,False
2026-01-27 18:45:00+00:00,test,0.7897980204019144,False
2026-01-27 18:46:00+00:00,test,0.7479185800846044,False
2026-01-27 18:47:00+00:00,test,0.6269601119025406,False
2026-01-27 18:48:00+00:00,test,0.5958389241932803,False
2026-01-27 18:49:00+00:00,test,1.001089750271245,False
2026-01-27 18:50:00+00:00,test,0.5752691031659026,False
2026-01-27 18:51:00+00:00,test,0.5637000650943652,False
2026-01-27 18:52:00+00:00,test,0.5195470418145373,False
2026-01-27 18:53:00+00:00,test,0.5424911344104312,False
2026-01-27 18:54:00+00:00,test,0.5663076164212049,False
2026-01-27 18:55:00+00:00,test,0.5920969789972671,False
2026-01-27 18:56:00+00:00,test,0.6180669929684471,False
2026-01-27 18:57:00+00:00,test,0.5692893677323645,False
2026-01-27 18:58:00+00:00,test,0.5667532553008884,False
2026-01-27 18:59:00+00:00,test,0.5886216190350955,False
2026-01-27 19:00:00+00:00,test,0.6010881249606628,False
2026-01-27 19:01:00+00:00,test,0.7127926877444817,False
2026-01-27 19:02:00+00:00,test,0.702678929875168,False
2026-01-27 19:03:00+00:00,test,0.6863376002309369,False
2026-01-27 19:04:00+00:00,test,0.7461918390981436,False
2026-01-27 19:05:00+00:00,test,0.77021769533615,False
2026-01-27 19:06:00+00:00,test,1.1989051401822748,False
2026-01-27 19:07:00+00:00,test,0.7334230287432791,False
2026-01-27 19:08:00+00:00,test,0.7659887853894771,False
2026-01-27 19:09:00+00:00,test,0.7150200436840662,False
2026-01-27 19:10:00+00:00,test,0.6511608575705705,False
2026-01-27 19:11:00+00:00,test,0.584915105139394,False
2026-01-27 19:12:00+00:00,test,0.5650700137040667,False
2026-01-27 19:13:00+00:00,test,0.5153353411432758,False
2026-01-27 19:14:00+00:00,test,0.5647114202105707,False
2026-01-27 19:15:00+00:00,test,0.618864469776253,False
2026-01-27 19:16:00+00:00,test,0.6061319982385694,False
2026-01-27 19:17:00+00:00,test,0.6053405606334429,False
2026-01-27 19:18:00+00:00,test,0.5765413934946374,False
2026-01-27 19:19:00+00:00,test,0.595062889711862,False
2026-01-27 19:20:00+00:00,test,0.5265193019980297,False
2026-01-27 19:21:00+00:00,test,0.5295013680670058,False
2026-01-27 19:22:00+00:00,test,0.5812791165029338,False
2026-01-27 19:23:00+00:00,test,0.6085357550395221,False
2026-01-27 19:24:00+00:00,test,0.5618638305768099,False
2026-01-27 19:25:00+00:00,test,0.5960590518330916,False
2026-01-27 19:26:00+00:00,test,0.6746867073535532,False
2026-01-27 19:27:00+00:00,test,0.6840726077884258,False
2026-01-27 19:28:00+00:00,test,0.7121153428819899,False
2026-01-27 19:29:00+00:00,test,0.7005932321620457,False
2026-01-27 19:30:00+00:00,test,0.7263477244147125,False
2026-01-27 19:31:00+00:00,test,0.7637274812001846,False
2026-01-27 19:32:00+00:00,test,0.7618954303127781,False
2026-01-27 19:33:00+00:00,test,0.7647507401675996,False
2026-01-27 19:34:00+00:00,test,0.7973590255458785,False
2026-01-27 19:35:00+00:00,test,0.8072476252068277,False
2026-01-27 19:36:00+00:00,test,0.8029857025854684,False
2026-01-27 19:37:00+00:00,test,0.7530560155925103,False
2026-01-27 19:38:00+00:00,test,0.6858109476993675,False
2026-01-27 19:39:00+00:00,test,0.6723179658686484,False
2026-01-27 19:40:00+00:00,test,0.6570033225632627,False
2026-01-27 19:41:00+00:00,test,0.6139509084504167,False
2026-01-27 19:42:00+00:00,test,0.5863924303343447,False
2026-01-27 19:43:00+00:00,test,0.6122227016807281,False
2026-01-27 19:44:00+00:00,test,0.5965916960545429,False
2026-01-27 19:45:00+00:00,test,0.5652161782185937,False
2026-01-27 19:46:00+00:00,test,1.1443487197877558,False
2026-01-27 19:47:00+00:00,test,1.38897402389866,False
2026-01-27 19:48:00+00:00,test,1.1415164844024135,False
2026-01-27 19:49:00+00:00,test,1.119282710505831,False
2026-01-27 19:50:00+00:00,test,1.1328662999311294,False
2026-01-27 19:51:00+00:00,test,1.134267395046429,False
2026-01-27 19:52:00+00:00,test,1.1470141832117293,False
2026-01-27 19:53:00+00:00,test,1.1319187073868548,False
2026-01-27 19:54:00+00:00,test,1.1281141602809022,False
2026-01-27 19:55:00+00:00,test,1.4838596557927082,False
2026-01-27 19:56:00+00:00,test,1.1438459459790713,False
2026-01-27 19:57:00+00:00,test,1.129136640776116,False
2026-01-27 19:58:00+00:00,test,1.1280582223471294,False
2026-01-27 19:59:00+00:00,test,1.1306856363751028,False
2026-01-27 20:00:00+00:00,test,1.1594376864191005,False
2026-01-27 20:01:00+00:00,test,1.1685981233744913,False
2026-01-27 20:02:00+00:00,test,1.1721309632165533,False
2026-01-27 20:03:00+00:00,test,1.1737376524466427,False
2026-01-27 20:04:00+00:00,test,1.159495081176922,False
2026-01-27 20:05:00+00:00,test,1.1923823275774335,False
2026-01-27 20:06:00+00:00,test,1.188355612458764,False
2026-01-27 20:07:00+00:00,test,1.1965521731763653,False
2026-01-27 20:08:00+00:00,test,1.1846903558279842,False
2026-01-27 20:09:00+00:00,test,1.1712314815543434,False
2026-01-27 20:10:00+00:00,test,1.1185820547971883,False
2026-01-27 20:11:00+00:00,test,1.1147080042241937,False
2026-01-27 20:12:00+00:00,test,1.1161578982548381,False
2026-01-27 20:13:00+00:00,test,1.1253018421372674,False
2026-01-27 20:14:00+00:00,test,1.1356750833858826,False
2026-01-27 20:15:00+00:00,test,1.1458159149944855,False
2026-01-27 20:16:00+00:00,test,1.1635885588183297,False
2026-01-27 20:17:00+00:00,test,1.1700804980931516,False
2026-01-27 20:18:00+00:00,test,1.1605474625955958,False
2026-01-27 20:19:00+00:00,test,1.1338094706723039,False
2026-01-27 20:20:00+00:00,test,1.1125096481582921,False
2026-01-27 20:21:00+00:00,test,1.1133334711415623,False
2026-01-27 20:22:00+00:00,test,1.1193480005998544,False
2026-01-27 20:23:00+00:00,test,1.1369846341202365,False
2026-01-27 20:24:00+00:00,test,1.1436924938129394,False
2026-01-27 20:25:00+00:00,test,1.1298221274746312,False
2026-01-27 20:26:00+00:00,test,1.1209001271641277,False
2026-01-27 20:27:00+00:00,test,1.1153556836255643,False
2026-01-27 20:28:00+00:00,test,1.110732280825278,False
2026-01-27 20:29:00+00:00,test,1.1327023671597343,False
2026-01-27 20:30:00+00:00,test,1.1510764968576936,False
2026-01-27 20:31:00+00:00,test,1.1399496984672404,False
2026-01-27 20:32:00+00:00,test,1.1290037597694909,False
2026-01-27 20:33:00+00:00,test,1.1321614950875327,False
2026-01-27 20:34:00+00:00,test,1.1252253461227761,False
2026-01-27 20:35:00+00:00,test,1.1290825872563954,False
2026-01-27 20:36:00+00:00,test,1.1488891188062396,False
2026-01-27 20:37:00+00:00,test,1.1533337132436579,False
2026-01-27 20:38:00+00:00,test,1.1890945478121184,False
2026-01-27 20:39:00+00:00,test,1.178375080254886,False
2026-01-27 20:40:00+00:00,test,1.1825961816305013,False
2026-01-27 20:41:00+00:00,test,1.1414250771276035,False
2026-01-27 20:42:00+00:00,test,1.1359659043767425,False
2026-01-27 20:43:00+00:00,test,1.154726894452562,False
2026-01-27 20:44:00+00:00,test,1.2125522940264841,False
2026-01-27 20:45:00+00:00,test,1.2015292633081618,False
2026-01-27 20:46:00+00:00,test,1.203769582339516,False
2026-01-27 20:47:00+00:00,test,1.218077286746207,False
2026-01-27 20:48:00+00:00,test,1.4674462038079712,False
2026-01-27 20:49:00+00:00,test,1.2423720440929262,False
2026-01-27 20:50:00+00:00,test,1.2372485786587752,False
2026-01-27 20:51:00+00:00,test,1.1836192986402618,False
2026-01-27 20:52:00+00:00,test,1.179711745345503,False
2026-01-27 20:53:00+00:00,test,1.15650189814519,False
2026-01-27 20:54:00+00:00,test,1.5413763388114028,False
2026-01-27 20:55:00+00:00,test,1.1381463662005271,False
2026-01-27 20:56:00+00:00,test,1.1133971614859826,False
2026-01-27 20:57:00+00:00,test,0.5919416919353047,False
2026-01-27 20:58:00+00:00,test,1.0840659843078215,False
2026-01-27 20:59:00+00:00,test,1.0852794361574878,False
2026-01-27 21:00:00+00:00,test,1.1121611644773897,False
2026-01-27 21:01:00+00:00,test,1.1677533889048355,False
2026-01-27 21:02:00+00:00,test,1.1203868687120067,False
2026-01-27 21:03:00+00:00,test,1.152179087968984,False
2026-01-27 21:04:00+00:00,test,1.148778477697978,False
2026-01-27 21:05:00+00:00,test,1.1789455989920798,False
2026-01-27 21:06:00+00:00,test,1.1760915904201676,False
2026-01-27 21:07:00+00:00,test,1.1573744185998125,False
2026-01-27 21:08:00+00:00,test,1.3867062362430091,False
2026-01-27 21:09:00+00:00,test,1.1587581167100562,False
2026-01-27 21:10:00+00:00,test,1.183369444395627,False
2026-01-27 21:11:00+00:00,test,1.1582739152044184,False
2026-01-27 21:12:00+00:00,test,1.1983676875367708,False
2026-01-27 21:13:00+00:00,test,1.225237263574327,False
2026-01-27 21:14:00+00:00,test,1.2128762622514175,False
2026-01-27 21:15:00+00:00,test,1.195706246843838,False
2026-01-27 21:16:00+00:00,test,1.1547437354346837,False
2026-01-27 21:17:00+00:00,test,1.1262791732635051,False
2026-01-27 21:18:00+00:00,test,1.1166643242732395,False
2026-01-27 21:19:00+00:00,test,1.1039794647763614,False
2026-01-27 21:20:00+00:00,test,1.086829818641435,False
2026-01-27 21:21:00+00:00,test,1.0869353712175966,False
2026-01-27 21:22:00+00:00,test,1.1096321412909804,False
2026-01-27 21:23:00+00:00,test,1.1186207337304168,False
2026-01-27 21:24:00+00:00,test,1.1031358813478915,False
2026-01-27 21:25:00+00:00,test,1.7117703099449157,False
2026-01-27 21:26:00+00:00,test,1.1148455114286344,False
2026-01-27 21:27:00+00:00,test,1.4425538286899566,False
2026-01-27 21:28:00+00:00,test,1.08798048593146,False
2026-01-27 21:29:00+00:00,test,1.1110225369675932,False
2026-01-27 21:30:00+00:00,test,1.14829744322322,False
2026-01-27 21:31:00+00:00,test,1.1836690301181105,False
2026-01-27 21:32:00+00:00,test,1.1397047849939081,False
2026-01-27 21:33:00+00:00,test,1.129275897510584,False
2026-01-27 21:34:00+00:00,test,1.13122017855723,False
2026-01-27 21:35:00+00:00,test,1.1072814093715866,False
2026-01-27 21:36:00+00:00,test,1.1263660557092832,False
2026-01-27 21:37:00+00:00,test,1.1342663328237232,False
2026-01-27 21:38:00+00:00,test,0.7497797423461935,False
2026-01-27 21:39:00+00:00,test,0.7550243433133103,False
2026-01-27 21:40:00+00:00,test,0.79869798409898,False
2026-01-27 21:41:00+00:00,test,0.772300398916844,False
2026-01-27 21:42:00+00:00,test,0.7592090386526702,False
2026-01-27 21:43:00+00:00,test,0.7416791733889683,False
2026-01-27 21:44:00+00:00,test,0.6983103336522201,False
2026-01-27 21:45:00+00:00,test,1.061591252061352,False
2026-01-27 21:46:00+00:00,test,0.6994319837773386,False
2026-01-27 21:47:00+00:00,test,0.70785553548201,False
2026-01-27 21:48:00+00:00,test,0.7065881003959522,False
2026-01-27 21:49:00+00:00,test,0.7766212940091266,False
2026-01-27 21:50:00+00:00,test,0.8154134302772672,False
2026-01-27 21:51:00+00:00,test,0.8121335212059867,False
2026-01-27 21:52:00+00:00,test,0.7838424952876203,False
2026-01-27 21:53:00+00:00,test,0.7409350174534455,False
2026-01-27 21:54:00+00:00,test,0.7273065251594099,False
2026-01-27 21:55:00+00:00,test,0.7420851338999552,False
2026-01-27 21:56:00+00:00,test,0.715042752190678,False
2026-01-27 21:57:00+00:00,test,0.6798135613410234,False
2026-01-27 21:58:00+00:00,test,0.6702821161658818,False
2026-01-27 21:59:00+00:00,test,0.6509387484963738,False
2026-01-27 22:00:00+00:00,test,0.6233563592031283,False
2026-01-27 22:01:00+00:00,test,0.5643417328839859,False
2026-01-27 22:02:00+00:00,test,1.7481409206837168,False
2026-01-27 22:03:00+00:00,test,0.5617982071742319,False
2026-01-27 22:04:00+00:00,test,0.6353817384810154,False
2026-01-27 22:05:00+00:00,test,0.6333288525639685,False
2026-01-27 22:06:00+00:00,test,1.515895888085415,False
2026-01-27 22:07:00+00:00,test,0.6339460515924444,False
2026-01-27 22:08:00+00:00,test,0.6804798700180675,False
2026-01-27 22:09:00+00:00,test,0.6647265758910029,False
2026-01-27 22:10:00+00:00,test,1.7864040563664125,False
2026-01-27 22:11:00+00:00,test,0.6210342682323973,False
2026-01-27 22:12:00+00:00,test,0.5727726041870006,False
2026-01-27 22:13:00+00:00,test,0.6411130583516994,False
2026-01-27 22:14:00+00:00,test,0.6259731475571229,False
2026-01-27 22:15:00+00:00,test,0.6618728399928167,False
2026-01-27 22:16:00+00:00,test,0.742573419260033,False
2026-01-27 22:17:00+00:00,test,0.6976929130210896,False
2026-01-27 22:18:00+00:00,test,0.6716460916222812,False
2026-01-27 22:19:00+00:00,test,0.6990577123593696,False
2026-01-27 22:20:00+00:00,test,0.6508769733344171,False
2026-01-27 22:21:00+00:00,test,0.6145520299425945,False
2026-01-27 22:22:00+00:00,test,0.6222071749552278,False
2026-01-27 22:23:00+00:00,test,0.6143448939804484,False
2026-01-27 22:24:00+00:00,test,0.6203554483700194,False
2026-01-27 22:25:00+00:00,test,0.601791536769837,False
2026-01-27 22:26:00+00:00,test,0.5745778435687403,False
2026-01-27 22:27:00+00:00,test,0.5946072186174916,False
2026-01-27 22:28:00+00:00,test,0.5472702390692357,False
2026-01-27 22:29:00+00:00,test,0.5531695066091095,False
2026-01-27 22:30:00+00:00,test,0.5425360029855628,False
2026-01-27 22:31:00+00:00,test,1.231524089925857,False
2026-01-27 22:32:00+00:00,test,0.5406496034807309,False
2026-01-27 22:33:00+00:00,test,0.5683307790547072,False
2026-01-27 22:34:00+00:00,test,1.040757612122473,False
2026-01-27 22:35:00+00:00,test,1.036875970070276,False
2026-01-27 22:36:00+00:00,test,0.6304062863019294,False
2026-01-27 22:37:00+00:00,test,0.5889555755549976,False
2026-01-27 22:38:00+00:00,test,0.5183974311800351,False
2026-01-27 22:39:00+00:00,test,0.5515874757909252,False
2026-01-27 22:40:00+00:00,test,0.6522085758848001,False
2026-01-27 22:41:00+00:00,test,0.5788493496983536,False
2026-01-27 22:42:00+00:00,test,0.6424071111941556,False
2026-01-27 22:43:00+00:00,test,0.6378469932241374,False
2026-01-27 22:44:00+00:00,test,0.6208467980833889,False
2026-01-27 22:45:00+00:00,test,0.597148627148594,False
2026-01-27 22:46:00+00:00,test,0.5638730576530584,False
2026-01-27 22:47:00+00:00,test,0.6251651867354652,False
2026-01-27 22:48:00+00:00,test,0.6461615098290584,False
2026-01-27 22:49:00+00:00,test,0.6621273382003422,False
2026-01-27 22:50:00+00:00,test,0.6497292666291921,False
2026-01-27 22:51:00+00:00,test,0.6096931981147846,False
2026-01-27 22:52:00+00:00,test,0.5541701658026706,False
2026-01-27 22:53:00+00:00,test,0.519957584607505,False
2026-01-27 22:54:00+00:00,test,0.9740287373156938,False
2026-01-27 22:55:00+00:00,test,0.47073955466401624,False
2026-01-27 22:56:00+00:00,test,0.4546994333722644,False
2026-01-27 22:57:00+00:00,test,0.47501151037508266,False
2026-01-27 22:58:00+00:00,test,0.4875299316625095,False
2026-01-27 22:59:00+00:00,test,0.5074959984713233,False
2026-01-27 23:00:00+00:00,test,0.5354746052013926,False
2026-01-27 23:01:00+00:00,test,0.580562131384441,False
2026-01-27 23:02:00+00:00,test,0.6114796298908897,False
2026-01-27 23:03:00+00:00,test,0.618443962976394,False
2026-01-27 23:04:00+00:00,test,0.6210086617209503,False
2026-01-27 23:05:00+00:00,test,0.612353283813402,False
2026-01-27 23:06:00+00:00,test,0.6248046462917086,False
2026-01-27 23:07:00+00:00,test,0.5919754313151235,False
2026-01-27 23:08:00+00:00,test,0.6034365464321197,False
2026-01-27 23:09:00+00:00,test,0.5747450352226028,False
2026-01-27 23:10:00+00:00,test,0.633229717061143,False
2026-01-27 23:11:00+00:00,test,0.6312167187380933,False
2026-01-27 23:12:00+00:00,test,1.1242502327246704,False
2026-01-27 23:13:00+00:00,test,0.5366919305087533,False
2026-01-27 23:14:00+00:00,test,0.5805425204751987,False
2026-01-27 23:15:00+00:00,test,0.6047076017583052,False
2026-01-27 23:16:00+00:00,test,0.5628085754358361,False
2026-01-27 23:17:00+00:00,test,0.5890734494394884,False
2026-01-27 23:18:00+00:00,test,0.6318991725402919,False
2026-01-27 23:19:00+00:00,test,1.1127555216622758,False
2026-01-27 23:20:00+00:00,test,0.5884103632565484,False
2026-01-27 23:21:00+00:00,test,0.5642969155368113,False
2026-01-27 23:22:00+00:00,test,0.6038983578608408,False
2026-01-27 23:23:00+00:00,test,0.5832753361602947,False
2026-01-27 23:24:00+00:00,test,0.6306034041950961,False
2026-01-27 23:25:00+00:00,test,0.6114353016015145,False
2026-01-27 23:26:00+00:00,test,0.6532112852481559,False
2026-01-27 23:27:00+00:00,test,0.660707696690378,False
2026-01-27 23:28:00+00:00,test,0.681627293435605,False
2026-01-27 23:29:00+00:00,test,0.6779640596092221,False
2026-01-27 23:30:00+00:00,test,0.6674866223236019,False
2026-01-27 23:31:00+00:00,test,0.6271795019379689,False
2026-01-27 23:32:00+00:00,test,0.6520114882320541,False
2026-01-27 23:33:00+00:00,test,0.5974151020391775,False
2026-01-27 23:34:00+00:00,test,0.6046173392568192,False
2026-01-27 23:35:00+00:00,test,0.6214947226768233,False
2026-01-27 23:36:00+00:00,test,0.6447089835136383,False
2026-01-27 23:37:00+00:00,test,0.7133669528430954,False
2026-01-27 23:38:00+00:00,test,0.7289491113940952,False
2026-01-27 23:39:00+00:00,test,0.7881556984756102,False
2026-01-27 23:40:00+00:00,test,0.7299036711009251,False
2026-01-27 23:41:00+00:00,test,0.6867334338557386,False
2026-01-27 23:42:00+00:00,test,0.9763848994690123,False
2026-01-27 23:43:00+00:00,test,0.734759827939127,False
2026-01-27 23:44:00+00:00,test,0.779344767142859,False
2026-01-27 23:45:00+00:00,test,0.7631397503463218,False
2026-01-27 23:46:00+00:00,test,0.7547558825906402,False
2026-01-27 23:47:00+00:00,test,0.7154874797641781,False
2026-01-27 23:48:00+00:00,test,0.6740951089068915,False
2026-01-27 23:49:00+00:00,test,0.6453109131668274,False
2026-01-27 23:50:00+00:00,test,0.6618913943215227,False
2026-01-27 23:51:00+00:00,test,0.5879501499223283,False
2026-01-27 23:52:00+00:00,test,0.595423674048109,False
2026-01-27 23:53:00+00:00,test,0.5887214715989678,False
2026-01-27 23:54:00+00:00,test,0.5660156976744053,False
2026-01-27 23:55:00+00:00,test,0.578579840659889,False
2026-01-27 23:56:00+00:00,test,0.5501167339029097,False
2026-01-27 23:57:00+00:00,test,0.6398286270139498,False
2026-01-27 23:58:00+00:00,test,0.5810957894129879,False
2026-01-27 23:59:00+00:00,test,0.5784728783520438,False
2026-01-28 00:00:00+00:00,test,0.5333556971255158,False
2026-01-28 00:01:00+00:00,test,0.5548058712431545,False
2026-01-28 00:02:00+00:00,test,0.5720430616416287,False
2026-01-28 00:03:00+00:00,test,0.5809189190913816,False
2026-01-28 00:04:00+00:00,test,0.6024778452390654,False
2026-01-28 00:05:00+00:00,test,1.2911938008341755,False
2026-01-28 00:06:00+00:00,test,0.5379841063410127,False
2026-01-28 00:07:00+00:00,test,0.5291314525598391,False
2026-01-28 00:08:00+00:00,test,0.48569974676109895,False
2026-01-28 00:09:00+00:00,test,0.5472395082253088,False
2026-01-28 00:10:00+00:00,test,0.5425665750430883,False
2026-01-28 00:11:00+00:00,test,0.5702838701124123,False
2026-01-28 00:12:00+00:00,test,0.6322068364224595,False
2026-01-28 00:13:00+00:00,test,0.6003561539674355,False
2026-01-28 00:14:00+00:00,test,0.5766724656442119,False
2026-01-28 00:15:00+00:00,test,0.5787122600817579,False
2026-01-28 00:16:00+00:00,test,0.5815917541915752,False
2026-01-28 00:17:00+00:00,test,0.6032279866562172,False
2026-01-28 00:18:00+00:00,test,0.5672653459217065,False
2026-01-28 00:19:00+00:00,test,0.5400332638627788,False
2026-01-28 00:20:00+00:00,test,0.5502817352109399,False
2026-01-28 00:21:00+00:00,test,0.5740414667490455,False
2026-01-28 00:22:00+00:00,test,0.5498971929390516,False
2026-01-28 00:23:00+00:00,test,0.5395096964249535,False
2026-01-28 00:24:00+00:00,test,0.6333730234775397,False
2026-01-28 00:25:00+00:00,test,0.577065952767488,False
2026-01-28 00:26:00+00:00,test,0.6755353840494738,False
2026-01-28 00:27:00+00:00,test,0.6235520617750346,False
2026-01-28 00:28:00+00:00,test,0.6156952095467423,False
2026-01-28 00:29:00+00:00,test,0.6058628011079429,False
2026-01-28 00:30:00+00:00,test,0.6544193273967989,False
2026-01-28 00:31:00+00:00,test,0.6849758424793174,False
2026-01-28 00:32:00+00:00,test,0.6039654071502909,False
2026-01-28 00:33:00+00:00,test,0.6146881118189919,False
2026-01-28 00:34:00+00:00,test,0.5820420124009813,False
2026-01-28 00:35:00+00:00,test,0.6005005614877368,False
2026-01-28 00:36:00+00:00,test,0.6355945505733699,False
2026-01-28 00:37:00+00:00,test,0.6316473224654445,False
2026-01-28 00:38:00+00:00,test,0.6115768995645042,False
2026-01-28 00:39:00+00:00,test,0.6110786470018748,False
2026-01-28 00:40:00+00:00,test,0.6339543326209087,False
2026-01-28 00:41:00+00:00,test,0.6036955073792233,False
2026-01-28 00:42:00+00:00,test,0.6631715489181342,False
2026-01-28 00:43:00+00:00,test,0.5968884537879355,False
2026-01-28 00:44:00+00:00,test,0.5934370025924842,False
2026-01-28 00:45:00+00:00,test,0.603147000507081,False
2026-01-28 00:46:00+00:00,test,0.5935287600611644,False
2026-01-28 00:47:00+00:00,test,0.5699054812136352,False
2026-01-28 00:48:00+00:00,test,0.5549113284618101,False
2026-01-28 00:49:00+00:00,test,0.5443495045941218,False
2026-01-28 00:50:00+00:00,test,0.6185158995439832,False
2026-01-28 00:51:00+00:00,test,0.6085791413499259,False
2026-01-28 00:52:00+00:00,test,0.6851649796325711,False
2026-01-28 00:53:00+00:00,test,0.6921475515679107,False
2026-01-28 00:54:00+00:00,test,0.7322953560098383,False
2026-01-28 00:55:00+00:00,test,0.6843069462878539,False
2026-01-28 00:56:00+00:00,test,0.6749863470135479,False
2026-01-28 00:57:00+00:00,test,0.6373784944888793,False
2026-01-28 00:58:00+00:00,test,0.6310450192873626,False
2026-01-28 00:59:00+00:00,test,0.6348854176486766,False
2026-01-28 01:00:00+00:00,test,0.6402483810142109,False
2026-01-28 01:01:00+00:00,test,0.7122522386086282,False
2026-01-28 01:02:00+00:00,test,0.6770636356558554,False
2026-01-28 01:03:00+00:00,test,1.1028697675231804,False
2026-01-28 01:04:00+00:00,test,1.06547115897858,False
2026-01-28 01:05:00+00:00,test,1.2754684364605566,False
2026-01-28 01:06:00+00:00,test,1.1050154138099586,False
2026-01-28 01:07:00+00:00,test,0.6294973023843864,False
2026-01-28 01:08:00+00:00,test,0.6805696565293069,False
2026-01-28 01:09:00+00:00,test,1.0668856548650274,False
2026-01-28 01:10:00+00:00,test,0.6811182680204058,False
2026-01-28 01:11:00+00:00,test,0.6932886110118103,False
2026-01-28 01:12:00+00:00,test,0.6781435694966669,False
2026-01-28 01:13:00+00:00,test,0.6534667451879655,False
2026-01-28 01:14:00+00:00,test,0.6620508625330943,False
2026-01-28 01:15:00+00:00,test,0.6749164268985464,False
2026-01-28 01:16:00+00:00,test,0.7088795954250101,False
2026-01-28 01:17:00+00:00,test,0.7189263885823792,False
2026-01-28 01:18:00+00:00,test,0.7328172895428801,False
2026-01-28 01:19:00+00:00,test,0.7087194170218106,False
2026-01-28 01:20:00+00:00,test,0.7235304240302703,False
2026-01-28 01:21:00+00:00,test,0.749042380319242,False
2026-01-28 01:22:00+00:00,test,0.6978346881999793,False
2026-01-28 01:23:00+00:00,test,0.6878384346387413,False
2026-01-28 01:24:00+00:00,test,0.6928544599168192,False
2026-01-28 01:25:00+00:00,test,0.7034968230088898,False
2026-01-28 01:26:00+00:00,test,0.6840469183843588,False
2026-01-28 01:27:00+00:00,test,1.203949417197901,False
2026-01-28 01:28:00+00:00,test,1.2291352524610668,False
2026-01-28 01:29:00+00:00,test,1.216874549617329,False
2026-01-28 01:30:00+00:00,test,1.2287552828097268,False
2026-01-28 01:31:00+00:00,test,1.202699360765017,False
2026-01-28 01:32:00+00:00,test,1.1827178387695723,False
2026-01-28 01:33:00+00:00,test,1.1803192759321641,False
2026-01-28 01:34:00+00:00,test,1.1800839278184856,False
2026-01-28 01:35:00+00:00,test,1.176327918106998,False
2026-01-28 01:36:00+00:00,test,1.1806271407319646,False
2026-01-28 01:37:00+00:00,test,1.1589051728310191,False
2026-01-28 01:38:00+00:00,test,1.1324207665277564,False
2026-01-28 01:39:00+00:00,test,1.1497679479988345,False
2026-01-28 01:40:00+00:00,test,1.1778195384555308,False
2026-01-28 01:41:00+00:00,test,1.185935273674183,False
2026-01-28 01:42:00+00:00,test,1.2144194009456823,False
2026-01-28 01:43:00+00:00,test,1.1987052463367525,False
2026-01-28 01:44:00+00:00,test,1.1894080524930455,False
2026-01-28 01:45:00+00:00,test,1.173710679935388,False
2026-01-28 01:46:00+00:00,test,1.1572750630386537,False
2026-01-28 01:47:00+00:00,test,1.3905881709400385,False
2026-01-28 01:48:00+00:00,test,1.1606239816151311,False
2026-01-28 01:49:00+00:00,test,1.162949883655542,False
2026-01-28 01:50:00+00:00,test,1.1685289213627492,False
2026-01-28 01:51:00+00:00,test,1.155574028205694,False
2026-01-28 01:52:00+00:00,test,1.157532638681981,False
2026-01-28 01:53:00+00:00,test,1.1427319688171247,False
2026-01-28 01:54:00+00:00,test,1.157960261879045,False
2026-01-28 01:55:00+00:00,test,1.1420520712028868,False
2026-01-28 01:56:00+00:00,test,1.169467639044889,False
2026-01-28 01:57:00+00:00,test,1.177801977173651,False
2026-01-28 01:58:00+00:00,test,1.1975087495295027,False
2026-01-28 01:59:00+00:00,test,1.1919083808779751,False
2026-01-28 02:00:00+00:00,test,1.1619848499273056,False
2026-01-28 02:01:00+00:00,test,1.1510104531015308,False
2026-01-28 02:02:00+00:00,test,1.1525249840671778,False
2026-01-28 02:03:00+00:00,test,1.1586480885015957,False
2026-01-28 02:04:00+00:00,test,1.168499079376417,False
2026-01-28 02:05:00+00:00,test,1.1541377467914409,False
2026-01-28 02:06:00+00:00,test,1.1610305919692165,False
2026-01-28 02:07:00+00:00,test,1.1546531998014917,False
2026-01-28 02:08:00+00:00,test,1.1368977709892767,False
2026-01-28 02:09:00+00:00,test,1.159499305946675,False
2026-01-28 02:10:00+00:00,test,1.1921642949579945,False
2026-01-28 02:11:00+00:00,test,1.2012359822797707,False
2026-01-28 02:12:00+00:00,test,1.4346847433273457,False
2026-01-28 02:13:00+00:00,test,1.155796205637677,False
2026-01-28 02:14:00+00:00,test,0.6255376229226735,False
2026-01-28 02:15:00+00:00,test,0.6047802077006611,False
2026-01-28 02:16:00+00:00,test,0.6274282586640553,False
2026-01-28 02:17:00+00:00,test,0.6561266590947321,False
2026-01-28 02:18:00+00:00,test,0.6662385072138872,False
2026-01-28 02:19:00+00:00,test,0.6943183783221091,False
2026-01-28 02:20:00+00:00,test,0.6436969663873314,False
2026-01-28 02:21:00+00:00,test,0.6101949715651162,False
2026-01-28 02:22:00+00:00,test,1.0102487096606223,False
2026-01-28 02:23:00+00:00,test,0.5999003675563331,False
2026-01-28 02:24:00+00:00,test,0.6339438516457104,False
2026-01-28 02:25:00+00:00,test,0.6175981973652481,False
2026-01-28 02:26:00+00:00,test,0.6672395045399472,False
2026-01-28 02:27:00+00:00,test,0.6650179828231121,False
2026-01-28 02:28:00+00:00,test,0.6237225574216833,False
2026-01-28 02:29:00+00:00,test,0.6169333308361679,False
2026-01-28 02:30:00+00:00,test,0.6635616836696658,False
2026-01-28 02:31:00+00:00,test,0.6593407530120298,False
2026-01-28 02:32:00+00:00,test,0.6474882237236271,False
2026-01-28 02:33:00+00:00,test,0.6543618635089592,False
2026-01-28 02:34:00+00:00,test,1.269733624348107,False
2026-01-28 02:35:00+00:00,test,0.6343948005592611,False
2026-01-28 02:36:00+00:00,test,0.6368248196987968,False
2026-01-28 02:37:00+00:00,test,0.6338449036148529,False
2026-01-28 02:38:00+00:00,test,0.5942660242817831,False
2026-01-28 02:39:00+00:00,test,0.6280371867474392,False
2026-01-28 02:40:00+00:00,test,0.6489334639951552,False
2026-01-28 02:41:00+00:00,test,0.6182187216509049,False
2026-01-28 02:42:00+00:00,test,0.608757408173635,False
2026-01-28 02:43:00+00:00,test,0.5927917363328846,False
2026-01-28 02:44:00+00:00,test,0.9817142344342281,False
2026-01-28 02:45:00+00:00,test,0.6139476902660115,False
2026-01-28 02:46:00+00:00,test,0.656678380443084,False
2026-01-28 02:47:00+00:00,test,1.1278930702619097,False
2026-01-28 02:48:00+00:00,test,0.652034768251496,False
2026-01-28 02:49:00+00:00,test,0.5846204270727866,False
2026-01-28 02:50:00+00:00,test,0.5570558969665654,False
2026-01-28 02:51:00+00:00,test,0.5889900006281442,False
2026-01-28 02:52:00+00:00,test,0.5390210981204494,False
2026-01-28 02:53:00+00:00,test,0.6212111086949503,False
2026-01-28 02:54:00+00:00,test,0.5679667338172225,False
2026-01-28 02:55:00+00:00,test,1.0316461810805306,False
2026-01-28 02:56:00+00:00,test,0.6188238048219622,False
2026-01-28 02:57:00+00:00,test,0.6744616623054677,False
2026-01-28 02:58:00+00:00,test,0.5979711836449885,False
2026-01-28 02:59:00+00:00,test,1.2582599408677815,False
2026-01-28 03:00:00+00:00,test,0.5859233389299876,False
2026-01-28 03:01:00+00:00,test,0.6780900432025208,False
2026-01-28 03:02:00+00:00,test,0.6370815413397269,False
2026-01-28 03:03:00+00:00,test,1.117109580004627,False
2026-01-28 03:04:00+00:00,test,0.6059688147216157,False
2026-01-28 03:05:00+00:00,test,0.6304061146875701,False
2026-01-28 03:06:00+00:00,test,0.626550201040754,False
2026-01-28 03:07:00+00:00,test,1.2742201584536423,False
2026-01-28 03:08:00+00:00,test,1.2500397402899917,False
2026-01-28 03:09:00+00:00,test,1.2398431761877555,False
2026-01-28 03:10:00+00:00,test,1.2488611245537125,False
2026-01-28 03:11:00+00:00,test,1.2656483160871255,False
2026-01-28 03:12:00+00:00,test,1.3188689415768697,False
2026-01-28 03:13:00+00:00,test,1.3872118194292997,False
2026-01-28 03:14:00+00:00,test,1.3484735283502813,False
2026-01-28 03:15:00+00:00,test,1.671627648937968,False
2026-01-28 03:16:00+00:00,test,1.629062509933703,False
2026-01-28 03:17:00+00:00,test,1.33550275091408,False
2026-01-28 03:18:00+00:00,test,1.3137359199416074,False
2026-01-28 03:19:00+00:00,test,1.3068505614287693,False
2026-01-28 03:20:00+00:00,test,1.3299779014266877,False
2026-01-28 03:21:00+00:00,test,1.3391968378059742,False
2026-01-28 03:22:00+00:00,test,1.3692414213250768,False
2026-01-28 03:23:00+00:00,test,1.345942795492059,False
2026-01-28 03:24:00+00:00,test,1.3367114369914832,False
2026-01-28 03:25:00+00:00,test,1.3442023369275893,False
2026-01-28 03:26:00+00:00,test,0.7319736457278829,False
2026-01-28 03:27:00+00:00,test,0.7164865259267457,False
2026-01-28 03:28:00+00:00,test,0.7130249408199836,False
2026-01-28 03:29:00+00:00,test,0.6463011218412102,False
2026-01-28 03:30:00+00:00,test,0.6142672501447282,False
2026-01-28 03:31:00+00:00,test,0.6310435761323402,False
2026-01-28 03:32:00+00:00,test,0.6570589581588735,False
2026-01-28 03:33:00+00:00,test,0.6429181869025224,False
2026-01-28 03:34:00+00:00,test,0.6026637512718065,False
2026-01-28 03:35:00+00:00,test,0.5663393691597447,False
2026-01-28 03:36:00+00:00,test,0.5760510016195782,False
2026-01-28 03:37:00+00:00,test,0.63079533580509,False
2026-01-28 03:38:00+00:00,test,1.0641888255083587,False
2026-01-28 03:39:00+00:00,test,1.1707730228035722,False
2026-01-28 03:40:00+00:00,test,0.6409482351317723,False
2026-01-28 03:41:00+00:00,test,0.570276134863235,False
2026-01-28 03:42:00+00:00,test,0.5476519524338069,False
2026-01-28 03:43:00+00:00,test,0.5273915895030864,False
2026-01-28 03:44:00+00:00,test,0.5689643940665587,False
2026-01-28 03:45:00+00:00,test,0.5965526972545394,False
2026-01-28 03:46:00+00:00,test,0.6877286279731932,False
2026-01-28 03:47:00+00:00,test,0.6977170445969235,False
2026-01-28 03:48:00+00:00,test,0.6655758714264275,False
2026-01-28 03:49:00+00:00,test,0.6772337890997069,False
2026-01-28 03:50:00+00:00,test,0.6705797745001232,False
2026-01-28 03:51:00+00:00,test,0.6716822184048586,False
2026-01-28 03:52:00+00:00,test,0.6890127708655797,False
2026-01-28 03:53:00+00:00,test,0.6918821392869204,False
2026-01-28 03:54:00+00:00,test,0.7353779195899266,False
2026-01-28 03:55:00+00:00,test,0.7454928699691068,False
2026-01-28 03:56:00+00:00,test,0.7463227902772289,False
2026-01-28 03:57:00+00:00,test,0.6818526829814495,False
2026-01-28 03:58:00+00:00,test,0.6506269898377024,False
2026-01-28 03:59:00+00:00,test,0.6509237660258221,False
2026-01-28 04:00:00+00:00,test,0.6244997045715803,False
2026-01-28 04:01:00+00:00,test,0.6376886193916864,False
2026-01-28 04:02:00+00:00,test,0.6079033868526248,False
2026-01-28 04:03:00+00:00,test,0.6117585010049317,False
2026-01-28 04:04:00+00:00,test,0.6294320587761515,False
2026-01-28 04:05:00+00:00,test,0.6414701906686986,False
2026-01-28 04:06:00+00:00,test,0.72230544155517,False
2026-01-28 04:07:00+00:00,test,0.695145012922451,False
2026-01-28 04:10:00+00:00,test,0.6713097298434083,False
2026-01-28 04:11:00+00:00,test,0.6665541053532261,False
2026-01-28 04:12:00+00:00,test,0.6860958604219906,False
2026-01-28 04:13:00+00:00,test,0.652676436566911,False
2026-01-28 04:14:00+00:00,test,0.6413019494327683,False
2026-01-28 04:15:00+00:00,test,0.632796664849943,False
2026-01-28 04:16:00+00:00,test,0.6066455388669008,False
2026-01-28 04:17:00+00:00,test,0.6113605408848783,False
2026-01-28 04:18:00+00:00,test,0.6755792750107062,False
2026-01-28 04:19:00+00:00,test,0.6895037150322566,False
2026-01-28 04:20:00+00:00,test,1.0883247338392605,False
2026-01-28 04:21:00+00:00,test,0.7130487330232939,False
2026-01-28 04:22:00+00:00,test,0.7448700078376553,False
2026-01-28 04:23:00+00:00,test,1.1613542540797333,False
2026-01-28 04:24:00+00:00,test,0.6136786762320957,False
2026-01-28 04:25:00+00:00,test,0.6786930507110571,False
2026-01-28 04:26:00+00:00,test,0.6818992775702141,False
2026-01-28 04:27:00+00:00,test,0.6649926654361896,False
2026-01-28 04:28:00+00:00,test,0.6902410080553201,False
2026-01-28 04:29:00+00:00,test,1.242820809184764,False
2026-01-28 04:30:00+00:00,test,0.6847779051743671,False
2026-01-28 04:31:00+00:00,test,0.6301746486920154,False
2026-01-28 04:32:00+00:00,test,0.6312057133525691,False
2026-01-28 04:33:00+00:00,test,0.6108951461056336,False
2026-01-28 04:34:00+00:00,test,1.0713553593816683,False
2026-01-28 04:35:00+00:00,test,0.6869859985711294,False
2026-01-28 04:36:00+00:00,test,0.6369748988138287,False
2026-01-28 04:37:00+00:00,test,0.6559906141716543,False
2026-01-28 04:38:00+00:00,test,0.6336738032912664,False
2026-01-28 04:39:00+00:00,test,0.6574950246968387,False
2026-01-28 04:40:00+00:00,test,0.6941551914512686,False
2026-01-28 04:41:00+00:00,test,0.65216633414177,False
2026-01-28 04:42:00+00:00,test,0.7190591569359865,False
2026-01-28 04:43:00+00:00,test,0.7636771567448805,False
2026-01-28 04:44:00+00:00,test,0.7548253334419056,False
2026-01-28 04:45:00+00:00,test,0.6794602047926672,False
2026-01-28 04:46:00+00:00,test,1.198771086861745,False
2026-01-28 04:47:00+00:00,test,0.6133288782277364,False
2026-01-28 04:48:00+00:00,test,1.007537255820936,False
2026-01-28 04:49:00+00:00,test,0.6046534334763796,False
2026-01-28 04:50:00+00:00,test,0.9253839541177673,False
2026-01-28 04:51:00+00:00,test,0.6111358255738709,False
2026-01-28 04:52:00+00:00,test,0.6475168783775528,False
2026-01-28 04:53:00+00:00,test,0.6281591435887047,False
2026-01-28 04:54:00+00:00,test,0.6299661574289853,False
2026-01-28 04:55:00+00:00,test,0.6086625514127951,False
2026-01-28 04:56:00+00:00,test,1.0127677931303476,False
2026-01-28 04:57:00+00:00,test,0.5434544044718602,False
2026-01-28 04:58:00+00:00,test,0.5399658986072386,False
2026-01-28 04:59:00+00:00,test,0.5406985370652745,False
2026-01-28 05:00:00+00:00,test,0.6304309695789609,False
2026-01-28 05:01:00+00:00,test,0.5828341806191434,False
2026-01-28 05:02:00+00:00,test,0.5465864046405816,False
2026-01-28 05:03:00+00:00,test,1.2296031386850397,False
2026-01-28 05:04:00+00:00,test,0.5975216702862416,False
2026-01-28 05:05:00+00:00,test,0.6343715368825675,False
2026-01-28 05:06:00+00:00,test,0.6190849505528281,False
2026-01-28 05:07:00+00:00,test,0.6162234615407022,False
2026-01-28 05:08:00+00:00,test,0.5886053696873255,False
2026-01-28 05:09:00+00:00,test,0.5522046824378656,False
2026-01-28 05:10:00+00:00,test,0.6210829357998549,False
2026-01-28 05:11:00+00:00,test,0.6032930757205648,False
2026-01-28 05:12:00+00:00,test,0.6230365233638792,False
2026-01-28 05:13:00+00:00,test,0.6243187631570591,False
2026-01-28 05:14:00+00:00,test,0.6077974364089466,False
2026-01-28 05:15:00+00:00,test,0.6275032979661627,False
2026-01-28 05:16:00+00:00,test,0.6197082993012083,False
2026-01-28 05:17:00+00:00,test,0.6437320583173728,False
2026-01-28 05:18:00+00:00,test,0.6450874374031986,False
2026-01-28 05:19:00+00:00,test,0.6396631474625162,False
2026-01-28 05:20:00+00:00,test,0.6305186445100709,False
2026-01-28 05:21:00+00:00,test,0.622701633238894,False
2026-01-28 05:22:00+00:00,test,0.5866121283576128,False
2026-01-28 05:23:00+00:00,test,0.5999812150412158,False
2026-01-28 05:24:00+00:00,test,0.6015956392277164,False
2026-01-28 05:25:00+00:00,test,0.6070224259124125,False
2026-01-28 05:26:00+00:00,test,0.6329690648073123,False
2026-01-28 05:27:00+00:00,test,0.624280052497348,False
2026-01-28 05:28:00+00:00,test,0.6367184529291755,False
2026-01-28 05:29:00+00:00,test,0.6772651859540386,False
2026-01-28 05:30:00+00:00,test,0.7417468336697473,False
2026-01-28 05:31:00+00:00,test,0.7280420455310419,False
2026-01-28 05:32:00+00:00,test,0.7304378008789516,False
2026-01-28 05:33:00+00:00,test,0.7231809453169994,False
2026-01-28 05:34:00+00:00,test,0.6841191624211337,False
2026-01-28 05:35:00+00:00,test,0.6604256750571645,False
2026-01-28 05:36:00+00:00,test,1.1514687444050173,False
2026-01-28 05:37:00+00:00,test,0.6436382940811539,False
2026-01-28 05:38:00+00:00,test,0.6605796800594217,False
2026-01-28 05:39:00+00:00,test,0.7156154347180632,False
2026-01-28 05:40:00+00:00,test,0.7366290241053332,False
2026-01-28 05:41:00+00:00,test,0.7627163614061532,False
2026-01-28 05:42:00+00:00,test,0.7521837283775606,False
2026-01-28 05:43:00+00:00,test,0.7643642987465351,False
2026-01-28 05:44:00+00:00,test,0.7272312276124459,False
2026-01-28 05:45:00+00:00,test,0.7185217587893923,False
2026-01-28 05:46:00+00:00,test,0.7249277255691862,False
2026-01-28 05:47:00+00:00,test,0.7566979080419437,False
2026-01-28 05:48:00+00:00,test,0.8109798016859879,False
2026-01-28 05:49:00+00:00,test,0.7887958860950637,False
2026-01-28 05:50:00+00:00,test,0.7657424602311472,False
2026-01-28 05:51:00+00:00,test,0.7457332670663782,False
2026-01-28 05:52:00+00:00,test,0.7083906809714962,False
2026-01-28 05:53:00+00:00,test,0.6874893823830298,False
2026-01-28 05:54:00+00:00,test,0.6437128981111333,False
2026-01-28 05:55:00+00:00,test,0.6484231752725421,False
2026-01-28 05:56:00+00:00,test,0.7595589784256828,False
2026-01-28 05:57:00+00:00,test,0.7505642219362161,False
2026-01-28 05:58:00+00:00,test,0.7829100380705474,False
2026-01-28 05:59:00+00:00,test,0.7138643509372999,False
2026-01-28 06:00:00+00:00,test,0.7061809709544347,False
2026-01-28 06:01:00+00:00,test,0.7003590375865482,False
2026-01-28 06:02:00+00:00,test,0.6997300977370728,False
2026-01-28 06:03:00+00:00,test,0.7252613459983825,False
2026-01-28 06:04:00+00:00,test,0.7360410060750998,False
2026-01-28 06:05:00+00:00,test,0.6961112564443327,False
2026-01-28 06:06:00+00:00,test,0.733781310534727,False
2026-01-28 06:07:00+00:00,test,0.7376569188994456,False
2026-01-28 06:08:00+00:00,test,0.6904148484355799,False
2026-01-28 06:09:00+00:00,test,0.7035001465653881,False
2026-01-28 06:10:00+00:00,test,0.7007079512834957,False
2026-01-28 06:11:00+00:00,test,0.7366952750040718,False
2026-01-28 06:12:00+00:00,test,0.7373222279142196,False
2026-01-28 06:13:00+00:00,test,0.7191686589265627,False
2026-01-28 06:14:00+00:00,test,0.6972017373434892,False
2026-01-28 06:15:00+00:00,test,0.7401909371042643,False
2026-01-28 06:16:00+00:00,test,0.7131566321978772,False
2026-01-28 06:17:00+00:00,test,0.7177962096316945,False
2026-01-28 06:18:00+00:00,test,0.6984927776718464,False
2026-01-28 06:19:00+00:00,test,0.7199720714866568,False
2026-01-28 06:20:00+00:00,test,0.7684229952180623,False
2026-01-28 06:21:00+00:00,test,1.2846989180123976,False
2026-01-28 06:22:00+00:00,test,0.8249442046687634,False
2026-01-28 06:23:00+00:00,test,0.8195576659856972,False
2026-01-28 06:24:00+00:00,test,0.8268664276812853,False
2026-01-28 06:25:00+00:00,test,0.8207601051577292,False
2026-01-28 06:26:00+00:00,test,0.8399640563122945,False
2026-01-28 06:27:00+00:00,test,0.8486941963919705,False
2026-01-28 06:28:00+00:00,test,0.8523067525937991,False
2026-01-28 06:29:00+00:00,test,1.1704546453489817,False
2026-01-28 06:30:00+00:00,test,0.8115862564223296,False
2026-01-28 06:31:00+00:00,test,0.868079323349465,False
2026-01-28 06:32:00+00:00,test,0.9032320242926518,False
2026-01-28 06:33:00+00:00,test,0.8551561205571568,False
2026-01-28 06:34:00+00:00,test,0.8463289379400357,False
2026-01-28 06:35:00+00:00,test,0.8089881002091033,False
2026-01-28 06:36:00+00:00,test,0.832574497865078,False
2026-01-28 06:37:00+00:00,test,0.8334280948161625,False
2026-01-28 06:38:00+00:00,test,0.8755880383965293,False
2026-01-28 06:39:00+00:00,test,0.8604008172314481,False
2026-01-28 06:40:00+00:00,test,0.8888492011850352,False
2026-01-28 06:41:00+00:00,test,0.9161717397795507,False
2026-01-28 06:42:00+00:00,test,0.9639166527944629,False
2026-01-28 06:43:00+00:00,test,1.0323053519316818,False
2026-01-28 06:44:00+00:00,test,1.0468181356143043,False
2026-01-28 06:45:00+00:00,test,1.0756572569897,False
2026-01-28 06:46:00+00:00,test,1.0184271695932832,False
2026-01-28 06:47:00+00:00,test,0.9667766778048139,False
2026-01-28 06:48:00+00:00,test,0.9313505829610408,False
2026-01-28 06:49:00+00:00,test,0.946811195616452,False
2026-01-28 06:50:00+00:00,test,0.8865575425902622,False
2026-01-28 06:51:00+00:00,test,1.2288174741462077,False
2026-01-28 06:52:00+00:00,test,0.9308725868409613,False
2026-01-28 06:53:00+00:00,test,0.9813303918292952,False
2026-01-28 06:54:00+00:00,test,0.9939057053291298,False
2026-01-28 06:55:00+00:00,test,0.96786518121288,False
2026-01-28 06:56:00+00:00,test,0.9659418470138558,False
2026-01-28 06:57:00+00:00,test,0.9861327485006105,False
2026-01-28 06:58:00+00:00,test,1.0260503130031937,False
2026-01-28 06:59:00+00:00,test,1.0301506374734504,False
2026-01-28 07:00:00+00:00,test,1.0714160532984633,False
2026-01-28 07:01:00+00:00,test,1.0649891651960504,False
2026-01-28 07:02:00+00:00,test,1.0385692145308956,False
2026-01-28 07:03:00+00:00,test,1.0017842889471704,False
2026-01-28 07:04:00+00:00,test,0.9961989907994425,False
2026-01-28 07:05:00+00:00,test,1.0427988175868106,False
2026-01-28 07:06:00+00:00,test,1.0583443035160833,False
2026-01-28 07:07:00+00:00,test,1.0116768762160038,False
2026-01-28 07:08:00+00:00,test,1.0135485020311148,False
2026-01-28 07:09:00+00:00,test,1.0472641730572176,False
2026-01-28 07:10:00+00:00,test,1.028179113666632,False
2026-01-28 07:11:00+00:00,test,1.0582224199158503,False
2026-01-28 07:12:00+00:00,test,1.0403782199265008,False
2026-01-28 07:13:00+00:00,test,1.0767597019621415,False
2026-01-28 07:14:00+00:00,test,1.057015380191924,False
2026-01-28 07:15:00+00:00,test,1.0378465187760093,False
2026-01-28 07:16:00+00:00,test,1.3999395588451276,False
2026-01-28 07:17:00+00:00,test,1.0133683282439545,False
2026-01-28 07:18:00+00:00,test,1.0085080120977346,False
2026-01-28 07:19:00+00:00,test,1.014192448609266,False
2026-01-28 07:20:00+00:00,test,1.0394752174094404,False
2026-01-28 07:21:00+00:00,test,1.0217543308802723,False
2026-01-28 07:22:00+00:00,test,1.0196663746898844,False
2026-01-28 07:23:00+00:00,test,1.034346552707459,False
2026-01-28 07:24:00+00:00,test,1.038770599405498,False
2026-01-28 07:25:00+00:00,test,1.042585320082235,False
2026-01-28 07:26:00+00:00,test,1.0157532460077847,False
2026-01-28 07:27:00+00:00,test,0.996390162246044,False
2026-01-28 07:28:00+00:00,test,1.0077180017193823,False
2026-01-28 07:29:00+00:00,test,1.2797759276281773,False
2026-01-28 07:30:00+00:00,test,1.01480804645078,False
2026-01-28 07:31:00+00:00,test,1.0116327118400739,False
2026-01-28 07:32:00+00:00,test,1.0047574739091678,False
2026-01-28 07:33:00+00:00,test,0.9663967915714058,False
2026-01-28 07:34:00+00:00,test,0.9922966826763557,False
2026-01-28 07:35:00+00:00,test,0.9600068595255951,False
2026-01-28 07:36:00+00:00,test,0.9680583452027891,False
2026-01-28 07:37:00+00:00,test,0.9523309500022455,False
2026-01-28 07:38:00+00:00,test,0.9491686955984019,False
2026-01-28 07:39:00+00:00,test,0.9492345130044781,False
2026-01-28 07:40:00+00:00,test,1.2539646434566039,False
2026-01-28 07:41:00+00:00,test,0.9778124832680628,False
2026-01-28 07:42:00+00:00,test,0.9447659925434502,False
2026-01-28 07:43:00+00:00,test,0.9323798107965466,False
2026-01-28 07:44:00+00:00,test,0.9324149487779952,False
2026-01-28 07:45:00+00:00,test,0.941527842973459,False
2026-01-28 07:46:00+00:00,test,0.9600380422597731,False
2026-01-28 07:47:00+00:00,test,0.9440991344279716,False
2026-01-28 07:48:00+00:00,test,0.8995761136250519,False
2026-01-28 07:49:00+00:00,test,0.8952029624126698,False
2026-01-28 07:50:00+00:00,test,1.2300546298954382,False
2026-01-28 07:51:00+00:00,test,1.0235814618813521,False
2026-01-28 07:52:00+00:00,test,1.0128518960330002,False
2026-01-28 07:53:00+00:00,test,1.023196914833483,False
2026-01-28 07:54:00+00:00,test,1.0008654058527973,False
2026-01-28 07:55:00+00:00,test,1.0627487391257657,False
2026-01-28 07:56:00+00:00,test,1.4946122042500103,False
2026-01-28 07:57:00+00:00,test,0.9719148302944307,False
2026-01-28 07:58:00+00:00,test,0.9423746817845612,False
2026-01-28 07:59:00+00:00,test,0.9384143317623932,False
2026-01-28 08:00:00+00:00,test,0.9095462699857462,False
2026-01-28 08:01:00+00:00,test,0.8446436769455973,False
2026-01-28 08:02:00+00:00,test,0.8759300990508316,False
2026-01-28 08:03:00+00:00,test,0.9227784092128267,False
2026-01-28 08:04:00+00:00,test,0.9335791694949284,False
2026-01-28 08:05:00+00:00,test,0.9494979244800719,False
2026-01-28 08:06:00+00:00,test,0.9570543127854474,False
2026-01-28 08:07:00+00:00,test,0.963079601320695,False
2026-01-28 08:08:00+00:00,test,0.949247022334058,False
2026-01-28 08:09:00+00:00,test,0.9086071080437975,False
2026-01-28 08:10:00+00:00,test,0.9248401615095588,False
2026-01-28 08:11:00+00:00,test,0.9362064263569724,False
2026-01-28 08:12:00+00:00,test,0.9370705370447994,False
2026-01-28 08:13:00+00:00,test,0.9459729999439249,False
2026-01-28 08:14:00+00:00,test,0.9319278785006474,False
2026-01-28 08:15:00+00:00,test,0.9010422642303492,False
2026-01-28 08:16:00+00:00,test,0.88578474801215,False
2026-01-28 08:17:00+00:00,test,0.8793955317140751,False
2026-01-28 08:18:00+00:00,test,0.8729159192316589,False
2026-01-28 08:19:00+00:00,test,0.9371415246063687,False
2026-01-28 08:20:00+00:00,test,0.9498575099873583,False
2026-01-28 08:21:00+00:00,test,0.9825414004986613,False
2026-01-28 08:22:00+00:00,test,1.000542795322908,False
2026-01-28 08:23:00+00:00,test,1.2940119198144735,False
2026-01-28 08:24:00+00:00,test,0.9368923806196595,False
2026-01-28 08:25:00+00:00,test,1.4221316114523976,False
2026-01-28 08:26:00+00:00,test,0.8805344803971965,False
2026-01-28 08:27:00+00:00,test,0.8877768618022125,False
2026-01-28 08:28:00+00:00,test,1.3965062747108246,False
2026-01-28 08:29:00+00:00,test,0.8547918214284298,False
2026-01-28 08:30:00+00:00,test,0.872684597126189,False
2026-01-28 08:31:00+00:00,test,0.9448159990071451,False
2026-01-28 08:32:00+00:00,test,0.9244773412373134,False
2026-01-28 08:33:00+00:00,test,0.9925888819786937,False
2026-01-28 08:34:00+00:00,test,1.2225626790075619,False
2026-01-28 08:35:00+00:00,test,0.9243667127738007,False
2026-01-28 08:36:00+00:00,test,0.9094702947752678,False
2026-01-28 08:37:00+00:00,test,0.9116587248971625,False
2026-01-28 08:38:00+00:00,test,0.9092774473073914,False
2026-01-28 08:39:00+00:00,test,0.8992052093172864,False
2026-01-28 08:40:00+00:00,test,0.9487282232067922,False
2026-01-28 08:41:00+00:00,test,0.9541637342618853,False
2026-01-28 08:42:00+00:00,test,0.9710017179778877,False
2026-01-28 08:43:00+00:00,test,0.9159129292015014,False
2026-01-28 08:44:00+00:00,test,0.9252164921650355,False
2026-01-28 08:45:00+00:00,test,0.9111065569119652,False
2026-01-28 08:46:00+00:00,test,0.9061212236109603,False
2026-01-28 08:47:00+00:00,test,0.9141714797634226,False
2026-01-28 08:48:00+00:00,test,0.9775688489434726,False
2026-01-28 08:49:00+00:00,test,0.9465010503642465,False
2026-01-28 08:50:00+00:00,test,0.9521915093037195,False
2026-01-28 08:51:00+00:00,test,0.9516600894269515,False
2026-01-28 08:52:00+00:00,test,0.9323628775901233,False
2026-01-28 08:53:00+00:00,test,0.9288587848525661,False
2026-01-28 08:54:00+00:00,test,0.9410137398204904,False
2026-01-28 08:55:00+00:00,test,0.9662528922031954,False
2026-01-28 08:56:00+00:00,test,0.9802315283659759,False
2026-01-28 08:57:00+00:00,test,0.9777330348979206,False
2026-01-28 08:58:00+00:00,test,0.9431662214193048,False
2026-01-28 08:59:00+00:00,test,1.3837442735601386,False
2026-01-28 09:00:00+00:00,test,0.8970956300386936,False
2026-01-28 09:01:00+00:00,test,0.9211149245755207,False
2026-01-28 09:02:00+00:00,test,0.907138233061123,False
2026-01-28 09:03:00+00:00,test,0.9412569391132777,False
2026-01-28 09:04:00+00:00,test,0.9561678613421045,False
2026-01-28 09:05:00+00:00,test,0.9498515713006295,False
2026-01-28 09:06:00+00:00,test,0.9171809204601725,False
2026-01-28 09:07:00+00:00,test,0.9011519357206413,False
2026-01-28 09:08:00+00:00,test,0.9182515115264436,False
2026-01-28 09:09:00+00:00,test,0.9076685800571592,False
2026-01-28 09:10:00+00:00,test,0.9072272410955248,False
2026-01-28 09:11:00+00:00,test,0.8859957142271137,False
2026-01-28 09:12:00+00:00,test,0.8670653747761348,False
2026-01-28 09:13:00+00:00,test,0.8666986298573998,False
2026-01-28 09:14:00+00:00,test,0.8644968266239894,False
2026-01-28 09:15:00+00:00,test,1.1924633545797891,False
2026-01-28 09:16:00+00:00,test,0.8721706799896295,False
2026-01-28 09:17:00+00:00,test,0.8700038295455909,False
2026-01-28 09:18:00+00:00,test,0.8720099043521344,False
2026-01-28 09:19:00+00:00,test,0.9035356135724886,False
2026-01-28 09:20:00+00:00,test,1.235664025531129,False
2026-01-28 09:21:00+00:00,test,0.9241787481554249,False
2026-01-28 09:22:00+00:00,test,0.9651615646443301,False
2026-01-28 09:23:00+00:00,test,0.9365187296148942,False
2026-01-28 09:24:00+00:00,test,0.9713343337431949,False
2026-01-28 09:25:00+00:00,test,0.9335870683373568,False
2026-01-28 09:26:00+00:00,test,0.9258140233868416,False
2026-01-28 09:27:00+00:00,test,0.927800860810668,False
2026-01-28 09:28:00+00:00,test,0.9424683937577251,False
2026-01-28 09:29:00+00:00,test,0.8916686538509614,False
2026-01-28 09:30:00+00:00,test,0.9061386674037768,False
2026-01-28 09:31:00+00:00,test,0.8550768163392737,False
2026-01-28 09:32:00+00:00,test,0.8343347747459331,False
2026-01-28 09:33:00+00:00,test,0.7905819475470548,False
2026-01-28 09:34:00+00:00,test,0.8181653410115278,False
2026-01-28 09:35:00+00:00,test,0.7937488398867516,False
2026-01-28 09:36:00+00:00,test,0.7919704075363297,False
2026-01-28 09:37:00+00:00,test,0.834857039377811,False
2026-01-28 09:38:00+00:00,test,0.7899319775459681,False
2026-01-28 09:39:00+00:00,test,0.7584379860839197,False
2026-01-28 09:40:00+00:00,test,0.7147591408895446,False
2026-01-28 09:41:00+00:00,test,0.7288038543302922,False
2026-01-28 09:42:00+00:00,test,0.6913282903880925,False
2026-01-28 09:43:00+00:00,test,0.6929866274449494,False
2026-01-28 09:44:00+00:00,test,0.6688424867327641,False
2026-01-28 09:45:00+00:00,test,1.1724490522994375,False
2026-01-28 09:46:00+00:00,test,0.7046490545925618,False
2026-01-28 09:47:00+00:00,test,0.6878768554073991,False
2026-01-28 09:48:00+00:00,test,0.6743072596196596,False
2026-01-28 09:49:00+00:00,test,0.6546721803658475,False
2026-01-28 09:50:00+00:00,test,0.6333076358973679,False
2026-01-28 09:51:00+00:00,test,0.6570095497969967,False
2026-01-28 09:52:00+00:00,test,0.74547260986202,False
2026-01-28 09:53:00+00:00,test,0.7190809071251115,False
2026-01-28 09:54:00+00:00,test,0.7542932814901999,False
2026-01-28 09:55:00+00:00,test,0.7657237951250581,False
2026-01-28 09:56:00+00:00,test,0.7991618303933973,False
2026-01-28 09:57:00+00:00,test,0.7536179545309204,False
2026-01-28 09:58:00+00:00,test,0.7169308176628394,False
2026-01-28 09:59:00+00:00,test,0.651467633355715,False
2026-01-28 10:00:00+00:00,test,0.6470638523978588,False
2026-01-28 10:01:00+00:00,test,0.6657051961897357,False
2026-01-28 10:02:00+00:00,test,0.677642159426302,False
2026-01-28 10:03:00+00:00,test,0.6828427038029323,False
2026-01-28 10:04:00+00:00,test,0.7201614170483381,False
2026-01-28 10:05:00+00:00,test,0.701051097946357,False
2026-01-28 10:06:00+00:00,test,0.7487702374303502,False
2026-01-28 10:07:00+00:00,test,0.7485092467846838,False
2026-01-28 10:08:00+00:00,test,0.7863055788189968,False
2026-01-28 10:09:00+00:00,test,0.7713252690339837,False
2026-01-28 10:10:00+00:00,test,0.7728825302868962,False
2026-01-28 10:11:00+00:00,test,0.7443288860620456,False
2026-01-28 10:12:00+00:00,test,0.7543913414911269,False
2026-01-28 10:13:00+00:00,test,0.7482271726315851,False
2026-01-28 10:14:00+00:00,test,0.7388768820063378,False
2026-01-28 10:15:00+00:00,test,0.713205122624575,False
2026-01-28 10:16:00+00:00,test,0.7096744679480211,False
2026-01-28 10:17:00+00:00,test,0.6881918745404245,False
2026-01-28 10:18:00+00:00,test,0.671854817133096,False
2026-01-28 10:19:00+00:00,test,0.684362761197018,False
2026-01-28 10:20:00+00:00,test,0.6655651848893852,False
2026-01-28 10:21:00+00:00,test,0.6986097324540013,False
2026-01-28 10:22:00+00:00,test,0.6851338373492877,False
2026-01-28 10:23:00+00:00,test,0.7146987903256206,False
2026-01-28 10:24:00+00:00,test,0.6895509104874329,False
2026-01-28 10:25:00+00:00,test,0.7271556048598605,False
2026-01-28 10:26:00+00:00,test,0.689129304587351,False
2026-01-28 10:27:00+00:00,test,0.6674731531363751,False
2026-01-28 10:28:00+00:00,test,0.6636478378441617,False
2026-01-28 10:29:00+00:00,test,0.6416259660149914,False
2026-01-28 10:30:00+00:00,test,0.7325385839666226,False
2026-01-28 10:31:00+00:00,test,0.7241075664584834,False
2026-01-28 10:32:00+00:00,test,0.6965970931490091,False
2026-01-28 10:33:00+00:00,test,0.6675702450592805,False
2026-01-28 10:34:00+00:00,test,0.6320317698025184,False
2026-01-28 10:35:00+00:00,test,0.6626182779629914,False
2026-01-28 10:36:00+00:00,test,0.6418028382285721,False
2026-01-28 10:37:00+00:00,test,0.6412369090159535,False
2026-01-28 10:38:00+00:00,test,0.6692254040046862,False
2026-01-28 10:39:00+00:00,test,0.6996170430768492,False
2026-01-28 10:40:00+00:00,test,0.7824260595309211,False
2026-01-28 10:41:00+00:00,test,0.7347920160054123,False
2026-01-28 10:42:00+00:00,test,0.7272963112108283,False
2026-01-28 10:43:00+00:00,test,0.6985939201128084,False
2026-01-28 10:44:00+00:00,test,0.6911404525928637,False
2026-01-28 10:45:00+00:00,test,0.7040315669513075,False
2026-01-28 10:46:00+00:00,test,0.7201524549012117,False
2026-01-28 10:47:00+00:00,test,0.7884465842400936,False
2026-01-28 10:48:00+00:00,test,1.231347624630574,False
2026-01-28 10:49:00+00:00,test,0.8188112373684218,False
2026-01-28 10:50:00+00:00,test,0.82926661602557,False
2026-01-28 10:51:00+00:00,test,0.7567639957867506,False
2026-01-28 10:52:00+00:00,test,0.7289926184068309,False
2026-01-28 10:53:00+00:00,test,0.7172160035233311,False
2026-01-28 10:54:00+00:00,test,0.6908358506444168,False
2026-01-28 10:55:00+00:00,test,0.6805804220183939,False
2026-01-28 10:56:00+00:00,test,0.7124135896771235,False
2026-01-28 10:57:00+00:00,test,0.7561569866361968,False
2026-01-28 10:58:00+00:00,test,0.8335823190859895,False
2026-01-28 10:59:00+00:00,test,0.7919330283719996,False
2026-01-28 11:00:00+00:00,test,0.761569602336706,False
2026-01-28 11:01:00+00:00,test,0.7876971549604525,False
2026-01-28 11:02:00+00:00,test,0.7518111692777282,False
2026-01-28 11:03:00+00:00,test,1.1382923211826328,False
2026-01-28 11:04:00+00:00,test,0.711469677530155,False
2026-01-28 11:05:00+00:00,test,0.7531737523853269,False
2026-01-28 11:06:00+00:00,test,0.7952669046196915,False
2026-01-28 11:07:00+00:00,test,0.7827572249193104,False
2026-01-28 11:08:00+00:00,test,0.7570992495981248,False
2026-01-28 11:09:00+00:00,test,0.7078206027014052,False
2026-01-28 11:10:00+00:00,test,0.6792067056327218,False
2026-01-28 11:11:00+00:00,test,0.7054195755485088,False
2026-01-28 11:12:00+00:00,test,0.6934480902580143,False
2026-01-28 11:13:00+00:00,test,0.6755375656550546,False
2026-01-28 11:14:00+00:00,test,0.7037732891578529,False
2026-01-28 11:15:00+00:00,test,0.7147611558034322,False
2026-01-28 11:16:00+00:00,test,0.7943669643878537,False
2026-01-28 11:17:00+00:00,test,0.8182597659756702,False
2026-01-28 11:18:00+00:00,test,0.8049273404955478,False
2026-01-28 11:19:00+00:00,test,0.8634691578828135,False
2026-01-28 11:20:00+00:00,test,0.8793217534581548,False
2026-01-28 11:21:00+00:00,test,0.8358172494674649,False
2026-01-28 11:22:00+00:00,test,0.7779971358072029,False
2026-01-28 11:23:00+00:00,test,0.7332156393464564,False
2026-01-28 11:24:00+00:00,test,0.6682643763654863,False
2026-01-28 11:25:00+00:00,test,1.1474155528066587,False
2026-01-28 11:26:00+00:00,test,1.103665728127965,False
2026-01-28 11:27:00+00:00,test,0.5852385496600355,False
2026-01-28 11:28:00+00:00,test,0.600532246586241,False
2026-01-28 11:29:00+00:00,test,0.5720773335959537,False
2026-01-28 11:30:00+00:00,test,0.6005127383610239,False
2026-01-28 11:31:00+00:00,test,0.6518461997816172,False
2026-01-28 11:32:00+00:00,test,0.6582651504261491,False
2026-01-28 11:33:00+00:00,test,0.6693835659346441,False
2026-01-28 11:34:00+00:00,test,0.6951381318953189,False
2026-01-28 11:35:00+00:00,test,0.7260815090502554,False
2026-01-28 11:36:00+00:00,test,0.6496928962356731,False
2026-01-28 11:37:00+00:00,test,0.6338902341365852,False
2026-01-28 11:38:00+00:00,test,0.6418321377343216,False
2026-01-28 11:39:00+00:00,test,0.6619001608349069,False
2026-01-28 11:40:00+00:00,test,0.6601274961826686,False
2026-01-28 11:41:00+00:00,test,0.6360053574596877,False
2026-01-28 11:42:00+00:00,test,0.6374780058465461,False
2026-01-28 11:43:00+00:00,test,0.6759170337469552,False
2026-01-28 11:44:00+00:00,test,0.6793158572655668,False
2026-01-28 11:45:00+00:00,test,0.7164455323895936,False
2026-01-28 11:46:00+00:00,test,0.7356881806142443,False
2026-01-28 11:47:00+00:00,test,0.7887154530060037,False
2026-01-28 11:48:00+00:00,test,0.7374193311497036,False
2026-01-28 11:49:00+00:00,test,0.7271593716299282,False
2026-01-28 11:50:00+00:00,test,0.6490589054495061,False
2026-01-28 11:51:00+00:00,test,0.6580798639805843,False
2026-01-28 11:52:00+00:00,test,0.6068102237399112,False
2026-01-28 11:53:00+00:00,test,1.1233904027607833,False
2026-01-28 11:54:00+00:00,test,0.6158895933360427,False
2026-01-28 11:55:00+00:00,test,0.5997537630265778,False
2026-01-28 11:56:00+00:00,test,0.5718776793373573,False
2026-01-28 11:57:00+00:00,test,0.5464287104658849,False
2026-01-28 11:58:00+00:00,test,0.5821221389805421,False
2026-01-28 11:59:00+00:00,test,0.5721864990825987,False
2026-01-28 12:00:00+00:00,test,0.5640761171631946,False
2026-01-28 12:01:00+00:00,test,0.5711473602518287,False
2026-01-28 12:02:00+00:00,test,0.5783507721880391,False
2026-01-28 12:03:00+00:00,test,0.5773742064638688,False
2026-01-28 12:04:00+00:00,test,1.157494080725101,False
2026-01-28 12:05:00+00:00,test,0.5529995201210945,False
2026-01-28 12:06:00+00:00,test,0.5987011140423577,False
2026-01-28 12:07:00+00:00,test,0.5639950856955018,False
2026-01-28 12:08:00+00:00,test,0.5332909285223811,False
2026-01-28 12:09:00+00:00,test,0.5602013319937317,False
2026-01-28 12:10:00+00:00,test,0.5934884975256413,False
2026-01-28 12:11:00+00:00,test,0.6172624733404413,False
2026-01-28 12:12:00+00:00,test,0.6256295678364943,False
2026-01-28 12:13:00+00:00,test,0.574860935208026,False
2026-01-28 12:14:00+00:00,test,0.5595063826597267,False
2026-01-28 12:15:00+00:00,test,0.5479902946444686,False
2026-01-28 12:16:00+00:00,test,0.6031680951774071,False
2026-01-28 12:17:00+00:00,test,0.6695707894477385,False
2026-01-28 12:18:00+00:00,test,0.6869505406793145,False
2026-01-28 12:19:00+00:00,test,0.6963489996272721,False
2026-01-28 12:20:00+00:00,test,0.6408676994341997,False
2026-01-28 12:21:00+00:00,test,0.5736342336109228,False
2026-01-28 12:22:00+00:00,test,0.5734439183043167,False
2026-01-28 12:23:00+00:00,test,0.5722273663610811,False
2026-01-28 12:24:00+00:00,test,0.5506343190098905,False
2026-01-28 12:25:00+00:00,test,0.5378418749295919,False
2026-01-28 12:26:00+00:00,test,0.5743725999902857,False
2026-01-28 12:27:00+00:00,test,0.6465439651354975,False
2026-01-28 12:28:00+00:00,test,0.6437355556098282,False
2026-01-28 12:29:00+00:00,test,0.6100000822535494,False
2026-01-28 12:30:00+00:00,test,0.6226160719491606,False
2026-01-28 12:31:00+00:00,test,0.6558857480443491,False
2026-01-28 12:32:00+00:00,test,1.0141150626424835,False
2026-01-28 12:33:00+00:00,test,0.6746877589159527,False
2026-01-28 12:34:00+00:00,test,0.6537557589133096,False
2026-01-28 12:35:00+00:00,test,0.7461727964939355,False
2026-01-28 12:36:00+00:00,test,0.6650406733289982,False
2026-01-28 12:37:00+00:00,test,0.6406809187644052,False
2026-01-28 12:38:00+00:00,test,0.564040039957165,False
2026-01-28 12:39:00+00:00,test,0.5790087924055553,False
2026-01-28 12:40:00+00:00,test,0.5391375051946943,False
2026-01-28 12:41:00+00:00,test,0.5443469747875486,False
2026-01-28 12:42:00+00:00,test,0.5660188461405975,False
2026-01-28 12:43:00+00:00,test,0.5343045816033717,False
2026-01-28 12:44:00+00:00,test,0.5205068279186171,False
2026-01-28 12:45:00+00:00,test,0.5266269483539809,False
2026-01-28 12:46:00+00:00,test,0.535629142630368,False
2026-01-28 12:47:00+00:00,test,0.5566937534249657,False
2026-01-28 12:48:00+00:00,test,0.5507731876653861,False
2026-01-28 12:49:00+00:00,test,0.9769310504314145,False
2026-01-28 12:50:00+00:00,test,0.5345490162614729,False
2026-01-28 12:51:00+00:00,test,0.593552420276487,False
2026-01-28 12:52:00+00:00,test,0.5829369576806624,False
2026-01-28 12:53:00+00:00,test,0.5561752865548211,False
2026-01-28 12:54:00+00:00,test,0.5124169755378383,False
2026-01-28 12:55:00+00:00,test,0.48980787721302094,False
2026-01-28 12:56:00+00:00,test,0.5735705531665161,False
2026-01-28 12:57:00+00:00,test,0.5620799916466768,False
2026-01-28 12:58:00+00:00,test,1.0065497035528488,False
2026-01-28 12:59:00+00:00,test,0.6008076274076368,False
2026-01-28 13:00:00+00:00,test,0.6817007752877207,False
2026-01-28 13:01:00+00:00,test,0.6028745057840986,False
2026-01-28 13:02:00+00:00,test,0.5324582384182983,False
2026-01-28 13:03:00+00:00,test,0.541569905958611,False
2026-01-28 13:04:00+00:00,test,0.5560603646240865,False
2026-01-28 13:05:00+00:00,test,0.515930801414327,False
2026-01-28 13:06:00+00:00,test,0.6140172177297349,False
2026-01-28 13:07:00+00:00,test,1.043487573874762,False
2026-01-28 13:08:00+00:00,test,0.6047581761116452,False
2026-01-28 13:09:00+00:00,test,0.5940221768148798,False
2026-01-28 13:10:00+00:00,test,0.5904538068845391,False
2026-01-28 13:11:00+00:00,test,0.6192818761533081,False
2026-01-28 13:12:00+00:00,test,0.6612121027393898,False
2026-01-28 13:13:00+00:00,test,0.6239415150454375,False
2026-01-28 13:14:00+00:00,test,0.6729701990415428,False
2026-01-28 13:15:00+00:00,test,0.6849537286273736,False
2026-01-28 13:16:00+00:00,test,0.7983210588766521,False
2026-01-28 13:17:00+00:00,test,0.6779096561576498,False
2026-01-28 13:18:00+00:00,test,0.6809785074285718,False
2026-01-28 13:19:00+00:00,test,0.6630710471135518,False
2026-01-28 13:20:00+00:00,test,0.7042886947717387,False
2026-01-28 13:21:00+00:00,test,0.8284002633962426,False
2026-01-28 13:22:00+00:00,test,0.7229884514623036,False
2026-01-28 13:23:00+00:00,test,0.6682463408039712,False
2026-01-28 13:24:00+00:00,test,0.6435637451286358,False
2026-01-28 13:25:00+00:00,test,0.6734352010937591,False
2026-01-28 13:26:00+00:00,test,0.5753083788256114,False
2026-01-28 13:27:00+00:00,test,0.5755456214324349,False
2026-01-28 13:28:00+00:00,test,0.5755834270431811,False
2026-01-28 13:29:00+00:00,test,0.56414291681984,False
2026-01-28 13:30:00+00:00,test,0.5557740163909979,False
2026-01-28 13:31:00+00:00,test,0.5330182065172131,False
2026-01-28 13:32:00+00:00,test,0.5001239888770643,False
2026-01-28 13:33:00+00:00,test,0.4867038969910943,False
2026-01-28 13:34:00+00:00,test,0.4864568247939368,False
2026-01-28 13:35:00+00:00,test,0.5017205958721319,False
2026-01-28 13:36:00+00:00,test,0.5065674429182541,False
2026-01-28 13:37:00+00:00,test,0.5259516993759452,False
2026-01-28 13:38:00+00:00,test,0.5575785198913898,False
2026-01-28 13:39:00+00:00,test,0.5565139091251117,False
2026-01-28 13:40:00+00:00,test,0.5781810589201724,False
2026-01-28 13:41:00+00:00,test,0.5558916365879553,False
2026-01-28 13:42:00+00:00,test,0.5514329350895034,False
2026-01-28 13:43:00+00:00,test,0.5117771019087105,False
2026-01-28 13:44:00+00:00,test,0.519173623066802,False
2026-01-28 13:45:00+00:00,test,0.5312832960355149,False
2026-01-28 13:46:00+00:00,test,0.5863624494936747,False
2026-01-28 13:47:00+00:00,test,0.558231934716735,False
2026-01-28 13:48:00+00:00,test,0.5784518205956217,False
2026-01-28 13:49:00+00:00,test,0.6133233966371332,False
2026-01-28 13:50:00+00:00,test,0.5824875048677061,False
2026-01-28 13:51:00+00:00,test,0.5632256538808884,False
2026-01-28 13:52:00+00:00,test,0.4985456367691798,False
2026-01-28 13:53:00+00:00,test,0.5038116336768532,False
2026-01-28 13:54:00+00:00,test,0.5503532069204093,False
2026-01-28 13:55:00+00:00,test,0.5923193087320584,False
2026-01-28 13:56:00+00:00,test,1.2008775801407914,False
2026-01-28 13:57:00+00:00,test,0.5103607629181252,False
2026-01-28 13:58:00+00:00,test,0.5141132629305251,False
2026-01-28 13:59:00+00:00,test,0.5205869788368955,False
2026-01-28 14:00:00+00:00,test,0.5619936403968997,False
2026-01-28 14:01:00+00:00,test,0.5650625762285811,False
2026-01-28 14:02:00+00:00,test,1.7627049473472982,False
2026-01-28 14:03:00+00:00,test,0.5764853574651756,False
2026-01-28 14:04:00+00:00,test,0.5722623298100681,False
2026-01-28 14:05:00+00:00,test,1.7584187030829581,False
2026-01-28 14:06:00+00:00,test,0.632453878537988,False
2026-01-28 14:07:00+00:00,test,0.6655404338675303,False
2026-01-28 14:08:00+00:00,test,0.6569730609753255,False
2026-01-28 14:09:00+00:00,test,0.6645612835115683,False
2026-01-28 14:10:00+00:00,test,0.744466643073625,False
2026-01-28 14:11:00+00:00,test,0.7386537507781791,False
2026-01-28 14:12:00+00:00,test,0.7389897739234349,False
2026-01-28 14:13:00+00:00,test,0.7243066793971402,False
2026-01-28 14:14:00+00:00,test,0.7346752352399293,False
2026-01-28 14:15:00+00:00,test,0.7437542516459377,False
2026-01-28 14:16:00+00:00,test,0.7655836737144589,False
2026-01-28 14:17:00+00:00,test,0.7247463560913998,False
2026-01-28 14:18:00+00:00,test,0.704314408714488,False
2026-01-28 14:19:00+00:00,test,0.6855263358856064,False
2026-01-28 14:20:00+00:00,test,0.8069771703901198,False
2026-01-28 14:21:00+00:00,test,0.7510711870847014,False
2026-01-28 14:22:00+00:00,test,0.6829322234154214,False
2026-01-28 14:23:00+00:00,test,0.7256239515966558,False
2026-01-28 14:24:00+00:00,test,0.6828144106937809,False
2026-01-28 14:25:00+00:00,test,0.7194311070622456,False
2026-01-28 14:26:00+00:00,test,0.7426672217677163,False
2026-01-28 14:27:00+00:00,test,0.6886066341158354,False
2026-01-28 14:28:00+00:00,test,0.6981273280692284,False
2026-01-28 14:29:00+00:00,test,0.6783109199481994,False
2026-01-28 14:30:00+00:00,test,0.6994056117773089,False
2026-01-28 14:31:00+00:00,test,0.703383623029167,False
2026-01-28 14:32:00+00:00,test,0.739969312270917,False
2026-01-28 14:33:00+00:00,test,0.6976402944367749,False
2026-01-28 14:34:00+00:00,test,0.6606758296127406,False
2026-01-28 14:35:00+00:00,test,0.6896673882014042,False
2026-01-28 14:36:00+00:00,test,0.6646362424728766,False
2026-01-28 14:37:00+00:00,test,0.6691413546262917,False
2026-01-28 14:38:00+00:00,test,0.6700767776698904,False
2026-01-28 14:39:00+00:00,test,0.7375094825060556,False
2026-01-28 14:40:00+00:00,test,0.7702137150170751,False
2026-01-28 14:41:00+00:00,test,0.7840188392750579,False
2026-01-28 14:42:00+00:00,test,0.7183147739461073,False
2026-01-28 14:43:00+00:00,test,0.6693911500103422,False
2026-01-28 14:44:00+00:00,test,0.6684797337041966,False
2026-01-28 14:45:00+00:00,test,0.6700217244259886,False
2026-01-28 14:46:00+00:00,test,0.7202806433600786,False
2026-01-28 14:47:00+00:00,test,0.7257026127137689,False
2026-01-28 14:48:00+00:00,test,0.708097896640966,False
2026-01-28 14:49:00+00:00,test,0.6947064296812446,False
2026-01-28 14:50:00+00:00,test,0.7002966755774342,False
2026-01-28 14:51:00+00:00,test,0.6366268255738892,False
2026-01-28 14:52:00+00:00,test,0.6352508877554062,False
2026-01-28 14:53:00+00:00,test,0.6682395206324461,False
2026-01-28 14:54:00+00:00,test,0.6197014848817268,False
2026-01-28 14:55:00+00:00,test,0.7339902506942659,False
2026-01-28 14:56:00+00:00,test,0.7249204640719497,False
2026-01-28 14:57:00+00:00,test,0.7225438864058485,False
2026-01-28 14:58:00+00:00,test,0.7540541355211211,False
2026-01-28 14:59:00+00:00,test,0.7713507594252391,False
2026-01-28 15:00:00+00:00,test,0.7194180431841342,False
2026-01-28 15:01:00+00:00,test,0.6996739035107166,False
2026-01-28 15:02:00+00:00,test,0.6845286875782277,False
2026-01-28 15:03:00+00:00,test,0.6283899524197955,False
2026-01-28 15:04:00+00:00,test,1.0406154723607377,False
2026-01-28 15:05:00+00:00,test,0.6285982275861118,False
2026-01-28 15:08:00+00:00,test,0.7012214231612671,False
2026-01-28 15:09:00+00:00,test,0.6982811313108613,False
2026-01-28 15:10:00+00:00,test,0.6795909766034762,False
2026-01-28 15:11:00+00:00,test,0.6168050574704886,False
2026-01-28 15:12:00+00:00,test,0.6246805338841489,False
2026-01-28 15:13:00+00:00,test,1.0399531576765564,False
2026-01-28 15:14:00+00:00,test,0.6258433461841167,False
2026-01-28 15:15:00+00:00,test,0.6295809503637881,False
2026-01-28 15:16:00+00:00,test,0.6525080481066671,False
2026-01-28 15:17:00+00:00,test,0.680915965074115,False
2026-01-28 15:18:00+00:00,test,0.6813429622251577,False
2026-01-28 15:19:00+00:00,test,1.2801174778241735,False
2026-01-28 15:20:00+00:00,test,0.6396098834134548,False
2026-01-28 15:21:00+00:00,test,0.6146442846612004,False
2026-01-28 15:22:00+00:00,test,0.6468229967091201,False
2026-01-28 15:23:00+00:00,test,1.0536441569000277,False
2026-01-28 15:24:00+00:00,test,0.6302457925422695,False
2026-01-28 15:25:00+00:00,test,0.6580313773485486,False
2026-01-28 15:26:00+00:00,test,0.702568139913273,False
2026-01-28 15:27:00+00:00,test,0.6253432947614415,False
2026-01-28 15:28:00+00:00,test,0.6087129313638125,False
2026-01-28 15:29:00+00:00,test,0.6004308130980551,False
2026-01-28 15:30:00+00:00,test,0.6054591367183219,False
2026-01-28 15:31:00+00:00,test,0.6488195785387404,False
2026-01-28 15:32:00+00:00,test,0.6365548065564358,False
2026-01-28 15:33:00+00:00,test,0.6549265816410687,False
2026-01-28 15:34:00+00:00,test,0.6368302069094155,False
2026-01-28 15:35:00+00:00,test,0.6295038385221541,False
2026-01-28 15:36:00+00:00,test,0.6372252491112728,False
2026-01-28 15:37:00+00:00,test,0.6059244928964527,False
2026-01-28 15:38:00+00:00,test,0.6397213007677898,False
2026-01-28 15:39:00+00:00,test,0.6792790759030427,False
2026-01-28 15:40:00+00:00,test,0.6951326887286586,False
2026-01-28 15:41:00+00:00,test,0.6847442151380838,False
2026-01-28 15:42:00+00:00,test,0.6766341968604268,False
2026-01-28 15:43:00+00:00,test,0.6816324542037576,False
2026-01-28 15:44:00+00:00,test,0.676232661146825,False
2026-01-28 15:45:00+00:00,test,0.6620520467293419,False
2026-01-28 15:46:00+00:00,test,0.6745400079394474,False
2026-01-28 15:47:00+00:00,test,0.753228289510584,False
2026-01-28 15:48:00+00:00,test,0.7732109354767429,False
2026-01-28 15:49:00+00:00,test,0.8137285385557025,False
2026-01-28 15:50:00+00:00,test,0.8306967295229599,False
2026-01-28 15:51:00+00:00,test,0.8023335618922053,False
2026-01-28 15:52:00+00:00,test,0.7954268383071825,False
2026-01-28 15:53:00+00:00,test,0.7613550099325683,False
2026-01-28 15:54:00+00:00,test,1.102485729073736,False
2026-01-28 15:55:00+00:00,test,1.3351441228226406,False
2026-01-28 15:56:00+00:00,test,0.7812735797993453,False
2026-01-28 15:57:00+00:00,test,0.7668563760247775,False
2026-01-28 15:58:00+00:00,test,0.7358928849486361,False
2026-01-28 15:59:00+00:00,test,0.6887911404933303,False
2026-01-28 16:00:00+00:00,test,0.744167006566317,False
2026-01-28 16:01:00+00:00,test,0.748735597152286,False
2026-01-28 16:02:00+00:00,test,0.7545472461148621,False
2026-01-28 16:03:00+00:00,test,0.7235281672566082,False
2026-01-28 16:04:00+00:00,test,0.7728282855602228,False
2026-01-28 16:05:00+00:00,test,0.788027882426367,False
2026-01-28 16:06:00+00:00,test,0.7517795820899785,False
2026-01-28 16:07:00+00:00,test,0.7459446971102643,False
2026-01-28 16:08:00+00:00,test,0.7513136904801165,False
2026-01-28 16:09:00+00:00,test,0.7833431719278793,False
2026-01-28 16:10:00+00:00,test,0.7653904601270322,False
2026-01-28 16:11:00+00:00,test,0.7006423203705109,False
2026-01-28 16:12:00+00:00,test,0.6807357043262556,False
2026-01-28 16:13:00+00:00,test,0.7080815036414554,False
2026-01-28 16:14:00+00:00,test,0.7292576692111761,False
2026-01-28 16:15:00+00:00,test,0.725943684409831,False
2026-01-28 16:16:00+00:00,test,0.7464412802316894,False
2026-01-28 16:17:00+00:00,test,0.7763986427112018,False
2026-01-28 16:18:00+00:00,test,0.7619978680202641,False
2026-01-28 16:19:00+00:00,test,0.7696239794424726,False
2026-01-28 16:20:00+00:00,test,1.1542287228555714,False
2026-01-28 16:21:00+00:00,test,0.7337387375238718,False
2026-01-28 16:22:00+00:00,test,0.7434929087647733,False
2026-01-28 16:23:00+00:00,test,0.736845178746245,False
2026-01-28 16:24:00+00:00,test,0.7215946042378861,False
2026-01-28 16:25:00+00:00,test,0.7959828149796493,False
2026-01-28 16:26:00+00:00,test,0.8004809827514427,False
2026-01-28 16:27:00+00:00,test,0.7718719048929964,False
2026-01-28 16:28:00+00:00,test,0.8076702535259852,False
2026-01-28 16:29:00+00:00,test,0.815797500773362,False
2026-01-28 16:30:00+00:00,test,0.7299366789343278,False
2026-01-28 16:31:00+00:00,test,0.732259623487865,False
2026-01-28 16:32:00+00:00,test,0.7326849339485535,False
2026-01-28 16:33:00+00:00,test,0.7526562292506814,False
2026-01-28 16:34:00+00:00,test,0.7802389255370561,False
2026-01-28 16:35:00+00:00,test,0.7966216597961379,False
2026-01-28 16:36:00+00:00,test,0.7923592385757171,False
2026-01-28 16:37:00+00:00,test,0.8229651948491222,False
2026-01-28 16:38:00+00:00,test,0.8318295638611801,False
2026-01-28 16:39:00+00:00,test,0.7669938783288668,False
2026-01-28 16:40:00+00:00,test,0.768072238717463,False
2026-01-28 16:41:00+00:00,test,0.7607365373330301,False
2026-01-28 16:42:00+00:00,test,0.7599737799594689,False
2026-01-28 16:43:00+00:00,test,0.8024386944900892,False
2026-01-28 16:44:00+00:00,test,0.8243658845794033,False
2026-01-28 16:45:00+00:00,test,0.8320044730219569,False
2026-01-28 16:46:00+00:00,test,0.8428503619942025,False
2026-01-28 16:47:00+00:00,test,0.857558859482271,False
2026-01-28 16:48:00+00:00,test,0.8586687462220199,False
2026-01-28 16:49:00+00:00,test,0.8628216045510795,False
2026-01-28 16:50:00+00:00,test,0.7822566424069365,False
2026-01-28 16:51:00+00:00,test,0.72633174892165,False
2026-01-28 16:52:00+00:00,test,0.7191043816511477,False
2026-01-28 16:53:00+00:00,test,0.6957823313131917,False
2026-01-28 16:54:00+00:00,test,0.6857027917190259,False
2026-01-28 16:55:00+00:00,test,0.7507754165626678,False
2026-01-28 16:56:00+00:00,test,0.791860375377336,False
2026-01-28 16:57:00+00:00,test,0.7734228833700629,False
2026-01-28 16:58:00+00:00,test,0.7697483339879251,False
2026-01-28 16:59:00+00:00,test,0.756175517041138,False
2026-01-28 17:00:00+00:00,test,0.7344522167339795,False
2026-01-28 17:01:00+00:00,test,0.7273535278512908,False
2026-01-28 17:02:00+00:00,test,0.6996932783739823,False
2026-01-28 17:03:00+00:00,test,0.6567722446492509,False
2026-01-28 17:04:00+00:00,test,1.025960236924951,False
2026-01-28 17:05:00+00:00,test,0.5610588271571594,False
2026-01-28 17:06:00+00:00,test,0.5544674594878803,False
2026-01-28 17:07:00+00:00,test,0.5331718735534694,False
2026-01-28 17:08:00+00:00,test,0.5245007773456871,False
2026-01-28 17:09:00+00:00,test,0.5156326283148815,False
2026-01-28 17:10:00+00:00,test,0.5366294546485935,False
2026-01-28 17:11:00+00:00,test,0.557250553972965,False
2026-01-28 17:12:00+00:00,test,0.5515075669502107,False
2026-01-28 17:13:00+00:00,test,0.568105110681513,False
2026-01-28 17:14:00+00:00,test,0.6023812365353435,False
2026-01-28 17:15:00+00:00,test,0.6096488582270768,False
2026-01-28 17:16:00+00:00,test,0.6120974032081686,False
2026-01-28 17:17:00+00:00,test,0.6005840735000525,False
2026-01-28 17:18:00+00:00,test,0.576747614177898,False
2026-01-28 17:19:00+00:00,test,0.562493552606697,False
2026-01-28 17:20:00+00:00,test,0.5445983562774931,False
2026-01-28 17:21:00+00:00,test,0.6124511393990737,False
2026-01-28 17:22:00+00:00,test,0.6405846667584638,False
2026-01-28 17:23:00+00:00,test,0.6721697353940431,False
2026-01-28 17:24:00+00:00,test,0.7234248714030939,False
2026-01-28 17:25:00+00:00,test,0.6986501677621259,False
2026-01-28 17:26:00+00:00,test,0.6705380478831394,False
2026-01-28 17:27:00+00:00,test,0.6320768707085586,False
2026-01-28 17:28:00+00:00,test,0.5996620743661236,False
2026-01-28 17:29:00+00:00,test,0.6010454009526177,False
2026-01-28 17:30:00+00:00,test,0.5870705811004864,False
2026-01-28 17:31:00+00:00,test,0.6097853202577012,False
2026-01-28 17:32:00+00:00,test,0.5940652816619647,False
2026-01-28 17:33:00+00:00,test,0.6046612942343195,False
2026-01-28 17:34:00+00:00,test,1.3751242064106655,False
2026-01-28 17:35:00+00:00,test,0.6049642555455055,False
2026-01-28 17:36:00+00:00,test,0.6255592771618523,False
2026-01-28 17:37:00+00:00,test,0.5876121016184835,False
2026-01-28 17:38:00+00:00,test,0.6051504563457407,False
2026-01-28 17:39:00+00:00,test,0.6112384930292161,False
2026-01-28 17:40:00+00:00,test,0.6494684766227117,False
2026-01-28 17:41:00+00:00,test,0.6984610530690799,False
2026-01-28 17:42:00+00:00,test,0.6835900868311241,False
2026-01-28 17:43:00+00:00,test,0.7129116903058049,False
2026-01-28 17:44:00+00:00,test,1.064774863847224,False
2026-01-28 17:45:00+00:00,test,0.6604838099233931,False
2026-01-28 17:46:00+00:00,test,0.6770289043537036,False
2026-01-28 17:47:00+00:00,test,0.7423212928088977,False
2026-01-28 17:48:00+00:00,test,0.73027006893008,False
2026-01-28 17:49:00+00:00,test,0.6975962412884786,False
2026-01-28 17:50:00+00:00,test,0.7435931405158442,False
2026-01-28 17:51:00+00:00,test,0.7784905070172777,False
2026-01-28 17:52:00+00:00,test,0.763617865774287,False
2026-01-28 17:53:00+00:00,test,0.7800558370256704,False
2026-01-28 17:54:00+00:00,test,1.2386356532616465,False
2026-01-28 17:55:00+00:00,test,0.837873334869626,False
2026-01-28 17:56:00+00:00,test,0.8100895381869463,False
2026-01-28 17:57:00+00:00,test,0.7767346024078078,False
2026-01-28 17:58:00+00:00,test,0.8122869378940719,False
2026-01-28 17:59:00+00:00,test,0.7867080925517632,False
2026-01-28 18:00:00+00:00,test,0.7344613641358586,False
2026-01-28 18:01:00+00:00,test,0.7581535373419365,False
2026-01-28 18:02:00+00:00,test,0.6954931395666698,False
2026-01-28 18:03:00+00:00,test,0.6592913229149882,False
2026-01-28 18:04:00+00:00,test,0.6723305763168494,False
2026-01-28 18:05:00+00:00,test,0.684608444739327,False
2026-01-28 18:06:00+00:00,test,0.6410084337063943,False
2026-01-28 18:07:00+00:00,test,0.6467633210707981,False
2026-01-28 18:08:00+00:00,test,0.628039049546371,False
2026-01-28 18:09:00+00:00,test,0.596945286289052,False
2026-01-28 18:10:00+00:00,test,0.6371766116820703,False
2026-01-28 18:11:00+00:00,test,0.6256609291231414,False
2026-01-28 18:12:00+00:00,test,0.6329808148444535,False
2026-01-28 18:13:00+00:00,test,0.6584166229716599,False
2026-01-28 18:14:00+00:00,test,0.6800694571304277,False
2026-01-28 18:15:00+00:00,test,0.7074098363531516,False
2026-01-28 18:16:00+00:00,test,0.6638016782567482,False
2026-01-28 18:17:00+00:00,test,0.6567524960551577,False
2026-01-28 18:18:00+00:00,test,0.6456816235853515,False
2026-01-28 18:19:00+00:00,test,0.6112907203947562,False
2026-01-28 18:20:00+00:00,test,1.010096243508991,False
2026-01-28 18:21:00+00:00,test,0.5713171686945705,False
2026-01-28 18:22:00+00:00,test,0.5918097301966909,False
2026-01-28 18:23:00+00:00,test,0.6199021225096951,False
2026-01-28 18:24:00+00:00,test,0.5903835242985863,False
2026-01-28 18:25:00+00:00,test,0.6134525446907256,False
2026-01-28 18:26:00+00:00,test,0.6099843168774198,False
2026-01-28 18:27:00+00:00,test,0.6554519266645809,False
2026-01-28 18:28:00+00:00,test,0.631615486066764,False
2026-01-28 18:29:00+00:00,test,1.1221169976154586,False
2026-01-28 18:30:00+00:00,test,0.5794649419266542,False
2026-01-28 18:31:00+00:00,test,0.6558196946636666,False
2026-01-28 18:32:00+00:00,test,0.6395382228235436,False
2026-01-28 18:33:00+00:00,test,0.597025156853598,False
2026-01-28 18:34:00+00:00,test,0.6220670584660588,False
2026-01-28 18:35:00+00:00,test,0.602286147192113,False
2026-01-28 18:36:00+00:00,test,0.5953504470858897,False
2026-01-28 18:37:00+00:00,test,0.5613693479773672,False
2026-01-28 18:38:00+00:00,test,0.5414575841921482,False
2026-01-28 18:39:00+00:00,test,1.2127407573923052,False
2026-01-28 18:40:00+00:00,test,0.4921995663891085,False
2026-01-28 18:41:00+00:00,test,1.1798152257086274,False
2026-01-28 18:42:00+00:00,test,0.5423808641129034,False
2026-01-28 18:43:00+00:00,test,0.5670096986384928,False
2026-01-28 18:44:00+00:00,test,0.5725979050645106,False
2026-01-28 18:45:00+00:00,test,0.6551049052886927,False
2026-01-28 18:46:00+00:00,test,0.6693124275426673,False
2026-01-28 18:47:00+00:00,test,0.6570772665145068,False
2026-01-28 18:48:00+00:00,test,0.6063143911949829,False
2026-01-28 18:49:00+00:00,test,0.5922583301636295,False
2026-01-28 18:50:00+00:00,test,0.5870801711335938,False
2026-01-28 18:51:00+00:00,test,0.6056248694348368,False
2026-01-28 18:52:00+00:00,test,0.592541347068302,False
2026-01-28 18:53:00+00:00,test,0.5311372001212958,False
2026-01-28 18:54:00+00:00,test,0.997997422258773,False
2026-01-28 18:55:00+00:00,test,0.4958036822989207,False
2026-01-28 18:56:00+00:00,test,0.5477331367458887,False
2026-01-28 18:57:00+00:00,test,0.5363815548556053,False
2026-01-28 18:58:00+00:00,test,0.5278829149033483,False
2026-01-28 18:59:00+00:00,test,0.5495355165197501,False
2026-01-28 19:00:00+00:00,test,0.5868368084376377,False
2026-01-28 19:01:00+00:00,test,0.5983583635171873,False
2026-01-28 19:02:00+00:00,test,0.5531407134900374,False
2026-01-28 19:03:00+00:00,test,0.5895552047257641,False
2026-01-28 19:04:00+00:00,test,0.643847570287335,False
2026-01-28 19:05:00+00:00,test,0.648511538968096,False
2026-01-28 19:06:00+00:00,test,0.6641401074630163,False
2026-01-28 19:07:00+00:00,test,0.5965880843107748,False
2026-01-28 19:08:00+00:00,test,0.6067664834738163,False
2026-01-28 19:09:00+00:00,test,0.582094252750682,False
2026-01-28 19:10:00+00:00,test,0.5532384058180081,False
2026-01-28 19:11:00+00:00,test,0.5191027537503062,False
2026-01-28 19:12:00+00:00,test,0.5412762178840514,False
2026-01-28 19:13:00+00:00,test,0.5019385072259626,False
2026-01-28 19:14:00+00:00,test,0.5114168000944633,False
2026-01-28 19:15:00+00:00,test,0.5149794687439144,False
2026-01-28 19:16:00+00:00,test,0.5294457081589478,False
2026-01-28 19:17:00+00:00,test,0.5399609155626596,False
2026-01-28 19:18:00+00:00,test,0.5432548577576461,False
2026-01-28 19:19:00+00:00,test,0.5515017651554637,False
2026-01-28 19:20:00+00:00,test,0.5239908239309268,False
2026-01-28 19:21:00+00:00,test,0.623812524751471,False
2026-01-28 19:22:00+00:00,test,0.6445266325713422,False
2026-01-28 19:23:00+00:00,test,0.7651319717260937,False
2026-01-28 19:24:00+00:00,test,0.7719150811206195,False
2026-01-28 19:25:00+00:00,test,0.7897351308958835,False
2026-01-28 19:26:00+00:00,test,0.7766291638828631,False
2026-01-28 19:27:00+00:00,test,0.7445669888105487,False
2026-01-28 19:28:00+00:00,test,0.6909491745206263,False
2026-01-28 19:29:00+00:00,test,0.6320234229898459,False
2026-01-28 19:30:00+00:00,test,0.5650023148894652,False
2026-01-28 19:31:00+00:00,test,0.6013255791915904,False
2026-01-28 19:32:00+00:00,test,0.5981533660495953,False
2026-01-28 19:33:00+00:00,test,0.584032453836434,False
2026-01-28 19:34:00+00:00,test,0.5662330294123329,False
2026-01-28 19:35:00+00:00,test,0.555676341836562,False
2026-01-28 19:36:00+00:00,test,0.599847323282435,False
2026-01-28 19:37:00+00:00,test,0.5987824974917846,False
2026-01-28 19:38:00+00:00,test,0.5885219847052803,False
2026-01-28 19:39:00+00:00,test,1.1120502482158783,False
2026-01-28 19:40:00+00:00,test,1.121200141358638,False
2026-01-28 19:41:00+00:00,test,1.1267142495491906,False
2026-01-28 19:42:00+00:00,test,1.1026600740392571,False
2026-01-28 19:43:00+00:00,test,1.1284189602796122,False
2026-01-28 19:44:00+00:00,test,1.1060160664621397,False
2026-01-28 19:45:00+00:00,test,1.1090404462628192,False
2026-01-28 19:46:00+00:00,test,1.0848348964465622,False
2026-01-28 19:47:00+00:00,test,1.0835195123519659,False
2026-01-28 19:48:00+00:00,test,1.1094689306786054,False
2026-01-28 19:49:00+00:00,test,1.0821223401338411,False
2026-01-28 19:50:00+00:00,test,1.0868283706242718,False
2026-01-28 19:51:00+00:00,test,1.0931268001707537,False
2026-01-28 19:52:00+00:00,test,1.1150213528293775,False
2026-01-28 19:53:00+00:00,test,1.0848085530264058,False
2026-01-28 19:54:00+00:00,test,1.0693748189030674,False
2026-01-28 19:55:00+00:00,test,1.0761458620792512,False
2026-01-28 19:56:00+00:00,test,1.070927851803762,False
2026-01-28 19:57:00+00:00,test,1.0805644957718636,False
2026-01-28 19:58:00+00:00,test,1.0703353065647419,False
2026-01-28 19:59:00+00:00,test,1.0937288152720919,False
2026-01-28 20:00:00+00:00,test,1.1195895575398418,False
2026-01-28 20:01:00+00:00,test,1.1199536728562702,False
2026-01-28 20:02:00+00:00,test,1.110415199831191,False
2026-01-28 20:03:00+00:00,test,1.1290236662747914,False
2026-01-28 20:04:00+00:00,test,1.1088155313942043,False
2026-01-28 20:05:00+00:00,test,1.1339397160772675,False
2026-01-28 20:06:00+00:00,test,1.0957286465313802,False
2026-01-28 20:07:00+00:00,test,1.0840702838603788,False
2026-01-28 20:08:00+00:00,test,1.0894636963212787,False
2026-01-28 20:09:00+00:00,test,1.0934556021141697,False
2026-01-28 20:10:00+00:00,test,1.121002821724433,False
2026-01-28 20:11:00+00:00,test,1.0846935070109796,False
2026-01-28 20:12:00+00:00,test,1.1372697812737376,False
2026-01-28 20:13:00+00:00,test,1.0889012486273577,False
2026-01-28 20:14:00+00:00,test,1.089190815571563,False
2026-01-28 20:15:00+00:00,test,1.062635458976907,False
2026-01-28 20:16:00+00:00,test,1.0770888526685223,False
2026-01-28 20:17:00+00:00,test,1.0775315405140127,False
2026-01-28 20:18:00+00:00,test,1.0781321317087986,False
2026-01-28 20:19:00+00:00,test,1.0531861754801546,False
2026-01-28 20:20:00+00:00,test,1.06459834333425,False
2026-01-28 20:21:00+00:00,test,1.0873462349664935,False
2026-01-28 20:22:00+00:00,test,1.1054212979779334,False
2026-01-28 20:23:00+00:00,test,1.097645500204932,False
2026-01-28 20:24:00+00:00,test,1.1016192078796896,False
2026-01-28 20:25:00+00:00,test,1.2920456792847355,False
2026-01-28 20:26:00+00:00,test,1.074800873037546,False
2026-01-28 20:27:00+00:00,test,1.0655774905189284,False
2026-01-28 20:28:00+00:00,test,1.0579097262339197,False
2026-01-28 20:29:00+00:00,test,1.0921154361885943,False
2026-01-28 20:30:00+00:00,test,1.0888386357184723,False
2026-01-28 20:31:00+00:00,test,1.0922930006630123,False
2026-01-28 20:32:00+00:00,test,1.0911059054348562,False
2026-01-28 20:33:00+00:00,test,1.112429795437937,False
2026-01-28 20:34:00+00:00,test,1.0952199928832314,False
2026-01-28 20:35:00+00:00,test,1.081206671421418,False
2026-01-28 20:36:00+00:00,test,1.0866901827006041,False
2026-01-28 20:37:00+00:00,test,1.0959952729883702,False
2026-01-28 20:38:00+00:00,test,1.1360371681386725,False
2026-01-28 20:39:00+00:00,test,1.1972957387996146,False
2026-01-28 20:40:00+00:00,test,1.3286668961737287,False
2026-01-28 20:41:00+00:00,test,1.4989190546371922,False
2026-01-28 20:42:00+00:00,test,1.6951253555759969,False
2026-01-28 20:43:00+00:00,test,1.8668034773495699,False
2026-01-28 20:44:00+00:00,test,2.0689839423155503,False
2026-01-28 20:45:00+00:00,test,2.2148108844458947,False
2026-01-28 20:46:00+00:00,test,2.1356760368928165,False
2026-01-28 20:47:00+00:00,test,2.25609839168143,False
2026-01-28 20:48:00+00:00,test,2.430532978556986,False
2026-01-28 20:49:00+00:00,test,2.5201605863345873,False
2026-01-28 20:50:00+00:00,test,2.686583118461711,False
2026-01-28 20:51:00+00:00,test,2.9600674786877543,False
2026-01-28 20:52:00+00:00,test,3.1509737427218796,False
2026-01-28 20:53:00+00:00,test,3.3076406557962326,False
2026-01-28 20:54:00+00:00,test,3.4651191030271917,False
2026-01-28 20:55:00+00:00,test,3.7354657685870105,True
2026-01-28 20:56:00+00:00,test,3.9096134988365776,True
2026-01-28 20:57:00+00:00,test,4.015336142380566,True
2026-01-28 20:58:00+00:00,test,4.0960501476638145,True
2026-01-28 20:59:00+00:00,test,4.2237540992508835,True
2026-01-28 21:00:00+00:00,test,4.33595191787027,True
2026-01-28 21:01:00+00:00,test,4.4198359308424635,True
2026-01-28 21:02:00+00:00,test,4.484457011413714,True
2026-01-28 21:03:00+00:00,test,4.566792539684746,True
2026-01-28 21:04:00+00:00,test,4.549872486197725,True
2026-01-28 21:05:00+00:00,test,4.54904732880413,True
2026-01-28 21:06:00+00:00,test,4.55090425048067,True
2026-01-28 21:07:00+00:00,test,4.492452823625498,True
2026-01-28 21:08:00+00:00,test,4.411925378700173,True
2026-01-28 21:09:00+00:00,test,4.352958480332573,True
2026-01-28 21:10:00+00:00,test,4.314273882438907,True
2026-01-28 21:11:00+00:00,test,4.281916863439655,True
2026-01-28 21:12:00+00:00,test,4.2660661554069295,True
2026-01-28 21:13:00+00:00,test,4.242618052475108,True
2026-01-28 21:14:00+00:00,test,4.254066228467174,True
2026-01-28 21:15:00+00:00,test,4.2492014528414614,True
2026-01-28 21:16:00+00:00,test,4.248896816712355,True
2026-01-28 21:17:00+00:00,test,4.259319366152584,True
2026-01-28 21:18:00+00:00,test,4.287017218978493,True
2026-01-28 21:19:00+00:00,test,4.271684186405841,True
2026-01-28 21:20:00+00:00,test,4.209223276931254,True
2026-01-28 21:21:00+00:00,test,4.38547826595227,True
2026-01-28 21:22:00+00:00,test,4.06540291440508,True
2026-01-28 21:23:00+00:00,test,4.128580558432584,True
2026-01-28 21:24:00+00:00,test,3.9430710947809056,True
2026-01-28 21:25:00+00:00,test,3.7982511349523893,True
2026-01-28 21:26:00+00:00,test,3.914872528125156,True
2026-01-28 21:27:00+00:00,test,3.8033801127298728,True
2026-01-28 21:28:00+00:00,test,3.965796777564167,True
2026-01-28 21:29:00+00:00,test,3.749295525635771,True
2026-01-28 21:30:00+00:00,test,3.7040467092902705,True
2026-01-28 21:31:00+00:00,test,3.631956049891205,False
2026-01-28 21:32:00+00:00,test,3.667771635077198,True
2026-01-28 21:33:00+00:00,test,3.626191045775952,False
2026-01-28 21:34:00+00:00,test,3.654793412160703,True
2026-01-28 21:35:00+00:00,test,3.628358180355668,False
2026-01-28 21:36:00+00:00,test,3.580683185559162,False
2026-01-28 21:37:00+00:00,test,3.4027624137316206,False
2026-01-28 21:38:00+00:00,test,3.347786978185766,False
2026-01-28 21:39:00+00:00,test,3.3136374364350543,False
2026-01-28 21:40:00+00:00,test,3.420480119311906,False
2026-01-28 21:41:00+00:00,test,3.3256203868951815,False
2026-01-28 21:42:00+00:00,test,3.324368129157,False
2026-01-28 21:43:00+00:00,test,3.3243211116556814,False
2026-01-28 21:44:00+00:00,test,3.632467204359018,False
2026-01-28 21:45:00+00:00,test,3.371263985555816,False
2026-01-28 21:46:00+00:00,test,3.4725178749311745,False
2026-01-28 21:47:00+00:00,test,3.367253122061792,False
2026-01-28 21:48:00+00:00,test,3.6704622763989603,True
2026-01-28 21:49:00+00:00,test,3.388599368883472,False
2026-01-28 21:50:00+00:00,test,3.355944757805222,False
2026-01-28 21:51:00+00:00,test,3.295728737058836,False
2026-01-28 21:52:00+00:00,test,3.355502774513703,False
2026-01-28 21:53:00+00:00,test,3.577981520529256,False
2026-01-28 21:54:00+00:00,test,3.3579895293808075,False
2026-01-28 21:55:00+00:00,test,3.6554546298127195,True
2026-01-28 21:56:00+00:00,test,3.3492936535023197,False
2026-01-28 21:57:00+00:00,test,3.3577537259510946,False
2026-01-28 21:58:00+00:00,test,3.37461327130653,False
2026-01-28 21:59:00+00:00,test,3.4661332861897276,False
2026-01-28 22:00:00+00:00,test,3.408369332380841,False
2026-01-28 22:01:00+00:00,test,3.3806928460657573,False
2026-01-28 22:02:00+00:00,test,3.4021384445535614,False
2026-01-28 22:03:00+00:00,test,3.7093221513096872,True
2026-01-28 22:04:00+00:00,test,3.6330116906847447,False
2026-01-28 22:05:00+00:00,test,3.617853104088169,False
2026-01-28 22:06:00+00:00,test,3.9200286920908463,True
2026-01-28 22:07:00+00:00,test,3.7999595948400593,True
2026-01-28 22:08:00+00:00,test,3.7111108651625173,True
2026-01-28 22:09:00+00:00,test,3.6600433939418013,True
2026-01-28 22:10:00+00:00,test,3.7517773119855833,True
2026-01-28 22:11:00+00:00,test,3.794113200160704,True
2026-01-28 22:12:00+00:00,test,3.8953133654360093,True
2026-01-28 22:13:00+00:00,test,3.905493578775127,True
2026-01-28 22:14:00+00:00,test,3.7054262851102555,True
2026-01-28 22:15:00+00:00,test,3.938032104056955,True
2026-01-28 22:16:00+00:00,test,3.6798195258418005,True
2026-01-28 22:17:00+00:00,test,3.680144344715362,True
2026-01-28 22:18:00+00:00,test,3.7280361780204445,True
2026-01-28 22:19:00+00:00,test,3.7248303547079686,True
2026-01-28 22:20:00+00:00,test,3.8322244082743575,True
2026-01-28 22:21:00+00:00,test,3.821509688229156,True
2026-01-28 22:22:00+00:00,test,3.9642356042109026,True
2026-01-28 22:23:00+00:00,test,4.008400128510223,True
2026-01-28 22:24:00+00:00,test,4.010502417226137,True
2026-01-28 22:25:00+00:00,test,4.146777938372003,True
2026-01-28 22:26:00+00:00,test,4.192603985205951,True
2026-01-28 22:27:00+00:00,test,4.198763863823018,True
2026-01-28 22:28:00+00:00,test,4.188236149582976,True
2026-01-28 22:29:00+00:00,test,4.1107542521450355,True
2026-01-28 22:30:00+00:00,test,4.058235208427983,True
2026-01-28 22:31:00+00:00,test,4.048381732916216,True
2026-01-28 22:32:00+00:00,test,3.9084205367603553,True
2026-01-28 22:33:00+00:00,test,3.902037387254356,True
2026-01-28 22:34:00+00:00,test,3.867928904670797,True
2026-01-28 22:35:00+00:00,test,3.916525585496942,True
2026-01-28 22:36:00+00:00,test,3.9278347909942837,True
2026-01-28 22:37:00+00:00,test,4.030610345606184,True
2026-01-28 22:38:00+00:00,test,4.0607031692454045,True
2026-01-28 22:39:00+00:00,test,4.156355671447244,True
2026-01-28 22:40:00+00:00,test,4.196369408003754,True
2026-01-28 22:41:00+00:00,test,4.2666191427272055,True
2026-01-28 22:42:00+00:00,test,4.313507517242252,True
2026-01-28 22:43:00+00:00,test,4.40339460266005,True
2026-01-28 22:44:00+00:00,test,4.484319760781103,True
2026-01-28 22:45:00+00:00,test,4.559339888258163,True
2026-01-28 22:46:00+00:00,test,4.595847173823536,True
2026-01-28 22:49:00+00:00,test,4.4857750448837335,True
2026-01-28 22:50:00+00:00,test,4.418487432321431,True
2026-01-28 22:51:00+00:00,test,4.361781838237374,True
2026-01-28 22:52:00+00:00,test,4.196733572957039,True
2026-01-28 22:53:00+00:00,test,4.092711801557997,True
2026-01-28 22:54:00+00:00,test,3.9959025463602,True
2026-01-28 22:55:00+00:00,test,3.892471357497505,True
2026-01-28 22:56:00+00:00,test,3.789512639290309,True
2026-01-28 22:57:00+00:00,test,3.6930319380755767,True
2026-01-28 22:58:00+00:00,test,3.571996342180111,False
2026-01-28 22:59:00+00:00,test,3.4093247912402997,False
2026-01-28 23:00:00+00:00,test,3.2620763042721355,False
2026-01-28 23:01:00+00:00,test,3.1143629880639696,False
2026-01-28 23:02:00+00:00,test,2.9472425867552796,False
2026-01-28 23:03:00+00:00,test,2.7591609997609403,False
2026-01-28 23:04:00+00:00,test,2.531197669778289,False
2026-01-28 23:05:00+00:00,test,2.227357391216858,False
2026-01-28 23:06:00+00:00,test,1.9475562883852024,False
2026-01-28 23:07:00+00:00,test,1.6070667991191452,False
2026-01-28 23:08:00+00:00,test,1.3826145111388948,False
2026-01-28 23:09:00+00:00,test,1.3598837561836106,False
2026-01-28 23:10:00+00:00,test,0.9955743724491378,False
2026-01-28 23:11:00+00:00,test,0.8748097448281862,False
2026-01-28 23:12:00+00:00,test,0.7428428541503374,False
2026-01-28 23:13:00+00:00,test,0.7023764045471177,False
2026-01-28 23:14:00+00:00,test,0.6855461532329976,False
2026-01-28 23:15:00+00:00,test,0.6596740516935322,False
2026-01-28 23:16:00+00:00,test,0.6953291228680639,False
2026-01-28 23:17:00+00:00,test,0.7365149554542266,False
2026-01-28 23:18:00+00:00,test,1.128165511482939,False
2026-01-28 23:19:00+00:00,test,0.6693114591330257,False
2026-01-28 23:20:00+00:00,test,0.6056680061518491,False
2026-01-28 23:21:00+00:00,test,0.5368564136001797,False
2026-01-28 23:22:00+00:00,test,0.5325441730445873,False
2026-01-28 23:23:00+00:00,test,0.5619233144015956,False
2026-01-28 23:24:00+00:00,test,0.656900145176304,False
2026-01-28 23:25:00+00:00,test,0.6435056911896307,False
2026-01-28 23:26:00+00:00,test,0.619459120935823,False
2026-01-28 23:27:00+00:00,test,0.7301032704548487,False
2026-01-28 23:28:00+00:00,test,1.0297388945781105,False
2026-01-28 23:29:00+00:00,test,0.5884510705377883,False
2026-01-28 23:30:00+00:00,test,0.5543206370359979,False
2026-01-28 23:31:00+00:00,test,0.5901567633463797,False
2026-01-28 23:32:00+00:00,test,0.5694247499733922,False
2026-01-28 23:33:00+00:00,test,1.0188219582128883,False
2026-01-28 23:34:00+00:00,test,0.5664747678843894,False
2026-01-28 23:35:00+00:00,test,0.5919540535256711,False
2026-01-28 23:36:00+00:00,test,0.6558369992620897,False
2026-01-28 23:37:00+00:00,test,0.6161653930770177,False
2026-01-28 23:38:00+00:00,test,0.6050480324870134,False
2026-01-28 23:39:00+00:00,test,0.6114163992184702,False
2026-01-28 23:40:00+00:00,test,0.5990363672490767,False
2026-01-28 23:41:00+00:00,test,0.6125619474892331,False
2026-01-28 23:42:00+00:00,test,0.6329088700598053,False
2026-01-28 23:43:00+00:00,test,0.6126792750367446,False
2026-01-28 23:44:00+00:00,test,0.5938323043132931,False
2026-01-28 23:45:00+00:00,test,0.5612881787839954,False
2026-01-28 23:46:00+00:00,test,0.5497614143800771,False
2026-01-28 23:47:00+00:00,test,0.535707077423801,False
2026-01-28 23:48:00+00:00,test,0.5645883339244157,False
2026-01-28 23:49:00+00:00,test,0.5808866159363456,False
2026-01-28 23:50:00+00:00,test,0.5712989975742748,False
2026-01-28 23:51:00+00:00,test,0.5472561787841188,False
2026-01-28 23:52:00+00:00,test,0.5160924796275783,False
2026-01-28 23:53:00+00:00,test,0.5102351890832325,False
2026-01-28 23:54:00+00:00,test,0.5080219724026761,False
2026-01-28 23:55:00+00:00,test,0.4624366213613205,False
2026-01-28 23:56:00+00:00,test,0.45161221577328803,False
2026-01-28 23:57:00+00:00,test,0.8288106191157519,False
2026-01-28 23:58:00+00:00,test,0.45322715859951856,False
2026-01-28 23:59:00+00:00,test,0.4800744924674044,False
2026-01-29 00:00:00+00:00,test,0.4706635130435309,False
2026-01-29 00:01:00+00:00,test,0.48172326987038333,False
2026-01-29 00:02:00+00:00,test,0.4942864744062818,False
2026-01-29 00:03:00+00:00,test,0.46265811602877094,False
2026-01-29 00:04:00+00:00,test,0.5296667408214712,False
2026-01-29 00:05:00+00:00,test,0.5532833226804673,False
2026-01-29 00:06:00+00:00,test,0.5829650780407482,False
2026-01-29 00:07:00+00:00,test,0.5936646055995336,False
2026-01-29 00:08:00+00:00,test,0.5769437358080483,False
2026-01-29 00:09:00+00:00,test,0.5270832287375242,False
2026-01-29 00:10:00+00:00,test,0.5169266446705368,False
2026-01-29 00:11:00+00:00,test,0.5196323518899791,False
2026-01-29 00:12:00+00:00,test,1.1557557119773803,False
2026-01-29 00:13:00+00:00,test,1.1069001993754388,False
2026-01-29 00:14:00+00:00,test,0.5084112013406102,False
2026-01-29 00:15:00+00:00,test,0.5227728271173833,False
2026-01-29 00:16:00+00:00,test,0.5012806070575323,False
2026-01-29 00:17:00+00:00,test,0.45479524220551565,False
2026-01-29 00:18:00+00:00,test,0.48078700889679243,False
2026-01-29 00:19:00+00:00,test,0.4856177949026488,False
2026-01-29 00:20:00+00:00,test,0.49452847683524914,False
2026-01-29 00:21:00+00:00,test,0.5144652246775241,False
2026-01-29 00:22:00+00:00,test,0.5539711987845479,False
2026-01-29 00:23:00+00:00,test,0.547347707768459,False
2026-01-29 00:24:00+00:00,test,0.5487998626213735,False
2026-01-29 00:25:00+00:00,test,0.5287858336891196,False
2026-01-29 00:26:00+00:00,test,0.5185159121655053,False
2026-01-29 00:27:00+00:00,test,0.48274179047743165,False
2026-01-29 00:28:00+00:00,test,0.5536316065500141,False
2026-01-29 00:29:00+00:00,test,0.4967218138344225,False
2026-01-29 00:30:00+00:00,test,0.5346221319869999,False
2026-01-29 00:31:00+00:00,test,0.554245639253472,False
2026-01-29 00:32:00+00:00,test,0.5739568614028168,False
2026-01-29 00:33:00+00:00,test,0.5469553451340377,False
2026-01-29 00:34:00+00:00,test,0.529389695099539,False
2026-01-29 00:35:00+00:00,test,0.9724887004803627,False
2026-01-29 00:36:00+00:00,test,0.48088030224489836,False
2026-01-29 00:37:00+00:00,test,0.5001528485570261,False
2026-01-29 00:38:00+00:00,test,0.5261252734135908,False
2026-01-29 00:39:00+00:00,test,0.560008939055933,False
2026-01-29 00:40:00+00:00,test,0.5642109722307747,False
2026-01-29 00:41:00+00:00,test,0.6507729265508332,False
2026-01-29 00:42:00+00:00,test,0.722958536664499,False
2026-01-29 00:43:00+00:00,test,0.7010145372711858,False
2026-01-29 00:44:00+00:00,test,0.7260446597932831,False
2026-01-29 00:45:00+00:00,test,0.7422611817853497,False
2026-01-29 00:46:00+00:00,test,0.7150537822662801,False
2026-01-29 00:49:00+00:00,test,0.615354259920525,False
2026-01-29 00:50:00+00:00,test,0.5650229387726199,False
2026-01-29 00:51:00+00:00,test,0.6203306813796371,False
2026-01-29 00:52:00+00:00,test,0.5863843695790566,False
2026-01-29 00:53:00+00:00,test,0.632444229237206,False
2026-01-29 00:54:00+00:00,test,0.6631646656612491,False
2026-01-29 00:55:00+00:00,test,0.6621718176877545,False
2026-01-29 00:56:00+00:00,test,0.6286094893065044,False
2026-01-29 00:57:00+00:00,test,0.6319554355190328,False
2026-01-29 00:58:00+00:00,test,0.6264697078771111,False
2026-01-29 00:59:00+00:00,test,0.5615411493631404,False
2026-01-29 01:00:00+00:00,test,0.6401183227331425,False
2026-01-29 01:01:00+00:00,test,0.6783651109060882,False
2026-01-29 01:02:00+00:00,test,0.6526717266304035,False
2026-01-29 01:03:00+00:00,test,0.6367953450544457,False
2026-01-29 01:04:00+00:00,test,0.656869031614475,False
2026-01-29 01:05:00+00:00,test,0.6819267709102423,False
2026-01-29 01:06:00+00:00,test,0.704060654934874,False
2026-01-29 01:07:00+00:00,test,0.7493539972036061,False
2026-01-29 01:08:00+00:00,test,0.7278184245116277,False
2026-01-29 01:09:00+00:00,test,0.7831291553795222,False
2026-01-29 01:10:00+00:00,test,0.7943866699453576,False
2026-01-29 01:11:00+00:00,test,1.1422510944897242,False
2026-01-29 01:12:00+00:00,test,0.7279551863762651,False
2026-01-29 01:13:00+00:00,test,0.7320104611967687,False
2026-01-29 01:14:00+00:00,test,0.6619378988654572,False
2026-01-29 01:15:00+00:00,test,0.6225799406656591,False
2026-01-29 01:16:00+00:00,test,0.598424293750876,False
2026-01-29 01:17:00+00:00,test,0.6404203355620476,False
2026-01-29 01:18:00+00:00,test,0.6286539475725279,False
2026-01-29 01:19:00+00:00,test,0.589248872045555,False
2026-01-29 01:20:00+00:00,test,0.610862219167238,False
2026-01-29 01:21:00+00:00,test,0.6317858545530235,False
2026-01-29 01:22:00+00:00,test,0.6520321659033823,False
2026-01-29 01:23:00+00:00,test,0.722464031097855,False
2026-01-29 01:24:00+00:00,test,0.6627032637586538,False
2026-01-29 01:25:00+00:00,test,0.6657094619300038,False
2026-01-29 01:26:00+00:00,test,0.660629978689428,False
2026-01-29 01:27:00+00:00,test,0.6276519162952777,False
2026-01-29 01:28:00+00:00,test,0.6086841471611583,False
2026-01-29 01:29:00+00:00,test,0.6106456631687771,False
2026-01-29 01:30:00+00:00,test,0.6199789241348933,False
2026-01-29 01:31:00+00:00,test,0.6193269646933566,False
2026-01-29 01:32:00+00:00,test,0.5465778048065791,False
2026-01-29 01:33:00+00:00,test,0.9545617232220763,False
2026-01-29 01:34:00+00:00,test,0.9262427331082322,False
2026-01-29 01:35:00+00:00,test,0.5090970524572225,False
2026-01-29 01:36:00+00:00,test,0.5808227809363062,False
2026-01-29 01:37:00+00:00,test,0.5597379919615798,False
2026-01-29 01:38:00+00:00,test,0.5235091802605673,False
2026-01-29 01:39:00+00:00,test,0.5852124514304569,False
2026-01-29 01:40:00+00:00,test,0.6081517514262506,False
2026-01-29 01:41:00+00:00,test,0.9992733678139725,False
2026-01-29 01:42:00+00:00,test,0.5246515539409292,False
2026-01-29 01:43:00+00:00,test,0.5580256281361305,False
2026-01-29 01:44:00+00:00,test,0.5992139735069728,False
2026-01-29 01:45:00+00:00,test,0.6739951150294315,False
2026-01-29 01:46:00+00:00,test,0.6224643709198711,False
2026-01-29 01:47:00+00:00,test,0.6744113186255094,False
2026-01-29 01:48:00+00:00,test,0.6966559431501766,False
2026-01-29 01:49:00+00:00,test,0.6981484257369933,False
2026-01-29 01:50:00+00:00,test,0.727231836542218,False
2026-01-29 01:51:00+00:00,test,1.2108401518311425,False
2026-01-29 01:52:00+00:00,test,0.8244085682063064,False
2026-01-29 01:53:00+00:00,test,0.8773360234001705,False
2026-01-29 01:54:00+00:00,test,0.8281610073730175,False
2026-01-29 01:55:00+00:00,test,0.8387512604730601,False
2026-01-29 01:56:00+00:00,test,0.7536117948931736,False
2026-01-29 01:57:00+00:00,test,0.6838714302414215,False
2026-01-29 01:58:00+00:00,test,0.628181994202448,False
2026-01-29 01:59:00+00:00,test,0.6090580534447888,False
2026-01-29 02:00:00+00:00,test,0.5393606663971598,False
2026-01-29 02:01:00+00:00,test,0.5741273788128163,False
2026-01-29 02:02:00+00:00,test,0.5480987097806355,False
2026-01-29 02:03:00+00:00,test,0.5664390667297469,False
2026-01-29 02:04:00+00:00,test,0.6059796963553993,False
2026-01-29 02:05:00+00:00,test,0.6310243859713668,False
2026-01-29 02:06:00+00:00,test,0.5901158372797811,False
2026-01-29 02:07:00+00:00,test,0.6282393449355503,False
2026-01-29 02:08:00+00:00,test,0.5765625465432894,False
2026-01-29 02:09:00+00:00,test,0.6167892288728187,False
2026-01-29 02:10:00+00:00,test,0.6792903984297807,False
2026-01-29 02:11:00+00:00,test,0.7102036171228177,False
2026-01-29 02:12:00+00:00,test,0.7235288171799015,False
2026-01-29 02:13:00+00:00,test,0.7107944811097161,False
2026-01-29 02:14:00+00:00,test,0.7189862873187123,False
2026-01-29 02:15:00+00:00,test,0.6676258975551684,False
2026-01-29 02:16:00+00:00,test,0.6563175756230045,False
2026-01-29 02:17:00+00:00,test,0.6366047336658761,False
2026-01-29 02:18:00+00:00,test,0.6795617749641574,False
2026-01-29 02:19:00+00:00,test,0.6562763754906682,False
2026-01-29 02:20:00+00:00,test,0.6981477138866746,False
2026-01-29 02:21:00+00:00,test,0.653880836750604,False
2026-01-29 02:22:00+00:00,test,0.6303986307720738,False
2026-01-29 02:23:00+00:00,test,0.5948331050176732,False
2026-01-29 02:24:00+00:00,test,0.5727047323486253,False
2026-01-29 02:25:00+00:00,test,0.5651889332134951,False
2026-01-29 02:26:00+00:00,test,0.533354939708373,False
2026-01-29 02:27:00+00:00,test,0.5435631369860972,False
2026-01-29 02:28:00+00:00,test,0.5532750628844482,False
2026-01-29 02:29:00+00:00,test,0.5592255172242823,False
2026-01-29 02:30:00+00:00,test,0.5235335416887777,False
2026-01-29 02:31:00+00:00,test,1.2428371816728059,False
2026-01-29 02:32:00+00:00,test,0.9621413708724182,False
2026-01-29 02:33:00+00:00,test,0.52831963126378,False
2026-01-29 02:34:00+00:00,test,0.551732213009563,False
2026-01-29 02:35:00+00:00,test,0.600296255191085,False
2026-01-29 02:36:00+00:00,test,0.623648752876533,False
2026-01-29 02:37:00+00:00,test,0.6354797083144331,False
2026-01-29 02:38:00+00:00,test,0.6471347830521756,False
2026-01-29 02:39:00+00:00,test,0.7148203295613508,False
2026-01-29 02:40:00+00:00,test,0.7759366190122162,False
2026-01-29 02:41:00+00:00,test,0.8366324743342849,False
2026-01-29 02:42:00+00:00,test,0.7136376447584278,False
2026-01-29 02:43:00+00:00,test,0.716138209609354,False
2026-01-29 02:44:00+00:00,test,0.7558970018785087,False
2026-01-29 02:45:00+00:00,test,0.706358572154652,False
2026-01-29 02:46:00+00:00,test,0.6755648759958369,False
2026-01-29 02:47:00+00:00,test,0.6247236446661143,False
2026-01-29 02:48:00+00:00,test,0.5959261141811459,False
2026-01-29 02:49:00+00:00,test,0.5960941982983587,False
2026-01-29 02:50:00+00:00,test,0.5953085967308582,False
2026-01-29 02:51:00+00:00,test,0.598305700919698,False
2026-01-29 02:52:00+00:00,test,0.6217536024219646,False
2026-01-29 02:53:00+00:00,test,0.6822795690537188,False
2026-01-29 02:54:00+00:00,test,0.708267401355622,False
2026-01-29 02:55:00+00:00,test,0.6874098788217576,False
2026-01-29 02:56:00+00:00,test,1.024286217849967,False
2026-01-29 02:57:00+00:00,test,0.6336583809094692,False
2026-01-29 02:58:00+00:00,test,0.6918984379144153,False
2026-01-29 02:59:00+00:00,test,0.6677405900870477,False
2026-01-29 03:00:00+00:00,test,0.6515954098497628,False
2026-01-29 03:01:00+00:00,test,0.6179620408025567,False
2026-01-29 03:02:00+00:00,test,1.0316567112556372,False
2026-01-29 03:03:00+00:00,test,0.6353206354204715,False
2026-01-29 03:04:00+00:00,test,0.6094665046943468,False
2026-01-29 03:05:00+00:00,test,0.6090187265811514,False
2026-01-29 03:06:00+00:00,test,0.6719405214568756,False
2026-01-29 03:07:00+00:00,test,0.6250858824231239,False
2026-01-29 03:08:00+00:00,test,0.6447925512298285,False
2026-01-29 03:09:00+00:00,test,0.5928044931340225,False
2026-01-29 03:10:00+00:00,test,0.6363107602569142,False
2026-01-29 03:11:00+00:00,test,0.6014738012528004,False
2026-01-29 03:12:00+00:00,test,0.5803310011009734,False
2026-01-29 03:13:00+00:00,test,0.5968489699922647,False
2026-01-29 03:14:00+00:00,test,0.6280579241058063,False
2026-01-29 03:15:00+00:00,test,0.6337579053232074,False
2026-01-29 03:16:00+00:00,test,1.0288101487507977,False
2026-01-29 03:17:00+00:00,test,0.7059193801008491,False
2026-01-29 03:18:00+00:00,test,0.6448274375708568,False
2026-01-29 03:19:00+00:00,test,0.6463562601166994,False
2026-01-29 03:20:00+00:00,test,1.5991418964915312,False
2026-01-29 03:21:00+00:00,test,0.5898612401674742,False
2026-01-29 03:22:00+00:00,test,0.604129152363985,False
2026-01-29 03:23:00+00:00,test,0.5261951939809487,False
2026-01-29 03:24:00+00:00,test,0.5269900402127504,False
2026-01-29 03:25:00+00:00,test,1.1321876465131626,False
2026-01-29 03:26:00+00:00,test,0.565965309616027,False
2026-01-29 03:27:00+00:00,test,0.512971085580537,False
2026-01-29 03:28:00+00:00,test,0.5306832153869049,False
2026-01-29 03:29:00+00:00,test,0.5485630222739146,False
2026-01-29 03:30:00+00:00,test,0.6291856682206384,False
2026-01-29 03:31:00+00:00,test,0.5785118146080709,False
2026-01-29 03:32:00+00:00,test,0.5903429723006588,False
2026-01-29 03:33:00+00:00,test,0.5751912044758408,False
2026-01-29 03:34:00+00:00,test,0.5639990646444086,False
2026-01-29 03:35:00+00:00,test,0.5180020269834069,False
2026-01-29 03:36:00+00:00,test,0.5051251855116592,False
2026-01-29 03:37:00+00:00,test,0.5628881586764231,False
2026-01-29 03:38:00+00:00,test,0.5632824406578248,False
2026-01-29 03:39:00+00:00,test,0.5757828728528326,False
2026-01-29 03:40:00+00:00,test,0.5970414830364957,False
2026-01-29 03:41:00+00:00,test,0.6754463861118009,False
2026-01-29 03:42:00+00:00,test,0.618204770311464,False
2026-01-29 03:43:00+00:00,test,0.6180176578712083,False
2026-01-29 03:44:00+00:00,test,0.6496546863683466,False
2026-01-29 03:45:00+00:00,test,0.6408223648241913,False
2026-01-29 03:46:00+00:00,test,0.7162720797209989,False
2026-01-29 03:47:00+00:00,test,1.072612141595259,False
2026-01-29 03:48:00+00:00,test,1.193651691813949,False
2026-01-29 03:49:00+00:00,test,0.6640886323083572,False
2026-01-29 03:50:00+00:00,test,0.6994484369415304,False
2026-01-29 03:51:00+00:00,test,0.6199963264141165,False
2026-01-29 03:52:00+00:00,test,1.0940079647470213,False
2026-01-29 03:53:00+00:00,test,0.5457459217342367,False
2026-01-29 03:54:00+00:00,test,0.5292343688233968,False
2026-01-29 03:55:00+00:00,test,0.5099764901779603,False
2026-01-29 03:56:00+00:00,test,0.9561339217636898,False
2026-01-29 03:57:00+00:00,test,0.5792248039133115,False
2026-01-29 03:58:00+00:00,test,0.6134145471289739,False
2026-01-29 03:59:00+00:00,test,0.5863183460556455,False
2026-01-29 04:00:00+00:00,test,0.5802963750268288,False
2026-01-29 04:01:00+00:00,test,0.5312634285599173,False
2026-01-29 04:02:00+00:00,test,0.4569125867348654,False
2026-01-29 04:03:00+00:00,test,0.5059684765932037,False
2026-01-29 04:04:00+00:00,test,0.45678464012844916,False
2026-01-29 04:05:00+00:00,test,0.5017857545610622,False
2026-01-29 04:06:00+00:00,test,0.5200800981780795,False
2026-01-29 04:07:00+00:00,test,0.5111892028198322,False
2026-01-29 04:10:00+00:00,test,0.5854431786369273,False
2026-01-29 04:11:00+00:00,test,0.6005144891488873,False
2026-01-29 04:12:00+00:00,test,0.6700383291286347,False
2026-01-29 04:13:00+00:00,test,0.6861214641235271,False
2026-01-29 04:14:00+00:00,test,0.6419469637638217,False
2026-01-29 04:15:00+00:00,test,0.5998834789188802,False
2026-01-29 04:16:00+00:00,test,0.5638035572793605,False
2026-01-29 04:17:00+00:00,test,0.5714847894836801,False
2026-01-29 04:18:00+00:00,test,0.5413188066252083,False
2026-01-29 04:19:00+00:00,test,0.5893264489379464,False
2026-01-29 04:20:00+00:00,test,0.5887937391057403,False
2026-01-29 04:21:00+00:00,test,0.6918533238124894,False
2026-01-29 04:22:00+00:00,test,0.5963542630190636,False
2026-01-29 04:23:00+00:00,test,0.5154961033534314,False
2026-01-29 04:24:00+00:00,test,0.5118550519001434,False
2026-01-29 04:25:00+00:00,test,0.518699167854145,False
2026-01-29 04:26:00+00:00,test,0.5383774967901095,False
2026-01-29 04:27:00+00:00,test,0.5367006601223899,False
2026-01-29 04:28:00+00:00,test,0.5373103542196355,False
2026-01-29 04:29:00+00:00,test,0.5741454225881222,False
2026-01-29 04:30:00+00:00,test,1.112346121748399,False
2026-01-29 04:31:00+00:00,test,1.1157519773812588,False
2026-01-29 04:32:00+00:00,test,1.0792203271431409,False
2026-01-29 04:33:00+00:00,test,1.0746308162921105,False
2026-01-29 04:34:00+00:00,test,1.065944246712817,False
2026-01-29 04:35:00+00:00,test,1.0600191716781193,False
2026-01-29 04:36:00+00:00,test,1.3542407983000277,False
2026-01-29 04:37:00+00:00,test,1.0695754398157418,False
2026-01-29 04:38:00+00:00,test,1.0685397801831547,False
2026-01-29 04:39:00+00:00,test,1.0670180764132842,False
2026-01-29 04:40:00+00:00,test,1.0619368404083551,False
2026-01-29 04:41:00+00:00,test,1.0602140386698842,False
2026-01-29 04:42:00+00:00,test,1.066556274105023,False
2026-01-29 04:43:00+00:00,test,1.0577218163141104,False
2026-01-29 04:44:00+00:00,test,1.0742500185136188,False
2026-01-29 04:45:00+00:00,test,1.04641704223882,False
2026-01-29 04:46:00+00:00,test,1.0528065257769124,False
2026-01-29 04:47:00+00:00,test,1.0580003701069265,False
2026-01-29 04:48:00+00:00,test,1.0995172372956397,False
2026-01-29 04:49:00+00:00,test,1.1298017732958796,False
2026-01-29 04:50:00+00:00,test,1.1018013379634621,False
2026-01-29 04:51:00+00:00,test,1.1510169201054194,False
2026-01-29 04:52:00+00:00,test,1.1676575431651932,False
2026-01-29 04:53:00+00:00,test,1.234428140083214,False
2026-01-29 04:54:00+00:00,test,1.536611522768948,False
2026-01-29 04:55:00+00:00,test,1.1809273452970293,False
2026-01-29 04:56:00+00:00,test,1.1665589103878409,False
2026-01-29 04:57:00+00:00,test,1.1537809658172304,False
2026-01-29 04:58:00+00:00,test,1.1681391250896356,False
2026-01-29 04:59:00+00:00,test,1.1094310420654512,False
2026-01-29 05:00:00+00:00,test,1.4367448467319937,False
2026-01-29 05:01:00+00:00,test,1.1348965964251447,False
2026-01-29 05:02:00+00:00,test,1.1194220127566745,False
2026-01-29 05:03:00+00:00,test,1.0739733289433377,False
2026-01-29 05:04:00+00:00,test,1.0781886971829628,False
2026-01-29 05:05:00+00:00,test,1.09468166205897,False
2026-01-29 05:06:00+00:00,test,1.1030443401765646,False
2026-01-29 05:07:00+00:00,test,1.1128944965244576,False
2026-01-29 05:08:00+00:00,test,1.1315401965584746,False
2026-01-29 05:09:00+00:00,test,1.135940564236389,False
2026-01-29 05:10:00+00:00,test,1.1260478689963416,False
2026-01-29 05:11:00+00:00,test,1.3170383736982958,False
2026-01-29 05:12:00+00:00,test,1.1218816946275676,False
2026-01-29 05:13:00+00:00,test,0.5881956783874178,False
2026-01-29 05:14:00+00:00,test,0.5760496009710604,False
2026-01-29 05:15:00+00:00,test,0.5374313317752577,False
2026-01-29 05:16:00+00:00,test,0.5302622974035218,False
2026-01-29 05:17:00+00:00,test,0.5458508102191881,False
2026-01-29 05:18:00+00:00,test,0.5104449334274286,False
2026-01-29 05:19:00+00:00,test,0.5771995156827713,False
2026-01-29 05:20:00+00:00,test,0.5747741030355622,False
2026-01-29 05:21:00+00:00,test,0.6366026529988141,False
2026-01-29 05:22:00+00:00,test,0.698998719866754,False
2026-01-29 05:23:00+00:00,test,0.6936969836783323,False
2026-01-29 05:24:00+00:00,test,0.6752149256738236,False
2026-01-29 05:25:00+00:00,test,0.625236778804429,False
2026-01-29 05:26:00+00:00,test,0.6474642124585315,False
2026-01-29 05:27:00+00:00,test,0.6265148077776712,False
2026-01-29 05:28:00+00:00,test,0.6046514705435392,False
2026-01-29 05:29:00+00:00,test,0.5511133972315932,False
2026-01-29 05:30:00+00:00,test,0.5376204415078653,False
2026-01-29 05:31:00+00:00,test,0.5964482374004689,False
2026-01-29 05:32:00+00:00,test,0.6871310691982369,False
2026-01-29 05:33:00+00:00,test,0.7314863409189094,False
2026-01-29 05:34:00+00:00,test,1.0431921916640825,False
2026-01-29 05:35:00+00:00,test,0.6404755239990485,False
2026-01-29 05:36:00+00:00,test,0.6927802910314421,False
2026-01-29 05:37:00+00:00,test,0.7004329490631305,False
2026-01-29 05:38:00+00:00,test,0.6779167943681086,False
2026-01-29 05:39:00+00:00,test,0.6520507307536278,False
2026-01-29 05:40:00+00:00,test,0.6594141597294768,False
2026-01-29 05:41:00+00:00,test,0.7002529442870854,False
2026-01-29 05:42:00+00:00,test,0.6274550045821808,False
2026-01-29 05:43:00+00:00,test,0.5651833989703677,False
2026-01-29 05:44:00+00:00,test,0.5481912583149272,False
2026-01-29 05:45:00+00:00,test,0.5380698676877668,False
2026-01-29 05:46:00+00:00,test,0.6176618040953894,False
2026-01-29 05:47:00+00:00,test,0.6434247439450088,False
2026-01-29 05:48:00+00:00,test,0.6826853908042502,False
2026-01-29 05:49:00+00:00,test,0.6323122867882512,False
2026-01-29 05:50:00+00:00,test,0.6685941840535047,False
2026-01-29 05:51:00+00:00,test,0.5819489518458584,False
2026-01-29 05:52:00+00:00,test,0.5541280153923638,False
2026-01-29 05:53:00+00:00,test,0.5203584111947123,False
2026-01-29 05:54:00+00:00,test,0.9760604838931962,False
2026-01-29 05:55:00+00:00,test,0.5114753535037714,False
2026-01-29 05:56:00+00:00,test,0.5133533710595897,False
2026-01-29 05:57:00+00:00,test,0.5248595242261752,False
2026-01-29 05:58:00+00:00,test,0.5200305239958418,False
2026-01-29 05:59:00+00:00,test,0.5272226617099879,False
2026-01-29 06:00:00+00:00,test,0.48764818861006237,False
2026-01-29 06:01:00+00:00,test,0.5467006675046526,False
2026-01-29 06:02:00+00:00,test,0.4938598453242761,False
2026-01-29 06:03:00+00:00,test,0.49097343368555413,False
2026-01-29 06:04:00+00:00,test,0.5068654890874263,False
2026-01-29 06:05:00+00:00,test,0.5540783487820151,False
2026-01-29 06:06:00+00:00,test,0.5682839844218733,False
2026-01-29 06:07:00+00:00,test,0.5477867090273192,False
2026-01-29 06:08:00+00:00,test,0.5365986463880381,False
2026-01-29 06:09:00+00:00,test,0.5768263021847746,False
2026-01-29 06:10:00+00:00,test,0.9530111375986084,False
2026-01-29 06:11:00+00:00,test,0.5907179623036269,False
2026-01-29 06:12:00+00:00,test,0.5629642894543854,False
2026-01-29 06:13:00+00:00,test,0.5112017769118946,False
2026-01-29 06:14:00+00:00,test,0.5035679917787476,False
2026-01-29 06:15:00+00:00,test,0.5255037399787467,False
2026-01-29 06:16:00+00:00,test,0.9913218309208226,False
2026-01-29 06:17:00+00:00,test,0.606133257038248,False
2026-01-29 06:18:00+00:00,test,0.6648349248288778,False
2026-01-29 06:19:00+00:00,test,1.1160417081279017,False
2026-01-29 06:20:00+00:00,test,0.7554184466377937,False
2026-01-29 06:21:00+00:00,test,0.7486139502789584,False
2026-01-29 06:22:00+00:00,test,0.6913636494208004,False
2026-01-29 06:23:00+00:00,test,0.6244169372492786,False
2026-01-29 06:24:00+00:00,test,0.5884060413564096,False
2026-01-29 06:25:00+00:00,test,0.9434807574910798,False
2026-01-29 06:26:00+00:00,test,0.6790299215291937,False
2026-01-29 06:27:00+00:00,test,0.7277923555123391,False
2026-01-29 06:28:00+00:00,test,0.806355918168992,False
2026-01-29 06:29:00+00:00,test,0.9012807783225848,False
2026-01-29 06:30:00+00:00,test,0.8578480982809883,False
2026-01-29 06:31:00+00:00,test,0.8179204821963924,False
2026-01-29 06:32:00+00:00,test,0.8015298995986024,False
2026-01-29 06:33:00+00:00,test,0.8244091476147173,False
2026-01-29 06:34:00+00:00,test,0.713872385043674,False
2026-01-29 06:35:00+00:00,test,0.6405983012167691,False
2026-01-29 06:36:00+00:00,test,0.6282617822782346,False
2026-01-29 06:37:00+00:00,test,0.7146959038409046,False
2026-01-29 06:38:00+00:00,test,0.7359470922050662,False
2026-01-29 06:39:00+00:00,test,0.6466365480777253,False
2026-01-29 06:40:00+00:00,test,0.7458545824871781,False
2026-01-29 06:41:00+00:00,test,0.6927203266064058,False
2026-01-29 06:42:00+00:00,test,0.6448159922432869,False
2026-01-29 06:43:00+00:00,test,0.6242607437283376,False
2026-01-29 06:44:00+00:00,test,0.5864136404619855,False
2026-01-29 06:45:00+00:00,test,0.5737289459697903,False
2026-01-29 06:46:00+00:00,test,0.5675035436404292,False
2026-01-29 06:47:00+00:00,test,0.5575685035982088,False
2026-01-29 06:48:00+00:00,test,0.5634908554614403,False
2026-01-29 06:49:00+00:00,test,0.5352620903312088,False
2026-01-29 06:50:00+00:00,test,0.5614550772706857,False
2026-01-29 06:51:00+00:00,test,0.5611935447090045,False
2026-01-29 06:52:00+00:00,test,0.6030262093015393,False
2026-01-29 06:53:00+00:00,test,0.5970984783403148,False
2026-01-29 06:54:00+00:00,test,0.5554853106002481,False
2026-01-29 06:55:00+00:00,test,0.5453463463699759,False
2026-01-29 06:56:00+00:00,test,0.5510012554828023,False
2026-01-29 06:57:00+00:00,test,0.5347241515387462,False
2026-01-29 06:58:00+00:00,test,0.5680957090146762,False
2026-01-29 06:59:00+00:00,test,0.546755306058105,False
2026-01-29 07:00:00+00:00,test,1.0187723753555207,False
2026-01-29 07:01:00+00:00,test,0.6273482700196795,False
2026-01-29 07:02:00+00:00,test,0.6632530932539499,False
2026-01-29 07:03:00+00:00,test,0.585644842741458,False
2026-01-29 07:04:00+00:00,test,0.6079607090062916,False
2026-01-29 07:05:00+00:00,test,0.6047198896474758,False
2026-01-29 07:06:00+00:00,test,0.5735314615265491,False
2026-01-29 07:07:00+00:00,test,0.6095094558936267,False
2026-01-29 07:08:00+00:00,test,0.663530339466429,False
2026-01-29 07:09:00+00:00,test,0.660574209976419,False
2026-01-29 07:10:00+00:00,test,0.6428934905638499,False
2026-01-29 07:11:00+00:00,test,0.6096239642957386,False
2026-01-29 07:12:00+00:00,test,0.6272083716326518,False
2026-01-29 07:13:00+00:00,test,0.6104484758190094,False
2026-01-29 07:14:00+00:00,test,0.5673308744519668,False
2026-01-29 07:15:00+00:00,test,0.5358420965276148,False
2026-01-29 07:16:00+00:00,test,0.5185401400509222,False
2026-01-29 07:17:00+00:00,test,0.5322948098675546,False
2026-01-29 07:18:00+00:00,test,0.5562989026996784,False
2026-01-29 07:19:00+00:00,test,0.5638642201042364,False
2026-01-29 07:20:00+00:00,test,0.5558567184810174,False
2026-01-29 07:21:00+00:00,test,0.5987226110367303,False
2026-01-29 07:24:00+00:00,test,0.6314153986972809,False
2026-01-29 07:25:00+00:00,test,0.6737148214416105,False
2026-01-29 07:26:00+00:00,test,0.6850342106095931,False
2026-01-29 07:27:00+00:00,test,0.6707323106295774,False
2026-01-29 07:28:00+00:00,test,0.6620183082053499,False
2026-01-29 07:29:00+00:00,test,0.6182603653183644,False
2026-01-29 07:30:00+00:00,test,0.5640770422931652,False
2026-01-29 07:31:00+00:00,test,0.6072978224642345,False
2026-01-29 07:32:00+00:00,test,0.5721976458495263,False
2026-01-29 07:33:00+00:00,test,0.5847121729622898,False
2026-01-29 07:34:00+00:00,test,0.5762543521045768,False
2026-01-29 07:35:00+00:00,test,0.5357737697419629,False
2026-01-29 07:36:00+00:00,test,0.5757259096920847,False
2026-01-29 07:37:00+00:00,test,0.5606494087339466,False
2026-01-29 07:38:00+00:00,test,0.5188303429586668,False
2026-01-29 07:39:00+00:00,test,0.5063025150499166,False
2026-01-29 07:40:00+00:00,test,0.48217742137156433,False
2026-01-29 07:41:00+00:00,test,0.5189470705042375,False
2026-01-29 07:42:00+00:00,test,0.5381856078239725,False
2026-01-29 07:43:00+00:00,test,0.5360816474075085,False
2026-01-29 07:44:00+00:00,test,0.5766726462299598,False
2026-01-29 07:45:00+00:00,test,0.5970488111232382,False
2026-01-29 07:46:00+00:00,test,0.5806466402073373,False
2026-01-29 07:47:00+00:00,test,0.594261338546075,False
2026-01-29 07:48:00+00:00,test,0.5830171950833583,False
2026-01-29 07:49:00+00:00,test,0.5618876179224669,False
2026-01-29 07:50:00+00:00,test,0.5441753320209208,False
2026-01-29 07:51:00+00:00,test,0.5366365208129771,False
2026-01-29 07:52:00+00:00,test,0.5361131258949668,False
2026-01-29 07:53:00+00:00,test,0.5760387297425892,False
2026-01-29 07:54:00+00:00,test,0.5078406963268804,False
2026-01-29 07:55:00+00:00,test,1.4113061724054816,False
2026-01-29 07:56:00+00:00,test,1.130822071512147,False
2026-01-29 07:57:00+00:00,test,1.1520333835343937,False
2026-01-29 07:58:00+00:00,test,1.168284832986293,False
2026-01-29 07:59:00+00:00,test,1.1387674547107574,False
2026-01-29 08:00:00+00:00,test,1.1192592264292975,False
2026-01-29 08:01:00+00:00,test,1.1082866287483453,False
2026-01-29 08:02:00+00:00,test,1.1179050055718873,False
2026-01-29 08:03:00+00:00,test,1.133800969336528,False
2026-01-29 08:04:00+00:00,test,1.1434060126591004,False
2026-01-29 08:05:00+00:00,test,1.1421622886041534,False
2026-01-29 08:06:00+00:00,test,1.4067799098457028,False
2026-01-29 08:07:00+00:00,test,1.1745814223435826,False
2026-01-29 08:08:00+00:00,test,1.4453245826356222,False
2026-01-29 08:09:00+00:00,test,1.1336318822888811,False
2026-01-29 08:10:00+00:00,test,1.1239597053136745,False
2026-01-29 08:11:00+00:00,test,1.120189449968293,False
2026-01-29 08:12:00+00:00,test,1.1274250793104494,False
2026-01-29 08:13:00+00:00,test,1.1494221329186203,False
2026-01-29 08:14:00+00:00,test,1.1494889403777888,False
2026-01-29 08:15:00+00:00,test,1.1286107564519556,False
2026-01-29 08:16:00+00:00,test,1.1356682442928123,False
2026-01-29 08:17:00+00:00,test,1.1334452673131492,False
2026-01-29 08:18:00+00:00,test,1.1694966270621374,False
2026-01-29 08:19:00+00:00,test,1.1594416512273888,False
2026-01-29 08:20:00+00:00,test,1.1391244752001035,False
2026-01-29 08:21:00+00:00,test,0.6145714346882218,False
2026-01-29 08:22:00+00:00,test,0.6267928208961001,False
2026-01-29 08:23:00+00:00,test,0.5506367188539517,False
2026-01-29 08:24:00+00:00,test,0.5592163331724077,False
2026-01-29 08:25:00+00:00,test,0.5643798979090494,False
2026-01-29 08:26:00+00:00,test,0.550656246483157,False
2026-01-29 08:27:00+00:00,test,0.5345949353345555,False
2026-01-29 08:28:00+00:00,test,0.9738842893635262,False
2026-01-29 08:29:00+00:00,test,1.06911728528604,False
2026-01-29 08:30:00+00:00,test,0.5102392627813622,False
2026-01-29 08:31:00+00:00,test,0.5201591228851862,False
2026-01-29 08:32:00+00:00,test,0.4964903844633188,False
2026-01-29 08:33:00+00:00,test,0.47416610615829063,False
2026-01-29 08:34:00+00:00,test,0.5222502046530147,False
2026-01-29 08:35:00+00:00,test,0.522220653564739,False
2026-01-29 08:36:00+00:00,test,0.48985709913435194,False
2026-01-29 08:37:00+00:00,test,0.48389176235261333,False
2026-01-29 08:38:00+00:00,test,0.9826803475389525,False
2026-01-29 08:39:00+00:00,test,0.5548680672101546,False
2026-01-29 08:40:00+00:00,test,0.5908462259139462,False
2026-01-29 08:41:00+00:00,test,0.6064176456782074,False
2026-01-29 08:42:00+00:00,test,0.6762155522447786,False
2026-01-29 08:43:00+00:00,test,0.651264314343279,False
2026-01-29 08:44:00+00:00,test,0.6316877408705508,False
2026-01-29 08:45:00+00:00,test,0.6514896683925441,False
2026-01-29 08:46:00+00:00,test,0.5876717678351363,False
2026-01-29 08:47:00+00:00,test,0.5482071115617981,False
2026-01-29 08:48:00+00:00,test,0.9223166823496997,False
2026-01-29 08:49:00+00:00,test,0.46324515276291356,False
2026-01-29 08:50:00+00:00,test,0.49551790287952263,False
2026-01-29 08:51:00+00:00,test,0.49594779379758935,False
2026-01-29 08:52:00+00:00,test,0.4805880766009755,False
2026-01-29 08:53:00+00:00,test,0.4596594066476019,False
2026-01-29 08:54:00+00:00,test,0.5042191342694325,False
2026-01-29 08:55:00+00:00,test,0.48998226378246107,False
2026-01-29 08:56:00+00:00,test,0.4731521381482314,False
2026-01-29 08:57:00+00:00,test,0.49806663727963707,False
2026-01-29 08:58:00+00:00,test,0.5263709053470287,False
2026-01-29 08:59:00+00:00,test,0.5813619245558767,False
2026-01-29 09:00:00+00:00,test,0.6026063236008613,False
2026-01-29 09:01:00+00:00,test,0.5906497876067998,False
2026-01-29 09:02:00+00:00,test,0.5887448216710633,False
2026-01-29 09:03:00+00:00,test,0.5807177055687465,False
2026-01-29 09:04:00+00:00,test,0.6246467524699248,False
2026-01-29 09:05:00+00:00,test,0.609490731541363,False
2026-01-29 09:06:00+00:00,test,0.6442034511502197,False
2026-01-29 09:07:00+00:00,test,0.6407326528070687,False
2026-01-29 09:08:00+00:00,test,0.6182280197700593,False
2026-01-29 09:09:00+00:00,test,0.5835238677998856,False
2026-01-29 09:10:00+00:00,test,0.6086789175044248,False
2026-01-29 09:11:00+00:00,test,0.5773387040120446,False
2026-01-29 09:12:00+00:00,test,0.5373101741558874,False
2026-01-29 09:13:00+00:00,test,0.5271918566575389,False
2026-01-29 09:14:00+00:00,test,0.5104688607849951,False
2026-01-29 09:15:00+00:00,test,0.49324048280208493,False
2026-01-29 09:16:00+00:00,test,0.5165610580747338,False
2026-01-29 09:17:00+00:00,test,0.4895677055533397,False
2026-01-29 09:18:00+00:00,test,0.5009590043430284,False
2026-01-29 09:19:00+00:00,test,0.5249576920560549,False
2026-01-29 09:20:00+00:00,test,0.5235477884947616,False
2026-01-29 09:21:00+00:00,test,0.6013216899451369,False
2026-01-29 09:22:00+00:00,test,0.61872235854846,False
2026-01-29 09:23:00+00:00,test,0.678340140512968,False
2026-01-29 09:24:00+00:00,test,0.6752817568134303,False
2026-01-29 09:25:00+00:00,test,1.0286852779962259,False
2026-01-29 09:26:00+00:00,test,1.0048273148417985,False
2026-01-29 09:27:00+00:00,test,0.5067080583100595,False
2026-01-29 09:28:00+00:00,test,0.5910565888096511,False
2026-01-29 09:29:00+00:00,test,0.5141762259476655,False
2026-01-29 09:30:00+00:00,test,0.5323331746883075,False
2026-01-29 09:31:00+00:00,test,0.5345785689816618,False
2026-01-29 09:32:00+00:00,test,0.5837882231766822,False
2026-01-29 09:33:00+00:00,test,0.5935438790311461,False
2026-01-29 09:34:00+00:00,test,0.6025850312706165,False
2026-01-29 09:35:00+00:00,test,0.5950592132088582,False
2026-01-29 09:36:00+00:00,test,0.5614157669868071,False
2026-01-29 09:37:00+00:00,test,0.5417054232298841,False
2026-01-29 09:38:00+00:00,test,0.5450763655149774,False
2026-01-29 09:39:00+00:00,test,1.1766497457514182,False
2026-01-29 09:40:00+00:00,test,0.5171350375076681,False
2026-01-29 09:41:00+00:00,test,0.5222081715600237,False
2026-01-29 09:42:00+00:00,test,1.0170899312935933,False
2026-01-29 09:43:00+00:00,test,0.9515326575401106,False
2026-01-29 09:44:00+00:00,test,0.5366109863495871,False
2026-01-29 09:45:00+00:00,test,0.5312776530380133,False
2026-01-29 09:46:00+00:00,test,0.5708848357718116,False
2026-01-29 09:47:00+00:00,test,0.5033116681855065,False
2026-01-29 09:48:00+00:00,test,0.5247548816168702,False
2026-01-29 09:49:00+00:00,test,0.49321219512882936,False
2026-01-29 09:50:00+00:00,test,0.4986226477955319,False
2026-01-29 09:51:00+00:00,test,0.4846175417387257,False
2026-01-29 09:52:00+00:00,test,0.5469027527322914,False
2026-01-29 09:53:00+00:00,test,0.5325159769527299,False
2026-01-29 09:54:00+00:00,test,0.5516427064607686,False
2026-01-29 09:55:00+00:00,test,0.5452877635274557,False
2026-01-29 09:56:00+00:00,test,0.5856535694877266,False
2026-01-29 09:57:00+00:00,test,0.5853691423565732,False
2026-01-29 09:58:00+00:00,test,0.5750342829852472,False
2026-01-29 09:59:00+00:00,test,0.6401394876429148,False
2026-01-29 10:00:00+00:00,test,0.6283380449048567,False
2026-01-29 10:01:00+00:00,test,0.5826292753329633,False
2026-01-29 10:02:00+00:00,test,0.6152632199211644,False
2026-01-29 10:03:00+00:00,test,1.0802156224106758,False
2026-01-29 10:04:00+00:00,test,0.6631321550820086,False
2026-01-29 10:05:00+00:00,test,1.1576245613122975,False
2026-01-29 10:06:00+00:00,test,0.6964687926649112,False
2026-01-29 10:07:00+00:00,test,0.7184661425584172,False
2026-01-29 10:08:00+00:00,test,0.6524721887810754,False
2026-01-29 10:09:00+00:00,test,0.6813738000382175,False
2026-01-29 10:10:00+00:00,test,0.6915184882858786,False
2026-01-29 10:11:00+00:00,test,0.6624084734035431,False
2026-01-29 10:12:00+00:00,test,0.6306949017611643,False
2026-01-29 10:13:00+00:00,test,1.0271023273574005,False
2026-01-29 10:14:00+00:00,test,0.6308189508884888,False
2026-01-29 10:15:00+00:00,test,0.6517937408589071,False
2026-01-29 10:16:00+00:00,test,0.5515118897569697,False
2026-01-29 10:17:00+00:00,test,0.5709678308957615,False
2026-01-29 10:18:00+00:00,test,0.5013149999430795,False
2026-01-29 10:19:00+00:00,test,0.5084491247340543,False
2026-01-29 10:20:00+00:00,test,0.47457117899364826,False
2026-01-29 10:21:00+00:00,test,0.46443346094764454,False
2026-01-29 10:22:00+00:00,test,0.4676327579731439,False
2026-01-29 10:23:00+00:00,test,0.5450367641843233,False
2026-01-29 10:24:00+00:00,test,0.46055884618347936,False
2026-01-29 10:25:00+00:00,test,0.4528967803508242,False
2026-01-29 10:26:00+00:00,test,0.49742053635691136,False
2026-01-29 10:27:00+00:00,test,0.46394516164438815,False
2026-01-29 10:28:00+00:00,test,0.4837525403084915,False
2026-01-29 10:29:00+00:00,test,0.4821284933051884,False
2026-01-29 10:30:00+00:00,test,0.49390183437569957,False
2026-01-29 10:31:00+00:00,test,0.5355702935576395,False
2026-01-29 10:32:00+00:00,test,0.5431513918896671,False
2026-01-29 10:33:00+00:00,test,0.5331731799258209,False
2026-01-29 10:34:00+00:00,test,0.5253223489616107,False
2026-01-29 10:35:00+00:00,test,0.5582861557330352,False
2026-01-29 10:38:00+00:00,test,0.547209265333073,False
2026-01-29 10:39:00+00:00,test,0.5561956729012921,False
2026-01-29 10:40:00+00:00,test,0.6375062087699128,False
2026-01-29 10:41:00+00:00,test,0.6250175002850153,False
2026-01-29 10:42:00+00:00,test,0.5739255167462922,False
2026-01-29 10:43:00+00:00,test,0.60744325264905,False
2026-01-29 10:44:00+00:00,test,0.5978750267568994,False
2026-01-29 10:45:00+00:00,test,0.4764413474970898,False
2026-01-29 10:46:00+00:00,test,0.46505575584425995,False
2026-01-29 10:47:00+00:00,test,0.4695313589425866,False
2026-01-29 10:48:00+00:00,test,0.5116895788662679,False
2026-01-29 10:49:00+00:00,test,0.608984583210589,False
2026-01-29 10:50:00+00:00,test,0.6146930356940777,False
2026-01-29 10:51:00+00:00,test,0.6454008278683494,False
2026-01-29 10:52:00+00:00,test,0.5676342350533156,False
2026-01-29 10:53:00+00:00,test,0.576996849121337,False
2026-01-29 10:54:00+00:00,test,0.5457038628060569,False
2026-01-29 10:55:00+00:00,test,0.52451698352004,False
2026-01-29 10:56:00+00:00,test,0.5097465222518788,False
2026-01-29 10:57:00+00:00,test,0.47771863855034313,False
2026-01-29 10:58:00+00:00,test,0.478620605013461,False
2026-01-29 10:59:00+00:00,test,0.5403795002336155,False
2026-01-29 11:00:00+00:00,test,0.4659584613574734,False
2026-01-29 11:01:00+00:00,test,0.488561806357956,False
2026-01-29 11:02:00+00:00,test,0.5965391094455498,False
2026-01-29 11:03:00+00:00,test,0.5917028291447546,False
2026-01-29 11:04:00+00:00,test,0.5857971836965002,False
2026-01-29 11:05:00+00:00,test,0.5490369167274887,False
2026-01-29 11:06:00+00:00,test,0.5924114423518573,False
2026-01-29 11:07:00+00:00,test,1.0039870681856635,False
2026-01-29 11:08:00+00:00,test,0.5368886284289045,False
2026-01-29 11:09:00+00:00,test,0.434901033507484,False
2026-01-29 11:10:00+00:00,test,0.45574296211964427,False
2026-01-29 11:11:00+00:00,test,0.49630771903748816,False
2026-01-29 11:12:00+00:00,test,0.6034028691921696,False
2026-01-29 11:13:00+00:00,test,1.0179756486157405,False
2026-01-29 11:14:00+00:00,test,1.7965216065156215,False
2026-01-29 11:15:00+00:00,test,0.6978155087201786,False
2026-01-29 11:16:00+00:00,test,0.7476148642377918,False
2026-01-29 11:17:00+00:00,test,0.7355532262549387,False
2026-01-29 11:18:00+00:00,test,0.6401361551446249,False
2026-01-29 11:19:00+00:00,test,0.6099548137553896,False
2026-01-29 11:20:00+00:00,test,0.6344974948391979,False
2026-01-29 11:21:00+00:00,test,1.1117018203926257,False
2026-01-29 11:22:00+00:00,test,0.7850924218846413,False
2026-01-29 11:23:00+00:00,test,0.8201729185330452,False
2026-01-29 11:24:00+00:00,test,0.8033386612959432,False
2026-01-29 11:25:00+00:00,test,0.8097986506157996,False
2026-01-29 11:26:00+00:00,test,0.7064185855429205,False
2026-01-29 11:27:00+00:00,test,0.6528293620511199,False
2026-01-29 11:28:00+00:00,test,1.0201669115422731,False
2026-01-29 11:29:00+00:00,test,0.5504752981893251,False
2026-01-29 11:30:00+00:00,test,0.5514798632880551,False
2026-01-29 11:31:00+00:00,test,0.5686913437929327,False
2026-01-29 11:32:00+00:00,test,0.5552975191772214,False
2026-01-29 11:33:00+00:00,test,0.5287928451514592,False
2026-01-29 11:34:00+00:00,test,0.48874202282274826,False
2026-01-29 11:35:00+00:00,test,0.47390918126751586,False
2026-01-29 11:36:00+00:00,test,0.4959241340495763,False
2026-01-29 11:37:00+00:00,test,0.9260779661021689,False
2026-01-29 11:38:00+00:00,test,0.9494951122984242,False
2026-01-29 11:39:00+00:00,test,0.49376065999860025,False
2026-01-29 11:40:00+00:00,test,0.4619260624723923,False
2026-01-29 11:41:00+00:00,test,0.4668601078373009,False
2026-01-29 11:42:00+00:00,test,0.4539135210899298,False
2026-01-29 11:43:00+00:00,test,0.4436764565153132,False
2026-01-29 11:44:00+00:00,test,0.48817009032035796,False
2026-01-29 11:45:00+00:00,test,0.942750743254895,False
2026-01-29 11:46:00+00:00,test,0.5664656272978209,False
2026-01-29 11:47:00+00:00,test,0.5997750213669081,False
2026-01-29 11:48:00+00:00,test,0.5920278031622611,False
2026-01-29 11:49:00+00:00,test,0.6631885632842,False
2026-01-29 11:50:00+00:00,test,0.6031107482784831,False
2026-01-29 11:51:00+00:00,test,0.5674902860936104,False
2026-01-29 11:52:00+00:00,test,0.5642262713730409,False
2026-01-29 11:55:00+00:00,test,0.5127404525454616,False
2026-01-29 11:56:00+00:00,test,0.538157672168393,False
2026-01-29 11:57:00+00:00,test,0.6082023805067617,False
2026-01-29 11:58:00+00:00,test,0.6164911152178525,False
2026-01-29 11:59:00+00:00,test,0.6236098260503792,False
2026-01-29 12:00:00+00:00,test,0.6810513914632272,False
2026-01-29 12:01:00+00:00,test,0.713807548641086,False
2026-01-29 12:02:00+00:00,test,0.6225349941521151,False
2026-01-29 12:03:00+00:00,test,0.5972058988667818,False
2026-01-29 12:04:00+00:00,test,0.5481513089935884,False
2026-01-29 12:05:00+00:00,test,0.5327321956083697,False
2026-01-29 12:06:00+00:00,test,0.5218263056919044,False
2026-01-29 12:07:00+00:00,test,0.5305075629018567,False
2026-01-29 12:08:00+00:00,test,1.3209862961004075,False
2026-01-29 12:09:00+00:00,test,0.4703105102903047,False
2026-01-29 12:10:00+00:00,test,0.593726541804807,False
2026-01-29 12:11:00+00:00,test,0.9798161085114866,False
2026-01-29 12:12:00+00:00,test,1.0086517586919432,False
2026-01-29 12:13:00+00:00,test,0.5806208469789517,False
2026-01-29 12:14:00+00:00,test,0.5227380333870589,False
2026-01-29 12:15:00+00:00,test,0.5355471112917266,False
2026-01-29 12:16:00+00:00,test,0.48850756334905465,False
2026-01-29 12:17:00+00:00,test,0.8362326955915234,False
2026-01-29 12:18:00+00:00,test,0.4664589495644969,False
2026-01-29 12:19:00+00:00,test,0.4555777337696403,False
2026-01-29 12:20:00+00:00,test,0.5293024296246462,False
2026-01-29 12:21:00+00:00,test,0.5570762058161508,False
2026-01-29 12:22:00+00:00,test,0.5739524969872397,False
2026-01-29 12:23:00+00:00,test,0.5959662369516594,False
2026-01-29 12:24:00+00:00,test,0.6110732842838874,False
2026-01-29 12:25:00+00:00,test,0.5863884244200512,False
2026-01-29 12:26:00+00:00,test,0.5921637317197012,False
2026-01-29 12:27:00+00:00,test,0.6050458155054264,False
2026-01-29 12:28:00+00:00,test,0.619198282631539,False
2026-01-29 12:29:00+00:00,test,0.5694002397256603,False
2026-01-29 12:30:00+00:00,test,0.5538074670375155,False
2026-01-29 12:31:00+00:00,test,0.5679145364032105,False
2026-01-29 12:32:00+00:00,test,0.5607035029789436,False
2026-01-29 12:33:00+00:00,test,0.5720337517341981,False
2026-01-29 12:34:00+00:00,test,0.5572998484891113,False
2026-01-29 12:35:00+00:00,test,0.5603244959678294,False
2026-01-29 12:36:00+00:00,test,0.590214273990876,False
2026-01-29 12:37:00+00:00,test,0.9713283679038728,False
2026-01-29 12:38:00+00:00,test,0.5824584886369573,False
2026-01-29 12:39:00+00:00,test,0.6108054414873348,False
2026-01-29 12:40:00+00:00,test,0.5869339432576878,False
2026-01-29 12:41:00+00:00,test,0.581734826716394,False
2026-01-29 12:42:00+00:00,test,0.5417016512630011,False
2026-01-29 12:43:00+00:00,test,0.522705740511138,False
2026-01-29 12:44:00+00:00,test,0.4971397324993629,False
2026-01-29 12:45:00+00:00,test,0.5046626682770199,False
2026-01-29 12:46:00+00:00,test,0.5184467783375162,False
2026-01-29 12:47:00+00:00,test,0.5506215631468383,False
2026-01-29 12:48:00+00:00,test,0.5300557279090674,False
2026-01-29 12:49:00+00:00,test,0.5710711513563533,False
2026-01-29 12:50:00+00:00,test,1.1208835752823771,False
2026-01-29 12:51:00+00:00,test,0.5764971465390772,False
2026-01-29 12:52:00+00:00,test,0.5815030711230721,False
2026-01-29 12:53:00+00:00,test,0.6151498793908591,False
2026-01-29 12:54:00+00:00,test,0.6446856009854587,False
2026-01-29 12:55:00+00:00,test,0.6896843269197395,False
2026-01-29 12:56:00+00:00,test,0.6987678043729861,False
2026-01-29 12:57:00+00:00,test,0.7146743858142788,False
2026-01-29 12:58:00+00:00,test,0.6530032728382026,False
2026-01-29 12:59:00+00:00,test,0.6262050171548458,False
2026-01-29 13:00:00+00:00,test,0.5476712552280959,False
2026-01-29 13:01:00+00:00,test,0.5658108596264017,False
2026-01-29 13:02:00+00:00,test,0.5923756724559726,False
2026-01-29 13:03:00+00:00,test,0.6340836076170213,False
2026-01-29 13:04:00+00:00,test,0.6252633108910923,False
2026-01-29 13:05:00+00:00,test,0.5944072903914587,False
2026-01-29 13:06:00+00:00,test,0.5835374969233567,False
2026-01-29 13:07:00+00:00,test,0.5515235281132853,False
2026-01-29 13:08:00+00:00,test,0.5577382591047798,False
2026-01-29 13:09:00+00:00,test,0.5433129407056058,False
2026-01-29 13:10:00+00:00,test,0.587770304809201,False
2026-01-29 13:11:00+00:00,test,0.5898062676096281,False
2026-01-29 13:12:00+00:00,test,0.5559185663193755,False
2026-01-29 13:13:00+00:00,test,0.5019484601598858,False
2026-01-29 13:14:00+00:00,test,0.4495283750596033,False
2026-01-29 13:15:00+00:00,test,0.5228613483350522,False
2026-01-29 13:16:00+00:00,test,0.5316913058162873,False
2026-01-29 13:17:00+00:00,test,0.5444148278342685,False
2026-01-29 13:18:00+00:00,test,0.49062939567352093,False
2026-01-29 13:19:00+00:00,test,0.5292190357693036,False
2026-01-29 13:20:00+00:00,test,0.5736703965823169,False
2026-01-29 13:21:00+00:00,test,0.9021318227078037,False
2026-01-29 13:22:00+00:00,test,0.4656467950300794,False
2026-01-29 13:23:00+00:00,test,0.48760590688595223,False
2026-01-29 13:24:00+00:00,test,0.539756973377844,False
2026-01-29 13:25:00+00:00,test,0.4915474016515081,False
2026-01-29 13:26:00+00:00,test,0.49309623980840817,False
2026-01-29 13:27:00+00:00,test,1.0810831550785798,False
2026-01-29 13:28:00+00:00,test,1.202082632586319,False
2026-01-29 13:29:00+00:00,test,0.4769274983217565,False
2026-01-29 13:30:00+00:00,test,0.4833433337866115,False
2026-01-29 13:31:00+00:00,test,0.5031544680166739,False
2026-01-29 13:32:00+00:00,test,0.49568385632066037,False
2026-01-29 13:33:00+00:00,test,0.5071992763234494,False
2026-01-29 13:34:00+00:00,test,0.5167224458565937,False
2026-01-29 13:35:00+00:00,test,0.485153997010355,False
2026-01-29 13:36:00+00:00,test,0.464655920564645,False
2026-01-29 13:37:00+00:00,test,0.48931307226833776,False
2026-01-29 13:38:00+00:00,test,0.49952905652511087,False
2026-01-29 13:39:00+00:00,test,0.4785660288132374,False
2026-01-29 13:40:00+00:00,test,0.46797425709556745,False
2026-01-29 13:41:00+00:00,test,0.4562577178414429,False
2026-01-29 13:42:00+00:00,test,0.46398544284204896,False
2026-01-29 13:43:00+00:00,test,0.4194718097389891,False
2026-01-29 13:44:00+00:00,test,0.46427136334471736,False
2026-01-29 13:45:00+00:00,test,0.4962768428454711,False
2026-01-29 13:46:00+00:00,test,0.496120283357426,False
2026-01-29 13:47:00+00:00,test,0.9522231328307764,False
2026-01-29 13:48:00+00:00,test,0.45481510423523813,False
2026-01-29 13:49:00+00:00,test,0.4668700945745909,False
2026-01-29 13:50:00+00:00,test,0.4906721420642514,False
2026-01-29 13:51:00+00:00,test,0.536820996429921,False
2026-01-29 13:52:00+00:00,test,0.5020942837134386,False
2026-01-29 13:53:00+00:00,test,0.46184937495433775,False
2026-01-29 13:54:00+00:00,test,0.49908467971881826,False
2026-01-29 13:55:00+00:00,test,0.4904004742568227,False
2026-01-29 13:56:00+00:00,test,0.5292197945381865,False
2026-01-29 13:57:00+00:00,test,1.1351242962254215,False
2026-01-29 13:58:00+00:00,test,0.5494273273266992,False
2026-01-29 13:59:00+00:00,test,0.6762233667702618,False
2026-01-29 14:00:00+00:00,test,0.5915142796488689,False
2026-01-29 14:01:00+00:00,test,0.526805115069952,False
2026-01-29 14:02:00+00:00,test,0.5251737656057128,False
2026-01-29 14:03:00+00:00,test,0.5206425348684626,False
2026-01-29 14:04:00+00:00,test,0.5713204989896845,False
2026-01-29 14:05:00+00:00,test,0.5481947926060645,False
2026-01-29 14:06:00+00:00,test,0.5397921853480366,False
2026-01-29 14:07:00+00:00,test,0.6038074212334839,False
2026-01-29 14:08:00+00:00,test,0.5789349207953423,False
2026-01-29 14:09:00+00:00,test,1.1061525346270291,False
2026-01-29 14:10:00+00:00,test,1.118515369549411,False
2026-01-29 14:11:00+00:00,test,0.592994984235213,False
2026-01-29 14:12:00+00:00,test,0.5107948509530946,False
2026-01-29 14:13:00+00:00,test,0.5080251194638257,False
2026-01-29 14:14:00+00:00,test,0.46973175744927187,False
2026-01-29 14:15:00+00:00,test,0.5114220692505858,False
2026-01-29 14:16:00+00:00,test,0.5065033524743439,False
2026-01-29 14:17:00+00:00,test,0.5115649401498802,False
2026-01-29 14:18:00+00:00,test,1.1344237512176303,False
2026-01-29 14:19:00+00:00,test,0.5207352671058668,False
2026-01-29 14:20:00+00:00,test,0.5620371166567514,False
2026-01-29 14:21:00+00:00,test,0.6152982106603809,False
2026-01-29 14:22:00+00:00,test,0.5941170694217687,False
2026-01-29 14:23:00+00:00,test,0.5924366829719211,False
2026-01-29 14:24:00+00:00,test,0.5923314155835562,False
2026-01-29 14:25:00+00:00,test,0.5867872145399974,False
2026-01-29 14:26:00+00:00,test,0.5925887951881644,False
2026-01-29 14:27:00+00:00,test,0.6264463647566618,False
2026-01-29 14:28:00+00:00,test,0.6906189061299682,False
2026-01-29 14:29:00+00:00,test,0.64300102510123,False
2026-01-29 14:30:00+00:00,test,0.6695289362955672,False
2026-01-29 14:31:00+00:00,test,0.6515124955050057,False
2026-01-29 14:32:00+00:00,test,0.6572821717635883,False
2026-01-29 14:33:00+00:00,test,0.6623478366548787,False
2026-01-29 14:34:00+00:00,test,0.5859852205810248,False
2026-01-29 14:35:00+00:00,test,0.5722862546289827,False
2026-01-29 14:36:00+00:00,test,0.6129752473382715,False
2026-01-29 14:37:00+00:00,test,0.5589531756415643,False
2026-01-29 14:38:00+00:00,test,0.5510383029998738,False
2026-01-29 14:39:00+00:00,test,0.5709211341511576,False
2026-01-29 14:40:00+00:00,test,0.5026180713009313,False
2026-01-29 14:41:00+00:00,test,0.532420629421545,False
2026-01-29 14:42:00+00:00,test,0.9555432781824176,False
2026-01-29 14:43:00+00:00,test,0.5595437672724584,False
2026-01-29 14:44:00+00:00,test,0.5458938028470082,False
2026-01-29 14:45:00+00:00,test,0.5260257442931104,False
2026-01-29 14:46:00+00:00,test,0.5145367695454541,False
2026-01-29 14:47:00+00:00,test,1.0723705388382916,False
2026-01-29 14:48:00+00:00,test,1.0679790855373001,False
2026-01-29 14:49:00+00:00,test,1.0765589698139706,False
2026-01-29 14:50:00+00:00,test,1.0658855540954488,False
2026-01-29 14:51:00+00:00,test,1.0699308156194118,False
2026-01-29 14:52:00+00:00,test,1.072218404024046,False
2026-01-29 14:53:00+00:00,test,1.089229132767539,False
2026-01-29 14:54:00+00:00,test,1.094507017152629,False
2026-01-29 14:55:00+00:00,test,1.1065008600801018,False
2026-01-29 14:56:00+00:00,test,1.0924928409100798,False
2026-01-29 14:57:00+00:00,test,1.1168351759770248,False
2026-01-29 14:58:00+00:00,test,1.1136259803227322,False
2026-01-29 14:59:00+00:00,test,1.1268731872203053,False
2026-01-29 15:00:00+00:00,test,1.106865939515932,False
2026-01-29 15:01:00+00:00,test,1.101701429995689,False
2026-01-29 15:02:00+00:00,test,1.0901454861409654,False
2026-01-29 15:03:00+00:00,test,1.0893055827361495,False
2026-01-29 15:04:00+00:00,test,1.0913768125676926,False
2026-01-29 15:05:00+00:00,test,1.0899003109251557,False
2026-01-29 15:06:00+00:00,test,1.104970314663287,False
2026-01-29 15:07:00+00:00,test,1.117761321069121,False
2026-01-29 15:08:00+00:00,test,1.1183919161927445,False
2026-01-29 15:09:00+00:00,test,1.111568318325956,False
2026-01-29 15:10:00+00:00,test,1.1026621510611598,False
2026-01-29 15:11:00+00:00,test,1.1155018044204232,False
2026-01-29 15:12:00+00:00,test,1.1299061696440675,False
2026-01-29 15:13:00+00:00,test,1.135727668293744,False
2026-01-29 15:14:00+00:00,test,1.125059584239176,False
2026-01-29 15:15:00+00:00,test,1.1286748599018124,False
2026-01-29 15:16:00+00:00,test,1.164310357693785,False
2026-01-29 15:17:00+00:00,test,1.1423553654233798,False
2026-01-29 15:18:00+00:00,test,1.155944962148579,False
2026-01-29 15:19:00+00:00,test,1.1286471754383294,False
2026-01-29 15:20:00+00:00,test,1.132237400504268,False
2026-01-29 15:21:00+00:00,test,1.1108635809393879,False
2026-01-29 15:22:00+00:00,test,1.1074996301944315,False
2026-01-29 15:23:00+00:00,test,1.10227230879466,False
2026-01-29 15:24:00+00:00,test,1.100417951115055,False
2026-01-29 15:25:00+00:00,test,1.082769599202517,False
2026-01-29 15:26:00+00:00,test,1.0677212928925983,False
2026-01-29 15:27:00+00:00,test,1.0560193233873536,False
2026-01-29 15:28:00+00:00,test,1.0594808802607147,False
2026-01-29 15:29:00+00:00,test,1.0837025960711932,False
2026-01-29 15:30:00+00:00,test,1.0785637141246678,False
2026-01-29 15:31:00+00:00,test,1.094551009154304,False
2026-01-29 15:32:00+00:00,test,1.0925632294003407,False
2026-01-29 15:33:00+00:00,test,1.106544651648496,False
2026-01-29 15:34:00+00:00,test,1.0881863658229205,False
2026-01-29 15:35:00+00:00,test,1.083075916719496,False
2026-01-29 15:36:00+00:00,test,1.1064771810665184,False
2026-01-29 15:37:00+00:00,test,1.084731437653271,False
2026-01-29 15:38:00+00:00,test,1.0905048093168743,False
2026-01-29 15:39:00+00:00,test,1.3730903662744771,False
2026-01-29 15:40:00+00:00,test,1.0937381526826797,False
2026-01-29 15:41:00+00:00,test,1.1138056506656961,False
2026-01-29 15:42:00+00:00,test,1.1052864611260196,False
2026-01-29 15:43:00+00:00,test,1.1294335813391922,False
2026-01-29 15:44:00+00:00,test,1.1105450220702235,False
2026-01-29 15:45:00+00:00,test,1.0929279904803078,False
2026-01-29 15:46:00+00:00,test,1.085898451484195,False
2026-01-29 15:47:00+00:00,test,1.083758871372781,False
2026-01-29 15:48:00+00:00,test,1.5641155714013406,False
2026-01-29 15:49:00+00:00,test,1.092339034096984,False
2026-01-29 15:50:00+00:00,test,1.082524194420552,False
2026-01-29 15:51:00+00:00,test,1.0849602169063333,False
2026-01-29 15:52:00+00:00,test,1.0690991976377304,False
2026-01-29 15:53:00+00:00,test,1.0517067960363449,False
2026-01-29 15:54:00+00:00,test,1.0674066483108586,False
2026-01-29 15:55:00+00:00,test,1.0809815610927576,False
2026-01-29 15:56:00+00:00,test,1.076214640588483,False
2026-01-29 15:57:00+00:00,test,1.0734298735088816,False
2026-01-29 15:58:00+00:00,test,1.361619608547784,False
2026-01-29 15:59:00+00:00,test,1.0542573047249262,False
2026-01-29 16:00:00+00:00,test,1.4680196651859343,False
2026-01-29 16:01:00+00:00,test,1.1070421708228753,False
2026-01-29 16:02:00+00:00,test,1.1004689561924963,False
2026-01-29 16:03:00+00:00,test,1.1193196194215815,False
2026-01-29 16:04:00+00:00,test,1.1239256250560756,False
2026-01-29 16:05:00+00:00,test,1.1187398040175411,False
2026-01-29 16:06:00+00:00,test,1.1376959537149856,False
2026-01-29 16:07:00+00:00,test,1.1476449692814634,False
2026-01-29 16:08:00+00:00,test,1.1374236942495197,False
2026-01-29 16:09:00+00:00,test,1.154345294938377,False
2026-01-29 16:10:00+00:00,test,1.1753865400884032,False
2026-01-29 16:11:00+00:00,test,1.1699498552551315,False
2026-01-29 16:12:00+00:00,test,1.1372368064283171,False
2026-01-29 16:13:00+00:00,test,1.1451194902991797,False
2026-01-29 16:14:00+00:00,test,1.424242279651323,False
2026-01-29 16:15:00+00:00,test,0.6811774021367072,False
2026-01-29 16:16:00+00:00,test,0.6808681058894971,False
2026-01-29 16:17:00+00:00,test,0.7004077088689157,False
2026-01-29 16:18:00+00:00,test,0.7048183121206413,False
2026-01-29 16:19:00+00:00,test,1.0555050913961315,False
2026-01-29 16:20:00+00:00,test,0.6650551633854309,False
2026-01-29 16:21:00+00:00,test,1.0163105206889664,False
2026-01-29 16:22:00+00:00,test,0.586094620844785,False
2026-01-29 16:23:00+00:00,test,0.6216943266582466,False
2026-01-29 16:24:00+00:00,test,0.6050333243643278,False
2026-01-29 16:25:00+00:00,test,1.0620322238976934,False
2026-01-29 16:26:00+00:00,test,0.6560393319266347,False
2026-01-29 16:27:00+00:00,test,0.640110032787447,False
2026-01-29 16:28:00+00:00,test,0.6439527265762445,False
2026-01-29 16:29:00+00:00,test,0.6457248326757362,False
2026-01-29 16:30:00+00:00,test,0.6206061854685967,False
2026-01-29 16:31:00+00:00,test,0.6957544457586412,False
2026-01-29 16:32:00+00:00,test,0.6485224871645752,False
2026-01-29 16:33:00+00:00,test,0.5970510175774442,False
2026-01-29 16:34:00+00:00,test,0.6126621016823985,False
2026-01-29 16:35:00+00:00,test,0.6441646132774643,False
2026-01-29 16:36:00+00:00,test,0.689437913992561,False
2026-01-29 16:37:00+00:00,test,0.6932829868120184,False
2026-01-29 16:38:00+00:00,test,0.7436917254003486,False
2026-01-29 16:39:00+00:00,test,0.8094513763429289,False
2026-01-29 16:40:00+00:00,test,0.8110609332402653,False
2026-01-29 16:41:00+00:00,test,0.7675084241494511,False
2026-01-29 16:42:00+00:00,test,0.7619924343971634,False
2026-01-29 16:43:00+00:00,test,0.7388734652500699,False
2026-01-29 16:44:00+00:00,test,0.6712385104541398,False
2026-01-29 16:45:00+00:00,test,0.6491779972998134,False
2026-01-29 16:46:00+00:00,test,0.6168105334860199,False
2026-01-29 16:47:00+00:00,test,0.629825578557264,False
2026-01-29 16:48:00+00:00,test,1.0410337482475502,False
2026-01-29 16:49:00+00:00,test,0.6425783091976498,False
2026-01-29 16:50:00+00:00,test,0.6554898969907667,False
2026-01-29 16:51:00+00:00,test,0.6791933182321366,False
2026-01-29 16:52:00+00:00,test,0.697550282067153,False
2026-01-29 16:53:00+00:00,test,0.7041806565397344,False
2026-01-29 16:54:00+00:00,test,0.6928205005665354,False
2026-01-29 16:55:00+00:00,test,0.6863599494460322,False
2026-01-29 16:56:00+00:00,test,0.6531038926821359,False
2026-01-29 16:57:00+00:00,test,0.6596365136105201,False
2026-01-29 16:58:00+00:00,test,0.6570687385868836,False
2026-01-29 16:59:00+00:00,test,0.6781607086122714,False
2026-01-29 17:00:00+00:00,test,0.7425344823915053,False
2026-01-29 17:01:00+00:00,test,0.7078998555439351,False
2026-01-29 17:02:00+00:00,test,0.6957643446839672,False
2026-01-29 17:03:00+00:00,test,0.6594768402434963,False
2026-01-29 17:04:00+00:00,test,0.6654338443054466,False
2026-01-29 17:05:00+00:00,test,0.6345062185363869,False
2026-01-29 17:06:00+00:00,test,0.6145028940615648,False
2026-01-29 17:07:00+00:00,test,0.6288755709372732,False
2026-01-29 17:08:00+00:00,test,0.6320334972343077,False
2026-01-29 17:09:00+00:00,test,0.6690922717774449,False
2026-01-29 17:10:00+00:00,test,0.6616250878340928,False
2026-01-29 17:11:00+00:00,test,1.0472275094977224,False
2026-01-29 17:12:00+00:00,test,0.6483067193059849,False
2026-01-29 17:13:00+00:00,test,0.6179707235577413,False
2026-01-29 17:14:00+00:00,test,0.6624118389550918,False
2026-01-29 17:15:00+00:00,test,0.6736098484544589,False
2026-01-29 17:16:00+00:00,test,0.6117594417973785,False
2026-01-29 17:17:00+00:00,test,0.6383755825504798,False
2026-01-29 17:18:00+00:00,test,0.6469914311262759,False
2026-01-29 17:19:00+00:00,test,0.5966471879438464,False
2026-01-29 17:20:00+00:00,test,0.6023192434906269,False
2026-01-29 17:21:00+00:00,test,0.6542393174807358,False
2026-01-29 17:22:00+00:00,test,0.7089482820046397,False
2026-01-29 17:23:00+00:00,test,0.6536419198085828,False
2026-01-29 17:24:00+00:00,test,0.6538761648933209,False
2026-01-29 17:25:00+00:00,test,0.6846587960253128,False
2026-01-29 17:26:00+00:00,test,0.7021310188610568,False
2026-01-29 17:27:00+00:00,test,0.6612775859506628,False
2026-01-29 17:28:00+00:00,test,0.6089481434160139,False
2026-01-29 17:29:00+00:00,test,0.6744686727563249,False
2026-01-29 17:30:00+00:00,test,0.7288304254760448,False
2026-01-29 17:31:00+00:00,test,0.7645854689242432,False
2026-01-29 17:32:00+00:00,test,0.6854441244771358,False
2026-01-29 17:33:00+00:00,test,0.6241513554045109,False
2026-01-29 17:34:00+00:00,test,0.6085236121427372,False
2026-01-29 17:35:00+00:00,test,0.5999507722674398,False
2026-01-29 17:36:00+00:00,test,1.0221163203771204,False
2026-01-29 17:37:00+00:00,test,0.5710403813549505,False
2026-01-29 17:38:00+00:00,test,1.2401078220599595,False
2026-01-29 17:39:00+00:00,test,0.5395595651696248,False
2026-01-29 17:40:00+00:00,test,0.9875209621047415,False
2026-01-29 17:41:00+00:00,test,0.5516610501781676,False
2026-01-29 17:42:00+00:00,test,0.5573045558270936,False
2026-01-29 17:43:00+00:00,test,0.5511542763197554,False
2026-01-29 17:44:00+00:00,test,0.5647416321921235,False
2026-01-29 17:45:00+00:00,test,0.5117676173355862,False
2026-01-29 17:46:00+00:00,test,0.5168934262012056,False
2026-01-29 17:47:00+00:00,test,0.5471654867929283,False
2026-01-29 17:48:00+00:00,test,0.6057466728211894,False
2026-01-29 17:49:00+00:00,test,0.6010758541013828,False
2026-01-29 17:50:00+00:00,test,0.616653281744698,False
2026-01-29 17:51:00+00:00,test,0.6251459238978021,False
2026-01-29 17:52:00+00:00,test,0.6347506062826687,False
2026-01-29 17:53:00+00:00,test,0.613868143876598,False
2026-01-29 17:54:00+00:00,test,0.5762679639306569,False
2026-01-29 17:55:00+00:00,test,0.5530930185276257,False
2026-01-29 17:56:00+00:00,test,0.5404384630355608,False
2026-01-29 17:57:00+00:00,test,0.5419227394069318,False
2026-01-29 17:58:00+00:00,test,0.5720867851020464,False
2026-01-29 17:59:00+00:00,test,0.5999733579287371,False
2026-01-29 18:00:00+00:00,test,0.6446343239632571,False
2026-01-29 18:01:00+00:00,test,0.6797930069216287,False
2026-01-29 18:02:00+00:00,test,0.6435726459995399,False
2026-01-29 18:03:00+00:00,test,0.6457748136711134,False
2026-01-29 18:04:00+00:00,test,0.5909411876035214,False
2026-01-29 18:05:00+00:00,test,0.5692835197145565,False
2026-01-29 18:06:00+00:00,test,0.5883313595479471,False
2026-01-29 18:07:00+00:00,test,0.6465598682653182,False
2026-01-29 18:08:00+00:00,test,0.64426416910397,False
2026-01-29 18:09:00+00:00,test,0.6779774302353212,False
2026-01-29 18:10:00+00:00,test,0.6843792322612395,False
2026-01-29 18:11:00+00:00,test,1.0481334585128024,False
2026-01-29 18:12:00+00:00,test,0.6054333054406857,False
2026-01-29 18:13:00+00:00,test,0.5720927850423907,False
2026-01-29 18:14:00+00:00,test,0.5775234617969868,False
2026-01-29 18:15:00+00:00,test,0.563594221698357,False
2026-01-29 18:16:00+00:00,test,0.9817642778767175,False
2026-01-29 18:17:00+00:00,test,0.5496267657576713,False
2026-01-29 18:18:00+00:00,test,0.5725590124544082,False
2026-01-29 18:19:00+00:00,test,0.587385726324644,False
2026-01-29 18:20:00+00:00,test,0.5796084917195801,False
2026-01-29 18:21:00+00:00,test,0.5748750762801484,False
2026-01-29 18:22:00+00:00,test,0.561598968700645,False
2026-01-29 18:23:00+00:00,test,0.5778624112445443,False
2026-01-29 18:24:00+00:00,test,0.6195083522395506,False
2026-01-29 18:25:00+00:00,test,0.6861176356954355,False
2026-01-29 18:26:00+00:00,test,0.7200486333804114,False
2026-01-29 18:27:00+00:00,test,0.7050303725481862,False
2026-01-29 18:28:00+00:00,test,0.6944519342932548,False
2026-01-29 18:29:00+00:00,test,0.7611951443141907,False
2026-01-29 18:30:00+00:00,test,1.291310357922563,False
2026-01-29 18:31:00+00:00,test,0.69006733594003,False
2026-01-29 18:32:00+00:00,test,0.6523862299358029,False
2026-01-29 18:33:00+00:00,test,0.617185934287516,False
2026-01-29 18:34:00+00:00,test,1.037128917849783,False
2026-01-29 18:35:00+00:00,test,1.555994280276129,False
2026-01-29 18:36:00+00:00,test,0.6752952512296166,False
2026-01-29 18:37:00+00:00,test,0.7550646744872662,False
2026-01-29 18:38:00+00:00,test,0.6576068643318292,False
2026-01-29 18:39:00+00:00,test,0.6768825089133467,False
2026-01-29 18:40:00+00:00,test,0.6651127325903671,False
2026-01-29 18:41:00+00:00,test,0.6802213967469307,False
2026-01-29 18:42:00+00:00,test,0.6938946309571059,False
2026-01-29 18:43:00+00:00,test,0.7415185586990771,False
2026-01-29 18:44:00+00:00,test,0.7344394650370116,False
2026-01-29 18:45:00+00:00,test,0.7060906234949734,False
2026-01-29 18:46:00+00:00,test,0.6654828668057688,False
2026-01-29 18:47:00+00:00,test,0.6806786368952117,False
2026-01-29 18:48:00+00:00,test,0.6572616769746529,False
2026-01-29 18:49:00+00:00,test,0.722790953961105,False
2026-01-29 18:50:00+00:00,test,1.2182056128006813,False
2026-01-29 18:51:00+00:00,test,0.664054914656139,False
2026-01-29 18:52:00+00:00,test,0.6536326536194045,False
2026-01-29 18:53:00+00:00,test,0.6560427588737517,False
2026-01-29 18:54:00+00:00,test,0.6502380730142022,False
2026-01-29 18:55:00+00:00,test,0.5982769611460291,False
2026-01-29 18:56:00+00:00,test,0.6294621131946972,False
2026-01-29 18:57:00+00:00,test,0.6065336440577613,False
2026-01-29 18:58:00+00:00,test,0.6151791683604653,False
2026-01-29 18:59:00+00:00,test,0.6067319293405803,False
2026-01-29 19:00:00+00:00,test,1.7856814602831246,False
2026-01-29 19:01:00+00:00,test,0.730832184353901,False
2026-01-29 19:02:00+00:00,test,0.9961556968408615,False
2026-01-29 19:03:00+00:00,test,0.6502272463556178,False
2026-01-29 19:04:00+00:00,test,0.596004777265304,False
2026-01-29 19:05:00+00:00,test,0.6254980685775349,False
2026-01-29 19:06:00+00:00,test,0.6503531874687722,False
2026-01-29 19:07:00+00:00,test,0.6374713855111616,False
2026-01-29 19:08:00+00:00,test,0.6087841422986691,False
2026-01-29 19:09:00+00:00,test,0.6507974114696273,False
2026-01-29 19:10:00+00:00,test,0.6378288248797632,False
2026-01-29 19:11:00+00:00,test,0.6257555761172168,False
2026-01-29 19:12:00+00:00,test,0.6426859793963247,False
2026-01-29 19:13:00+00:00,test,0.6475634679697302,False
2026-01-29 19:14:00+00:00,test,0.6972554619511456,False
2026-01-29 19:15:00+00:00,test,0.6866448165227077,False
2026-01-29 19:16:00+00:00,test,0.6987645400250395,False
2026-01-29 19:17:00+00:00,test,0.6599868711705021,False
2026-01-29 19:18:00+00:00,test,0.6850137458317593,False
2026-01-29 19:19:00+00:00,test,0.6580907130955209,False
2026-01-29 19:20:00+00:00,test,0.6681466677928506,False
2026-01-29 19:21:00+00:00,test,0.6219668729422299,False
2026-01-29 19:22:00+00:00,test,0.6002586603866663,False
2026-01-29 19:23:00+00:00,test,0.5694956140314746,False
2026-01-29 19:24:00+00:00,test,0.5510605599044013,False
2026-01-29 19:25:00+00:00,test,0.5861923626030945,False
2026-01-29 19:26:00+00:00,test,0.5590054854936154,False
2026-01-29 19:27:00+00:00,test,1.1724866561034948,False
2026-01-29 19:28:00+00:00,test,0.5083216919107559,False
2026-01-29 19:29:00+00:00,test,0.5645289160849263,False
2026-01-29 19:30:00+00:00,test,0.5581216392386922,False
2026-01-29 19:31:00+00:00,test,0.5953883302464175,False
2026-01-29 19:32:00+00:00,test,1.0160451201021412,False
2026-01-29 19:33:00+00:00,test,0.6546296517758246,False
2026-01-29 19:34:00+00:00,test,0.6577931945388803,False
2026-01-29 19:35:00+00:00,test,0.6421925016010385,False
2026-01-29 19:36:00+00:00,test,0.5816424300561752,False
2026-01-29 19:37:00+00:00,test,0.5326734675351371,False
2026-01-29 19:38:00+00:00,test,0.9230933213950746,False
2026-01-29 19:39:00+00:00,test,0.4943540418105468,False
2026-01-29 19:40:00+00:00,test,0.5494223867087782,False
2026-01-29 19:41:00+00:00,test,0.5915183453379564,False
2026-01-29 19:42:00+00:00,test,0.6956680355010371,False
2026-01-29 19:43:00+00:00,test,0.6860348405604968,False
2026-01-29 19:44:00+00:00,test,0.6770367959919321,False
2026-01-29 19:45:00+00:00,test,0.6489505886486262,False
2026-01-29 19:46:00+00:00,test,0.6709969114897082,False
2026-01-29 19:47:00+00:00,test,0.6907339468335221,False
2026-01-29 19:48:00+00:00,test,0.6988727653330962,False
2026-01-29 19:49:00+00:00,test,0.6382691596544732,False
2026-01-29 19:50:00+00:00,test,0.5991945225016151,False
2026-01-29 19:51:00+00:00,test,0.5480174028213746,False
2026-01-29 19:52:00+00:00,test,0.5263242096258237,False
2026-01-29 19:53:00+00:00,test,0.5301256892280304,False
2026-01-29 19:54:00+00:00,test,0.5397886080181172,False
2026-01-29 19:55:00+00:00,test,0.6209512826459981,False
2026-01-29 19:56:00+00:00,test,0.5944886508576646,False
2026-01-29 19:57:00+00:00,test,0.9659532554130107,False
2026-01-29 19:58:00+00:00,test,0.6070096634867314,False
2026-01-29 19:59:00+00:00,test,0.5789432931480307,False
2026-01-29 20:00:00+00:00,test,0.6160725339697334,False
2026-01-29 20:01:00+00:00,test,0.5879411154700779,False
2026-01-29 20:02:00+00:00,test,0.6630995538345037,False
2026-01-29 20:03:00+00:00,test,1.0737046218649984,False
2026-01-29 20:04:00+00:00,test,0.6052523005179196,False
2026-01-29 20:05:00+00:00,test,0.5792855967805848,False
2026-01-29 20:06:00+00:00,test,1.022296581570755,False
2026-01-29 20:07:00+00:00,test,0.520206511592409,False
2026-01-29 20:08:00+00:00,test,0.5313351265488147,False
2026-01-29 20:09:00+00:00,test,0.4990964370041005,False
2026-01-29 20:10:00+00:00,test,0.5819109300799576,False
2026-01-29 20:11:00+00:00,test,0.529559390952856,False
2026-01-29 20:12:00+00:00,test,0.6597044879091428,False
2026-01-29 20:13:00+00:00,test,0.6407622067107245,False
2026-01-29 20:14:00+00:00,test,0.7134971153730607,False
2026-01-29 20:15:00+00:00,test,0.7006032865963144,False
2026-01-29 20:16:00+00:00,test,0.7402874578997907,False
2026-01-29 20:17:00+00:00,test,0.6960847418027013,False
2026-01-29 20:18:00+00:00,test,0.6814301017384948,False
2026-01-29 20:19:00+00:00,test,0.6485834243907249,False
2026-01-29 20:20:00+00:00,test,0.6021497217949157,False
2026-01-29 20:21:00+00:00,test,0.5305213119238121,False
2026-01-29 20:22:00+00:00,test,0.5048810770660102,False
2026-01-29 20:23:00+00:00,test,0.5524441792407794,False
2026-01-29 20:24:00+00:00,test,0.596923638880252,False
2026-01-29 20:25:00+00:00,test,0.5888128001765781,False
2026-01-29 20:26:00+00:00,test,0.619772067225803,False
2026-01-29 20:27:00+00:00,test,0.6517088769380193,False
2026-01-29 20:28:00+00:00,test,0.5791748032033494,False
2026-01-29 20:29:00+00:00,test,0.5225942828501605,False
2026-01-29 20:30:00+00:00,test,0.4938600873710385,False
2026-01-29 20:31:00+00:00,test,0.49208553286223417,False
2026-01-29 20:32:00+00:00,test,0.5174663146585429,False
2026-01-29 20:33:00+00:00,test,0.5420377348414481,False
2026-01-29 20:34:00+00:00,test,0.5207635656683297,False
2026-01-29 20:35:00+00:00,test,0.5571527034563019,False
2026-01-29 20:36:00+00:00,test,0.6299425095943071,False
2026-01-29 20:37:00+00:00,test,0.6932120267612876,False
2026-01-29 20:38:00+00:00,test,0.7004290051602844,False
2026-01-29 20:39:00+00:00,test,0.6310987776411813,False
2026-01-29 20:40:00+00:00,test,0.6095436474917925,False
2026-01-29 20:41:00+00:00,test,0.601806207470679,False
2026-01-29 20:42:00+00:00,test,0.6113528461479194,False
2026-01-29 20:43:00+00:00,test,0.6071771913442678,False
2026-01-29 20:44:00+00:00,test,1.0473819013641568,False
2026-01-29 20:45:00+00:00,test,0.6024043595917754,False
2026-01-29 20:46:00+00:00,test,0.6803187689320729,False
2026-01-29 20:47:00+00:00,test,0.728570694146396,False
2026-01-29 20:48:00+00:00,test,0.6925456878037757,False
2026-01-29 20:49:00+00:00,test,0.6873813964599258,False
2026-01-29 20:50:00+00:00,test,0.6664661340865462,False
2026-01-29 20:51:00+00:00,test,0.621432892748056,False
2026-01-29 20:52:00+00:00,test,1.130130577518567,False
2026-01-29 20:53:00+00:00,test,0.5975900883325235,False
2026-01-29 20:54:00+00:00,test,0.5978789885507454,False
2026-01-29 20:55:00+00:00,test,0.6070780943948816,False
2026-01-29 20:56:00+00:00,test,1.2621887521509045,False
2026-01-29 20:57:00+00:00,test,0.6102662494353217,False
2026-01-29 20:58:00+00:00,test,0.5966980730808626,False
2026-01-29 20:59:00+00:00,test,0.5964838204205178,False
2026-01-29 21:00:00+00:00,test,0.5613640998126753,False
2026-01-29 21:01:00+00:00,test,0.5833239146429348,False
2026-01-29 21:02:00+00:00,test,0.6415412079432281,False
2026-01-29 21:03:00+00:00,test,0.647917273863751,False
2026-01-29 21:04:00+00:00,test,0.69353959569251,False
2026-01-29 21:05:00+00:00,test,0.6952272203639802,False
2026-01-29 21:06:00+00:00,test,0.6891367224188846,False
2026-01-29 21:07:00+00:00,test,0.6659323730210126,False
2026-01-29 21:08:00+00:00,test,0.671372074636679,False
2026-01-29 21:09:00+00:00,test,0.6158032186660993,False
2026-01-29 21:10:00+00:00,test,0.6079052373519884,False
2026-01-29 21:11:00+00:00,test,0.5639255257164942,False
2026-01-29 21:12:00+00:00,test,0.5675617525449276,False
2026-01-29 21:13:00+00:00,test,0.5567633404081737,False
2026-01-29 21:14:00+00:00,test,0.5749551056375186,False
2026-01-29 21:15:00+00:00,test,0.5758420961833116,False
2026-01-29 21:16:00+00:00,test,0.6295022262454271,False
2026-01-29 21:17:00+00:00,test,0.6457919190644396,False
2026-01-29 21:18:00+00:00,test,0.6645158408018129,False
2026-01-29 21:19:00+00:00,test,0.680231421437129,False
2026-01-29 21:20:00+00:00,test,0.6617499629969793,False
2026-01-29 21:21:00+00:00,test,0.6205980626670435,False
2026-01-29 21:22:00+00:00,test,0.6248303911129882,False
2026-01-29 21:23:00+00:00,test,0.6408290409391345,False
2026-01-29 21:24:00+00:00,test,0.5913808173361906,False
2026-01-29 21:25:00+00:00,test,0.5583830784414386,False
2026-01-29 21:26:00+00:00,test,0.536836486985534,False
2026-01-29 21:27:00+00:00,test,0.5244061602165198,False
2026-01-29 21:28:00+00:00,test,0.5630094718829239,False
2026-01-29 21:29:00+00:00,test,0.624421900228525,False
2026-01-29 21:30:00+00:00,test,0.6495045691179361,False
2026-01-29 21:31:00+00:00,test,0.6233197168077061,False
2026-01-29 21:32:00+00:00,test,0.7187248554384923,False
2026-01-29 21:33:00+00:00,test,0.6856171521938051,False
2026-01-29 21:34:00+00:00,test,0.6574977024534823,False
2026-01-29 21:35:00+00:00,test,0.6379704969473141,False
2026-01-29 21:36:00+00:00,test,0.5764107887507134,False
2026-01-29 21:37:00+00:00,test,0.5778902942580282,False
2026-01-29 21:38:00+00:00,test,0.5833356514064031,False
2026-01-29 21:39:00+00:00,test,0.6176837618182663,False
2026-01-29 21:40:00+00:00,test,0.6607770651602731,False
2026-01-29 21:41:00+00:00,test,0.6936413277826694,False
2026-01-29 21:42:00+00:00,test,0.8116232711655026,False
2026-01-29 21:43:00+00:00,test,0.6620401454470778,False
2026-01-29 21:44:00+00:00,test,0.5682450558518273,False
2026-01-29 21:45:00+00:00,test,0.5538555030319176,False
2026-01-29 21:46:00+00:00,test,1.2428152423226644,False
2026-01-29 21:47:00+00:00,test,0.6111083324847436,False
2026-01-29 21:48:00+00:00,test,0.5103813344358201,False
2026-01-29 21:49:00+00:00,test,0.5069988896208799,False
2026-01-29 21:50:00+00:00,test,0.5075393837700802,False
2026-01-29 21:51:00+00:00,test,0.49131733443225595,False
2026-01-29 21:52:00+00:00,test,0.5270846242398638,False
2026-01-29 21:53:00+00:00,test,0.5277211015358344,False
2026-01-29 21:54:00+00:00,test,0.5788206603044469,False
2026-01-29 21:55:00+00:00,test,0.653546599787492,False
2026-01-29 21:56:00+00:00,test,0.7037377674889961,False
2026-01-29 21:57:00+00:00,test,0.7611780138444445,False
2026-01-29 21:58:00+00:00,test,0.774089382889204,False
2026-01-29 21:59:00+00:00,test,0.7443815458363773,False
2026-01-29 22:00:00+00:00,test,0.7225079928068371,False
2026-01-29 22:01:00+00:00,test,0.6630673786760723,False
2026-01-29 22:02:00+00:00,test,0.6363342134521561,False
2026-01-29 22:03:00+00:00,test,0.6514751445924888,False
2026-01-29 22:04:00+00:00,test,0.6479830137410577,False
2026-01-29 22:05:00+00:00,test,1.0535376688862308,False
2026-01-29 22:06:00+00:00,test,0.6472262084745798,False
2026-01-29 22:07:00+00:00,test,0.6386706748521604,False
2026-01-29 22:08:00+00:00,test,0.6499689948625295,False
2026-01-29 22:09:00+00:00,test,0.6081716902951123,False
2026-01-29 22:10:00+00:00,test,0.610806894745854,False
2026-01-29 22:11:00+00:00,test,0.6507425412300649,False
2026-01-29 22:12:00+00:00,test,0.6708874762948185,False
2026-01-29 22:13:00+00:00,test,0.6389863338440055,False
2026-01-29 22:14:00+00:00,test,0.7828567913492018,False
2026-01-29 22:15:00+00:00,test,0.7686579169963527,False
2026-01-29 22:16:00+00:00,test,0.8870696925726805,False
2026-01-29 22:17:00+00:00,test,0.6697343089690615,False
2026-01-29 22:18:00+00:00,test,0.6405759438465224,False
2026-01-29 22:19:00+00:00,test,0.6176026639429373,False
2026-01-29 22:20:00+00:00,test,0.6530645146160796,False
2026-01-29 22:21:00+00:00,test,1.4532517565028176,False
2026-01-29 22:22:00+00:00,test,1.0593709885200948,False
2026-01-29 22:23:00+00:00,test,1.035549676947826,False
2026-01-29 22:24:00+00:00,test,1.0071166215227365,False
2026-01-29 22:25:00+00:00,test,0.9943359390892574,False
2026-01-29 22:26:00+00:00,test,1.2775036632873296,False
2026-01-29 22:27:00+00:00,test,0.9940636417341107,False
2026-01-29 22:28:00+00:00,test,1.021117493608914,False
2026-01-29 22:29:00+00:00,test,1.0473507055939584,False
2026-01-29 22:30:00+00:00,test,1.0538269350102272,False
2026-01-29 22:31:00+00:00,test,0.8122515579770108,False
2026-01-29 22:32:00+00:00,test,0.84241162286246,False
2026-01-29 22:33:00+00:00,test,0.7751039453183127,False
2026-01-29 22:34:00+00:00,test,0.7373705530971615,False
2026-01-29 22:35:00+00:00,test,0.7035349594510936,False
2026-01-29 22:36:00+00:00,test,0.6799704085341348,False
2026-01-29 22:37:00+00:00,test,0.6773678394376024,False
2026-01-29 22:38:00+00:00,test,0.64476632538836,False
2026-01-29 22:39:00+00:00,test,0.643203149283924,False
2026-01-29 22:40:00+00:00,test,0.6621889669063494,False
2026-01-29 22:41:00+00:00,test,0.6910501676921291,False
2026-01-29 22:42:00+00:00,test,0.6737172930311403,False
2026-01-29 22:43:00+00:00,test,0.6613423245457262,False
2026-01-29 22:44:00+00:00,test,0.6771168553801264,False
2026-01-29 22:45:00+00:00,test,0.7058770330327998,False
2026-01-29 22:46:00+00:00,test,1.1118617677456322,False
2026-01-29 22:47:00+00:00,test,0.7728295600515535,False
2026-01-29 22:48:00+00:00,test,0.7916468969263512,False
2026-01-29 22:49:00+00:00,test,0.8007838971416079,False
2026-01-29 22:50:00+00:00,test,0.7240161298355356,False
2026-01-29 22:51:00+00:00,test,0.6731316122580676,False
2026-01-29 22:52:00+00:00,test,0.5928959149188231,False
2026-01-29 22:53:00+00:00,test,0.5281661325336473,False
2026-01-29 22:54:00+00:00,test,0.5841133702401109,False
2026-01-29 22:55:00+00:00,test,0.5130325454163883,False
2026-01-29 22:56:00+00:00,test,0.5721628844474975,False
2026-01-29 22:57:00+00:00,test,0.5584546580823481,False
2026-01-29 22:58:00+00:00,test,0.5318745806852774,False
2026-01-29 22:59:00+00:00,test,0.5763821163834085,False
2026-01-29 23:00:00+00:00,test,0.5353537936564594,False
2026-01-29 23:01:00+00:00,test,0.5876494343552802,False
2026-01-29 23:02:00+00:00,test,0.5391785370460336,False
2026-01-29 23:03:00+00:00,test,0.5691779103952727,False
2026-01-29 23:04:00+00:00,test,0.5456847025714775,False
2026-01-29 23:05:00+00:00,test,0.5405450061785528,False
2026-01-29 23:06:00+00:00,test,0.5660168846822818,False
2026-01-29 23:07:00+00:00,test,0.5191143579844745,False
2026-01-29 23:08:00+00:00,test,0.5382740756559996,False
2026-01-29 23:09:00+00:00,test,0.5018861638748126,False
2026-01-29 23:10:00+00:00,test,1.0815598725333742,False
2026-01-29 23:11:00+00:00,test,0.5190182066390917,False
2026-01-29 23:12:00+00:00,test,0.9789147022170729,False
2026-01-29 23:13:00+00:00,test,0.5220945809805888,False
2026-01-29 23:14:00+00:00,test,0.5467149264196683,False
2026-01-29 23:15:00+00:00,test,0.5419820581003061,False
2026-01-29 23:16:00+00:00,test,0.947292798480594,False
2026-01-29 23:17:00+00:00,test,1.1224660473466133,False
2026-01-29 23:18:00+00:00,test,0.4886055891634379,False
2026-01-29 23:19:00+00:00,test,0.4683515585527376,False
2026-01-29 23:20:00+00:00,test,0.4782924843244322,False
2026-01-29 23:21:00+00:00,test,0.47544210257099434,False
2026-01-29 23:22:00+00:00,test,0.5420814394607808,False
2026-01-29 23:23:00+00:00,test,0.6824571701928348,False
2026-01-29 23:24:00+00:00,test,0.6873689948271375,False
2026-01-29 23:25:00+00:00,test,0.7126062990790957,False
2026-01-29 23:26:00+00:00,test,0.7824968196365144,False
2026-01-29 23:27:00+00:00,test,0.6941368056636857,False
2026-01-29 23:28:00+00:00,test,0.6285057608498986,False
2026-01-29 23:29:00+00:00,test,0.5752017948469345,False
2026-01-29 23:30:00+00:00,test,0.5457910165355846,False
2026-01-29 23:31:00+00:00,test,1.144683187129954,False
2026-01-29 23:32:00+00:00,test,0.5096545787155249,False
2026-01-29 23:33:00+00:00,test,0.4603635635876988,False
2026-01-29 23:34:00+00:00,test,0.4876223969045431,False
2026-01-29 23:35:00+00:00,test,0.5597068784290472,False
2026-01-29 23:36:00+00:00,test,0.5326740440076669,False
2026-01-29 23:37:00+00:00,test,0.5172262698418091,False
2026-01-29 23:38:00+00:00,test,0.5904797912985115,False
2026-01-29 23:39:00+00:00,test,0.48705594464660623,False
2026-01-29 23:40:00+00:00,test,0.5020584950098078,False
2026-01-29 23:41:00+00:00,test,0.4989494441822612,False
2026-01-29 23:42:00+00:00,test,0.5036302495774353,False
2026-01-29 23:43:00+00:00,test,0.5718510122528219,False
2026-01-29 23:44:00+00:00,test,0.6167871248904322,False
2026-01-29 23:45:00+00:00,test,0.5827199795936657,False
2026-01-29 23:46:00+00:00,test,0.5984791940072965,False
2026-01-29 23:47:00+00:00,test,0.5713257214973354,False
2026-01-29 23:48:00+00:00,test,0.5926621527603427,False
2026-01-29 23:49:00+00:00,test,0.5924681431800779,False
2026-01-29 23:50:00+00:00,test,0.638209707378317,False
2026-01-29 23:51:00+00:00,test,0.6933630833105463,False
2026-01-29 23:52:00+00:00,test,0.7826527538718973,False
2026-01-29 23:53:00+00:00,test,0.7646026601021638,False
2026-01-29 23:54:00+00:00,test,0.7521125418347844,False
2026-01-29 23:55:00+00:00,test,0.6306594111129535,False
2026-01-29 23:56:00+00:00,test,0.5904118417025627,False
2026-01-29 23:57:00+00:00,test,0.5838389563347287,False
2026-01-29 23:58:00+00:00,test,0.5428829458648735,False
2026-01-29 23:59:00+00:00,test,0.5222131046840323,False
2026-01-30 00:00:00+00:00,test,0.5283138868785061,False
2026-01-30 00:01:00+00:00,test,0.5957103969785718,False
2026-01-30 00:02:00+00:00,test,0.6743328042065115,False
2026-01-30 00:03:00+00:00,test,0.6940491043296465,False
2026-01-30 00:04:00+00:00,test,0.7247330846916783,False
2026-01-30 00:05:00+00:00,test,0.7618354887491174,False
2026-01-30 00:06:00+00:00,test,0.7477809331883393,False
2026-01-30 00:07:00+00:00,test,0.6566523784981619,False
2026-01-30 00:08:00+00:00,test,0.5572976261638687,False
2026-01-30 00:09:00+00:00,test,0.5334389539910707,False
2026-01-30 00:10:00+00:00,test,0.4958440640626727,False
2026-01-30 00:11:00+00:00,test,0.5202158906797424,False
2026-01-30 00:12:00+00:00,test,0.5836442269996319,False
2026-01-30 00:13:00+00:00,test,0.5483126217681724,False
2026-01-30 00:14:00+00:00,test,0.5653798829508702,False
2026-01-30 00:15:00+00:00,test,0.553509398660895,False
2026-01-30 00:16:00+00:00,test,0.5976260357657689,False
2026-01-30 00:17:00+00:00,test,0.5939356136827179,False
2026-01-30 00:18:00+00:00,test,0.5735592511526676,False
2026-01-30 00:19:00+00:00,test,0.5655162472036847,False
2026-01-30 00:20:00+00:00,test,0.6270431813011782,False
2026-01-30 00:21:00+00:00,test,0.589755163834907,False
2026-01-30 00:22:00+00:00,test,0.5743227119306386,False
2026-01-30 00:23:00+00:00,test,0.6361642790960428,False
2026-01-30 00:24:00+00:00,test,0.7245986466880527,False
2026-01-30 00:25:00+00:00,test,0.6673973723537007,False
2026-01-30 00:26:00+00:00,test,0.7021900661167693,False
2026-01-30 00:27:00+00:00,test,0.6588412575609278,False
2026-01-30 00:28:00+00:00,test,0.6565231723543505,False
2026-01-30 00:29:00+00:00,test,0.6238425088594048,False
2026-01-30 00:30:00+00:00,test,0.5788654431322695,False
2026-01-30 00:31:00+00:00,test,0.6266660632469869,False
2026-01-30 00:32:00+00:00,test,0.6495562876584072,False
2026-01-30 00:33:00+00:00,test,0.9808884115612887,False
2026-01-30 00:34:00+00:00,test,0.6142232570929532,False
2026-01-30 00:35:00+00:00,test,0.561342811230281,False
2026-01-30 00:36:00+00:00,test,0.5223052199884981,False
2026-01-30 00:37:00+00:00,test,0.5078029847053965,False
2026-01-30 00:38:00+00:00,test,0.5285513459694197,False
2026-01-30 00:39:00+00:00,test,0.5316897705200699,False
2026-01-30 00:40:00+00:00,test,0.533785761502281,False
2026-01-30 00:41:00+00:00,test,0.5355635090621491,False
2026-01-30 00:42:00+00:00,test,0.5399043489586934,False
2026-01-30 00:43:00+00:00,test,0.5700041022903202,False
2026-01-30 00:44:00+00:00,test,0.6325316280257105,False
2026-01-30 00:45:00+00:00,test,0.5881329912335176,False
2026-01-30 00:46:00+00:00,test,0.6246472391563614,False
2026-01-30 00:47:00+00:00,test,0.6186721119538314,False
2026-01-30 00:48:00+00:00,test,1.0302068331192162,False
2026-01-30 00:49:00+00:00,test,0.595566275935613,False
2026-01-30 00:50:00+00:00,test,0.6194333068804382,False
2026-01-30 00:51:00+00:00,test,0.58714145191493,False
2026-01-30 00:52:00+00:00,test,0.556380168414106,False
2026-01-30 00:53:00+00:00,test,0.560741845445916,False
2026-01-30 00:54:00+00:00,test,0.5623643828697241,False
2026-01-30 00:55:00+00:00,test,0.5513944884128537,False
2026-01-30 00:56:00+00:00,test,0.5448266940693466,False
2026-01-30 00:57:00+00:00,test,0.5819405196933931,False
2026-01-30 00:58:00+00:00,test,0.6565548589625032,False
2026-01-30 00:59:00+00:00,test,0.67455739180848,False
2026-01-30 01:00:00+00:00,test,0.6859299530309054,False
2026-01-30 01:01:00+00:00,test,1.2215664798231587,False
2026-01-30 01:02:00+00:00,test,0.5747054474701018,False
2026-01-30 01:03:00+00:00,test,0.5665611275971753,False
2026-01-30 01:04:00+00:00,test,0.5732489467336439,False
2026-01-30 01:05:00+00:00,test,0.6030278147571377,False
2026-01-30 01:06:00+00:00,test,0.5283376711399058,False
2026-01-30 01:07:00+00:00,test,0.5626994154123067,False
2026-01-30 01:08:00+00:00,test,0.5999549295865864,False
2026-01-30 01:09:00+00:00,test,0.6261080941580406,False
2026-01-30 01:10:00+00:00,test,0.6132147292450342,False
2026-01-30 01:11:00+00:00,test,0.6107520132618193,False
2026-01-30 01:12:00+00:00,test,0.5691556634481102,False
2026-01-30 01:13:00+00:00,test,1.020385517222952,False
2026-01-30 01:14:00+00:00,test,0.5562776292911022,False
2026-01-30 01:15:00+00:00,test,0.5518167530374307,False
2026-01-30 01:16:00+00:00,test,0.5576523068028072,False
2026-01-30 01:17:00+00:00,test,0.5438007454865111,False
2026-01-30 01:18:00+00:00,test,0.5519920534320387,False
2026-01-30 01:19:00+00:00,test,0.6215420484056986,False
2026-01-30 01:20:00+00:00,test,0.6449305247378282,False
2026-01-30 01:21:00+00:00,test,0.6528316322570095,False
2026-01-30 01:22:00+00:00,test,0.6549773960447104,False
2026-01-30 01:23:00+00:00,test,0.6400101336874765,False
2026-01-30 01:24:00+00:00,test,0.6239930487079088,False
2026-01-30 01:25:00+00:00,test,0.6069339765085995,False
2026-01-30 01:26:00+00:00,test,0.5830120200028829,False
2026-01-30 01:27:00+00:00,test,0.5870031145155,False
2026-01-30 01:28:00+00:00,test,0.5810857777077671,False
2026-01-30 01:29:00+00:00,test,0.6159227105830114,False
2026-01-30 01:30:00+00:00,test,0.9822897821627851,False
2026-01-30 01:31:00+00:00,test,0.6041320961046913,False
2026-01-30 01:32:00+00:00,test,0.5846600931332139,False
2026-01-30 01:33:00+00:00,test,0.580991180431012,False
2026-01-30 01:34:00+00:00,test,0.5803123625302237,False
2026-01-30 01:35:00+00:00,test,0.6063692785671826,False
2026-01-30 01:36:00+00:00,test,0.6030580693075118,False
2026-01-30 01:37:00+00:00,test,0.6153789477471229,False
2026-01-30 01:38:00+00:00,test,0.6215164033637263,False
2026-01-30 01:39:00+00:00,test,0.5437639420729868,False
2026-01-30 01:40:00+00:00,test,0.5714500954485492,False
2026-01-30 01:41:00+00:00,test,0.5921123139503628,False
2026-01-30 01:42:00+00:00,test,0.5768073059307526,False
2026-01-30 01:43:00+00:00,test,0.5506033146965045,False
2026-01-30 01:44:00+00:00,test,0.5485142005447189,False
2026-01-30 01:45:00+00:00,test,0.5778749772897598,False
2026-01-30 01:46:00+00:00,test,0.9484309432021949,False
2026-01-30 01:47:00+00:00,test,0.5391000721037527,False
2026-01-30 01:48:00+00:00,test,0.5381693718531081,False
2026-01-30 01:49:00+00:00,test,0.5460064011949175,False
2026-01-30 01:50:00+00:00,test,0.5654141160989029,False
2026-01-30 01:51:00+00:00,test,0.5621338412326274,False
2026-01-30 01:52:00+00:00,test,0.5770396736680369,False
2026-01-30 01:53:00+00:00,test,0.5404598240497457,False
2026-01-30 01:54:00+00:00,test,0.5634857567004047,False
2026-01-30 01:55:00+00:00,test,0.5650113157986429,False
2026-01-30 01:56:00+00:00,test,0.5490609770097266,False
2026-01-30 01:57:00+00:00,test,0.6162078080447596,False
2026-01-30 01:58:00+00:00,test,1.2665744544563147,False
2026-01-30 01:59:00+00:00,test,1.2416874868882495,False
2026-01-30 02:00:00+00:00,test,1.2543087189352362,False
2026-01-30 02:01:00+00:00,test,1.2656624093801987,False
2026-01-30 02:02:00+00:00,test,1.299473192143025,False
2026-01-30 02:03:00+00:00,test,1.5419882775688494,False
2026-01-30 02:04:00+00:00,test,1.2994554159737526,False
2026-01-30 02:05:00+00:00,test,1.336438165449002,False
2026-01-30 02:06:00+00:00,test,1.3071065428753632,False
2026-01-30 02:07:00+00:00,test,0.7487461614503168,False
2026-01-30 02:08:00+00:00,test,0.6711690499621299,False
2026-01-30 02:09:00+00:00,test,0.6031587344404535,False
2026-01-30 02:10:00+00:00,test,0.611389099377804,False
2026-01-30 02:11:00+00:00,test,0.595458338857526,False
2026-01-30 02:12:00+00:00,test,0.55674406147608,False
2026-01-30 02:13:00+00:00,test,0.5741915645487795,False
2026-01-30 02:14:00+00:00,test,0.5217658546983598,False
2026-01-30 02:15:00+00:00,test,0.5190738497467463,False
2026-01-30 02:16:00+00:00,test,0.5300130027008779,False
2026-01-30 02:17:00+00:00,test,0.5366195382496892,False
2026-01-30 02:18:00+00:00,test,0.5777073923912893,False
2026-01-30 02:19:00+00:00,test,0.612797397574063,False
2026-01-30 02:20:00+00:00,test,0.6240685241324032,False
2026-01-30 02:21:00+00:00,test,0.6469456560254283,False
2026-01-30 02:22:00+00:00,test,0.610777265985376,False
2026-01-30 02:23:00+00:00,test,0.6393326049250079,False
2026-01-30 02:24:00+00:00,test,0.5985833488512876,False
2026-01-30 02:25:00+00:00,test,0.6169302394538185,False
2026-01-30 02:26:00+00:00,test,0.6288389281015618,False
2026-01-30 02:27:00+00:00,test,0.6878693665850679,False
2026-01-30 02:28:00+00:00,test,0.6903879185842776,False
2026-01-30 02:29:00+00:00,test,0.6842398074653534,False
2026-01-30 02:30:00+00:00,test,0.7251496173337147,False
2026-01-30 02:31:00+00:00,test,0.668121739774296,False
2026-01-30 02:32:00+00:00,test,0.6582997193402885,False
2026-01-30 02:33:00+00:00,test,1.2550177996742653,False
2026-01-30 02:34:00+00:00,test,0.6116098611292771,False
2026-01-30 02:35:00+00:00,test,0.6249598825506999,False
2026-01-30 02:36:00+00:00,test,0.6413889158504595,False
2026-01-30 02:37:00+00:00,test,0.6131369768242584,False
2026-01-30 02:38:00+00:00,test,0.6232517570874656,False
2026-01-30 02:39:00+00:00,test,0.6745638260142155,False
2026-01-30 02:40:00+00:00,test,0.6929822547491203,False
2026-01-30 02:41:00+00:00,test,0.6604662208551264,False
2026-01-30 02:42:00+00:00,test,0.6609680237516442,False
2026-01-30 02:43:00+00:00,test,0.7287146881488719,False
2026-01-30 02:44:00+00:00,test,0.6729567051451499,False
2026-01-30 02:45:00+00:00,test,0.7149216740603701,False
2026-01-30 02:46:00+00:00,test,0.6438542130536247,False
2026-01-30 02:47:00+00:00,test,1.1443486398538927,False
2026-01-30 02:48:00+00:00,test,0.5890924947583944,False
2026-01-30 02:49:00+00:00,test,0.61375227635337,False
2026-01-30 02:50:00+00:00,test,0.6435310421501677,False
2026-01-30 02:51:00+00:00,test,0.6860472263299712,False
2026-01-30 02:52:00+00:00,test,0.6724797189981537,False
2026-01-30 02:53:00+00:00,test,0.7860621029290161,False
2026-01-30 02:54:00+00:00,test,0.8221533083729384,False
2026-01-30 02:55:00+00:00,test,0.8410523546380133,False
2026-01-30 02:56:00+00:00,test,0.852964670229762,False
2026-01-30 02:57:00+00:00,test,0.851960965397771,False
2026-01-30 02:58:00+00:00,test,0.784881641056999,False
2026-01-30 02:59:00+00:00,test,0.6993959496189719,False
2026-01-30 03:00:00+00:00,test,0.6223762974123344,False
2026-01-30 03:01:00+00:00,test,0.6351557874659943,False
2026-01-30 03:02:00+00:00,test,0.6323746753274457,False
2026-01-30 03:03:00+00:00,test,0.6551416061014093,False
2026-01-30 03:04:00+00:00,test,0.5250024038545884,False
2026-01-30 03:05:00+00:00,test,1.092213444348592,False
2026-01-30 03:06:00+00:00,test,0.5771185576162505,False
2026-01-30 03:07:00+00:00,test,0.5765096944024495,False
2026-01-30 03:08:00+00:00,test,0.5582442826064259,False
2026-01-30 03:09:00+00:00,test,0.5781122500062832,False
2026-01-30 03:10:00+00:00,test,0.588492696052605,False
2026-01-30 03:11:00+00:00,test,0.5806878660321874,False
2026-01-30 03:12:00+00:00,test,0.5745774974229181,False
2026-01-30 03:13:00+00:00,test,0.5727407617361788,False
2026-01-30 03:14:00+00:00,test,0.6010597049391917,False
2026-01-30 03:15:00+00:00,test,0.5349871970204607,False
2026-01-30 03:16:00+00:00,test,0.5486771459182275,False
2026-01-30 03:17:00+00:00,test,0.5707980495675923,False
2026-01-30 03:18:00+00:00,test,0.570861640745091,False
2026-01-30 03:19:00+00:00,test,0.641099523960422,False
2026-01-30 03:20:00+00:00,test,0.6442838285718875,False
2026-01-30 03:21:00+00:00,test,0.6568740700185766,False
2026-01-30 03:22:00+00:00,test,0.6920724545148028,False
2026-01-30 03:23:00+00:00,test,0.7290113132179421,False
2026-01-30 03:24:00+00:00,test,0.7285088919783533,False
2026-01-30 03:25:00+00:00,test,0.7452820175504687,False
2026-01-30 03:26:00+00:00,test,0.7664121312890436,False
2026-01-30 03:29:00+00:00,test,0.7987044329964196,False
2026-01-30 03:30:00+00:00,test,0.7323159569689427,False
2026-01-30 03:31:00+00:00,test,0.6277434672070532,False
2026-01-30 03:32:00+00:00,test,0.609304479235082,False
2026-01-30 03:33:00+00:00,test,0.6153846531950203,False
2026-01-30 03:34:00+00:00,test,0.6331107446634068,False
2026-01-30 03:35:00+00:00,test,0.6244596223475278,False
2026-01-30 03:36:00+00:00,test,0.687217428064207,False
2026-01-30 03:37:00+00:00,test,0.7137190001909274,False
2026-01-30 03:38:00+00:00,test,0.6839584493724368,False
2026-01-30 03:39:00+00:00,test,0.6039445947145706,False
2026-01-30 03:40:00+00:00,test,1.2360445986369206,False
2026-01-30 03:41:00+00:00,test,0.5529998469483606,False
2026-01-30 03:42:00+00:00,test,0.5617420862827479,False
2026-01-30 03:43:00+00:00,test,0.5735250390848281,False
2026-01-30 03:44:00+00:00,test,1.1856998192300632,False
2026-01-30 03:45:00+00:00,test,0.6907921063046525,False
2026-01-30 03:46:00+00:00,test,0.7699812310985356,False
2026-01-30 03:47:00+00:00,test,0.7669920595455666,False
2026-01-30 03:48:00+00:00,test,0.7259650585285498,False
2026-01-30 03:49:00+00:00,test,0.670435851413235,False
2026-01-30 03:50:00+00:00,test,0.6177297916822709,False
2026-01-30 03:51:00+00:00,test,0.6500616690711295,False
2026-01-30 03:52:00+00:00,test,0.6424583615415759,False
2026-01-30 03:53:00+00:00,test,0.6607551328995952,False
2026-01-30 03:54:00+00:00,test,1.2909745669612689,False
2026-01-30 03:55:00+00:00,test,0.738268222846813,False
2026-01-30 03:56:00+00:00,test,0.7622958104871509,False
2026-01-30 03:57:00+00:00,test,0.7993582531740664,False
2026-01-30 03:58:00+00:00,test,0.7980073225338844,False
2026-01-30 03:59:00+00:00,test,0.7690140452537824,False
2026-01-30 04:00:00+00:00,test,0.8070391631653038,False
2026-01-30 04:01:00+00:00,test,0.7871484990076515,False
2026-01-30 04:02:00+00:00,test,0.7612397294040559,False
2026-01-30 04:03:00+00:00,test,0.7732033838695518,False
2026-01-30 04:04:00+00:00,test,0.7668653709568939,False
2026-01-30 04:05:00+00:00,test,0.735066210201399,False
2026-01-30 04:06:00+00:00,test,0.7684128949657618,False
2026-01-30 04:07:00+00:00,test,0.7771801528901754,False
2026-01-30 04:08:00+00:00,test,0.7215807446471515,False
2026-01-30 04:09:00+00:00,test,0.6833333513988739,False
2026-01-30 04:10:00+00:00,test,0.7412783518931202,False
2026-01-30 04:11:00+00:00,test,0.6930004517082011,False
2026-01-30 04:12:00+00:00,test,0.7061440958499681,False
2026-01-30 04:13:00+00:00,test,0.6700597083796304,False
2026-01-30 04:14:00+00:00,test,0.7360780085327115,False
2026-01-30 04:15:00+00:00,test,0.6975129933148314,False
2026-01-30 04:16:00+00:00,test,1.0283993414496622,False
2026-01-30 04:17:00+00:00,test,0.9660947236882197,False
2026-01-30 04:18:00+00:00,test,0.8552558218279408,False
2026-01-30 04:19:00+00:00,test,0.8413949401680527,False
2026-01-30 04:20:00+00:00,test,0.8198667874002685,False
2026-01-30 04:21:00+00:00,test,0.8095834325650766,False
2026-01-30 04:22:00+00:00,test,0.9831176722319428,False
2026-01-30 04:23:00+00:00,test,0.8386344164392494,False
2026-01-30 04:24:00+00:00,test,0.8209755785613002,False
2026-01-30 04:25:00+00:00,test,0.8145999703149576,False
2026-01-30 04:26:00+00:00,test,0.8618478629955829,False
2026-01-30 04:27:00+00:00,test,0.6657431447045596,False
2026-01-30 04:28:00+00:00,test,0.7036886071103318,False
2026-01-30 04:29:00+00:00,test,0.6503594050827075,False
2026-01-30 04:30:00+00:00,test,0.6357324564824001,False
2026-01-30 04:31:00+00:00,test,0.6556819823219054,False
2026-01-30 04:32:00+00:00,test,0.6646324161463305,False
2026-01-30 04:33:00+00:00,test,0.7335016431744934,False
2026-01-30 04:34:00+00:00,test,0.7517063922000107,False
2026-01-30 04:35:00+00:00,test,0.7192886212431275,False
2026-01-30 04:36:00+00:00,test,0.7215277196326413,False
2026-01-30 04:37:00+00:00,test,0.6756432679739851,False
2026-01-30 04:38:00+00:00,test,0.6782706433305817,False
2026-01-30 04:39:00+00:00,test,0.6391948934873607,False
2026-01-30 04:40:00+00:00,test,0.6537898230271035,False
2026-01-30 04:41:00+00:00,test,1.0539145171835784,False
2026-01-30 04:42:00+00:00,test,1.0638895028877182,False
2026-01-30 04:43:00+00:00,test,1.0570142906428899,False
2026-01-30 04:44:00+00:00,test,1.056920789634815,False
2026-01-30 04:45:00+00:00,test,1.0625282121040605,False
2026-01-30 04:46:00+00:00,test,1.0678289322897077,False
2026-01-30 04:47:00+00:00,test,1.067765574614274,False
2026-01-30 04:48:00+00:00,test,1.0877862850449658,False
2026-01-30 04:49:00+00:00,test,1.080621175989786,False
2026-01-30 04:50:00+00:00,test,1.0615315656085336,False
2026-01-30 04:51:00+00:00,test,1.0476849722594859,False
2026-01-30 04:52:00+00:00,test,1.0545248404620875,False
2026-01-30 04:53:00+00:00,test,1.0772291997062975,False
2026-01-30 04:54:00+00:00,test,1.0696380181838931,False
2026-01-30 04:55:00+00:00,test,1.0811282703435086,False
2026-01-30 04:56:00+00:00,test,1.0823750730353772,False
2026-01-30 04:57:00+00:00,test,1.1275166725983587,False
2026-01-30 04:58:00+00:00,test,0.7166285133547254,False
2026-01-30 04:59:00+00:00,test,0.7155983968741623,False
2026-01-30 05:00:00+00:00,test,0.6816282657542089,False
2026-01-30 05:01:00+00:00,test,0.696193931722678,False
2026-01-30 05:02:00+00:00,test,0.7483367720499734,False
2026-01-30 05:03:00+00:00,test,1.2205144489112707,False
2026-01-30 05:04:00+00:00,test,1.2211350979926359,False
2026-01-30 05:05:00+00:00,test,1.1789442292124825,False
2026-01-30 05:06:00+00:00,test,1.1693506369361903,False
2026-01-30 05:07:00+00:00,test,1.1637421325472541,False
2026-01-30 05:08:00+00:00,test,1.1667665318542186,False
2026-01-30 05:09:00+00:00,test,1.170708504044401,False
2026-01-30 05:10:00+00:00,test,1.1809283675268232,False
2026-01-30 05:11:00+00:00,test,1.2128978754853377,False
2026-01-30 05:12:00+00:00,test,1.2549767034454917,False
2026-01-30 05:13:00+00:00,test,1.2496644815723632,False
2026-01-30 05:14:00+00:00,test,1.2708455694078418,False
2026-01-30 05:15:00+00:00,test,1.2411825007121307,False
2026-01-30 05:16:00+00:00,test,1.201515951878874,False
2026-01-30 05:17:00+00:00,test,1.1881863619338062,False
2026-01-30 05:18:00+00:00,test,1.1813345004089144,False
2026-01-30 05:19:00+00:00,test,1.1897096864380754,False
2026-01-30 05:20:00+00:00,test,1.5813310228376574,False
2026-01-30 05:21:00+00:00,test,1.194171688772699,False
2026-01-30 05:22:00+00:00,test,1.1704021007646122,False
2026-01-30 05:23:00+00:00,test,1.191408693370649,False
2026-01-30 05:24:00+00:00,test,1.1828199227723921,False
2026-01-30 05:25:00+00:00,test,1.2401619373388062,False
2026-01-30 05:26:00+00:00,test,1.2726854845845594,False
2026-01-30 05:27:00+00:00,test,1.2515645485908409,False
2026-01-30 05:28:00+00:00,test,1.2387762946290866,False
2026-01-30 05:29:00+00:00,test,1.2242670454876858,False
2026-01-30 05:30:00+00:00,test,1.2311850489280052,False
2026-01-30 05:31:00+00:00,test,1.2031287457517175,False
2026-01-30 05:32:00+00:00,test,1.2243426745438488,False
2026-01-30 05:33:00+00:00,test,1.5839917435665205,False
2026-01-30 05:34:00+00:00,test,1.213611001210408,False
2026-01-30 05:35:00+00:00,test,1.197336519346987,False
2026-01-30 05:36:00+00:00,test,1.1867588278705015,False
2026-01-30 05:37:00+00:00,test,1.1888796116874178,False
2026-01-30 05:38:00+00:00,test,1.2027909960980228,False
2026-01-30 05:39:00+00:00,test,1.211110545091804,False
2026-01-30 05:40:00+00:00,test,1.212935047206906,False
2026-01-30 05:41:00+00:00,test,1.2250649055083322,False
2026-01-30 05:42:00+00:00,test,1.2334160099022176,False
2026-01-30 05:43:00+00:00,test,1.2167441806381432,False
2026-01-30 05:44:00+00:00,test,1.2051129331126134,False
2026-01-30 05:45:00+00:00,test,1.2187300619809083,False
2026-01-30 05:46:00+00:00,test,1.2150421891796568,False
2026-01-30 05:47:00+00:00,test,1.2195758361748585,False
2026-01-30 05:48:00+00:00,test,1.4611565671582685,False
2026-01-30 05:49:00+00:00,test,1.1868166795117732,False
2026-01-30 05:50:00+00:00,test,1.1839258962420147,False
2026-01-30 05:51:00+00:00,test,1.198780160765828,False
2026-01-30 05:52:00+00:00,test,1.2118997044443505,False
2026-01-30 05:53:00+00:00,test,1.202539947110112,False
2026-01-30 05:54:00+00:00,test,1.2015286294553238,False
2026-01-30 05:55:00+00:00,test,1.2079177541678563,False
2026-01-30 05:56:00+00:00,test,1.2104192997579117,False
2026-01-30 05:57:00+00:00,test,1.1876528994230569,False
2026-01-30 05:58:00+00:00,test,1.207442562878223,False
2026-01-30 05:59:00+00:00,test,1.202273298359444,False
2026-01-30 06:00:00+00:00,test,1.2646833726278346,False
2026-01-30 06:01:00+00:00,test,1.2768221113616716,False
2026-01-30 06:02:00+00:00,test,1.2668422413367415,False
2026-01-30 06:03:00+00:00,test,1.3158228313727167,False
2026-01-30 06:04:00+00:00,test,1.2845145888708234,False
2026-01-30 06:05:00+00:00,test,1.2622708382534038,False
2026-01-30 06:06:00+00:00,test,1.2241357182562322,False
2026-01-30 06:07:00+00:00,test,1.2140679927208002,False
2026-01-30 06:08:00+00:00,test,1.1884328826636918,False
2026-01-30 06:09:00+00:00,test,1.185695038682635,False
2026-01-30 06:10:00+00:00,test,1.1907534501813049,False
2026-01-30 06:11:00+00:00,test,1.1912386623379336,False
2026-01-30 06:12:00+00:00,test,1.2166700717451189,False
2026-01-30 06:13:00+00:00,test,1.5785268082050639,False
2026-01-30 06:14:00+00:00,test,1.195749967636516,False
2026-01-30 06:15:00+00:00,test,1.207865216944623,False
2026-01-30 06:16:00+00:00,test,1.1784173264442528,False
2026-01-30 06:17:00+00:00,test,1.4038766688161648,False
2026-01-30 06:18:00+00:00,test,1.2048793862315055,False
2026-01-30 06:19:00+00:00,test,1.2322297468622767,False
2026-01-30 06:20:00+00:00,test,1.2625891469059078,False
2026-01-30 06:21:00+00:00,test,1.2340879820980961,False
2026-01-30 06:22:00+00:00,test,1.2277562140367337,False
2026-01-30 06:23:00+00:00,test,0.7703518651731439,False
2026-01-30 06:24:00+00:00,test,0.7826450311946427,False
2026-01-30 06:25:00+00:00,test,0.7796660423764414,False
2026-01-30 06:26:00+00:00,test,0.7816350424179176,False
2026-01-30 06:27:00+00:00,test,0.7807894287578668,False
2026-01-30 06:28:00+00:00,test,0.748793306916347,False
2026-01-30 06:29:00+00:00,test,0.7990428953056697,False
2026-01-30 06:30:00+00:00,test,0.8375877965402696,False
2026-01-30 06:31:00+00:00,test,0.9172479688026094,False
2026-01-30 06:32:00+00:00,test,0.9442354949227116,False
2026-01-30 06:33:00+00:00,test,1.2523371164485113,False
2026-01-30 06:34:00+00:00,test,0.930065968526188,False
2026-01-30 06:35:00+00:00,test,0.9255311105826243,False
2026-01-30 06:36:00+00:00,test,0.9277825388914169,False
2026-01-30 06:37:00+00:00,test,0.9035647893679143,False
2026-01-30 06:38:00+00:00,test,0.8681635608179957,False
2026-01-30 06:39:00+00:00,test,0.8881242521685545,False
2026-01-30 06:40:00+00:00,test,0.9275553091038927,False
2026-01-30 06:41:00+00:00,test,0.9162278119212109,False
2026-01-30 06:42:00+00:00,test,1.1712971091344044,False
2026-01-30 06:43:00+00:00,test,0.9108314219414394,False
2026-01-30 06:44:00+00:00,test,0.8963241698602862,False
2026-01-30 06:45:00+00:00,test,0.929383092666124,False
2026-01-30 06:46:00+00:00,test,0.9245901835486443,False
2026-01-30 06:47:00+00:00,test,0.9371324041621855,False
2026-01-30 06:48:00+00:00,test,0.9463032825528599,False
2026-01-30 06:49:00+00:00,test,0.9307668259037347,False
2026-01-30 06:50:00+00:00,test,0.9116950241284609,False
2026-01-30 06:51:00+00:00,test,1.3151841967891085,False
2026-01-30 06:52:00+00:00,test,0.9335392997609189,False
2026-01-30 06:53:00+00:00,test,0.9601172358677339,False
2026-01-30 06:54:00+00:00,test,0.9893558962013805,False
2026-01-30 06:55:00+00:00,test,1.0230028423781217,False
2026-01-30 06:56:00+00:00,test,1.084184236839981,False
2026-01-30 06:57:00+00:00,test,1.0973427050905462,False
2026-01-30 06:58:00+00:00,test,1.092374895510117,False
2026-01-30 06:59:00+00:00,test,1.3429686235227785,False
2026-01-30 07:00:00+00:00,test,1.0350718959369432,False
2026-01-30 07:01:00+00:00,test,1.028037117266301,False
2026-01-30 07:02:00+00:00,test,1.0385601164532028,False
2026-01-30 07:03:00+00:00,test,1.0435185179196897,False
2026-01-30 07:04:00+00:00,test,1.036684632780689,False
2026-01-30 07:05:00+00:00,test,1.0479167676965677,False
2026-01-30 07:06:00+00:00,test,1.257753932377447,False
2026-01-30 07:07:00+00:00,test,1.0165450838054044,False
2026-01-30 07:08:00+00:00,test,0.982312434442429,False
2026-01-30 07:09:00+00:00,test,0.9887295599746432,False
2026-01-30 07:10:00+00:00,test,0.952876157470935,False
2026-01-30 07:11:00+00:00,test,0.9789103197476351,False
2026-01-30 07:12:00+00:00,test,0.9943535751612759,False
2026-01-30 07:13:00+00:00,test,1.0100813181436588,False
2026-01-30 07:14:00+00:00,test,1.0115823894775127,False
2026-01-30 07:15:00+00:00,test,1.0143423058141188,False
2026-01-30 07:16:00+00:00,test,1.016087275845888,False
2026-01-30 07:17:00+00:00,test,1.00476798789891,False
2026-01-30 07:18:00+00:00,test,0.9974855710432048,False
2026-01-30 07:19:00+00:00,test,1.0275749172988313,False
2026-01-30 07:20:00+00:00,test,1.078809957362078,False
2026-01-30 07:21:00+00:00,test,1.1443206733768991,False
2026-01-30 07:22:00+00:00,test,1.184255147467588,False
2026-01-30 07:23:00+00:00,test,1.1470552626768524,False
2026-01-30 07:24:00+00:00,test,1.073482078700221,False
2026-01-30 07:25:00+00:00,test,0.9822116025503963,False
2026-01-30 07:26:00+00:00,test,0.9474418116292155,False
2026-01-30 07:27:00+00:00,test,0.926015141903311,False
2026-01-30 07:28:00+00:00,test,0.8698389149939957,False
2026-01-30 07:29:00+00:00,test,0.8768346552500488,False
2026-01-30 07:30:00+00:00,test,0.8768503304589378,False
2026-01-30 07:31:00+00:00,test,0.8487337178493546,False
2026-01-30 07:32:00+00:00,test,0.8585117930834619,False
2026-01-30 07:33:00+00:00,test,0.8134204253596153,False
2026-01-30 07:34:00+00:00,test,0.8175653112081774,False
2026-01-30 07:35:00+00:00,test,0.8227919927426066,False
2026-01-30 07:36:00+00:00,test,0.8177279303953306,False
2026-01-30 07:37:00+00:00,test,0.8377428530389638,False
2026-01-30 07:38:00+00:00,test,0.8307660663840015,False
2026-01-30 07:39:00+00:00,test,0.8547881925355485,False
2026-01-30 07:40:00+00:00,test,0.8198152770763123,False
2026-01-30 07:41:00+00:00,test,0.8076102075296178,False
2026-01-30 07:42:00+00:00,test,0.8074611560936729,False
2026-01-30 07:43:00+00:00,test,0.848205401741982,False
2026-01-30 07:44:00+00:00,test,0.8749317396702927,False
2026-01-30 07:45:00+00:00,test,0.8855403649423439,False
2026-01-30 07:46:00+00:00,test,0.8455270149563625,False
2026-01-30 07:47:00+00:00,test,0.8577050415218459,False
2026-01-30 07:48:00+00:00,test,0.8576738622174683,False
2026-01-30 07:49:00+00:00,test,0.8470368420801284,False
2026-01-30 07:50:00+00:00,test,0.842403935010647,False
2026-01-30 07:51:00+00:00,test,0.8294713812119344,False
2026-01-30 07:52:00+00:00,test,0.8128094082231462,False
2026-01-30 07:53:00+00:00,test,0.8228309677552711,False
2026-01-30 07:54:00+00:00,test,0.8184073673669815,False
2026-01-30 07:55:00+00:00,test,0.8075188730789385,False
2026-01-30 07:56:00+00:00,test,0.7849688703626837,False
2026-01-30 07:57:00+00:00,test,0.8033416560440285,False
2026-01-30 07:58:00+00:00,test,0.8404768632223429,False
2026-01-30 07:59:00+00:00,test,0.8387487698081962,False
2026-01-30 08:00:00+00:00,test,0.8160811851991499,False
2026-01-30 08:01:00+00:00,test,0.8532278288445656,False
2026-01-30 08:02:00+00:00,test,0.8370619529807993,False
2026-01-30 08:03:00+00:00,test,0.8437084524574023,False
2026-01-30 08:04:00+00:00,test,0.822469232710461,False
2026-01-30 08:05:00+00:00,test,0.7902265672538373,False
2026-01-30 08:06:00+00:00,test,0.8095605844595164,False
2026-01-30 08:07:00+00:00,test,1.2759690615113481,False
2026-01-30 08:08:00+00:00,test,0.9198332743930143,False
2026-01-30 08:09:00+00:00,test,0.9262661169104957,False
2026-01-30 08:10:00+00:00,test,1.2296539535556004,False
2026-01-30 08:11:00+00:00,test,1.3144860895218622,False
2026-01-30 08:12:00+00:00,test,0.8713984131446358,False
2026-01-30 08:13:00+00:00,test,0.8103739497584003,False
2026-01-30 08:14:00+00:00,test,0.7732347978558543,False
2026-01-30 08:15:00+00:00,test,0.7801659419337064,False
2026-01-30 08:16:00+00:00,test,0.8030434517867693,False
2026-01-30 08:17:00+00:00,test,0.770154302239285,False
2026-01-30 08:18:00+00:00,test,1.139568113981664,False
2026-01-30 08:19:00+00:00,test,0.7730212042444256,False
2026-01-30 08:20:00+00:00,test,0.7710038655344914,False
2026-01-30 08:21:00+00:00,test,0.7670270914579027,False
2026-01-30 08:22:00+00:00,test,0.7827210534574495,False
2026-01-30 08:23:00+00:00,test,0.7937307952722994,False
2026-01-30 08:24:00+00:00,test,0.8115962854854247,False
2026-01-30 08:25:00+00:00,test,0.8053823034405607,False
2026-01-30 08:26:00+00:00,test,0.8531788219430559,False
2026-01-30 08:27:00+00:00,test,0.8256750730059056,False
2026-01-30 08:28:00+00:00,test,0.8218873154411104,False
2026-01-30 08:29:00+00:00,test,0.7703771988011312,False
2026-01-30 08:30:00+00:00,test,0.7432885319307497,False
2026-01-30 08:31:00+00:00,test,0.7436285092204461,False
2026-01-30 08:32:00+00:00,test,0.7354524555612383,False
2026-01-30 08:33:00+00:00,test,0.7299989756585468,False
2026-01-30 08:34:00+00:00,test,0.7289905740655098,False
2026-01-30 08:35:00+00:00,test,0.6970759185080829,False
2026-01-30 08:36:00+00:00,test,0.6869418506754974,False
2026-01-30 08:37:00+00:00,test,0.7108845677214396,False
2026-01-30 08:38:00+00:00,test,0.7193013526359683,False
2026-01-30 08:39:00+00:00,test,0.7099078094230667,False
2026-01-30 08:40:00+00:00,test,0.722288415213099,False
2026-01-30 08:41:00+00:00,test,0.7394029554248523,False
2026-01-30 08:42:00+00:00,test,1.3389350227247145,False
2026-01-30 08:43:00+00:00,test,0.7291194298826457,False
2026-01-30 08:44:00+00:00,test,0.7736232875378074,False
2026-01-30 08:45:00+00:00,test,0.7685307369407439,False
2026-01-30 08:46:00+00:00,test,0.7894979199468182,False
2026-01-30 08:47:00+00:00,test,0.7606349806634938,False
2026-01-30 08:48:00+00:00,test,0.7692029896135906,False
2026-01-30 08:49:00+00:00,test,0.7697998770022256,False
2026-01-30 08:50:00+00:00,test,0.8111991267196739,False
2026-01-30 08:51:00+00:00,test,0.8417457030318942,False
2026-01-30 08:52:00+00:00,test,0.7861221356827593,False
2026-01-30 08:53:00+00:00,test,0.7841989757005868,False
2026-01-30 08:54:00+00:00,test,0.7785874571249372,False
2026-01-30 08:55:00+00:00,test,0.7778036272956853,False
2026-01-30 08:56:00+00:00,test,0.7776910345156579,False
2026-01-30 08:57:00+00:00,test,0.7590703340005238,False
2026-01-30 08:58:00+00:00,test,0.7455470393888478,False
2026-01-30 08:59:00+00:00,test,0.7992858955636943,False
2026-01-30 09:00:00+00:00,test,0.7764880652300914,False
2026-01-30 09:01:00+00:00,test,0.7587877787623439,False
2026-01-30 09:02:00+00:00,test,0.7595633575666043,False
2026-01-30 09:03:00+00:00,test,0.7641473913706291,False
2026-01-30 09:04:00+00:00,test,0.7681317317974359,False
2026-01-30 09:05:00+00:00,test,0.7823940934044937,False
2026-01-30 09:06:00+00:00,test,0.797410482618746,False
2026-01-30 09:07:00+00:00,test,0.819627087554904,False
2026-01-30 09:08:00+00:00,test,0.8286685497885486,False
2026-01-30 09:09:00+00:00,test,0.814448902398867,False
2026-01-30 09:10:00+00:00,test,0.8313893229422821,False
2026-01-30 09:11:00+00:00,test,0.8325618609356501,False
2026-01-30 09:12:00+00:00,test,0.8228359956245309,False
2026-01-30 09:13:00+00:00,test,0.7980922264760264,False
2026-01-30 09:14:00+00:00,test,0.8167624771648966,False
2026-01-30 09:15:00+00:00,test,0.8574555186720046,False
2026-01-30 09:16:00+00:00,test,0.8580207335155219,False
2026-01-30 09:17:00+00:00,test,0.8455703099150599,False
2026-01-30 09:18:00+00:00,test,0.8484524095881283,False
2026-01-30 09:19:00+00:00,test,0.856810559973817,False
2026-01-30 09:20:00+00:00,test,0.9354246803022446,False
2026-01-30 09:21:00+00:00,test,0.9499416368528866,False
2026-01-30 09:22:00+00:00,test,0.9606990249938693,False
2026-01-30 09:23:00+00:00,test,0.9781434338046601,False
2026-01-30 09:24:00+00:00,test,1.3279201692656395,False
2026-01-30 09:25:00+00:00,test,0.8946369463923793,False
2026-01-30 09:26:00+00:00,test,0.9150179965962054,False
2026-01-30 09:27:00+00:00,test,0.9596379712299845,False
2026-01-30 09:28:00+00:00,test,1.2155968536666477,False
2026-01-30 09:29:00+00:00,test,0.8900078326736701,False
2026-01-30 09:30:00+00:00,test,0.8798388998577977,False
2026-01-30 09:31:00+00:00,test,0.8777333318792578,False
2026-01-30 09:32:00+00:00,test,0.8551122812037695,False
2026-01-30 09:33:00+00:00,test,0.839075155632893,False
2026-01-30 09:34:00+00:00,test,1.193449286727699,False
2026-01-30 09:35:00+00:00,test,0.8491274005286259,False
2026-01-30 09:36:00+00:00,test,0.8867321066878188,False
2026-01-30 09:37:00+00:00,test,0.8553391309350524,False
2026-01-30 09:38:00+00:00,test,0.9021687027288161,False
2026-01-30 09:39:00+00:00,test,0.883997501617706,False
2026-01-30 09:40:00+00:00,test,0.8683293139495405,False
2026-01-30 09:41:00+00:00,test,0.8268870525193187,False
2026-01-30 09:42:00+00:00,test,0.8083169157919383,False
2026-01-30 09:43:00+00:00,test,0.8309761175289357,False
2026-01-30 09:44:00+00:00,test,0.8529684013425043,False
2026-01-30 09:45:00+00:00,test,0.8717537188272951,False
2026-01-30 09:46:00+00:00,test,0.9008200655425449,False
2026-01-30 09:47:00+00:00,test,0.9422355045500411,False
2026-01-30 09:48:00+00:00,test,0.9607656078638468,False
2026-01-30 09:49:00+00:00,test,0.9274792341786274,False
2026-01-30 09:50:00+00:00,test,0.9015772459176984,False
2026-01-30 09:51:00+00:00,test,0.8716590798151973,False
2026-01-30 09:52:00+00:00,test,0.9054352805336625,False
2026-01-30 09:53:00+00:00,test,0.9365674508695064,False
2026-01-30 09:54:00+00:00,test,0.9279884718113336,False
2026-01-30 09:55:00+00:00,test,0.919921994379595,False
2026-01-30 09:56:00+00:00,test,0.9610698638449522,False
2026-01-30 09:57:00+00:00,test,1.0270538344046918,False
2026-01-30 09:58:00+00:00,test,1.004765176375738,False
2026-01-30 09:59:00+00:00,test,1.0193932298752475,False
2026-01-30 10:00:00+00:00,test,1.0109301291724848,False
2026-01-30 10:01:00+00:00,test,1.0194012760293216,False
2026-01-30 10:02:00+00:00,test,1.0032343949961995,False
2026-01-30 10:03:00+00:00,test,1.175217625474932,False
2026-01-30 10:04:00+00:00,test,0.9295390785519381,False
2026-01-30 10:05:00+00:00,test,0.8997137882323973,False
2026-01-30 10:06:00+00:00,test,0.8897830628103895,False
2026-01-30 10:07:00+00:00,test,0.8906164983519326,False
2026-01-30 10:08:00+00:00,test,0.8864737545170172,False
2026-01-30 10:09:00+00:00,test,0.9297281124553503,False
2026-01-30 10:10:00+00:00,test,0.8950187003500737,False
2026-01-30 10:11:00+00:00,test,0.9066160057325674,False
2026-01-30 10:12:00+00:00,test,0.9335065295194045,False
2026-01-30 10:13:00+00:00,test,1.2487944061633645,False
2026-01-30 10:14:00+00:00,test,0.9139494501436417,False
2026-01-30 10:15:00+00:00,test,0.9052276909059079,False
2026-01-30 10:16:00+00:00,test,0.8918900898467693,False
2026-01-30 10:17:00+00:00,test,0.9474199820537496,False
2026-01-30 10:18:00+00:00,test,0.9586960758681116,False
2026-01-30 10:19:00+00:00,test,0.9454770005508168,False
2026-01-30 10:20:00+00:00,test,0.9665570498200402,False
2026-01-30 10:21:00+00:00,test,0.9504191398675466,False
2026-01-30 10:22:00+00:00,test,0.9500210456747505,False
2026-01-30 10:23:00+00:00,test,0.9774995246170086,False
2026-01-30 10:24:00+00:00,test,0.9074214835127079,False
2026-01-30 10:25:00+00:00,test,0.8963195767910691,False
2026-01-30 10:26:00+00:00,test,0.8844664372907739,False
2026-01-30 10:27:00+00:00,test,0.8953035193074514,False
2026-01-30 10:28:00+00:00,test,0.8920025183949668,False
2026-01-30 10:29:00+00:00,test,0.8880514902702532,False
2026-01-30 10:30:00+00:00,test,0.8813144409720165,False
2026-01-30 10:31:00+00:00,test,0.8799585585389279,False
2026-01-30 10:32:00+00:00,test,0.8723354226525589,False
2026-01-30 10:33:00+00:00,test,0.9164531120938494,False
2026-01-30 10:34:00+00:00,test,0.9148321664654558,False
2026-01-30 10:35:00+00:00,test,0.9220228385103166,False
2026-01-30 10:36:00+00:00,test,0.9473527661574573,False
2026-01-30 10:37:00+00:00,test,0.9510557911870077,False
2026-01-30 10:38:00+00:00,test,0.9527782926513646,False
2026-01-30 10:39:00+00:00,test,0.9699755841045502,False
2026-01-30 10:40:00+00:00,test,0.9349401542410547,False
2026-01-30 10:41:00+00:00,test,0.9491049796671318,False
2026-01-30 10:42:00+00:00,test,0.9142309367091167,False
2026-01-30 10:43:00+00:00,test,0.9379681217954808,False
2026-01-30 10:44:00+00:00,test,0.9015343738805877,False
2026-01-30 10:45:00+00:00,test,0.9305325136679599,False
2026-01-30 10:46:00+00:00,test,0.9511323180318401,False
2026-01-30 10:47:00+00:00,test,0.9655734657663605,False
2026-01-30 10:48:00+00:00,test,0.9928829808598697,False
2026-01-30 10:49:00+00:00,test,1.015854205898424,False
2026-01-30 10:50:00+00:00,test,1.003671004183948,False
2026-01-30 10:51:00+00:00,test,0.9994610616932429,False
2026-01-30 10:52:00+00:00,test,1.03617660477354,False
2026-01-30 10:53:00+00:00,test,1.0557492027553126,False
2026-01-30 10:54:00+00:00,test,1.0657472609692045,False
2026-01-30 10:55:00+00:00,test,1.0873162213583016,False
2026-01-30 10:56:00+00:00,test,1.5335519549883578,False
2026-01-30 10:57:00+00:00,test,1.0418357119971888,False
2026-01-30 10:58:00+00:00,test,1.0298241551136236,False
2026-01-30 10:59:00+00:00,test,1.0378748542676794,False
2026-01-30 11:00:00+00:00,test,1.0230392526651235,False
2026-01-30 11:01:00+00:00,test,1.0214826805513801,False
2026-01-30 11:02:00+00:00,test,1.305452452763502,False
2026-01-30 11:03:00+00:00,test,1.0506691424116044,False
2026-01-30 11:04:00+00:00,test,1.0581642681167598,False
2026-01-30 11:05:00+00:00,test,1.052049412590304,False
2026-01-30 11:06:00+00:00,test,1.0375837945092696,False
2026-01-30 11:07:00+00:00,test,1.0526218456252803,False
2026-01-30 11:08:00+00:00,test,1.054661224888775,False
2026-01-30 11:09:00+00:00,test,1.0668673155510389,False
2026-01-30 11:10:00+00:00,test,1.3562536418670854,False
2026-01-30 11:11:00+00:00,test,1.0431339439075071,False
2026-01-30 11:12:00+00:00,test,1.0759203472708008,False
2026-01-30 11:13:00+00:00,test,1.1024284799324362,False
2026-01-30 11:14:00+00:00,test,1.1079394942810854,False
2026-01-30 11:15:00+00:00,test,1.1054921629179153,False
2026-01-30 11:16:00+00:00,test,1.1129559906364874,False
2026-01-30 11:17:00+00:00,test,1.0595762709104126,False
2026-01-30 11:18:00+00:00,test,1.0959498740991942,False
2026-01-30 11:19:00+00:00,test,1.143848583101103,False
2026-01-30 11:20:00+00:00,test,1.089945296036036,False
2026-01-30 11:21:00+00:00,test,1.0655724204462307,False
2026-01-30 11:22:00+00:00,test,0.9896648653434876,False
2026-01-30 11:23:00+00:00,test,0.9565301671317326,False
2026-01-30 11:24:00+00:00,test,0.9468809683579036,False
2026-01-30 11:25:00+00:00,test,0.9057394127686892,False
2026-01-30 11:26:00+00:00,test,0.8455820317110055,False
2026-01-30 11:27:00+00:00,test,0.8509891025239481,False
2026-01-30 11:28:00+00:00,test,0.858012570221563,False
2026-01-30 11:29:00+00:00,test,0.8415915634215198,False
2026-01-30 11:30:00+00:00,test,0.8708003028733169,False
2026-01-30 11:31:00+00:00,test,0.8330436021552597,False
2026-01-30 11:32:00+00:00,test,0.860048626481012,False
2026-01-30 11:33:00+00:00,test,0.8413818371370629,False
2026-01-30 11:34:00+00:00,test,0.8731779410808939,False
2026-01-30 11:35:00+00:00,test,0.8556430517971179,False
2026-01-30 11:36:00+00:00,test,0.8693417491767552,False
2026-01-30 11:37:00+00:00,test,1.2506364012981535,False
2026-01-30 11:38:00+00:00,test,0.7935827334785597,False
2026-01-30 11:39:00+00:00,test,1.1007215810397617,False
2026-01-30 11:40:00+00:00,test,0.7363754058057885,False
2026-01-30 11:41:00+00:00,test,0.7289956943409226,False
2026-01-30 11:42:00+00:00,test,0.7371194968888802,False
2026-01-30 11:43:00+00:00,test,0.716725106227598,False
2026-01-30 11:44:00+00:00,test,0.7172316085397547,False
2026-01-30 11:45:00+00:00,test,0.7127352215926473,False
2026-01-30 11:46:00+00:00,test,0.7255636042004291,False
2026-01-30 11:47:00+00:00,test,0.7223953878889307,False
2026-01-30 11:48:00+00:00,test,0.7494248919436465,False
2026-01-30 11:49:00+00:00,test,0.6999918429371148,False
2026-01-30 11:50:00+00:00,test,0.7250825837934938,False
2026-01-30 11:51:00+00:00,test,0.7332286878163065,False
2026-01-30 11:52:00+00:00,test,0.7397270424665029,False
2026-01-30 11:53:00+00:00,test,0.7352710630166535,False
2026-01-30 11:54:00+00:00,test,0.7134249060410722,False
2026-01-30 11:55:00+00:00,test,0.6860601146103593,False
2026-01-30 11:56:00+00:00,test,0.6981329784475685,False
2026-01-30 11:57:00+00:00,test,0.6741889443026089,False
2026-01-30 11:58:00+00:00,test,1.1782716801277655,False
2026-01-30 11:59:00+00:00,test,0.6863479082911905,False
2026-01-30 12:00:00+00:00,test,0.6641902516042311,False
2026-01-30 12:01:00+00:00,test,1.1914891908464291,False
2026-01-30 12:02:00+00:00,test,0.6799287701595855,False
2026-01-30 12:03:00+00:00,test,0.6992009058017263,False
2026-01-30 12:04:00+00:00,test,0.7044545237961986,False
2026-01-30 12:05:00+00:00,test,0.7688724222328105,False
2026-01-30 12:06:00+00:00,test,0.7267104325214663,False
2026-01-30 12:07:00+00:00,test,0.7536891023990019,False
2026-01-30 12:08:00+00:00,test,0.714286219894929,False
2026-01-30 12:09:00+00:00,test,0.6769514605934778,False
2026-01-30 12:10:00+00:00,test,0.7131007913773151,False
2026-01-30 12:11:00+00:00,test,0.7113067886439152,False
2026-01-30 12:12:00+00:00,test,0.7443350079164565,False
2026-01-30 12:13:00+00:00,test,0.7018004109787347,False
2026-01-30 12:14:00+00:00,test,0.7420429215335778,False
2026-01-30 12:15:00+00:00,test,0.7269439001669512,False
2026-01-30 12:16:00+00:00,test,0.7465464801609728,False
2026-01-30 12:17:00+00:00,test,1.0812846341910807,False
2026-01-30 12:18:00+00:00,test,0.7321265277397575,False
2026-01-30 12:19:00+00:00,test,0.7566085988111361,False
2026-01-30 12:20:00+00:00,test,0.779270906436167,False
2026-01-30 12:21:00+00:00,test,0.761955242860991,False
2026-01-30 12:22:00+00:00,test,0.6865469938874825,False
2026-01-30 12:23:00+00:00,test,0.6799345516925701,False
2026-01-30 12:24:00+00:00,test,0.698481882303643,False
2026-01-30 12:25:00+00:00,test,0.71635726173246,False
2026-01-30 12:26:00+00:00,test,0.7392358951190022,False
2026-01-30 12:27:00+00:00,test,0.7215034007645862,False
2026-01-30 12:28:00+00:00,test,0.6816297919069206,False
2026-01-30 12:29:00+00:00,test,0.696795559856219,False
2026-01-30 12:30:00+00:00,test,0.6850468114375902,False
2026-01-30 12:31:00+00:00,test,0.6754691906424031,False
2026-01-30 12:32:00+00:00,test,0.7660716940131118,False
2026-01-30 12:33:00+00:00,test,0.6921475363305545,False
2026-01-30 12:34:00+00:00,test,1.2166230515852168,False
2026-01-30 12:35:00+00:00,test,0.6842852405108738,False
2026-01-30 12:36:00+00:00,test,0.7142145190149144,False
2026-01-30 12:37:00+00:00,test,0.6694916936320001,False
2026-01-30 12:38:00+00:00,test,0.6819515080280043,False
2026-01-30 12:39:00+00:00,test,0.6782130215480151,False
2026-01-30 12:40:00+00:00,test,0.6816205471881339,False
2026-01-30 12:41:00+00:00,test,0.6921396160345187,False
2026-01-30 12:42:00+00:00,test,0.6718794434732571,False
2026-01-30 12:43:00+00:00,test,0.6676139895071677,False
2026-01-30 12:44:00+00:00,test,0.6481406510781708,False
2026-01-30 12:45:00+00:00,test,0.6252340180697873,False
2026-01-30 12:46:00+00:00,test,0.6394586050370735,False
2026-01-30 12:47:00+00:00,test,0.6184855418737152,False
2026-01-30 12:48:00+00:00,test,0.6451759963315278,False
2026-01-30 12:49:00+00:00,test,0.6858701047839851,False
2026-01-30 12:50:00+00:00,test,0.7283418259820925,False
2026-01-30 12:51:00+00:00,test,0.6553674945179772,False
2026-01-30 12:52:00+00:00,test,0.646397680422555,False
2026-01-30 12:53:00+00:00,test,0.6846099021133988,False
2026-01-30 12:54:00+00:00,test,0.738453938863121,False
2026-01-30 12:55:00+00:00,test,0.756981197591067,False
2026-01-30 12:56:00+00:00,test,0.7466768149871928,False
2026-01-30 12:57:00+00:00,test,0.8396096523798307,False
2026-01-30 12:58:00+00:00,test,0.8487828915388188,False
2026-01-30 12:59:00+00:00,test,0.8611740144589685,False
2026-01-30 13:00:00+00:00,test,0.7960100877097407,False
2026-01-30 13:01:00+00:00,test,0.7249374155446668,False
2026-01-30 13:02:00+00:00,test,0.7592947737022753,False
2026-01-30 13:03:00+00:00,test,0.7222508073166333,False
2026-01-30 13:04:00+00:00,test,0.6880479674670948,False
2026-01-30 13:05:00+00:00,test,0.6326957635445886,False
2026-01-30 13:06:00+00:00,test,0.653289502694322,False
2026-01-30 13:07:00+00:00,test,1.020210142711726,False
2026-01-30 13:08:00+00:00,test,0.5713561145419681,False
2026-01-30 13:09:00+00:00,test,0.5593472232939611,False
2026-01-30 13:10:00+00:00,test,0.5297876052413435,False
2026-01-30 13:11:00+00:00,test,0.5338976242059449,False
2026-01-30 13:12:00+00:00,test,0.5739418649859104,False
2026-01-30 13:13:00+00:00,test,0.6223190161542792,False
2026-01-30 13:14:00+00:00,test,0.6512898781986202,False
2026-01-30 13:15:00+00:00,test,0.6510541260531026,False
2026-01-30 13:16:00+00:00,test,0.6583908448182251,False
2026-01-30 13:17:00+00:00,test,0.6494258939265906,False
2026-01-30 13:18:00+00:00,test,0.6396043527664103,False
2026-01-30 13:19:00+00:00,test,0.5616536130187177,False
2026-01-30 13:20:00+00:00,test,0.59525753142709,False
2026-01-30 13:21:00+00:00,test,0.5913583487563102,False
2026-01-30 13:22:00+00:00,test,0.5822141329303712,False
2026-01-30 13:23:00+00:00,test,0.5476665343436742,False
2026-01-30 13:24:00+00:00,test,0.5413729857123354,False
2026-01-30 13:25:00+00:00,test,0.5042167603181616,False
2026-01-30 13:26:00+00:00,test,0.48967439594510453,False
2026-01-30 13:27:00+00:00,test,0.5107718265724799,False
2026-01-30 13:28:00+00:00,test,0.49775567772319096,False
2026-01-30 13:29:00+00:00,test,0.509749433972171,False
2026-01-30 13:30:00+00:00,test,0.48618789296005327,False
2026-01-30 13:31:00+00:00,test,0.473929287175872,False
2026-01-30 13:32:00+00:00,test,0.5139459304910928,False
2026-01-30 13:33:00+00:00,test,0.5382453001500891,False
2026-01-30 13:34:00+00:00,test,0.45174650663003185,False
2026-01-30 13:35:00+00:00,test,0.4797845974794646,False
2026-01-30 13:36:00+00:00,test,0.4861464895559473,False
2026-01-30 13:37:00+00:00,test,0.5407005030801576,False
2026-01-30 13:38:00+00:00,test,0.5235457742116157,False
2026-01-30 13:39:00+00:00,test,0.9276325269702079,False
2026-01-30 13:40:00+00:00,test,0.5499939701547502,False
2026-01-30 13:41:00+00:00,test,0.9525167202895904,False
2026-01-30 13:42:00+00:00,test,0.517470225809394,False
2026-01-30 13:43:00+00:00,test,0.478699711897455,False
2026-01-30 13:44:00+00:00,test,0.43481185111553755,False
2026-01-30 13:45:00+00:00,test,0.5134679241541911,False
2026-01-30 13:46:00+00:00,test,0.5668659083423427,False
2026-01-30 13:47:00+00:00,test,0.523378791424957,False
2026-01-30 13:48:00+00:00,test,0.5529730653852204,False
2026-01-30 13:49:00+00:00,test,0.6008922648622436,False
2026-01-30 13:50:00+00:00,test,0.5643390073909179,False
2026-01-30 13:51:00+00:00,test,0.5177823481405687,False
2026-01-30 13:52:00+00:00,test,0.5691805959078409,False
2026-01-30 13:53:00+00:00,test,0.5971899043488803,False
2026-01-30 13:54:00+00:00,test,0.6009890447437036,False
2026-01-30 13:55:00+00:00,test,0.6038567380797255,False
2026-01-30 13:56:00+00:00,test,0.578948481811539,False
2026-01-30 13:57:00+00:00,test,0.56387622478418,False
2026-01-30 13:58:00+00:00,test,0.5297216649325381,False
2026-01-30 13:59:00+00:00,test,0.9908001996624167,False
2026-01-30 14:00:00+00:00,test,0.49287436856420397,False
2026-01-30 14:01:00+00:00,test,0.486339752275752,False
2026-01-30 14:02:00+00:00,test,0.5039647387944182,False
2026-01-30 14:03:00+00:00,test,0.5181490981592827,False
2026-01-30 14:04:00+00:00,test,0.539848659563876,False
2026-01-30 14:05:00+00:00,test,0.6185271037561283,False
2026-01-30 14:06:00+00:00,test,0.5995203191082941,False
2026-01-30 14:07:00+00:00,test,0.604242723401229,False
2026-01-30 14:08:00+00:00,test,1.1125988396565007,False
2026-01-30 14:09:00+00:00,test,0.5889585214248039,False
2026-01-30 14:10:00+00:00,test,0.5875904899920468,False
2026-01-30 14:11:00+00:00,test,0.6004524217399634,False
2026-01-30 14:12:00+00:00,test,0.5694414484498975,False
2026-01-30 14:13:00+00:00,test,0.5801661519256502,False
2026-01-30 14:14:00+00:00,test,0.5509261603542484,False
2026-01-30 14:15:00+00:00,test,0.509965718128041,False
2026-01-30 14:16:00+00:00,test,0.4883384633665867,False
2026-01-30 14:17:00+00:00,test,0.512656388784384,False
2026-01-30 14:18:00+00:00,test,0.5159747993791446,False
2026-01-30 14:19:00+00:00,test,0.5475696196728771,False
2026-01-30 14:20:00+00:00,test,0.5212143020919578,False
2026-01-30 14:21:00+00:00,test,0.9784292758347223,False
2026-01-30 14:22:00+00:00,test,0.5521318465875888,False
2026-01-30 14:23:00+00:00,test,0.5458939989477029,False
2026-01-30 14:24:00+00:00,test,0.6056158817105375,False
2026-01-30 14:25:00+00:00,test,0.563329492336888,False
2026-01-30 14:26:00+00:00,test,0.6277026371213633,False
2026-01-30 14:27:00+00:00,test,0.6354240189156406,False
2026-01-30 14:28:00+00:00,test,0.580405978166322,False
2026-01-30 14:29:00+00:00,test,0.5333251424310971,False
2026-01-30 14:30:00+00:00,test,0.5403163450256458,False
2026-01-30 14:31:00+00:00,test,0.5545238496276017,False
2026-01-30 14:32:00+00:00,test,0.5835501681402542,False
2026-01-30 14:33:00+00:00,test,0.5703766951497845,False
2026-01-30 14:34:00+00:00,test,0.5749141470243103,False
2026-01-30 14:35:00+00:00,test,0.5634942094077565,False
2026-01-30 14:36:00+00:00,test,0.5696621826529935,False
2026-01-30 14:37:00+00:00,test,0.5890817260989275,False
2026-01-30 14:38:00+00:00,test,0.5602670426797443,False
2026-01-30 14:39:00+00:00,test,0.6148854274887652,False
2026-01-30 14:40:00+00:00,test,0.6556187821883415,False
2026-01-30 14:41:00+00:00,test,0.7398879035771594,False
2026-01-30 14:42:00+00:00,test,0.6643930298181036,False
2026-01-30 14:43:00+00:00,test,0.663538032886113,False
2026-01-30 14:44:00+00:00,test,0.5925186680875815,False
2026-01-30 14:45:00+00:00,test,1.0045599298779722,False
2026-01-30 14:46:00+00:00,test,0.5728227846375336,False
2026-01-30 14:47:00+00:00,test,0.9618481466245651,False
2026-01-30 14:48:00+00:00,test,0.5428472179724059,False
2026-01-30 14:49:00+00:00,test,1.1201770759681766,False
2026-01-30 14:50:00+00:00,test,0.5490683877545153,False
2026-01-30 14:51:00+00:00,test,0.5925877279995349,False
2026-01-30 14:52:00+00:00,test,0.5872869148129302,False
2026-01-30 14:53:00+00:00,test,0.5863422591540429,False
2026-01-30 14:54:00+00:00,test,0.5614188907621509,False
2026-01-30 14:55:00+00:00,test,0.5538261988271774,False
2026-01-30 14:56:00+00:00,test,0.5706458898375779,False
2026-01-30 14:57:00+00:00,test,0.5512786156476808,False
2026-01-30 14:58:00+00:00,test,0.5439570595373232,False
2026-01-30 14:59:00+00:00,test,0.5403114633139444,False
2026-01-30 15:00:00+00:00,test,0.5708027642798343,False
2026-01-30 15:01:00+00:00,test,0.5345445681978279,False
2026-01-30 15:02:00+00:00,test,0.5726556571931668,False
2026-01-30 15:03:00+00:00,test,0.5428876589631222,False
2026-01-30 15:04:00+00:00,test,0.524118106345983,False
2026-01-30 15:05:00+00:00,test,0.5010503499245542,False
2026-01-30 15:06:00+00:00,test,0.5276239235974518,False
2026-01-30 15:07:00+00:00,test,0.5664227243493605,False
2026-01-30 15:08:00+00:00,test,0.582486463435791,False
2026-01-30 15:09:00+00:00,test,0.5795170628365772,False
2026-01-30 15:10:00+00:00,test,0.5590138415896345,False
2026-01-30 15:11:00+00:00,test,0.5167712291516766,False
2026-01-30 15:12:00+00:00,test,0.5097481001995129,False
2026-01-30 15:13:00+00:00,test,0.5255374175333948,False
2026-01-30 15:14:00+00:00,test,0.5034760723958966,False
2026-01-30 15:15:00+00:00,test,0.5055149024869469,False
2026-01-30 15:16:00+00:00,test,0.523948981563745,False
2026-01-30 15:17:00+00:00,test,0.5877026032796808,False
2026-01-30 15:18:00+00:00,test,0.5814075904440873,False
2026-01-30 15:19:00+00:00,test,0.6170752800599378,False
2026-01-30 15:20:00+00:00,test,0.5716571899391897,False
2026-01-30 15:21:00+00:00,test,0.5283866350692792,False
2026-01-30 15:22:00+00:00,test,0.5472606159318584,False
2026-01-30 15:23:00+00:00,test,0.508529865023734,False
2026-01-30 15:24:00+00:00,test,0.5142962088834859,False
2026-01-30 15:25:00+00:00,test,0.9612154834347595,False
2026-01-30 15:26:00+00:00,test,0.5431735144058991,False
2026-01-30 15:27:00+00:00,test,0.49484663897303277,False
2026-01-30 15:28:00+00:00,test,0.48186346736593494,False
2026-01-30 15:29:00+00:00,test,0.5107938077804605,False
2026-01-30 15:30:00+00:00,test,0.5184314394052694,False
2026-01-30 15:31:00+00:00,test,0.5342796326236595,False
2026-01-30 15:32:00+00:00,test,0.5565170635183158,False
2026-01-30 15:33:00+00:00,test,0.5876312831249684,False
2026-01-30 15:34:00+00:00,test,0.5922332665086402,False
2026-01-30 15:35:00+00:00,test,0.5467109325930269,False
2026-01-30 15:36:00+00:00,test,0.5534860609152671,False
2026-01-30 15:37:00+00:00,test,0.913257969819611,False
2026-01-30 15:38:00+00:00,test,0.5439363003642129,False
2026-01-30 15:39:00+00:00,test,0.5343991182188454,False
2026-01-30 15:40:00+00:00,test,0.579155206022679,False
2026-01-30 15:41:00+00:00,test,0.5694502754225286,False
2026-01-30 15:42:00+00:00,test,0.5446522648149799,False
2026-01-30 15:43:00+00:00,test,0.533043439933166,False
2026-01-30 15:44:00+00:00,test,0.5220126032483641,False
2026-01-30 15:45:00+00:00,test,0.5465790763083471,False
2026-01-30 15:46:00+00:00,test,0.5249127123361211,False
2026-01-30 15:47:00+00:00,test,0.518489235975476,False
2026-01-30 15:48:00+00:00,test,1.229170009020278,False
2026-01-30 15:49:00+00:00,test,0.5508154862987471,False
2026-01-30 15:50:00+00:00,test,0.5768729969915644,False
2026-01-30 15:51:00+00:00,test,0.6151792349127041,False
2026-01-30 15:52:00+00:00,test,0.6223491903011572,False
2026-01-30 15:53:00+00:00,test,0.7234585073459493,False
2026-01-30 15:54:00+00:00,test,0.8177021240769476,False
2026-01-30 15:55:00+00:00,test,0.8179228814633439,False
2026-01-30 15:56:00+00:00,test,0.8581394259157689,False
2026-01-30 15:57:00+00:00,test,0.8873540415450596,False
2026-01-30 15:58:00+00:00,test,1.139188963653859,False
2026-01-30 15:59:00+00:00,test,0.7340952381521575,False
2026-01-30 16:00:00+00:00,test,0.6854500534795623,False
2026-01-30 16:01:00+00:00,test,0.6094423264435924,False
2026-01-30 16:02:00+00:00,test,0.6466381973101734,False
2026-01-30 16:03:00+00:00,test,0.7300172490238391,False
2026-01-30 16:04:00+00:00,test,0.7560508006098106,False
2026-01-30 16:05:00+00:00,test,0.8391480712469906,False
2026-01-30 16:06:00+00:00,test,0.8160589297764482,False
2026-01-30 16:07:00+00:00,test,0.7621803762814411,False
2026-01-30 16:08:00+00:00,test,0.685045349046222,False
2026-01-30 16:09:00+00:00,test,0.5473975461862813,False
2026-01-30 16:10:00+00:00,test,0.5689668094913257,False
2026-01-30 16:11:00+00:00,test,0.5852421096239891,False
2026-01-30 16:12:00+00:00,test,0.5667275629249279,False
2026-01-30 16:13:00+00:00,test,0.5836661726456039,False
2026-01-30 16:14:00+00:00,test,0.5899746034768557,False
2026-01-30 16:15:00+00:00,test,0.5751135488446392,False
2026-01-30 16:16:00+00:00,test,0.6186767553530789,False
2026-01-30 16:17:00+00:00,test,0.5718832181035497,False
2026-01-30 16:18:00+00:00,test,1.1225101066122019,False
2026-01-30 16:21:00+00:00,test,0.5233557085952723,False
2026-01-30 16:22:00+00:00,test,0.5610920214047915,False
2026-01-30 16:23:00+00:00,test,0.6291044457983169,False
2026-01-30 16:24:00+00:00,test,0.6419193465060393,False
2026-01-30 16:25:00+00:00,test,0.6635835350353753,False
2026-01-30 16:26:00+00:00,test,0.6220056513886988,False
2026-01-30 16:27:00+00:00,test,0.6187954812345718,False
2026-01-30 16:28:00+00:00,test,0.6218786248139376,False
2026-01-30 16:29:00+00:00,test,0.6653459557119263,False
2026-01-30 16:30:00+00:00,test,0.6331873583703116,False
2026-01-30 16:31:00+00:00,test,0.6807065927870587,False
2026-01-30 16:32:00+00:00,test,0.6356850223606662,False
2026-01-30 16:33:00+00:00,test,0.6359911798060193,False
2026-01-30 16:34:00+00:00,test,0.6082389139089944,False
2026-01-30 16:35:00+00:00,test,0.5733719861486467,False
2026-01-30 16:36:00+00:00,test,0.5877409692559993,False
2026-01-30 16:37:00+00:00,test,0.5862792547450036,False
2026-01-30 16:38:00+00:00,test,0.6045317522221799,False
2026-01-30 16:39:00+00:00,test,0.5955169894458452,False
2026-01-30 16:40:00+00:00,test,1.0356461541382576,False
2026-01-30 16:41:00+00:00,test,0.6107610935534586,False
2026-01-30 16:42:00+00:00,test,0.5886140456698934,False
2026-01-30 16:43:00+00:00,test,0.5662549022053212,False
2026-01-30 16:44:00+00:00,test,0.6182818285531892,False
2026-01-30 16:45:00+00:00,test,0.6143234844014509,False
2026-01-30 16:46:00+00:00,test,0.5920930404262327,False
2026-01-30 16:47:00+00:00,test,0.6210386159356447,False
2026-01-30 16:48:00+00:00,test,0.5947711855376812,False
2026-01-30 16:49:00+00:00,test,0.5941064816680506,False
2026-01-30 16:50:00+00:00,test,0.581393840382523,False
2026-01-30 16:51:00+00:00,test,0.5581173337702215,False
2026-01-30 16:52:00+00:00,test,0.5670035931756404,False
2026-01-30 16:53:00+00:00,test,0.5817858173491995,False
2026-01-30 16:54:00+00:00,test,0.5389979899103043,False
2026-01-30 16:55:00+00:00,test,0.8930629209200937,False
2026-01-30 16:56:00+00:00,test,0.57454823394092,False
2026-01-30 16:57:00+00:00,test,0.5479081451065306,False
2026-01-30 16:58:00+00:00,test,0.5156172303211181,False
2026-01-30 16:59:00+00:00,test,0.5286668927348779,False
2026-01-30 17:00:00+00:00,test,0.5024685305567189,False
2026-01-30 17:01:00+00:00,test,0.5538771331986586,False
2026-01-30 17:02:00+00:00,test,0.5076555423067158,False
2026-01-30 17:03:00+00:00,test,0.5535937277742088,False
2026-01-30 17:04:00+00:00,test,0.5974255354721458,False
2026-01-30 17:05:00+00:00,test,0.5886387531266303,False
2026-01-30 17:06:00+00:00,test,0.5547148540863398,False
2026-01-30 17:07:00+00:00,test,0.5702051487674097,False
2026-01-30 17:08:00+00:00,test,0.5246376908498624,False
2026-01-30 17:09:00+00:00,test,0.5265554604615579,False
2026-01-30 17:10:00+00:00,test,0.578167312764375,False
2026-01-30 17:11:00+00:00,test,0.5911665916516959,False
2026-01-30 17:12:00+00:00,test,1.1101641704544514,False
2026-01-30 17:13:00+00:00,test,0.5800939318660153,False
2026-01-30 17:14:00+00:00,test,0.5929043065873435,False
2026-01-30 17:15:00+00:00,test,0.592085472224442,False
2026-01-30 17:16:00+00:00,test,0.5422276939609211,False
2026-01-30 17:17:00+00:00,test,0.7192755736132478,False
2026-01-30 17:18:00+00:00,test,0.5033509513689944,False
2026-01-30 17:19:00+00:00,test,0.9358986774389102,False
2026-01-30 17:20:00+00:00,test,0.4928361161695165,False
2026-01-30 17:21:00+00:00,test,0.49259403819625985,False
2026-01-30 17:22:00+00:00,test,0.5973304055046238,False
2026-01-30 17:23:00+00:00,test,0.6357141350142066,False
2026-01-30 17:24:00+00:00,test,0.6225899167338745,False
2026-01-30 17:25:00+00:00,test,0.6323150320597561,False
2026-01-30 17:26:00+00:00,test,0.674036657819048,False
2026-01-30 17:27:00+00:00,test,0.5830218116445566,False
2026-01-30 17:28:00+00:00,test,0.5600305199555679,False
2026-01-30 17:29:00+00:00,test,0.5741131779641856,False
2026-01-30 17:30:00+00:00,test,0.5698400297641817,False
2026-01-30 17:31:00+00:00,test,0.5823117779613077,False
2026-01-30 17:32:00+00:00,test,0.5804139661982767,False
2026-01-30 17:33:00+00:00,test,0.5876305593225878,False
2026-01-30 17:34:00+00:00,test,0.6736981975428932,False
2026-01-30 17:35:00+00:00,test,0.6542281221565572,False
2026-01-30 17:36:00+00:00,test,0.7062315177115499,False
2026-01-30 17:37:00+00:00,test,0.6251807318386771,False
2026-01-30 17:38:00+00:00,test,0.6356350570617838,False
2026-01-30 17:39:00+00:00,test,0.5845505762714773,False
2026-01-30 17:40:00+00:00,test,0.6009318807686514,False
2026-01-30 17:41:00+00:00,test,1.0994500159736011,False
2026-01-30 17:42:00+00:00,test,0.5782827485028686,False
2026-01-30 17:43:00+00:00,test,0.6183318048201317,False
2026-01-30 17:44:00+00:00,test,0.626695826592162,False
2026-01-30 17:45:00+00:00,test,0.6983109357908402,False
2026-01-30 17:46:00+00:00,test,0.6602253659773095,False
2026-01-30 17:47:00+00:00,test,0.6170184280143711,False
2026-01-30 17:48:00+00:00,test,0.6296579500585661,False
2026-01-30 17:49:00+00:00,test,0.6328770047816271,False
2026-01-30 17:50:00+00:00,test,0.5645274140018377,False
2026-01-30 17:51:00+00:00,test,0.5437867669018839,False
2026-01-30 17:52:00+00:00,test,0.5686639749123045,False
2026-01-30 17:53:00+00:00,test,0.585353958804782,False
2026-01-30 17:54:00+00:00,test,0.578884452309605,False
2026-01-30 17:55:00+00:00,test,0.6296879575732072,False
2026-01-30 17:56:00+00:00,test,0.6624263698659117,False
2026-01-30 17:57:00+00:00,test,0.6440994700179106,False
2026-01-30 17:58:00+00:00,test,0.6208060392046129,False
2026-01-30 17:59:00+00:00,test,0.6482013824816197,False
2026-01-30 18:00:00+00:00,test,0.5962945343572258,False
2026-01-30 18:01:00+00:00,test,0.6098234838311487,False
2026-01-30 18:02:00+00:00,test,0.5404176746267888,False
2026-01-30 18:03:00+00:00,test,0.6203790112097066,False
2026-01-30 18:04:00+00:00,test,1.0606707335961747,False
2026-01-30 18:05:00+00:00,test,0.6452764101128867,False
2026-01-30 18:06:00+00:00,test,0.582951610352729,False
2026-01-30 18:07:00+00:00,test,0.5654453527135912,False
2026-01-30 18:08:00+00:00,test,0.6004362068048943,False
2026-01-30 18:09:00+00:00,test,0.6020576921448801,False
2026-01-30 18:10:00+00:00,test,0.6180377080373385,False
2026-01-30 18:11:00+00:00,test,0.7193018466142964,False
2026-01-30 18:12:00+00:00,test,0.7030473074510915,False
2026-01-30 18:13:00+00:00,test,0.7178091315175962,False
2026-01-30 18:14:00+00:00,test,0.6404957796116636,False
2026-01-30 18:15:00+00:00,test,0.6337675334504059,False
2026-01-30 18:16:00+00:00,test,0.6081821780941509,False
2026-01-30 18:17:00+00:00,test,0.6015535507659063,False
2026-01-30 18:18:00+00:00,test,0.6295587975220377,False
2026-01-30 18:19:00+00:00,test,0.6470111027941332,False
2026-01-30 18:20:00+00:00,test,0.6337567599061423,False
2026-01-30 18:21:00+00:00,test,0.6363687958407881,False
2026-01-30 18:22:00+00:00,test,0.5924423341309342,False
2026-01-30 18:23:00+00:00,test,0.5531925349162848,False
2026-01-30 18:24:00+00:00,test,0.53503365761587,False
2026-01-30 18:25:00+00:00,test,0.5099163189136529,False
2026-01-30 18:26:00+00:00,test,0.5057858195234105,False
2026-01-30 18:27:00+00:00,test,0.5200747930567057,False
2026-01-30 18:28:00+00:00,test,0.5090065329823722,False
2026-01-30 18:29:00+00:00,test,0.5375691767890489,False
2026-01-30 18:30:00+00:00,test,0.5307062320407184,False
2026-01-30 18:31:00+00:00,test,0.5391047274803461,False
2026-01-30 18:32:00+00:00,test,0.5386772449670969,False
2026-01-30 18:33:00+00:00,test,0.5755191002966435,False
2026-01-30 18:34:00+00:00,test,0.5678022444955898,False
2026-01-30 18:35:00+00:00,test,0.570673346386472,False
2026-01-30 18:36:00+00:00,test,0.504680758682796,False
2026-01-30 18:37:00+00:00,test,0.535335553280326,False
2026-01-30 18:38:00+00:00,test,0.5397298146510756,False
2026-01-30 18:39:00+00:00,test,0.5539271691513438,False
2026-01-30 18:40:00+00:00,test,0.49718534200392744,False
2026-01-30 18:41:00+00:00,test,0.5145538197434757,False
2026-01-30 18:42:00+00:00,test,0.5411640416020425,False
2026-01-30 18:43:00+00:00,test,0.54683707420363,False
2026-01-30 18:44:00+00:00,test,0.5392563923113446,False
2026-01-30 18:45:00+00:00,test,0.9930916081232987,False
2026-01-30 18:46:00+00:00,test,0.5213606831870331,False
2026-01-30 18:47:00+00:00,test,0.9628677619851514,False
2026-01-30 18:48:00+00:00,test,0.5005764744999892,False
2026-01-30 18:49:00+00:00,test,0.48908875241305777,False
2026-01-30 18:50:00+00:00,test,0.5398106421332841,False
2026-01-30 18:51:00+00:00,test,0.5369152778589836,False
2026-01-30 18:52:00+00:00,test,0.4810166077135642,False
2026-01-30 18:53:00+00:00,test,0.4548257034989626,False
2026-01-30 18:54:00+00:00,test,0.4345395054879549,False
2026-01-30 18:55:00+00:00,test,0.478817183885114,False
2026-01-30 18:56:00+00:00,test,0.47446131957444815,False
2026-01-30 18:57:00+00:00,test,0.460664406802051,False
2026-01-30 18:58:00+00:00,test,0.4738749855536216,False
2026-01-30 18:59:00+00:00,test,0.8800802373740043,False
2026-01-30 19:00:00+00:00,test,0.4689569414957608,False
2026-01-30 19:01:00+00:00,test,0.47234752586025325,False
2026-01-30 19:02:00+00:00,test,0.49841301097835017,False
2026-01-30 19:03:00+00:00,test,0.5397396815037221,False
2026-01-30 19:04:00+00:00,test,0.5315470374685125,False
2026-01-30 19:05:00+00:00,test,0.46275258394133173,False
2026-01-30 19:06:00+00:00,test,0.4953298946352982,False
2026-01-30 19:07:00+00:00,test,0.5151291961818054,False
2026-01-30 19:08:00+00:00,test,0.4869913897007212,False
2026-01-30 19:09:00+00:00,test,0.4554812763956407,False
2026-01-30 19:10:00+00:00,test,0.49183436606600434,False
2026-01-30 19:11:00+00:00,test,0.46094492644826673,False
2026-01-30 19:12:00+00:00,test,0.5116285250042378,False
2026-01-30 19:13:00+00:00,test,0.46324202733846004,False
2026-01-30 19:14:00+00:00,test,0.46832481141220067,False
2026-01-30 19:15:00+00:00,test,0.4731056107283166,False
2026-01-30 19:16:00+00:00,test,0.47175370675776895,False
2026-01-30 19:17:00+00:00,test,0.5139243905176085,False
2026-01-30 19:18:00+00:00,test,0.6071246946609529,False
2026-01-30 19:19:00+00:00,test,0.6262798655456291,False
2026-01-30 19:20:00+00:00,test,0.6629759819170155,False
2026-01-30 19:21:00+00:00,test,0.6133188660596771,False
2026-01-30 19:22:00+00:00,test,0.6592603858939174,False
2026-01-30 19:23:00+00:00,test,0.5884706797062698,False
2026-01-30 19:24:00+00:00,test,0.6348793648638419,False
2026-01-30 19:25:00+00:00,test,0.5671252663564068,False
2026-01-30 19:26:00+00:00,test,0.5746500952244007,False
2026-01-30 19:27:00+00:00,test,0.5864834549089911,False
2026-01-30 19:28:00+00:00,test,0.5902071996307773,False
2026-01-30 19:29:00+00:00,test,0.5241444127713607,False
2026-01-30 19:30:00+00:00,test,0.5626207914962392,False
2026-01-30 19:31:00+00:00,test,0.5820434991043837,False
2026-01-30 19:32:00+00:00,test,0.6754550718850052,False
2026-01-30 19:33:00+00:00,test,0.6869873369834782,False
2026-01-30 19:34:00+00:00,test,0.6465742542288817,False
2026-01-30 19:35:00+00:00,test,0.6026654925326987,False
2026-01-30 19:36:00+00:00,test,0.5658839032936239,False
2026-01-30 19:37:00+00:00,test,0.535141730484453,False
2026-01-30 19:38:00+00:00,test,0.4793436228444192,False
2026-01-30 19:39:00+00:00,test,0.5003989186501028,False
2026-01-30 19:40:00+00:00,test,0.5220893340102515,False
2026-01-30 19:41:00+00:00,test,0.5864705066947408,False
2026-01-30 19:42:00+00:00,test,0.5761426974741183,False
2026-01-30 19:43:00+00:00,test,0.5199532170098577,False
2026-01-30 19:44:00+00:00,test,0.5218252809477831,False
2026-01-30 19:45:00+00:00,test,0.5411046843678217,False
2026-01-30 19:46:00+00:00,test,0.5361851641305881,False
2026-01-30 19:47:00+00:00,test,0.49736657300346515,False
2026-01-30 19:48:00+00:00,test,0.47416032210863995,False
2026-01-30 19:49:00+00:00,test,0.4999464807061246,False
2026-01-30 19:50:00+00:00,test,0.5046639477252364,False
2026-01-30 19:51:00+00:00,test,0.547152112044275,False
2026-01-30 19:52:00+00:00,test,0.5189732729842171,False
2026-01-30 19:53:00+00:00,test,0.5024980268343017,False
2026-01-30 19:54:00+00:00,test,0.5100225497998996,False
2026-01-30 19:55:00+00:00,test,0.47894076623104165,False
2026-01-30 19:56:00+00:00,test,0.5072101100908653,False
2026-01-30 19:57:00+00:00,test,0.47855437877952045,False
2026-01-30 19:58:00+00:00,test,0.4956297911998989,False
2026-01-30 19:59:00+00:00,test,0.5242010425426283,False
2026-01-30 20:00:00+00:00,test,0.5920602269498859,False
2026-01-30 20:01:00+00:00,test,0.5749715349980776,False
2026-01-30 20:02:00+00:00,test,0.6051620959377363,False
2026-01-30 20:03:00+00:00,test,0.6247972985520196,False
2026-01-30 20:04:00+00:00,test,0.6166599605994677,False
2026-01-30 20:05:00+00:00,test,0.602614705043903,False
2026-01-30 20:06:00+00:00,test,0.6526942806306569,False
2026-01-30 20:07:00+00:00,test,0.6438445563766036,False
2026-01-30 20:08:00+00:00,test,0.6356083022650318,False
2026-01-30 20:09:00+00:00,test,0.6476793213716859,False
2026-01-30 20:10:00+00:00,test,0.5846538189230843,False
2026-01-30 20:11:00+00:00,test,0.5559536974460871,False
2026-01-30 20:12:00+00:00,test,0.503340232743952,False
2026-01-30 20:13:00+00:00,test,0.4871237599499594,False
2026-01-30 20:14:00+00:00,test,0.5151082541908567,False
2026-01-30 20:15:00+00:00,test,0.5859790500851547,False
2026-01-30 20:16:00+00:00,test,1.0391323257477039,False
2026-01-30 20:17:00+00:00,test,0.6196625266167725,False
2026-01-30 20:18:00+00:00,test,0.9828101091350694,False
2026-01-30 20:19:00+00:00,test,0.582406744720802,False
2026-01-30 20:20:00+00:00,test,0.6067040644559895,False
2026-01-30 20:21:00+00:00,test,1.1691319497938069,False
2026-01-30 20:22:00+00:00,test,0.608254642528788,False
2026-01-30 20:23:00+00:00,test,1.102715223157794,False
2026-01-30 20:24:00+00:00,test,0.625516548987648,False
2026-01-30 20:25:00+00:00,test,0.6138273598771483,False
2026-01-30 20:26:00+00:00,test,0.5719980625609576,False
2026-01-30 20:27:00+00:00,test,0.5218567484112658,False
2026-01-30 20:28:00+00:00,test,0.5483876470164714,False
2026-01-30 20:29:00+00:00,test,0.567872634696586,False
2026-01-30 20:30:00+00:00,test,0.6198928255013146,False
2026-01-30 20:31:00+00:00,test,0.6922133945595581,False
2026-01-30 20:32:00+00:00,test,0.7691848118029626,False
2026-01-30 20:33:00+00:00,test,0.7780489611239498,False
2026-01-30 20:34:00+00:00,test,0.8377429286576836,False
2026-01-30 20:35:00+00:00,test,0.7841300762445939,False
2026-01-30 20:36:00+00:00,test,0.7310719835446974,False
2026-01-30 20:37:00+00:00,test,0.6553340829145401,False
2026-01-30 20:38:00+00:00,test,0.6114022851951298,False
2026-01-30 20:39:00+00:00,test,0.6326537787979475,False
2026-01-30 20:40:00+00:00,test,0.6325792626601601,False
2026-01-30 20:41:00+00:00,test,0.6140124639313251,False
2026-01-30 20:42:00+00:00,test,0.63801222401459,False
2026-01-30 20:43:00+00:00,test,0.6386323669011134,False
2026-01-30 20:44:00+00:00,test,0.5971439287933884,False
2026-01-30 20:45:00+00:00,test,0.5840444808127235,False
2026-01-30 20:46:00+00:00,test,0.543102465812782,False
2026-01-30 20:47:00+00:00,test,0.5409427853885469,False
2026-01-30 20:48:00+00:00,test,0.58129830675066,False
2026-01-30 20:49:00+00:00,test,0.5784974126925144,False
2026-01-30 20:50:00+00:00,test,0.583263431468288,False
2026-01-30 20:51:00+00:00,test,0.5765251396777344,False
2026-01-30 20:52:00+00:00,test,0.5729082336672828,False
2026-01-30 20:53:00+00:00,test,0.5777126819479326,False
2026-01-30 20:54:00+00:00,test,0.5812481163967564,False
2026-01-30 20:55:00+00:00,test,0.6059640264250438,False
2026-01-30 20:56:00+00:00,test,0.6520162398985053,False
2026-01-30 20:57:00+00:00,test,0.6734724129088228,False
2026-01-30 20:58:00+00:00,test,0.6921721263040586,False
2026-01-30 20:59:00+00:00,test,0.6920481302347391,False
2026-01-30 21:00:00+00:00,test,0.6711251007373901,False
2026-01-30 21:01:00+00:00,test,0.654756565231127,False
2026-01-30 21:02:00+00:00,test,0.6291291600670382,False
2026-01-30 21:03:00+00:00,test,0.6118883718877359,False
2026-01-30 21:04:00+00:00,test,0.6445764161406472,False
2026-01-30 21:05:00+00:00,test,1.799414226802048,False
2026-01-30 21:06:00+00:00,test,0.6856771515485052,False
2026-01-30 21:07:00+00:00,test,0.6989485674152656,False
2026-01-30 21:08:00+00:00,test,0.7197385116965759,False
2026-01-30 21:09:00+00:00,test,0.6518380584368058,False
2026-01-30 21:10:00+00:00,test,0.6879108908974998,False
2026-01-30 21:11:00+00:00,test,0.6252862173312356,False
2026-01-30 21:12:00+00:00,test,0.6959285250431075,False
2026-01-30 21:13:00+00:00,test,0.943614472689595,False
2026-01-30 21:14:00+00:00,test,0.5703088768304749,False
2026-01-30 21:15:00+00:00,test,0.5519815916086355,False
2026-01-30 21:16:00+00:00,test,0.572621814170637,False
2026-01-30 21:17:00+00:00,test,0.5237949563244966,False
2026-01-30 21:18:00+00:00,test,0.5352752516682239,False
2026-01-30 21:19:00+00:00,test,0.5627400209414646,False
2026-01-30 21:20:00+00:00,test,0.6065478426895031,False
2026-01-30 21:21:00+00:00,test,0.6163156411850362,False
2026-01-30 21:22:00+00:00,test,0.6653831159569404,False
2026-01-30 21:23:00+00:00,test,0.6583403403006602,False
2026-01-30 21:24:00+00:00,test,0.6467162177032442,False
2026-01-30 21:25:00+00:00,test,0.6200262773164723,False
2026-01-30 21:26:00+00:00,test,0.5373540723590783,False
2026-01-30 21:27:00+00:00,test,0.5325100501586945,False
2026-01-30 21:28:00+00:00,test,0.5959264194129488,False
2026-01-30 21:29:00+00:00,test,0.631029546151675,False
2026-01-30 21:30:00+00:00,test,0.6330830731955905,False
2026-01-30 21:31:00+00:00,test,0.8758148040409365,False
2026-01-30 21:32:00+00:00,test,0.6236368262929106,False
2026-01-30 21:33:00+00:00,test,0.5811395791569748,False
2026-01-30 21:34:00+00:00,test,0.5215493035412782,False
2026-01-30 21:35:00+00:00,test,0.5104679738154678,False
2026-01-30 21:36:00+00:00,test,0.5399021166361735,False
2026-01-30 21:37:00+00:00,test,0.5646224179303779,False
2026-01-30 21:38:00+00:00,test,0.5357057795963689,False
2026-01-30 21:39:00+00:00,test,0.5543450982328422,False
2026-01-30 21:40:00+00:00,test,0.5850625900204913,False
2026-01-30 21:41:00+00:00,test,0.5934451021971205,False
2026-01-30 21:42:00+00:00,test,0.5797815200475178,False
2026-01-30 21:43:00+00:00,test,0.6471637699242382,False
2026-01-30 21:44:00+00:00,test,0.7059036404677264,False
2026-01-30 21:45:00+00:00,test,0.7102422844512001,False
2026-01-30 21:46:00+00:00,test,0.6975424434198353,False
2026-01-30 21:47:00+00:00,test,0.6708682170282813,False
2026-01-30 21:48:00+00:00,test,0.6337672218675111,False
2026-01-30 21:49:00+00:00,test,0.6528508774745924,False
2026-01-30 21:50:00+00:00,test,1.2750006772283025,False
2026-01-30 21:51:00+00:00,test,0.6141967648780855,False
2026-01-30 21:52:00+00:00,test,0.6859334212025348,False
2026-01-30 21:53:00+00:00,test,0.6635197954466769,False
2026-01-30 21:54:00+00:00,test,0.695603188566177,False
2026-01-30 21:55:00+00:00,test,0.7010272241835949,False
2026-01-30 21:56:00+00:00,test,0.5982335098184594,False
2026-01-30 21:57:00+00:00,test,0.589258402404713,False
2026-01-30 21:58:00+00:00,test,0.5612544681378492,False
2026-01-30 21:59:00+00:00,test,0.5729645297448521,False
2026-01-30 22:00:00+00:00,test,0.5281459481424572,False
2026-01-30 22:01:00+00:00,test,0.5068121464936666,False
2026-01-30 22:02:00+00:00,test,0.551951923406982,False
2026-01-30 22:03:00+00:00,test,0.5746742815979664,False
2026-01-30 22:04:00+00:00,test,0.5797445145527009,False
2026-01-30 22:05:00+00:00,test,0.555972312666952,False
2026-01-30 22:06:00+00:00,test,0.5499638895467978,False
2026-01-30 22:07:00+00:00,test,0.5099128863426324,False
2026-01-30 22:08:00+00:00,test,0.8935560754020606,False
2026-01-30 22:09:00+00:00,test,0.4742810189821041,False
2026-01-30 22:10:00+00:00,test,0.46222222958770537,False
2026-01-30 22:11:00+00:00,test,0.44695952529183824,False
2026-01-30 22:12:00+00:00,test,0.4531672748657881,False
2026-01-30 22:13:00+00:00,test,0.4912464082111345,False
2026-01-30 22:14:00+00:00,test,0.5265683205265841,False
2026-01-30 22:15:00+00:00,test,0.5885609979387364,False
2026-01-30 22:16:00+00:00,test,0.5364190592441171,False
2026-01-30 22:17:00+00:00,test,0.5018106576807227,False
2026-01-30 22:18:00+00:00,test,0.5107525344409537,False
2026-01-30 22:19:00+00:00,test,0.490691530947194,False
2026-01-30 22:20:00+00:00,test,0.4716217598485015,False
2026-01-30 22:21:00+00:00,test,0.46031850281689735,False
2026-01-30 22:22:00+00:00,test,0.4979797315106223,False
2026-01-30 22:23:00+00:00,test,0.580410272094041,False
2026-01-30 22:24:00+00:00,test,1.1026212914137365,False
2026-01-30 22:25:00+00:00,test,0.5558079345477466,False
2026-01-30 22:26:00+00:00,test,0.4890085997145392,False
2026-01-30 22:27:00+00:00,test,0.5835704161464157,False
2026-01-30 22:28:00+00:00,test,0.5603511013779258,False
2026-01-30 22:29:00+00:00,test,0.5698097214956406,False
2026-01-30 22:30:00+00:00,test,0.5766109134034513,False
2026-01-30 22:31:00+00:00,test,0.5620536050516282,False
2026-01-30 22:32:00+00:00,test,0.549761099165902,False
2026-01-30 22:33:00+00:00,test,0.5092747763786973,False
2026-01-30 22:34:00+00:00,test,0.8932574026694321,False
2026-01-30 22:35:00+00:00,test,0.5403034596492536,False
2026-01-30 22:36:00+00:00,test,0.5444446354559686,False
2026-01-30 22:37:00+00:00,test,0.565420853888064,False
2026-01-30 22:38:00+00:00,test,0.5172163273338587,False
2026-01-30 22:39:00+00:00,test,0.5395295922723097,False
2026-01-30 22:40:00+00:00,test,0.538374998130065,False
2026-01-30 22:41:00+00:00,test,0.5497222622214355,False
2026-01-30 22:42:00+00:00,test,0.5206574615900977,False
2026-01-30 22:43:00+00:00,test,0.5146446702189215,False
2026-01-30 22:44:00+00:00,test,0.5033399276939703,False
2026-01-30 22:45:00+00:00,test,0.4989537553558396,False
2026-01-30 22:46:00+00:00,test,0.5098659183982898,False
2026-01-30 22:47:00+00:00,test,0.48757714745732456,False
2026-01-30 22:48:00+00:00,test,0.5098141311298765,False
2026-01-30 22:49:00+00:00,test,0.5045015024901741,False
2026-01-30 22:50:00+00:00,test,0.5031357367038409,False
2026-01-30 22:51:00+00:00,test,0.5445933251836389,False
2026-01-30 22:52:00+00:00,test,0.5344914605877057,False
2026-01-30 22:53:00+00:00,test,0.5590043708859608,False
2026-01-30 22:54:00+00:00,test,0.5655867333742463,False
2026-01-30 22:55:00+00:00,test,0.5969458364768954,False
2026-01-30 22:56:00+00:00,test,0.5783463536107537,False
2026-01-30 22:57:00+00:00,test,0.5940439685678127,False
2026-01-30 22:58:00+00:00,test,0.593021406437748,False
2026-01-30 22:59:00+00:00,test,0.5286694342471799,False
2026-01-30 23:00:00+00:00,test,0.5321313489015596,False
2026-01-30 23:01:00+00:00,test,0.5251561205933953,False
2026-01-30 23:02:00+00:00,test,0.8569950087082585,False
2026-01-30 23:03:00+00:00,test,0.49822973173686336,False
2026-01-30 23:04:00+00:00,test,0.47929501066852637,False
2026-01-30 23:05:00+00:00,test,0.49514219917807745,False
2026-01-30 23:06:00+00:00,test,0.5153549432661991,False
2026-01-30 23:07:00+00:00,test,0.49517391338070044,False
2026-01-30 23:08:00+00:00,test,0.5001965682838238,False
2026-01-30 23:09:00+00:00,test,0.44402312067190647,False
2026-01-30 23:10:00+00:00,test,0.5089254263255543,False
2026-01-30 23:11:00+00:00,test,0.48458268639053387,False
2026-01-30 23:12:00+00:00,test,0.5286397984191431,False
2026-01-30 23:13:00+00:00,test,0.518952622623895,False
2026-01-30 23:14:00+00:00,test,0.5601448465967007,False
2026-01-30 23:15:00+00:00,test,0.580735924357023,False
2026-01-30 23:16:00+00:00,test,0.6194266929493062,False
2026-01-30 23:17:00+00:00,test,0.5717540010226784,False
2026-01-30 23:18:00+00:00,test,0.5623487695975626,False
2026-01-30 23:19:00+00:00,test,0.5360588884550993,False
2026-01-30 23:20:00+00:00,test,0.554588208870411,False
2026-01-30 23:21:00+00:00,test,0.5648242642433583,False
2026-01-30 23:22:00+00:00,test,0.5466010419279155,False
2026-01-30 23:23:00+00:00,test,0.546194350032297,False
2026-01-30 23:24:00+00:00,test,0.5425869200975179,False
2026-01-30 23:25:00+00:00,test,0.5756321695925781,False
2026-01-30 23:26:00+00:00,test,0.568727495263629,False
2026-01-30 23:27:00+00:00,test,0.5544669600222248,False
2026-01-30 23:28:00+00:00,test,0.5355192093112412,False
2026-01-30 23:29:00+00:00,test,0.6037090522533803,False
2026-01-30 23:30:00+00:00,test,0.5918959681397616,False
2026-01-30 23:31:00+00:00,test,0.578405897961085,False
2026-01-30 23:32:00+00:00,test,0.5986858930753503,False
2026-01-30 23:33:00+00:00,test,0.6254142143582354,False
2026-01-30 23:34:00+00:00,test,0.5287815393679898,False
2026-01-30 23:35:00+00:00,test,0.60948352217176,False
2026-01-30 23:36:00+00:00,test,0.9391761671656396,False
2026-01-30 23:37:00+00:00,test,0.5657604835156534,False
2026-01-30 23:38:00+00:00,test,0.5314619094472407,False
2026-01-30 23:39:00+00:00,test,0.5834677823481939,False
2026-01-30 23:40:00+00:00,test,0.6449132735253023,False
2026-01-30 23:41:00+00:00,test,0.6568522288017633,False
2026-01-30 23:42:00+00:00,test,0.6959065574855079,False
2026-01-30 23:43:00+00:00,test,0.6698861473937235,False
2026-01-30 23:44:00+00:00,test,0.9868043273743192,False
2026-01-30 23:45:00+00:00,test,0.6532769365187687,False
2026-01-30 23:46:00+00:00,test,0.6666679959004137,False
2026-01-30 23:47:00+00:00,test,0.6307143977586985,False
2026-01-30 23:48:00+00:00,test,0.611990580630218,False
2026-01-30 23:49:00+00:00,test,0.6413639112633666,False
2026-01-30 23:50:00+00:00,test,1.0576831691435526,False
2026-01-30 23:51:00+00:00,test,0.6519437669340256,False
2026-01-30 23:52:00+00:00,test,0.6831871230970744,False
2026-01-30 23:53:00+00:00,test,0.7224324070184012,False
2026-01-30 23:54:00+00:00,test,0.69410857610076,False
2026-01-30 23:55:00+00:00,test,0.7280201107361319,False
2026-01-30 23:56:00+00:00,test,0.7085909435171359,False
2026-01-30 23:57:00+00:00,test,0.6821380595737542,False
2026-01-30 23:58:00+00:00,test,0.6513848499584978,False
2026-01-30 23:59:00+00:00,test,0.6037676246567358,False
2026-01-31 00:00:00+00:00,test,0.5994429983827999,False
2026-01-31 00:01:00+00:00,test,0.6143467957294467,False
2026-01-31 00:02:00+00:00,test,0.6096283230777704,False
2026-01-31 00:03:00+00:00,test,0.6400881324096658,False
2026-01-31 00:04:00+00:00,test,1.2654217438855964,False
2026-01-31 00:05:00+00:00,test,0.6216628046305184,False
2026-01-31 00:06:00+00:00,test,0.644943602399969,False
2026-01-31 00:07:00+00:00,test,0.6725169119381483,False
2026-01-31 00:08:00+00:00,test,0.6369577566500582,False
2026-01-31 00:09:00+00:00,test,0.5324412989260879,False
2026-01-31 00:10:00+00:00,test,1.2096434656602366,False
2026-01-31 00:11:00+00:00,test,0.4631297481407258,False
2026-01-31 00:12:00+00:00,test,0.4615661976858562,False
2026-01-31 00:13:00+00:00,test,0.5328344972076052,False
2026-01-31 00:14:00+00:00,test,0.5279460210718787,False
2026-01-31 00:15:00+00:00,test,0.5105017886522276,False
2026-01-31 00:16:00+00:00,test,0.5699405352981864,False
2026-01-31 00:17:00+00:00,test,0.5733760319434026,False
2026-01-31 00:18:00+00:00,test,0.6214326991371496,False
2026-01-31 00:19:00+00:00,test,0.9837078606042682,False
2026-01-31 00:20:00+00:00,test,0.5718961028160974,False
2026-01-31 00:21:00+00:00,test,0.5365978664020236,False
2026-01-31 00:22:00+00:00,test,0.5131216069352174,False
2026-01-31 00:23:00+00:00,test,0.5673900475001757,False
2026-01-31 00:24:00+00:00,test,0.6680776437968051,False
2026-01-31 00:25:00+00:00,test,0.6572221401435825,False
2026-01-31 00:26:00+00:00,test,0.6773674989599267,False
2026-01-31 00:27:00+00:00,test,0.6809801715082284,False
2026-01-31 00:28:00+00:00,test,0.6529658292608794,False
2026-01-31 00:29:00+00:00,test,0.6192002892739635,False
2026-01-31 00:30:00+00:00,test,0.5359981987222069,False
2026-01-31 00:31:00+00:00,test,0.49646843615409236,False
2026-01-31 00:32:00+00:00,test,0.4664120736120458,False
2026-01-31 00:33:00+00:00,test,0.5171768067471343,False
2026-01-31 00:34:00+00:00,test,0.513125256138357,False
2026-01-31 00:35:00+00:00,test,0.5368862794252309,False
2026-01-31 00:36:00+00:00,test,1.2419096013789837,False
2026-01-31 00:37:00+00:00,test,0.5954065839606996,False
2026-01-31 00:38:00+00:00,test,0.5729528872597157,False
2026-01-31 00:39:00+00:00,test,0.5882679505443513,False
2026-01-31 00:40:00+00:00,test,0.5916212869061589,False
2026-01-31 00:41:00+00:00,test,0.5717028604686892,False
2026-01-31 00:42:00+00:00,test,0.5586232019790268,False
2026-01-31 00:43:00+00:00,test,0.5580179870940863,False
2026-01-31 00:44:00+00:00,test,0.6411928189203824,False
2026-01-31 00:45:00+00:00,test,0.6151133937489317,False
2026-01-31 00:46:00+00:00,test,0.6486689574556842,False
2026-01-31 00:47:00+00:00,test,0.6471447339161206,False
2026-01-31 00:48:00+00:00,test,0.6800683058179234,False
2026-01-31 00:49:00+00:00,test,1.0135408925140845,False
2026-01-31 00:50:00+00:00,test,0.6311405680898605,False
2026-01-31 00:51:00+00:00,test,0.6602187343913838,False
2026-01-31 00:52:00+00:00,test,0.6673636631646714,False
2026-01-31 00:53:00+00:00,test,0.712657614900873,False
2026-01-31 00:54:00+00:00,test,0.67930380267637,False
2026-01-31 00:55:00+00:00,test,0.6884462447266588,False
2026-01-31 00:56:00+00:00,test,0.6553369011380459,False
2026-01-31 00:57:00+00:00,test,0.6644061111008409,False
2026-01-31 00:58:00+00:00,test,0.6753151014813521,False
2026-01-31 00:59:00+00:00,test,1.0408522690569322,False
2026-01-31 01:00:00+00:00,test,0.6483622896413409,False
2026-01-31 01:01:00+00:00,test,1.0419299075594564,False
2026-01-31 01:02:00+00:00,test,0.6275548973641712,False
2026-01-31 01:03:00+00:00,test,0.6393584421671759,False
2026-01-31 01:04:00+00:00,test,0.610250074540698,False
2026-01-31 01:05:00+00:00,test,0.6259178686829182,False
2026-01-31 01:06:00+00:00,test,0.6464819538318922,False
2026-01-31 01:07:00+00:00,test,0.7074555769877697,False
2026-01-31 01:10:00+00:00,test,0.640974427968491,False
2026-01-31 01:11:00+00:00,test,1.0104002897431192,False
2026-01-31 01:12:00+00:00,test,0.5775091045259426,False
2026-01-31 01:13:00+00:00,test,0.6159608704593809,False
2026-01-31 01:14:00+00:00,test,0.6231647404914663,False
2026-01-31 01:15:00+00:00,test,0.684452252514382,False
2026-01-31 01:16:00+00:00,test,0.6822736716967608,False
2026-01-31 01:17:00+00:00,test,0.716740639960587,False
2026-01-31 01:18:00+00:00,test,0.76401895015763,False
2026-01-31 01:19:00+00:00,test,0.7332946574649535,False
2026-01-31 01:20:00+00:00,test,0.7927601096644773,False
2026-01-31 01:21:00+00:00,test,0.7547313179035755,False
2026-01-31 01:22:00+00:00,test,1.0934182860998123,False
2026-01-31 01:23:00+00:00,test,0.7078445851809606,False
2026-01-31 01:24:00+00:00,test,0.7266243552639384,False
2026-01-31 01:25:00+00:00,test,0.6793118617034952,False
2026-01-31 01:26:00+00:00,test,0.7341836240382842,False
2026-01-31 01:27:00+00:00,test,0.774622955280856,False
2026-01-31 01:28:00+00:00,test,0.737826403664383,False
2026-01-31 01:29:00+00:00,test,0.7756928806493968,False
2026-01-31 01:30:00+00:00,test,0.7594390074449925,False
2026-01-31 01:31:00+00:00,test,0.7296236896947047,False
2026-01-31 01:32:00+00:00,test,0.7429250255576758,False
2026-01-31 01:33:00+00:00,test,0.6773263752568119,False
2026-01-31 01:34:00+00:00,test,0.6527691947112882,False
2026-01-31 01:35:00+00:00,test,0.669455371371454,False
2026-01-31 01:36:00+00:00,test,0.6931329801213695,False
2026-01-31 01:37:00+00:00,test,0.7199487149684218,False
2026-01-31 01:38:00+00:00,test,0.732406397613479,False
2026-01-31 01:39:00+00:00,test,0.8175936105913554,False
2026-01-31 01:40:00+00:00,test,0.820294531511151,False
2026-01-31 01:41:00+00:00,test,0.8600383025180846,False
2026-01-31 01:42:00+00:00,test,0.8319761543689714,False
2026-01-31 01:43:00+00:00,test,0.8627166826344254,False
2026-01-31 01:44:00+00:00,test,0.9026601154958963,False
2026-01-31 01:45:00+00:00,test,0.8450926448625536,False
2026-01-31 01:46:00+00:00,test,0.7983925900289991,False
2026-01-31 01:47:00+00:00,test,0.8099616266241398,False
2026-01-31 01:48:00+00:00,test,0.7851661276890395,False
2026-01-31 01:49:00+00:00,test,0.7567772730964301,False
2026-01-31 01:50:00+00:00,test,0.7163692758663393,False
2026-01-31 01:51:00+00:00,test,0.7300361190165673,False
2026-01-31 01:52:00+00:00,test,0.7719580566769803,False
2026-01-31 01:53:00+00:00,test,1.0883700868715027,False
2026-01-31 01:54:00+00:00,test,0.7697447987091187,False
2026-01-31 01:55:00+00:00,test,0.7903203366153257,False
2026-01-31 01:56:00+00:00,test,0.8183065967723931,False
2026-01-31 01:57:00+00:00,test,0.8063784586671318,False
2026-01-31 01:58:00+00:00,test,0.8279963296090513,False
2026-01-31 01:59:00+00:00,test,0.79555291715148,False
2026-01-31 02:00:00+00:00,test,0.8424987205428324,False
2026-01-31 02:01:00+00:00,test,0.851669791187157,False
2026-01-31 02:02:00+00:00,test,0.8926670305518336,False
2026-01-31 02:03:00+00:00,test,0.9096270044804999,False
2026-01-31 02:04:00+00:00,test,0.922773806232259,False
2026-01-31 02:05:00+00:00,test,0.9130407440974151,False
2026-01-31 02:06:00+00:00,test,0.9178898444907923,False
2026-01-31 02:07:00+00:00,test,0.8949171157507682,False
2026-01-31 02:08:00+00:00,test,0.8647717239995006,False
2026-01-31 02:09:00+00:00,test,0.8971007113770427,False
2026-01-31 02:10:00+00:00,test,0.9003848499475854,False
2026-01-31 02:11:00+00:00,test,0.9099967499208723,False
2026-01-31 02:12:00+00:00,test,0.855045141989493,False
2026-01-31 02:13:00+00:00,test,0.9313279250609918,False
2026-01-31 02:14:00+00:00,test,0.8951760041582737,False
2026-01-31 02:15:00+00:00,test,0.8941115680277048,False
2026-01-31 02:16:00+00:00,test,0.883614943481627,False
2026-01-31 02:17:00+00:00,test,0.9018309266658121,False
2026-01-31 02:18:00+00:00,test,0.9298302606310208,False
2026-01-31 02:19:00+00:00,test,0.9570718578862186,False
2026-01-31 02:20:00+00:00,test,0.9669242284929813,False
2026-01-31 02:21:00+00:00,test,0.9355119759166599,False
2026-01-31 02:22:00+00:00,test,0.9607240480869944,False
2026-01-31 02:23:00+00:00,test,0.9914387754029643,False
2026-01-31 02:24:00+00:00,test,1.0037674268630503,False
2026-01-31 02:25:00+00:00,test,0.9658659090649812,False
2026-01-31 02:26:00+00:00,test,0.9619293995939289,False
2026-01-31 02:27:00+00:00,test,0.9896333440645879,False
2026-01-31 02:28:00+00:00,test,0.9665730362173227,False
2026-01-31 02:29:00+00:00,test,0.982543499701209,False
2026-01-31 02:30:00+00:00,test,0.9938747003841873,False
2026-01-31 02:31:00+00:00,test,1.00333111147857,False
2026-01-31 02:32:00+00:00,test,1.0125508877320115,False
2026-01-31 02:33:00+00:00,test,0.98408294610146,False
2026-01-31 02:34:00+00:00,test,0.9709882931022995,False
2026-01-31 02:35:00+00:00,test,0.9628726511795144,False
2026-01-31 02:36:00+00:00,test,1.3190967432737475,False
2026-01-31 02:37:00+00:00,test,0.9111267427321625,False
2026-01-31 02:38:00+00:00,test,0.8972116301345083,False
2026-01-31 02:39:00+00:00,test,0.8980648597590984,False
2026-01-31 02:40:00+00:00,test,0.9407402658365907,False
2026-01-31 02:41:00+00:00,test,0.8901107473578371,False
2026-01-31 02:42:00+00:00,test,0.8895048763042583,False
2026-01-31 02:43:00+00:00,test,0.9004600244100869,False
2026-01-31 02:44:00+00:00,test,0.9117115548426215,False
2026-01-31 02:45:00+00:00,test,0.9311959380020114,False
2026-01-31 02:46:00+00:00,test,0.9482308228056929,False
2026-01-31 02:47:00+00:00,test,0.9738765566374908,False
2026-01-31 02:48:00+00:00,test,0.9738957249336646,False
2026-01-31 02:49:00+00:00,test,0.9545600532313318,False
2026-01-31 02:50:00+00:00,test,0.9525542058275258,False
2026-01-31 02:51:00+00:00,test,0.944885406503797,False
2026-01-31 02:52:00+00:00,test,0.9443297571653015,False
2026-01-31 02:53:00+00:00,test,0.9308142729029933,False
2026-01-31 02:54:00+00:00,test,0.9211642038334326,False
2026-01-31 02:55:00+00:00,test,0.9117471856206776,False
2026-01-31 02:56:00+00:00,test,0.9301435447768143,False
2026-01-31 02:57:00+00:00,test,0.9268200997467065,False
2026-01-31 02:58:00+00:00,test,0.9511468431506827,False
2026-01-31 02:59:00+00:00,test,1.475676750394358,False
2026-01-31 03:00:00+00:00,test,1.2672571449194667,False
2026-01-31 03:01:00+00:00,test,1.0249564531213118,False
2026-01-31 03:02:00+00:00,test,1.029442534935552,False
2026-01-31 03:03:00+00:00,test,0.9954856503493488,False
2026-01-31 03:04:00+00:00,test,0.9712982920122065,False
2026-01-31 03:05:00+00:00,test,0.9612590915307294,False
2026-01-31 03:06:00+00:00,test,0.942282034682409,False
2026-01-31 03:07:00+00:00,test,0.9100662940989211,False
2026-01-31 03:08:00+00:00,test,0.9030872476989824,False
2026-01-31 03:09:00+00:00,test,0.9184877260155085,False
2026-01-31 03:10:00+00:00,test,0.9456343990185254,False
2026-01-31 03:11:00+00:00,test,0.9551086307310203,False
2026-01-31 03:12:00+00:00,test,0.9578034137874024,False
2026-01-31 03:13:00+00:00,test,0.9730131201854026,False
2026-01-31 03:14:00+00:00,test,1.0116538179132393,False
2026-01-31 03:15:00+00:00,test,0.9988772185907776,False
2026-01-31 03:16:00+00:00,test,0.9617120377969434,False
2026-01-31 03:17:00+00:00,test,0.9181574182447063,False
2026-01-31 03:18:00+00:00,test,0.909892987978759,False
2026-01-31 03:19:00+00:00,test,0.9482219689604089,False
2026-01-31 03:20:00+00:00,test,0.9695746704686034,False
2026-01-31 03:21:00+00:00,test,0.9633480373640037,False
2026-01-31 03:22:00+00:00,test,0.9855637485279798,False
2026-01-31 03:23:00+00:00,test,0.9720821122369973,False
2026-01-31 03:24:00+00:00,test,1.0077849782027002,False
2026-01-31 03:25:00+00:00,test,1.0090981753419341,False
2026-01-31 03:26:00+00:00,test,1.3438564009831462,False
2026-01-31 03:27:00+00:00,test,0.9686186755209898,False
2026-01-31 03:28:00+00:00,test,0.9519603776742861,False
2026-01-31 03:29:00+00:00,test,0.9880309149024685,False
2026-01-31 03:30:00+00:00,test,0.992327549437612,False
2026-01-31 03:31:00+00:00,test,0.9912511548172647,False
2026-01-31 03:32:00+00:00,test,0.9982070179646514,False
2026-01-31 03:33:00+00:00,test,0.9821237051767511,False
2026-01-31 03:34:00+00:00,test,1.261623246959475,False
2026-01-31 03:35:00+00:00,test,1.4832578867780069,False
2026-01-31 03:36:00+00:00,test,1.2780510211950569,False
2026-01-31 03:37:00+00:00,test,1.257779688270597,False
2026-01-31 03:38:00+00:00,test,1.2594848126786065,False
2026-01-31 03:39:00+00:00,test,1.256545320450017,False
2026-01-31 03:40:00+00:00,test,1.2645606023577713,False
2026-01-31 03:41:00+00:00,test,1.2661570660021004,False
2026-01-31 03:42:00+00:00,test,1.224588557308332,False
2026-01-31 03:43:00+00:00,test,1.2408364269206316,False
2026-01-31 03:44:00+00:00,test,1.2490274261340857,False
2026-01-31 03:45:00+00:00,test,1.261150979012685,False
2026-01-31 03:46:00+00:00,test,1.2732914645658704,False
2026-01-31 03:47:00+00:00,test,1.270018970185942,False
2026-01-31 03:48:00+00:00,test,1.2537281734579122,False
2026-01-31 03:49:00+00:00,test,1.2517910907247467,False
2026-01-31 03:50:00+00:00,test,1.2631081155046415,False
2026-01-31 03:51:00+00:00,test,1.2565868105653277,False
2026-01-31 03:52:00+00:00,test,1.2573440377455511,False
2026-01-31 03:53:00+00:00,test,1.2620644321271466,False
2026-01-31 03:54:00+00:00,test,1.2616953661192505,False
2026-01-31 03:55:00+00:00,test,1.269941837949829,False
2026-01-31 03:56:00+00:00,test,1.2897069667170866,False
2026-01-31 03:57:00+00:00,test,1.7118939960097417,False
2026-01-31 03:58:00+00:00,test,1.3171409832882768,False
2026-01-31 03:59:00+00:00,test,1.306042627927839,False
2026-01-31 04:00:00+00:00,test,1.2973099779993673,False
2026-01-31 04:01:00+00:00,test,1.305730796215293,False
2026-01-31 04:02:00+00:00,test,1.2795797838548624,False
2026-01-31 04:03:00+00:00,test,1.2693613203415304,False
2026-01-31 04:04:00+00:00,test,1.277321779856978,False
2026-01-31 04:05:00+00:00,test,1.2977378992098887,False
2026-01-31 04:06:00+00:00,test,1.3194792720577322,False
2026-01-31 04:07:00+00:00,test,1.271086435895079,False
2026-01-31 04:08:00+00:00,test,1.2502581250017226,False
2026-01-31 04:09:00+00:00,test,1.2350087834366887,False
2026-01-31 04:10:00+00:00,test,1.236079324043771,False
2026-01-31 04:11:00+00:00,test,1.233133877979852,False
2026-01-31 04:12:00+00:00,test,1.2478265897722127,False
2026-01-31 04:13:00+00:00,test,1.2270330615404361,False
2026-01-31 04:14:00+00:00,test,1.2669380971416921,False
2026-01-31 04:15:00+00:00,test,1.2467756080675432,False
2026-01-31 04:16:00+00:00,test,1.249115998582246,False
2026-01-31 04:17:00+00:00,test,1.2891737004294095,False
2026-01-31 04:18:00+00:00,test,1.2682949573426403,False
2026-01-31 04:19:00+00:00,test,1.253140506324407,False
2026-01-31 04:20:00+00:00,test,1.2231436143169283,False
2026-01-31 04:21:00+00:00,test,1.213050886121561,False
2026-01-31 04:22:00+00:00,test,1.206114181622023,False
2026-01-31 04:23:00+00:00,test,1.2039131240495764,False
2026-01-31 04:24:00+00:00,test,1.1940361525946914,False
2026-01-31 04:25:00+00:00,test,1.642204590022529,False
2026-01-31 04:26:00+00:00,test,1.198776191597864,False
2026-01-31 04:27:00+00:00,test,1.1984050913253375,False
2026-01-31 04:28:00+00:00,test,1.215143689028194,False
2026-01-31 04:29:00+00:00,test,1.201941890109148,False
2026-01-31 04:30:00+00:00,test,1.1689625810381592,False
2026-01-31 04:31:00+00:00,test,1.1806733801419562,False
2026-01-31 04:32:00+00:00,test,1.2145265263840508,False
2026-01-31 04:33:00+00:00,test,1.1912505746644044,False
2026-01-31 04:34:00+00:00,test,1.2192665867789776,False
2026-01-31 04:35:00+00:00,test,1.2142122046090298,False
2026-01-31 04:36:00+00:00,test,1.1928810805409837,False
2026-01-31 04:37:00+00:00,test,1.2071261708074668,False
2026-01-31 04:38:00+00:00,test,1.1855450251423538,False
2026-01-31 04:39:00+00:00,test,1.1909136730943717,False
2026-01-31 04:40:00+00:00,test,1.2120477213356637,False
2026-01-31 04:41:00+00:00,test,1.1974416365320306,False
2026-01-31 04:42:00+00:00,test,1.171485018363094,False
2026-01-31 04:43:00+00:00,test,1.1772251682012949,False
2026-01-31 04:44:00+00:00,test,1.199207065469314,False
2026-01-31 04:45:00+00:00,test,1.2094679757376683,False
2026-01-31 04:46:00+00:00,test,1.2243299078681273,False
2026-01-31 04:47:00+00:00,test,1.2033689655379995,False
2026-01-31 04:48:00+00:00,test,1.542884516164225,False
2026-01-31 04:49:00+00:00,test,1.1964704484262654,False
2026-01-31 04:50:00+00:00,test,1.175866703124081,False
2026-01-31 04:51:00+00:00,test,1.2002415653263976,False
2026-01-31 04:52:00+00:00,test,1.2135963292992473,False
2026-01-31 04:53:00+00:00,test,1.219383863631041,False
2026-01-31 04:54:00+00:00,test,1.2283260632575232,False
2026-01-31 04:55:00+00:00,test,1.2188716417476364,False
2026-01-31 04:56:00+00:00,test,1.1774413657456253,False
2026-01-31 04:57:00+00:00,test,1.1597725485737391,False
2026-01-31 04:58:00+00:00,test,1.1289813732270204,False
2026-01-31 04:59:00+00:00,test,1.109139786126949,False
2026-01-31 05:00:00+00:00,test,1.1083489741730688,False
2026-01-31 05:01:00+00:00,test,1.1072580319949783,False
2026-01-31 05:02:00+00:00,test,0.7885891798866435,False
2026-01-31 05:03:00+00:00,test,0.7895257077304696,False
2026-01-31 05:04:00+00:00,test,0.8067149887057536,False
2026-01-31 05:05:00+00:00,test,0.7964108919309353,False
2026-01-31 05:06:00+00:00,test,0.7540673303469205,False
2026-01-31 05:07:00+00:00,test,0.74617065444131,False
2026-01-31 05:08:00+00:00,test,0.7480263951876778,False
2026-01-31 05:09:00+00:00,test,0.787888467507543,False
2026-01-31 05:10:00+00:00,test,0.8230150420047284,False
2026-01-31 05:11:00+00:00,test,0.859876093368763,False
2026-01-31 05:12:00+00:00,test,0.8513799591915845,False
2026-01-31 05:13:00+00:00,test,0.84221996709309,False
2026-01-31 05:14:00+00:00,test,0.8252503549962601,False
2026-01-31 05:15:00+00:00,test,0.8530313022934691,False
2026-01-31 05:16:00+00:00,test,0.8250693992501498,False
2026-01-31 05:17:00+00:00,test,0.7784635120573167,False
2026-01-31 05:18:00+00:00,test,0.815482343282717,False
2026-01-31 05:19:00+00:00,test,0.8483685137199044,False
2026-01-31 05:20:00+00:00,test,0.8615393028041289,False
2026-01-31 05:21:00+00:00,test,0.7943942515806197,False
2026-01-31 05:22:00+00:00,test,0.7787138566903927,False
2026-01-31 05:23:00+00:00,test,0.785862346673417,False
2026-01-31 05:24:00+00:00,test,0.8062098370229343,False
2026-01-31 05:25:00+00:00,test,0.7645529227552355,False
2026-01-31 05:26:00+00:00,test,1.1172324154509907,False
2026-01-31 05:27:00+00:00,test,0.7741829854748087,False
2026-01-31 05:28:00+00:00,test,0.7599808248909916,False
2026-01-31 05:29:00+00:00,test,0.7670408889200883,False
2026-01-31 05:30:00+00:00,test,0.7331577368033085,False
2026-01-31 05:31:00+00:00,test,0.756000246413158,False
2026-01-31 05:32:00+00:00,test,0.7548881962855497,False
2026-01-31 05:33:00+00:00,test,0.7587172215697907,False
2026-01-31 05:34:00+00:00,test,1.2766417113961301,False
2026-01-31 05:35:00+00:00,test,1.0693897875121157,False
2026-01-31 05:36:00+00:00,test,0.6798551622818477,False
2026-01-31 05:37:00+00:00,test,0.6989862914944908,False
2026-01-31 05:38:00+00:00,test,0.710670814854663,False
2026-01-31 05:39:00+00:00,test,0.6824186024796534,False
2026-01-31 05:40:00+00:00,test,0.6838928778390077,False
2026-01-31 05:41:00+00:00,test,1.0637304461955541,False
2026-01-31 05:42:00+00:00,test,0.7400059955587738,False
2026-01-31 05:43:00+00:00,test,0.7253043841835937,False
2026-01-31 05:44:00+00:00,test,0.7107970030187926,False
2026-01-31 05:45:00+00:00,test,0.7479069313193871,False
2026-01-31 05:46:00+00:00,test,0.7286640684777116,False
2026-01-31 05:47:00+00:00,test,0.7174779070005424,False
2026-01-31 05:48:00+00:00,test,0.6901606050080932,False
2026-01-31 05:49:00+00:00,test,0.6719473002629008,False
2026-01-31 05:50:00+00:00,test,0.6755288589586822,False
2026-01-31 05:51:00+00:00,test,0.6677233116867383,False
2026-01-31 05:52:00+00:00,test,0.6536004953461861,False
2026-01-31 05:53:00+00:00,test,0.6531464939256936,False
2026-01-31 05:54:00+00:00,test,0.6685571349092763,False
2026-01-31 05:55:00+00:00,test,0.6879135180653299,False
2026-01-31 05:56:00+00:00,test,0.693890393509825,False
2026-01-31 05:57:00+00:00,test,0.6842135782972897,False
2026-01-31 05:58:00+00:00,test,0.7063414195254919,False
2026-01-31 05:59:00+00:00,test,0.773109026101534,False
2026-01-31 06:00:00+00:00,test,0.7474380935544123,False
2026-01-31 06:01:00+00:00,test,0.7411063588057258,False
2026-01-31 06:02:00+00:00,test,0.6958754978932856,False
2026-01-31 06:03:00+00:00,test,0.6769037408547006,False
2026-01-31 06:04:00+00:00,test,0.6547936466937146,False
2026-01-31 06:05:00+00:00,test,0.6254344833464587,False
2026-01-31 06:06:00+00:00,test,0.6326498099186798,False
2026-01-31 06:07:00+00:00,test,0.628364535227389,False
2026-01-31 06:08:00+00:00,test,0.6609415955412463,False
2026-01-31 06:09:00+00:00,test,0.6878706922937134,False
2026-01-31 06:10:00+00:00,test,0.6749443497355543,False
2026-01-31 06:11:00+00:00,test,0.6621664954199181,False
2026-01-31 06:12:00+00:00,test,0.6915411654254919,False
2026-01-31 06:13:00+00:00,test,0.6952871491888406,False
2026-01-31 06:14:00+00:00,test,0.7036542700206946,False
2026-01-31 06:15:00+00:00,test,0.6610769643231168,False
2026-01-31 06:16:00+00:00,test,0.6715362168394033,False
2026-01-31 06:17:00+00:00,test,0.7333675177851204,False
2026-01-31 06:18:00+00:00,test,0.7653982381913466,False
2026-01-31 06:19:00+00:00,test,0.7835106762506883,False
2026-01-31 06:20:00+00:00,test,0.7605076639761388,False
2026-01-31 06:21:00+00:00,test,0.7524234352541865,False
2026-01-31 06:22:00+00:00,test,0.7516724140162452,False
2026-01-31 06:23:00+00:00,test,0.7494504265760883,False
2026-01-31 06:24:00+00:00,test,0.7099972818601477,False
2026-01-31 06:25:00+00:00,test,0.7008868910962734,False
2026-01-31 06:26:00+00:00,test,0.7168992365233533,False
2026-01-31 06:27:00+00:00,test,0.6855524760650777,False
2026-01-31 06:28:00+00:00,test,0.7043789652749194,False
2026-01-31 06:29:00+00:00,test,0.6548930727632515,False
2026-01-31 06:30:00+00:00,test,0.6648425203680044,False
2026-01-31 06:31:00+00:00,test,0.6813689874790538,False
2026-01-31 06:32:00+00:00,test,0.7627579723619097,False
2026-01-31 06:33:00+00:00,test,0.8118146008414819,False
2026-01-31 06:34:00+00:00,test,1.2173243341592321,False
2026-01-31 06:35:00+00:00,test,0.9438359814450219,False
2026-01-31 06:36:00+00:00,test,0.9044792728358638,False
2026-01-31 06:37:00+00:00,test,0.9022461887535652,False
2026-01-31 06:38:00+00:00,test,0.8652443039463138,False
2026-01-31 06:39:00+00:00,test,0.7767157054191386,False
2026-01-31 06:40:00+00:00,test,0.6845604682403443,False
2026-01-31 06:41:00+00:00,test,0.7445872420475177,False
2026-01-31 06:42:00+00:00,test,0.7775324859340857,False
2026-01-31 06:43:00+00:00,test,0.7284841897482305,False
2026-01-31 06:44:00+00:00,test,0.7294848414693861,False
2026-01-31 06:45:00+00:00,test,0.753888936034738,False
2026-01-31 06:46:00+00:00,test,0.7827437158452917,False
2026-01-31 06:47:00+00:00,test,0.7992366884878471,False
2026-01-31 06:48:00+00:00,test,0.7628994403350242,False
2026-01-31 06:49:00+00:00,test,0.7525569847282229,False
2026-01-31 06:50:00+00:00,test,0.7674725277443972,False
2026-01-31 06:51:00+00:00,test,0.7567847437236532,False
2026-01-31 06:52:00+00:00,test,0.7696390059255753,False
2026-01-31 06:53:00+00:00,test,0.7355500777112646,False
2026-01-31 06:54:00+00:00,test,0.7285653789143244,False
2026-01-31 06:55:00+00:00,test,0.7269083456050295,False
2026-01-31 06:56:00+00:00,test,0.7323449050220594,False
2026-01-31 06:57:00+00:00,test,0.7498103889239082,False
2026-01-31 06:58:00+00:00,test,0.749149053037881,False
2026-01-31 06:59:00+00:00,test,0.7471225780863258,False
2026-01-31 07:00:00+00:00,test,0.8241313544983042,False
2026-01-31 07:01:00+00:00,test,0.8006013914915301,False
2026-01-31 07:02:00+00:00,test,0.7935468943969554,False
2026-01-31 07:03:00+00:00,test,0.836753163508891,False
2026-01-31 07:04:00+00:00,test,0.837453213073452,False
2026-01-31 07:05:00+00:00,test,0.8571438280781883,False
2026-01-31 07:06:00+00:00,test,0.8397515349152563,False
2026-01-31 07:07:00+00:00,test,0.8292113721639514,False
2026-01-31 07:08:00+00:00,test,0.8440010919673439,False
2026-01-31 07:11:00+00:00,test,0.7515090651920604,False
2026-01-31 07:12:00+00:00,test,0.8111200335846896,False
2026-01-31 07:13:00+00:00,test,0.8014329088309632,False
2026-01-31 07:14:00+00:00,test,0.820260862122673,False
2026-01-31 07:15:00+00:00,test,0.8282928011324874,False
2026-01-31 07:16:00+00:00,test,0.8902776199386783,False
2026-01-31 07:17:00+00:00,test,0.9133952831086679,False
2026-01-31 07:18:00+00:00,test,0.9549086153889673,False
2026-01-31 07:19:00+00:00,test,0.9458942897597139,False
2026-01-31 07:20:00+00:00,test,0.9114159886970095,False
2026-01-31 07:21:00+00:00,test,0.91707256723227,False
2026-01-31 07:22:00+00:00,test,0.9489887594390408,False
2026-01-31 07:23:00+00:00,test,0.9229287041602914,False
2026-01-31 07:24:00+00:00,test,0.9195607893348825,False
2026-01-31 07:25:00+00:00,test,0.9479411087521851,False
2026-01-31 07:26:00+00:00,test,0.9374635571147774,False
2026-01-31 07:27:00+00:00,test,0.916440914812865,False
2026-01-31 07:28:00+00:00,test,0.8948868459459202,False
2026-01-31 07:29:00+00:00,test,0.8864528889510044,False
2026-01-31 07:30:00+00:00,test,0.8669891762008116,False
2026-01-31 07:31:00+00:00,test,0.8839543905099964,False
2026-01-31 07:32:00+00:00,test,0.9051918030054856,False
2026-01-31 07:33:00+00:00,test,0.8863149444797692,False
2026-01-31 07:34:00+00:00,test,0.8450005180139843,False
2026-01-31 07:35:00+00:00,test,0.8331416787169079,False
2026-01-31 07:36:00+00:00,test,0.8344050138804332,False
2026-01-31 07:37:00+00:00,test,0.8135336955852316,False
2026-01-31 07:38:00+00:00,test,0.8003355138284881,False
2026-01-31 07:39:00+00:00,test,0.8339217897329237,False
2026-01-31 07:40:00+00:00,test,0.8362133738840661,False
2026-01-31 07:41:00+00:00,test,0.8250937973010316,False
2026-01-31 07:42:00+00:00,test,0.8920768363743716,False
2026-01-31 07:43:00+00:00,test,0.8623222036582914,False
2026-01-31 07:44:00+00:00,test,0.8722914412721331,False
2026-01-31 07:45:00+00:00,test,0.8937093979582227,False
2026-01-31 07:46:00+00:00,test,0.8824506988151789,False
2026-01-31 07:47:00+00:00,test,0.885942416612373,False
2026-01-31 07:48:00+00:00,test,0.8957778138648878,False
2026-01-31 07:49:00+00:00,test,0.9293773749512597,False
2026-01-31 07:50:00+00:00,test,0.9508223042291228,False
2026-01-31 07:51:00+00:00,test,0.9178893863221539,False
2026-01-31 07:52:00+00:00,test,0.9180285251350904,False
2026-01-31 07:53:00+00:00,test,0.9143204623994988,False
2026-01-31 07:54:00+00:00,test,0.9292695951314897,False
2026-01-31 07:55:00+00:00,test,0.9488172513846956,False
2026-01-31 07:56:00+00:00,test,0.9183084402939149,False
2026-01-31 07:57:00+00:00,test,1.2465286766173032,False
2026-01-31 07:58:00+00:00,test,0.9125386442085903,False
2026-01-31 07:59:00+00:00,test,0.8616242837137986,False
2026-01-31 08:00:00+00:00,test,0.8204064400238471,False
2026-01-31 08:01:00+00:00,test,0.7999948479151705,False
2026-01-31 08:02:00+00:00,test,0.7919667582723899,False
2026-01-31 08:03:00+00:00,test,0.8038735816898005,False
2026-01-31 08:04:00+00:00,test,0.8326593500365668,False
2026-01-31 08:05:00+00:00,test,0.8235788667208236,False
2026-01-31 08:06:00+00:00,test,0.8566673430904876,False
2026-01-31 08:07:00+00:00,test,0.8616521563867586,False
2026-01-31 08:08:00+00:00,test,0.8654264226926557,False
2026-01-31 08:09:00+00:00,test,0.8133707605487712,False
2026-01-31 08:10:00+00:00,test,0.8087000537375764,False
2026-01-31 08:11:00+00:00,test,0.8049549183123456,False
2026-01-31 08:12:00+00:00,test,0.7943691112685614,False
2026-01-31 08:13:00+00:00,test,0.8378320017457204,False
2026-01-31 08:14:00+00:00,test,1.1523692360749112,False
2026-01-31 08:15:00+00:00,test,0.8572293374558636,False
2026-01-31 08:16:00+00:00,test,1.1382376129378091,False
2026-01-31 08:17:00+00:00,test,1.3116230023055577,False
2026-01-31 08:18:00+00:00,test,0.796838007456216,False
2026-01-31 08:19:00+00:00,test,0.8321209185582203,False
2026-01-31 08:20:00+00:00,test,0.8008571656333536,False
2026-01-31 08:21:00+00:00,test,0.8056107892834183,False
2026-01-31 08:22:00+00:00,test,0.818308201787973,False
2026-01-31 08:23:00+00:00,test,0.8084842928782431,False
2026-01-31 08:24:00+00:00,test,0.8726541796702569,False
2026-01-31 08:25:00+00:00,test,0.8381720266752127,False
2026-01-31 08:26:00+00:00,test,0.8138506376294523,False
2026-01-31 08:27:00+00:00,test,1.1501570532265983,False
2026-01-31 08:28:00+00:00,test,0.7766490147014644,False
2026-01-31 08:29:00+00:00,test,0.8294282592962396,False
2026-01-31 08:30:00+00:00,test,0.8204173733564538,False
2026-01-31 08:31:00+00:00,test,0.8002004031387075,False
2026-01-31 08:32:00+00:00,test,0.844450827537924,False
2026-01-31 08:33:00+00:00,test,0.8855388378518626,False
2026-01-31 08:34:00+00:00,test,0.8693216471521293,False
2026-01-31 08:35:00+00:00,test,0.855791945362721,False
2026-01-31 08:36:00+00:00,test,0.8392856088624995,False
2026-01-31 08:37:00+00:00,test,1.1714969438017795,False
2026-01-31 08:38:00+00:00,test,1.320964880748581,False
2026-01-31 08:39:00+00:00,test,0.8502207401658077,False
2026-01-31 08:40:00+00:00,test,0.8250925418566333,False
2026-01-31 08:41:00+00:00,test,0.8251640286453481,False
2026-01-31 08:42:00+00:00,test,0.8434862801195931,False
2026-01-31 08:43:00+00:00,test,0.8158188648457704,False
2026-01-31 08:44:00+00:00,test,0.8264196250229006,False
2026-01-31 08:45:00+00:00,test,0.8178868356646279,False
2026-01-31 08:46:00+00:00,test,0.8511253842502164,False
2026-01-31 08:47:00+00:00,test,1.2565009752927483,False
2026-01-31 08:48:00+00:00,test,0.8887115469003115,False
2026-01-31 08:49:00+00:00,test,0.9040873901326796,False
2026-01-31 08:50:00+00:00,test,0.8844445699510013,False
2026-01-31 08:51:00+00:00,test,0.8831839058672876,False
2026-01-31 08:52:00+00:00,test,0.858631336251981,False
2026-01-31 08:53:00+00:00,test,0.9187438183742699,False
2026-01-31 08:54:00+00:00,test,0.9103016606535592,False
2026-01-31 08:55:00+00:00,test,0.8948521181174625,False
2026-01-31 08:56:00+00:00,test,0.907415772348388,False
2026-01-31 08:57:00+00:00,test,0.8791461286450625,False
2026-01-31 08:58:00+00:00,test,0.8737735025673222,False
2026-01-31 08:59:00+00:00,test,0.8750055804229558,False
2026-01-31 09:00:00+00:00,test,0.8454619124751618,False
2026-01-31 09:01:00+00:00,test,0.8278172631607559,False
2026-01-31 09:02:00+00:00,test,0.855038240331684,False
2026-01-31 09:03:00+00:00,test,0.8732474899258703,False
2026-01-31 09:04:00+00:00,test,0.8647033487967146,False
2026-01-31 09:05:00+00:00,test,0.9039019573388457,False
2026-01-31 09:06:00+00:00,test,0.9216324253138187,False
2026-01-31 09:07:00+00:00,test,0.9433078293314767,False
2026-01-31 09:08:00+00:00,test,0.9583035394953495,False
2026-01-31 09:09:00+00:00,test,0.9875022927596878,False
2026-01-31 09:10:00+00:00,test,0.9214825718577596,False
2026-01-31 09:11:00+00:00,test,0.9336114432030969,False
2026-01-31 09:12:00+00:00,test,0.9660783347055999,False
2026-01-31 09:13:00+00:00,test,0.9757211475250391,False
2026-01-31 09:14:00+00:00,test,0.9517568600050329,False
2026-01-31 09:15:00+00:00,test,0.9641383041423118,False
2026-01-31 09:16:00+00:00,test,0.9461760356498672,False
2026-01-31 09:17:00+00:00,test,0.9775138794227994,False
2026-01-31 09:18:00+00:00,test,0.9360317378297021,False
2026-01-31 09:19:00+00:00,test,0.9375128739243795,False
2026-01-31 09:20:00+00:00,test,0.9413932634122139,False
2026-01-31 09:21:00+00:00,test,0.941200048680479,False
2026-01-31 09:22:00+00:00,test,0.9754384229226812,False
2026-01-31 09:23:00+00:00,test,0.9442890493051422,False
2026-01-31 09:24:00+00:00,test,0.9441684918528891,False
2026-01-31 09:25:00+00:00,test,0.934686888199645,False
2026-01-31 09:26:00+00:00,test,0.93914482706226,False
2026-01-31 09:27:00+00:00,test,0.9785914186935565,False
2026-01-31 09:28:00+00:00,test,0.9549881078686988,False
2026-01-31 09:29:00+00:00,test,0.9363241361186535,False
2026-01-31 09:30:00+00:00,test,0.9517432609521097,False
2026-01-31 09:31:00+00:00,test,0.9505406693407351,False
2026-01-31 09:32:00+00:00,test,0.9437966620519581,False
2026-01-31 09:33:00+00:00,test,0.951813714523757,False
2026-01-31 09:34:00+00:00,test,0.9423184263687094,False
2026-01-31 09:35:00+00:00,test,1.009654536674695,False
2026-01-31 09:36:00+00:00,test,1.04274632168973,False
2026-01-31 09:37:00+00:00,test,1.0518188545648042,False
2026-01-31 09:38:00+00:00,test,1.0544450330864221,False
2026-01-31 09:39:00+00:00,test,1.020308488975472,False
2026-01-31 09:40:00+00:00,test,0.9831664543047262,False
2026-01-31 09:41:00+00:00,test,0.9477430178128989,False
2026-01-31 09:42:00+00:00,test,0.9698689909250457,False
2026-01-31 09:43:00+00:00,test,0.9814470576884683,False
2026-01-31 09:44:00+00:00,test,0.9819632074769474,False
2026-01-31 09:45:00+00:00,test,0.9711998502199307,False
2026-01-31 09:46:00+00:00,test,0.9805824482147141,False
2026-01-31 09:47:00+00:00,test,1.0025908025876233,False
2026-01-31 09:48:00+00:00,test,1.0551077597438632,False
2026-01-31 09:49:00+00:00,test,1.048911543175654,False
2026-01-31 09:50:00+00:00,test,1.02097698157698,False
2026-01-31 09:51:00+00:00,test,1.0255215527537702,False
2026-01-31 09:52:00+00:00,test,1.2828990417359487,False
2026-01-31 09:53:00+00:00,test,1.409786834265864,False
2026-01-31 09:54:00+00:00,test,0.9249354274818669,False
2026-01-31 09:55:00+00:00,test,0.9074174581763694,False
2026-01-31 09:56:00+00:00,test,0.8921123652546621,False
2026-01-31 09:57:00+00:00,test,0.8873156756365332,False
2026-01-31 09:58:00+00:00,test,0.8709522694071737,False
2026-01-31 09:59:00+00:00,test,0.9047872097347285,False
2026-01-31 10:00:00+00:00,test,0.9221713463946076,False
2026-01-31 10:01:00+00:00,test,0.9347270548190694,False
2026-01-31 10:02:00+00:00,test,0.903156622448057,False
2026-01-31 10:03:00+00:00,test,0.88662056951145,False
2026-01-31 10:04:00+00:00,test,0.8860765311050016,False
2026-01-31 10:05:00+00:00,test,0.9284081691278583,False
2026-01-31 10:06:00+00:00,test,0.961766714557023,False
2026-01-31 10:07:00+00:00,test,0.9677533651968172,False
2026-01-31 10:08:00+00:00,test,0.9285669321774344,False
2026-01-31 10:09:00+00:00,test,0.9426119383552104,False
2026-01-31 10:10:00+00:00,test,0.9302570887949488,False
2026-01-31 10:11:00+00:00,test,0.9101927328409554,False
2026-01-31 10:12:00+00:00,test,0.9019875359597413,False
2026-01-31 10:13:00+00:00,test,1.1963622161421812,False
2026-01-31 10:14:00+00:00,test,0.8710180588725407,False
2026-01-31 10:15:00+00:00,test,0.8973405447539079,False
2026-01-31 10:16:00+00:00,test,0.8787233214692944,False
2026-01-31 10:17:00+00:00,test,0.8780888116405977,False
2026-01-31 10:18:00+00:00,test,0.9341701033062296,False
2026-01-31 10:19:00+00:00,test,0.9383923820889866,False
2026-01-31 10:20:00+00:00,test,0.9196221451074765,False
2026-01-31 10:21:00+00:00,test,0.9304647300920068,False
2026-01-31 10:22:00+00:00,test,0.9430350249996807,False
2026-01-31 10:23:00+00:00,test,0.9776887353894481,False
2026-01-31 10:24:00+00:00,test,0.9677598387568701,False
2026-01-31 10:25:00+00:00,test,0.9996789997577602,False
2026-01-31 10:26:00+00:00,test,0.9523915162666445,False
2026-01-31 10:27:00+00:00,test,0.9301871562968902,False
2026-01-31 10:28:00+00:00,test,1.3593215407602746,False
2026-01-31 10:29:00+00:00,test,0.9215324581148561,False
2026-01-31 10:30:00+00:00,test,0.9667446094134735,False
2026-01-31 10:31:00+00:00,test,0.9629791336761961,False
2026-01-31 10:32:00+00:00,test,0.9493834582758628,False
2026-01-31 10:33:00+00:00,test,0.9437427132574934,False
2026-01-31 10:34:00+00:00,test,0.9697708105568759,False
2026-01-31 10:35:00+00:00,test,1.0311563556181935,False
2026-01-31 10:36:00+00:00,test,1.3102175509506293,False
2026-01-31 10:37:00+00:00,test,1.029240979070105,False
2026-01-31 10:38:00+00:00,test,1.028901294169985,False
2026-01-31 10:39:00+00:00,test,1.0429630234641583,False
2026-01-31 10:40:00+00:00,test,0.9765604263143021,False
2026-01-31 10:41:00+00:00,test,0.9301878246796014,False
2026-01-31 10:42:00+00:00,test,0.9647395025551883,False
2026-01-31 10:43:00+00:00,test,1.0146695844046996,False
2026-01-31 10:44:00+00:00,test,1.0233788144518736,False
2026-01-31 10:45:00+00:00,test,0.9829146756537804,False
2026-01-31 10:46:00+00:00,test,0.99473152957074,False
2026-01-31 10:47:00+00:00,test,0.9821031305410629,False
2026-01-31 10:48:00+00:00,test,0.9190471730046681,False
2026-01-31 10:49:00+00:00,test,0.8778296327446631,False
2026-01-31 10:50:00+00:00,test,0.8696154788580759,False
2026-01-31 10:51:00+00:00,test,0.851594003893918,False
2026-01-31 10:52:00+00:00,test,0.8473080521446208,False
2026-01-31 10:53:00+00:00,test,0.8319416253316848,False
2026-01-31 10:54:00+00:00,test,0.8059138074477713,False
2026-01-31 10:55:00+00:00,test,0.8322132151836656,False
2026-01-31 10:56:00+00:00,test,0.7910919567928544,False
2026-01-31 10:57:00+00:00,test,0.8239509985103024,False
2026-01-31 10:58:00+00:00,test,0.7974344393733102,False
2026-01-31 10:59:00+00:00,test,0.8369117930660515,False
2026-01-31 11:00:00+00:00,test,0.8696303966570921,False
2026-01-31 11:01:00+00:00,test,0.8670908317229851,False
2026-01-31 11:02:00+00:00,test,0.8423353954576704,False
2026-01-31 11:03:00+00:00,test,0.8599602475790408,False
2026-01-31 11:04:00+00:00,test,1.1510534208713712,False
2026-01-31 11:05:00+00:00,test,0.7805134396705928,False
2026-01-31 11:06:00+00:00,test,0.7351120563256814,False
2026-01-31 11:07:00+00:00,test,0.743432816997245,False
2026-01-31 11:08:00+00:00,test,0.789915228328157,False
2026-01-31 11:09:00+00:00,test,0.7974328329542648,False
2026-01-31 11:10:00+00:00,test,0.8038710340783136,False
2026-01-31 11:11:00+00:00,test,0.8384549394744648,False
2026-01-31 11:12:00+00:00,test,0.7919314529526561,False
2026-01-31 11:13:00+00:00,test,0.7987147792327436,False
2026-01-31 11:14:00+00:00,test,0.770426315470693,False
2026-01-31 11:15:00+00:00,test,0.7876238368057359,False
2026-01-31 11:16:00+00:00,test,0.7940821796297163,False
2026-01-31 11:17:00+00:00,test,0.7689722023343866,False
2026-01-31 11:18:00+00:00,test,0.7654954843449295,False
2026-01-31 11:19:00+00:00,test,0.7062853401504856,False
2026-01-31 11:20:00+00:00,test,0.7331587456419496,False
2026-01-31 11:21:00+00:00,test,0.7415215803953978,False
2026-01-31 11:22:00+00:00,test,0.7252784003632495,False
2026-01-31 11:23:00+00:00,test,1.1667885002985314,False
2026-01-31 11:24:00+00:00,test,0.6902515168747486,False
2026-01-31 11:25:00+00:00,test,0.6872984402719913,False
2026-01-31 11:26:00+00:00,test,0.7074411790835337,False
2026-01-31 11:27:00+00:00,test,1.1687116953484584,False
2026-01-31 11:28:00+00:00,test,0.6891028801669886,False
2026-01-31 11:29:00+00:00,test,0.7325456879378237,False
2026-01-31 11:30:00+00:00,test,0.7303645111496333,False
2026-01-31 11:31:00+00:00,test,0.7640735463582964,False
2026-01-31 11:32:00+00:00,test,0.7621166783546613,False
2026-01-31 11:33:00+00:00,test,0.7648482538922945,False
2026-01-31 11:34:00+00:00,test,0.8131533062991255,False
2026-01-31 11:35:00+00:00,test,0.7517821053491451,False
2026-01-31 11:36:00+00:00,test,0.770470306879539,False
2026-01-31 11:37:00+00:00,test,0.7270963259929853,False
2026-01-31 11:38:00+00:00,test,0.7355584164813818,False
2026-01-31 11:39:00+00:00,test,0.7171742158690031,False
2026-01-31 11:40:00+00:00,test,0.744904241890349,False
2026-01-31 11:41:00+00:00,test,0.7782307947439927,False
2026-01-31 11:42:00+00:00,test,0.7361265440154586,False
2026-01-31 11:43:00+00:00,test,0.7782788018492344,False
2026-01-31 11:44:00+00:00,test,0.7421381641439022,False
2026-01-31 11:45:00+00:00,test,0.7656502922683912,False
2026-01-31 11:46:00+00:00,test,0.7902783015346309,False
2026-01-31 11:47:00+00:00,test,0.7614427751173656,False
2026-01-31 11:48:00+00:00,test,0.7683402882445344,False
2026-01-31 11:49:00+00:00,test,0.8770238440138843,False
2026-01-31 11:50:00+00:00,test,0.9286254846211967,False
2026-01-31 11:51:00+00:00,test,0.9234470163658308,False
2026-01-31 11:52:00+00:00,test,0.9006473337767299,False
2026-01-31 11:53:00+00:00,test,0.9092142151105351,False
2026-01-31 11:54:00+00:00,test,1.0196616736952324,False
2026-01-31 11:55:00+00:00,test,0.9888755073878802,False
2026-01-31 11:56:00+00:00,test,0.9712401261762588,False
2026-01-31 11:57:00+00:00,test,0.9883944850776311,False
2026-01-31 11:58:00+00:00,test,1.0006765266673003,False
2026-01-31 11:59:00+00:00,test,0.8914417338505491,False
2026-01-31 12:00:00+00:00,test,1.2348100339804478,False
2026-01-31 12:01:00+00:00,test,0.7677012155817132,False
2026-01-31 12:02:00+00:00,test,0.6810224728532835,False
2026-01-31 12:03:00+00:00,test,0.6898656168731793,False
2026-01-31 12:04:00+00:00,test,1.052679855923456,False
2026-01-31 12:05:00+00:00,test,0.6521759712091129,False
2026-01-31 12:06:00+00:00,test,0.677122524039168,False
2026-01-31 12:07:00+00:00,test,1.0649747276516055,False
2026-01-31 12:08:00+00:00,test,0.646956414846097,False
2026-01-31 12:09:00+00:00,test,0.5858495814856728,False
2026-01-31 12:10:00+00:00,test,0.5526091871425757,False
2026-01-31 12:11:00+00:00,test,0.5506184409726876,False
2026-01-31 12:12:00+00:00,test,0.5413271187331328,False
2026-01-31 12:13:00+00:00,test,0.4986429767752192,False
2026-01-31 12:14:00+00:00,test,0.46972735507701485,False
2026-01-31 12:15:00+00:00,test,0.5328493181183838,False
2026-01-31 12:16:00+00:00,test,0.5344345653839427,False
2026-01-31 12:17:00+00:00,test,1.0872408205484345,False
2026-01-31 12:18:00+00:00,test,0.5452209053473162,False
2026-01-31 12:19:00+00:00,test,0.600706432599751,False
2026-01-31 12:20:00+00:00,test,1.2623706061635895,False
2026-01-31 12:21:00+00:00,test,0.6007603385338283,False
2026-01-31 12:22:00+00:00,test,0.6184227315199988,False
2026-01-31 12:23:00+00:00,test,0.6464846352165341,False
2026-01-31 12:24:00+00:00,test,0.6208488125564936,False
2026-01-31 12:25:00+00:00,test,0.5439798596021347,False
2026-01-31 12:26:00+00:00,test,0.51607346671339,False
2026-01-31 12:27:00+00:00,test,0.5346257538383389,False
2026-01-31 12:28:00+00:00,test,0.5367324929959321,False
2026-01-31 12:29:00+00:00,test,0.5452861199482907,False
2026-01-31 12:30:00+00:00,test,0.5865785408593277,False
2026-01-31 12:31:00+00:00,test,0.6108933181522667,False
2026-01-31 12:32:00+00:00,test,0.5943576824603474,False
2026-01-31 12:33:00+00:00,test,0.6588160888453176,False
2026-01-31 12:34:00+00:00,test,0.62336296019598,False
2026-01-31 12:35:00+00:00,test,0.6660503929528874,False
2026-01-31 12:36:00+00:00,test,1.1372412259500106,False
2026-01-31 12:37:00+00:00,test,0.569817479786102,False
2026-01-31 12:38:00+00:00,test,0.595066845444246,False
2026-01-31 12:39:00+00:00,test,0.5829046550909663,False
2026-01-31 12:40:00+00:00,test,0.5427595782112292,False
2026-01-31 12:41:00+00:00,test,0.5004041532099982,False
2026-01-31 12:42:00+00:00,test,0.49959747364532753,False
2026-01-31 12:43:00+00:00,test,0.47566959031402856,False
2026-01-31 12:44:00+00:00,test,0.504826534190556,False
2026-01-31 12:45:00+00:00,test,0.580758201030477,False
2026-01-31 12:46:00+00:00,test,0.6254182944156229,False
2026-01-31 12:47:00+00:00,test,0.642704635289472,False
2026-01-31 12:48:00+00:00,test,0.6239885994896672,False
2026-01-31 12:49:00+00:00,test,1.2312530724956245,False
2026-01-31 12:50:00+00:00,test,0.6365556885586813,False
2026-01-31 12:51:00+00:00,test,0.9988944866835966,False
2026-01-31 12:52:00+00:00,test,1.0265646871800993,False
2026-01-31 12:53:00+00:00,test,0.5366780382464796,False
2026-01-31 12:54:00+00:00,test,0.5392132814084386,False
2026-01-31 12:55:00+00:00,test,0.5314049471502605,False
2026-01-31 12:56:00+00:00,test,0.5213290646959995,False
2026-01-31 12:57:00+00:00,test,0.5648275630601749,False
2026-01-31 12:58:00+00:00,test,0.5571815304222182,False
2026-01-31 12:59:00+00:00,test,0.5204090496303776,False
2026-01-31 13:00:00+00:00,test,0.513972012546373,False
2026-01-31 13:01:00+00:00,test,0.5014044452578681,False
2026-01-31 13:02:00+00:00,test,0.5316808189926321,False
2026-01-31 13:03:00+00:00,test,0.5390980323578075,False
2026-01-31 13:04:00+00:00,test,0.6290758409341609,False
2026-01-31 13:05:00+00:00,test,0.6089596728974028,False
2026-01-31 13:06:00+00:00,test,0.6058061620864538,False
2026-01-31 13:07:00+00:00,test,0.6070873842671122,False
2026-01-31 13:08:00+00:00,test,0.6370053533021827,False
2026-01-31 13:09:00+00:00,test,0.5854096997581549,False
2026-01-31 13:10:00+00:00,test,0.5617749575635516,False
2026-01-31 13:11:00+00:00,test,0.5817780137055913,False
2026-01-31 13:12:00+00:00,test,0.5279751459143623,False
2026-01-31 13:13:00+00:00,test,0.9513468288583964,False
2026-01-31 13:14:00+00:00,test,0.6051687336438636,False
2026-01-31 13:15:00+00:00,test,0.5945291051006579,False
2026-01-31 13:16:00+00:00,test,0.5845599174241916,False
2026-01-31 13:17:00+00:00,test,0.6375802177955147,False
2026-01-31 13:18:00+00:00,test,0.6484491865106419,False
2026-01-31 13:19:00+00:00,test,0.6583380786480112,False
2026-01-31 13:20:00+00:00,test,0.7059349036638669,False
2026-01-31 13:21:00+00:00,test,0.6890379466439309,False
2026-01-31 13:22:00+00:00,test,0.6830748589943271,False
2026-01-31 13:23:00+00:00,test,0.781044500112666,False
2026-01-31 13:24:00+00:00,test,0.7633936840725587,False
2026-01-31 13:25:00+00:00,test,1.292536917898764,False
2026-01-31 13:26:00+00:00,test,0.9706640832669108,False
2026-01-31 13:27:00+00:00,test,0.9591891639775285,False
2026-01-31 13:28:00+00:00,test,0.8821765563150977,False
2026-01-31 13:29:00+00:00,test,0.8335865318064722,False
2026-01-31 13:30:00+00:00,test,1.15051492653155,False
2026-01-31 13:31:00+00:00,test,0.6143744839272489,False
2026-01-31 13:32:00+00:00,test,0.49022163042201267,False
2026-01-31 13:33:00+00:00,test,0.48059371783235827,False
2026-01-31 13:34:00+00:00,test,0.476231197845242,False
2026-01-31 13:35:00+00:00,test,0.49163189645753885,False
2026-01-31 13:36:00+00:00,test,0.4547049894902711,False
2026-01-31 13:37:00+00:00,test,0.48175867256412036,False
2026-01-31 13:38:00+00:00,test,0.4717597060216041,False
2026-01-31 13:39:00+00:00,test,0.5364950358400845,False
2026-01-31 13:40:00+00:00,test,1.0810991079050416,False
2026-01-31 13:41:00+00:00,test,0.5626599597126825,False
2026-01-31 13:42:00+00:00,test,0.5532433865550664,False
2026-01-31 13:43:00+00:00,test,0.4998184512725717,False
2026-01-31 13:44:00+00:00,test,0.4814177694735766,False
2026-01-31 13:45:00+00:00,test,0.4878979957506904,False
2026-01-31 13:46:00+00:00,test,0.6009899950445778,False
2026-01-31 13:47:00+00:00,test,0.603996418315574,False
2026-01-31 13:48:00+00:00,test,0.6004105936155231,False
2026-01-31 13:49:00+00:00,test,0.5685329544781268,False
2026-01-31 13:50:00+00:00,test,0.5929654196614542,False
2026-01-31 13:51:00+00:00,test,0.562812998761299,False
2026-01-31 13:52:00+00:00,test,0.5959247958645021,False
2026-01-31 13:53:00+00:00,test,0.5277434308722985,False
2026-01-31 13:54:00+00:00,test,0.5264494873824787,False
2026-01-31 13:55:00+00:00,test,0.4939314353821176,False
2026-01-31 13:56:00+00:00,test,0.5170999527753174,False
2026-01-31 13:57:00+00:00,test,0.5356931709644798,False
2026-01-31 13:58:00+00:00,test,0.545661570778099,False
2026-01-31 13:59:00+00:00,test,0.5866515639851235,False
2026-01-31 14:00:00+00:00,test,0.5903252188041158,False
2026-01-31 14:01:00+00:00,test,0.6561756076092223,False
2026-01-31 14:02:00+00:00,test,0.6270344485292649,False
2026-01-31 14:03:00+00:00,test,0.610246389957981,False
2026-01-31 14:04:00+00:00,test,0.5865680708418274,False
2026-01-31 14:05:00+00:00,test,0.5589676487026286,False
2026-01-31 14:06:00+00:00,test,0.6174447092090672,False
2026-01-31 14:07:00+00:00,test,0.6337456066353764,False
2026-01-31 14:08:00+00:00,test,0.7000391450467047,False
2026-01-31 14:09:00+00:00,test,0.6944257045642427,False
2026-01-31 14:10:00+00:00,test,0.7174848139266884,False
2026-01-31 14:11:00+00:00,test,0.7463290282481482,False
2026-01-31 14:12:00+00:00,test,0.7322547514497819,False
2026-01-31 14:13:00+00:00,test,0.7070923409146215,False
2026-01-31 14:14:00+00:00,test,0.6392661792657743,False
2026-01-31 14:15:00+00:00,test,0.5891154226411642,False
2026-01-31 14:16:00+00:00,test,0.5618023354052297,False
2026-01-31 14:17:00+00:00,test,1.1130861537900953,False
2026-01-31 14:18:00+00:00,test,0.6178574887357087,False
2026-01-31 14:19:00+00:00,test,0.6109872146654366,False
2026-01-31 14:20:00+00:00,test,0.5801264485409016,False
2026-01-31 14:21:00+00:00,test,0.5942726193854176,False
2026-01-31 14:22:00+00:00,test,0.5715107583050795,False
2026-01-31 14:23:00+00:00,test,0.5916691123394355,False
2026-01-31 14:24:00+00:00,test,0.5774858113468897,False
2026-01-31 14:25:00+00:00,test,0.5857483683183957,False
2026-01-31 14:26:00+00:00,test,0.6155070184567297,False
2026-01-31 14:27:00+00:00,test,0.6114039354086014,False
2026-01-31 14:28:00+00:00,test,0.641589201188794,False
2026-01-31 14:29:00+00:00,test,0.6942773889493148,False
2026-01-31 14:30:00+00:00,test,0.622947979538271,False
2026-01-31 14:31:00+00:00,test,0.6258487419318773,False
2026-01-31 14:32:00+00:00,test,0.6393097487441672,False
2026-01-31 14:35:00+00:00,test,0.5395069828055322,False
2026-01-31 14:36:00+00:00,test,0.5736351110197166,False
2026-01-31 14:37:00+00:00,test,0.6546430719973074,False
2026-01-31 14:38:00+00:00,test,0.6000780292225889,False
2026-01-31 14:39:00+00:00,test,0.5970219662111861,False
2026-01-31 14:40:00+00:00,test,0.6640753197353967,False
2026-01-31 14:41:00+00:00,test,0.6296696493642278,False
2026-01-31 14:42:00+00:00,test,0.6088303023323297,False
2026-01-31 14:43:00+00:00,test,0.6283140148315186,False
2026-01-31 14:44:00+00:00,test,0.6448925465852183,False
2026-01-31 14:45:00+00:00,test,0.6551808723833095,False
2026-01-31 14:46:00+00:00,test,0.692142098965977,False
2026-01-31 14:47:00+00:00,test,0.7069847874154134,False
2026-01-31 14:48:00+00:00,test,0.7299832702858078,False
2026-01-31 14:49:00+00:00,test,0.8150397674095476,False
2026-01-31 14:50:00+00:00,test,0.7591152930984897,False
2026-01-31 14:51:00+00:00,test,0.7297060817100278,False
2026-01-31 14:52:00+00:00,test,0.7355426326651714,False
2026-01-31 14:53:00+00:00,test,0.7025135655937025,False
2026-01-31 14:54:00+00:00,test,0.6785879633530217,False
2026-01-31 14:55:00+00:00,test,0.6701207259112631,False
2026-01-31 14:56:00+00:00,test,0.6567109894281209,False
2026-01-31 14:57:00+00:00,test,0.6549541798015756,False
2026-01-31 14:58:00+00:00,test,0.76575410793301,False
2026-01-31 14:59:00+00:00,test,0.85995273499579,False
2026-01-31 15:00:00+00:00,test,0.8913226941515727,False
2026-01-31 15:01:00+00:00,test,0.8566773295975877,False
2026-01-31 15:02:00+00:00,test,0.8333954253539797,False
2026-01-31 15:03:00+00:00,test,0.7962515738479177,False
2026-01-31 15:04:00+00:00,test,0.7796316710403979,False
2026-01-31 15:05:00+00:00,test,0.7740395002971017,False
2026-01-31 15:06:00+00:00,test,0.7087716530959063,False
2026-01-31 15:07:00+00:00,test,0.6754113631160542,False
2026-01-31 15:08:00+00:00,test,1.0502198955627287,False
2026-01-31 15:09:00+00:00,test,0.648335776145013,False
2026-01-31 15:10:00+00:00,test,0.6045572125190323,False
2026-01-31 15:11:00+00:00,test,0.5460040148452366,False
2026-01-31 15:12:00+00:00,test,0.5528574227652582,False
2026-01-31 15:13:00+00:00,test,0.619230470392756,False
2026-01-31 15:14:00+00:00,test,0.6004475866427611,False
2026-01-31 15:15:00+00:00,test,0.6067798142905839,False
2026-01-31 15:16:00+00:00,test,0.6080867017476098,False
2026-01-31 15:17:00+00:00,test,0.6271108991762584,False
2026-01-31 15:18:00+00:00,test,0.64634559195555,False
2026-01-31 15:19:00+00:00,test,0.6298248081984652,False
2026-01-31 15:20:00+00:00,test,0.6330617658111412,False
2026-01-31 15:21:00+00:00,test,0.6336948091049792,False
2026-01-31 15:22:00+00:00,test,0.6304368935970039,False
2026-01-31 15:23:00+00:00,test,0.6465492639033706,False
2026-01-31 15:24:00+00:00,test,0.5427493060411357,False
2026-01-31 15:25:00+00:00,test,0.5031299098509142,False
2026-01-31 15:26:00+00:00,test,0.5011611781107749,False
2026-01-31 15:27:00+00:00,test,0.48547134041355056,False
2026-01-31 15:28:00+00:00,test,0.5034110241925629,False
2026-01-31 15:29:00+00:00,test,0.4842761789618636,False
2026-01-31 15:30:00+00:00,test,0.5654697493492722,False
2026-01-31 15:31:00+00:00,test,0.5308672907068734,False
2026-01-31 15:32:00+00:00,test,0.586225632234227,False
2026-01-31 15:33:00+00:00,test,0.6785319610865732,False
2026-01-31 15:34:00+00:00,test,0.8052765302461832,False
2026-01-31 15:35:00+00:00,test,0.8660017986603367,False
2026-01-31 15:36:00+00:00,test,0.8982739325673323,False
2026-01-31 15:37:00+00:00,test,0.921748925373114,False
2026-01-31 15:38:00+00:00,test,0.8542244318408008,False
2026-01-31 15:39:00+00:00,test,0.7622077595791912,False
2026-01-31 15:40:00+00:00,test,0.7045978105745153,False
2026-01-31 15:41:00+00:00,test,1.0555159940585543,False
2026-01-31 15:42:00+00:00,test,0.6345377397160029,False
2026-01-31 15:43:00+00:00,test,0.6502845126934325,False
2026-01-31 15:44:00+00:00,test,0.660829821730408,False
2026-01-31 15:45:00+00:00,test,0.6282045532802711,False
2026-01-31 15:46:00+00:00,test,0.6328747638329861,False
2026-01-31 15:47:00+00:00,test,0.6200030696097121,False
2026-01-31 15:48:00+00:00,test,0.929466018978368,False
2026-01-31 15:49:00+00:00,test,0.6304749296894795,False
2026-01-31 15:50:00+00:00,test,1.269962548135006,False
2026-01-31 15:51:00+00:00,test,0.6354842556689239,False
2026-01-31 15:52:00+00:00,test,0.9360758520241839,False
2026-01-31 15:53:00+00:00,test,0.6100467994949282,False
2026-01-31 15:54:00+00:00,test,0.5822086463239544,False
2026-01-31 15:55:00+00:00,test,0.595926117904415,False
2026-01-31 15:56:00+00:00,test,0.6018382064126298,False
2026-01-31 15:57:00+00:00,test,0.5728764659195504,False
2026-01-31 15:58:00+00:00,test,0.5884255297103078,False
2026-01-31 15:59:00+00:00,test,0.6067661458858542,False
2026-01-31 16:00:00+00:00,test,0.6012565947779304,False
2026-01-31 16:01:00+00:00,test,0.5688728538433707,False
2026-01-31 16:02:00+00:00,test,0.5489545179819406,False
2026-01-31 16:03:00+00:00,test,0.5782299869159682,False
2026-01-31 16:04:00+00:00,test,0.5720912902778524,False
2026-01-31 16:05:00+00:00,test,0.5651455342181887,False
2026-01-31 16:06:00+00:00,test,0.5941946198706022,False
2026-01-31 16:07:00+00:00,test,0.640722659472081,False
2026-01-31 16:08:00+00:00,test,1.289521639300611,False
2026-01-31 16:09:00+00:00,test,0.6521644268150418,False
2026-01-31 16:10:00+00:00,test,0.6529046961956025,False
2026-01-31 16:11:00+00:00,test,0.7112327232714054,False
2026-01-31 16:12:00+00:00,test,0.721319250661325,False
2026-01-31 16:13:00+00:00,test,0.6827961037778807,False
2026-01-31 16:14:00+00:00,test,0.6292558955831509,False
2026-01-31 16:15:00+00:00,test,0.7286748139907532,False
2026-01-31 16:16:00+00:00,test,0.7270975671813272,False
2026-01-31 16:17:00+00:00,test,0.781613277025292,False
2026-01-31 16:18:00+00:00,test,0.7282326613846262,False
2026-01-31 16:19:00+00:00,test,0.7957136699047967,False
2026-01-31 16:20:00+00:00,test,0.7408021149404965,False
2026-01-31 16:21:00+00:00,test,0.6884488510029483,False
2026-01-31 16:22:00+00:00,test,0.700715260878292,False
2026-01-31 16:23:00+00:00,test,0.6991027716942977,False
2026-01-31 16:24:00+00:00,test,0.706333008203318,False
2026-01-31 16:25:00+00:00,test,0.7910036093620687,False
2026-01-31 16:26:00+00:00,test,1.155224697991978,False
2026-01-31 16:27:00+00:00,test,0.719006309411549,False
2026-01-31 16:28:00+00:00,test,0.6893488619221184,False
2026-01-31 16:29:00+00:00,test,0.6593870954790892,False
2026-01-31 16:30:00+00:00,test,0.630534913736763,False
2026-01-31 16:31:00+00:00,test,0.6430832437899615,False
2026-01-31 16:32:00+00:00,test,0.6818505389602045,False
2026-01-31 16:33:00+00:00,test,0.6862430082561793,False
2026-01-31 16:34:00+00:00,test,0.6693324548844733,False
2026-01-31 16:35:00+00:00,test,0.6904554533175206,False
2026-01-31 16:36:00+00:00,test,0.6859509612723684,False
2026-01-31 16:37:00+00:00,test,0.6686722774689668,False
2026-01-31 16:38:00+00:00,test,0.6416977054692748,False
2026-01-31 16:39:00+00:00,test,0.6516208256338616,False
2026-01-31 16:40:00+00:00,test,0.7398913157446789,False
2026-01-31 16:41:00+00:00,test,1.0724945814591795,False
2026-01-31 16:42:00+00:00,test,1.789497330254299,False
2026-01-31 16:43:00+00:00,test,0.62182693549416,False
2026-01-31 16:44:00+00:00,test,0.6344956105110902,False
2026-01-31 16:45:00+00:00,test,0.6387389703347822,False
2026-01-31 16:46:00+00:00,test,0.632643432203742,False
2026-01-31 16:47:00+00:00,test,0.636252133124223,False
2026-01-31 16:48:00+00:00,test,0.7322548816505418,False
2026-01-31 16:49:00+00:00,test,1.0898348956770252,False
2026-01-31 16:50:00+00:00,test,0.6957081333366557,False
2026-01-31 16:51:00+00:00,test,0.6887882509392709,False
2026-01-31 16:52:00+00:00,test,0.687566098898829,False
2026-01-31 16:53:00+00:00,test,0.6764798853748966,False
2026-01-31 16:54:00+00:00,test,0.708794419691633,False
2026-01-31 16:55:00+00:00,test,0.6272227273441173,False
2026-01-31 16:56:00+00:00,test,1.2745890979755494,False
2026-01-31 16:57:00+00:00,test,1.7857526345604207,False
2026-01-31 16:58:00+00:00,test,1.1274863494299345,False
2026-01-31 16:59:00+00:00,test,0.6591185075822799,False
2026-01-31 17:00:00+00:00,test,0.6424917018997881,False
2026-01-31 17:01:00+00:00,test,0.6409111748675251,False
2026-01-31 17:02:00+00:00,test,0.6470460702447642,False
2026-01-31 17:03:00+00:00,test,0.6412826966549761,False
2026-01-31 17:04:00+00:00,test,0.6263838832506109,False
2026-01-31 17:05:00+00:00,test,0.5866855109346296,False
2026-01-31 17:06:00+00:00,test,0.6266791600703429,False
2026-01-31 17:07:00+00:00,test,0.625099332524657,False
2026-01-31 17:08:00+00:00,test,0.6000674599390026,False
2026-01-31 17:09:00+00:00,test,0.573517848847194,False
2026-01-31 17:10:00+00:00,test,0.5586406897595382,False
2026-01-31 17:11:00+00:00,test,0.5277075723163663,False
2026-01-31 17:12:00+00:00,test,0.524153389208967,False
2026-01-31 17:13:00+00:00,test,0.5075662793243211,False
2026-01-31 17:14:00+00:00,test,1.174772613316792,False
2026-01-31 17:15:00+00:00,test,0.5597135705035395,False
2026-01-31 17:16:00+00:00,test,0.542810119254285,False
2026-01-31 17:17:00+00:00,test,0.5500530391169515,False
2026-01-31 17:18:00+00:00,test,0.976358880167855,False
2026-01-31 17:19:00+00:00,test,0.5761616466209553,False
2026-01-31 17:20:00+00:00,test,0.6050002983338214,False
2026-01-31 17:21:00+00:00,test,0.5852047053786665,False
2026-01-31 17:22:00+00:00,test,0.5312624742998437,False
2026-01-31 17:23:00+00:00,test,0.5023406299241743,False
2026-01-31 17:24:00+00:00,test,0.5680424236337611,False
2026-01-31 17:25:00+00:00,test,0.5049304813512774,False
2026-01-31 17:26:00+00:00,test,0.5264272709978876,False
2026-01-31 17:27:00+00:00,test,0.5246424910917358,False
2026-01-31 17:28:00+00:00,test,0.542279118201067,False
2026-01-31 17:29:00+00:00,test,0.5602223918231706,False
2026-01-31 17:30:00+00:00,test,0.531407534116851,False
2026-01-31 17:31:00+00:00,test,0.5129874648534078,False
2026-01-31 17:32:00+00:00,test,0.49255604363245614,False
2026-01-31 17:33:00+00:00,test,0.9750706792681914,False
2026-01-31 17:34:00+00:00,test,0.5355840607625786,False
2026-01-31 17:35:00+00:00,test,0.5492939094303019,False
2026-01-31 17:36:00+00:00,test,0.5135224808488141,False
2026-01-31 17:37:00+00:00,test,0.510749049179327,False
2026-01-31 17:38:00+00:00,test,0.5507733188297433,False
2026-01-31 17:39:00+00:00,test,0.5141341391181657,False
2026-01-31 17:40:00+00:00,test,0.5687009496382694,False
2026-01-31 17:41:00+00:00,test,0.5539550874945617,False
2026-01-31 17:42:00+00:00,test,0.5273705195389558,False
2026-01-31 17:43:00+00:00,test,0.541219479203559,False
2026-01-31 17:44:00+00:00,test,0.5417052871827475,False
2026-01-31 17:45:00+00:00,test,0.5214371026697212,False
2026-01-31 17:46:00+00:00,test,0.49626227033532555,False
2026-01-31 17:47:00+00:00,test,0.48069281000912734,False
2026-01-31 17:48:00+00:00,test,0.47717487510557316,False
2026-01-31 17:49:00+00:00,test,0.533112898631113,False
2026-01-31 17:50:00+00:00,test,0.5374998921175778,False
2026-01-31 17:51:00+00:00,test,0.5490108038696834,False
2026-01-31 17:52:00+00:00,test,0.5359056405723844,False
2026-01-31 17:53:00+00:00,test,0.4925009712692332,False
2026-01-31 17:54:00+00:00,test,0.44385926652521346,False
2026-01-31 17:55:00+00:00,test,0.49012073018521746,False
2026-01-31 17:56:00+00:00,test,0.5154163183463082,False
2026-01-31 17:57:00+00:00,test,0.5322611321694946,False
2026-01-31 17:58:00+00:00,test,0.5078933588858953,False
2026-01-31 17:59:00+00:00,test,0.511665730801501,False
2026-01-31 18:00:00+00:00,test,0.47863495626032837,False
2026-01-31 18:01:00+00:00,test,0.4737150280961947,False
2026-01-31 18:02:00+00:00,test,0.47761301205895434,False
2026-01-31 18:03:00+00:00,test,0.5298181268284953,False
2026-01-31 18:04:00+00:00,test,0.5324911443361869,False
2026-01-31 18:05:00+00:00,test,0.552659055973781,False
2026-01-31 18:06:00+00:00,test,0.5694280214225916,False
2026-01-31 18:07:00+00:00,test,0.5183775940186577,False
2026-01-31 18:08:00+00:00,test,0.5477433452296955,False
2026-01-31 18:09:00+00:00,test,0.525338282585546,False
2026-01-31 18:10:00+00:00,test,0.5348603114333288,False
2026-01-31 18:11:00+00:00,test,0.558788312156324,False
2026-01-31 18:12:00+00:00,test,0.6556025355776299,False
2026-01-31 18:13:00+00:00,test,0.6412321907414172,False
2026-01-31 18:14:00+00:00,test,0.6376134292604431,False
2026-01-31 18:15:00+00:00,test,0.6509648957115556,False
2026-01-31 18:16:00+00:00,test,0.6627111586802297,False
2026-01-31 18:17:00+00:00,test,0.6556363980343652,False
2026-01-31 18:18:00+00:00,test,0.6925420648435922,False
2026-01-31 18:19:00+00:00,test,1.255299342123747,False
2026-01-31 18:20:00+00:00,test,0.826267995683458,False
2026-01-31 18:21:00+00:00,test,0.752437970930613,False
2026-01-31 18:22:00+00:00,test,0.8139254702192763,False
2026-01-31 18:23:00+00:00,test,0.8494246852101233,False
2026-01-31 18:24:00+00:00,test,0.7667106879599174,False
2026-01-31 18:25:00+00:00,test,0.8196548436584014,False
2026-01-31 18:26:00+00:00,test,0.7096732374398659,False
2026-01-31 18:27:00+00:00,test,0.7349538362724625,False
2026-01-31 18:28:00+00:00,test,0.7198172177686212,False
2026-01-31 18:29:00+00:00,test,0.6949448229927933,False
2026-01-31 18:30:00+00:00,test,0.7025413156758337,False
2026-01-31 18:31:00+00:00,test,0.7141280800807343,False
2026-01-31 18:32:00+00:00,test,0.7296428281881095,False
2026-01-31 18:33:00+00:00,test,0.7445256671199894,False
2026-01-31 18:34:00+00:00,test,0.7243788663916508,False
2026-01-31 18:35:00+00:00,test,0.723085491588811,False
2026-01-31 18:36:00+00:00,test,0.7409620347187741,False
2026-01-31 18:37:00+00:00,test,0.7446889201919165,False
2026-01-31 18:38:00+00:00,test,0.7688367856601722,False
2026-01-31 18:39:00+00:00,test,0.7361319282601547,False
2026-01-31 18:40:00+00:00,test,1.12439663261784,False
2026-01-31 18:41:00+00:00,test,0.7630164512432703,False
2026-01-31 18:42:00+00:00,test,0.8403022651720887,False
2026-01-31 18:43:00+00:00,test,0.8364802307079549,False
2026-01-31 18:44:00+00:00,test,0.8409738485809068,False
2026-01-31 18:45:00+00:00,test,0.8036210398884894,False
2026-01-31 18:46:00+00:00,test,0.7771288127374203,False
2026-01-31 18:47:00+00:00,test,1.1915100834904795,False
2026-01-31 18:48:00+00:00,test,0.7328883026511666,False
2026-01-31 18:49:00+00:00,test,0.7411337864430075,False
2026-01-31 18:50:00+00:00,test,0.6914004591258276,False
2026-01-31 18:51:00+00:00,test,0.6795315365348511,False
2026-01-31 18:52:00+00:00,test,0.6717170158490453,False
2026-01-31 18:53:00+00:00,test,0.682374559216904,False
2026-01-31 18:54:00+00:00,test,0.7190777061272031,False
2026-01-31 18:55:00+00:00,test,0.7340581058924035,False
2026-01-31 18:56:00+00:00,test,0.7272027302445329,False
2026-01-31 18:57:00+00:00,test,0.6785685006269178,False
2026-01-31 18:58:00+00:00,test,0.7264744267060568,False
2026-01-31 18:59:00+00:00,test,0.7065600589419885,False
2026-01-31 19:00:00+00:00,test,0.651799053542251,False
2026-01-31 19:01:00+00:00,test,0.6069320042253804,False
2026-01-31 19:02:00+00:00,test,0.9948597924869379,False
2026-01-31 19:03:00+00:00,test,0.5214568734193316,False
2026-01-31 19:04:00+00:00,test,0.49060952960110016,False
2026-01-31 19:05:00+00:00,test,0.4823663332722197,False
2026-01-31 19:06:00+00:00,test,0.49007243587236127,False
2026-01-31 19:07:00+00:00,test,0.5011987540787427,False
2026-01-31 19:08:00+00:00,test,0.5209733015019534,False
2026-01-31 19:09:00+00:00,test,0.959534325043793,False
2026-01-31 19:10:00+00:00,test,0.6136823724142971,False
2026-01-31 19:11:00+00:00,test,0.6065081597350461,False
2026-01-31 19:12:00+00:00,test,0.5919216507475884,False
2026-01-31 19:13:00+00:00,test,0.5861048872129662,False
2026-01-31 19:14:00+00:00,test,0.5380198490036932,False
2026-01-31 19:15:00+00:00,test,0.4991136904916507,False
2026-01-31 19:16:00+00:00,test,0.539784257999406,False
2026-01-31 19:17:00+00:00,test,0.5423046733008483,False
2026-01-31 19:18:00+00:00,test,0.6165761327250231,False
2026-01-31 19:19:00+00:00,test,0.5671914832453665,False
2026-01-31 19:20:00+00:00,test,0.5404172649635451,False
2026-01-31 19:21:00+00:00,test,0.5559121233150812,False
2026-01-31 19:22:00+00:00,test,0.5761676056101932,False
2026-01-31 19:23:00+00:00,test,0.6302041301465857,False
2026-01-31 19:24:00+00:00,test,0.6265586164839482,False
2026-01-31 19:25:00+00:00,test,0.5801474205663554,False
2026-01-31 19:26:00+00:00,test,0.5328886788437726,False
2026-01-31 19:27:00+00:00,test,0.505907000592853,False
2026-01-31 19:28:00+00:00,test,0.5022440877706356,False
2026-01-31 19:29:00+00:00,test,0.4625954662353492,False
2026-01-31 19:30:00+00:00,test,0.44272637398220693,False
2026-01-31 19:31:00+00:00,test,0.499678303315146,False
2026-01-31 19:32:00+00:00,test,0.511261121536442,False
2026-01-31 19:33:00+00:00,test,0.5446528655575994,False
2026-01-31 19:34:00+00:00,test,1.154402668065981,False
2026-01-31 19:35:00+00:00,test,0.5526763826408038,False
2026-01-31 19:36:00+00:00,test,0.49156112593786166,False
2026-01-31 19:37:00+00:00,test,0.48704705967351586,False
2026-01-31 19:38:00+00:00,test,0.49831676773297673,False
2026-01-31 19:39:00+00:00,test,1.057879942063102,False
2026-01-31 19:40:00+00:00,test,1.0605598459524266,False
2026-01-31 19:41:00+00:00,test,1.0747886794490253,False
2026-01-31 19:42:00+00:00,test,1.107982486712417,False
2026-01-31 19:43:00+00:00,test,1.113791942366619,False
2026-01-31 19:44:00+00:00,test,1.1239647962062582,False
2026-01-31 19:45:00+00:00,test,1.1228732941264725,False
2026-01-31 19:46:00+00:00,test,1.1554696161768832,False
2026-01-31 19:47:00+00:00,test,1.3957318752214574,False
2026-01-31 19:48:00+00:00,test,1.070855933922342,False
2026-01-31 19:49:00+00:00,test,1.0474102932879017,False
2026-01-31 19:50:00+00:00,test,1.0790540069571135,False
2026-01-31 19:51:00+00:00,test,1.0887865149968807,False
2026-01-31 19:52:00+00:00,test,1.0875296598069697,False
2026-01-31 19:53:00+00:00,test,1.0991798841512568,False
2026-01-31 19:54:00+00:00,test,1.1259824065689268,False
2026-01-31 19:55:00+00:00,test,1.1117281657182247,False
2026-01-31 19:56:00+00:00,test,1.07096108891418,False
2026-01-31 19:57:00+00:00,test,1.0820463373312235,False
2026-01-31 19:58:00+00:00,test,1.1001522355404585,False
2026-01-31 19:59:00+00:00,test,1.0859354962039736,False
2026-01-31 20:00:00+00:00,test,1.0731030629503893,False
2026-01-31 20:01:00+00:00,test,1.0670512392908926,False
2026-01-31 20:02:00+00:00,test,1.0950418643712694,False
2026-01-31 20:03:00+00:00,test,1.0752823856685532,False
2026-01-31 20:04:00+00:00,test,1.0825372962614044,False
2026-01-31 20:05:00+00:00,test,1.1069573774381098,False
2026-01-31 20:06:00+00:00,test,1.1000823229385994,False
2026-01-31 20:07:00+00:00,test,1.1123505665114481,False
2026-01-31 20:08:00+00:00,test,1.1054455964860974,False
2026-01-31 20:09:00+00:00,test,1.0999093762566583,False
2026-01-31 20:10:00+00:00,test,1.0726788132102085,False
2026-01-31 20:11:00+00:00,test,1.0762363553677718,False
2026-01-31 20:12:00+00:00,test,1.0535999996708925,False
2026-01-31 20:13:00+00:00,test,1.036915325070774,False
2026-01-31 20:14:00+00:00,test,1.0520313731005841,False
2026-01-31 20:15:00+00:00,test,1.0520993396474152,False
2026-01-31 20:16:00+00:00,test,1.0314675624317453,False
2026-01-31 20:17:00+00:00,test,1.032776204585278,False
2026-01-31 20:18:00+00:00,test,1.057546427839127,False
2026-01-31 20:19:00+00:00,test,1.0761615839827217,False
2026-01-31 20:20:00+00:00,test,1.0598770093616925,False
2026-01-31 20:21:00+00:00,test,1.0482361289542517,False
2026-01-31 20:22:00+00:00,test,1.0550589507039343,False
2026-01-31 20:23:00+00:00,test,1.051072813778737,False
2026-01-31 20:24:00+00:00,test,1.042423936312587,False
2026-01-31 20:25:00+00:00,test,1.0449971309886172,False
2026-01-31 20:26:00+00:00,test,1.0896389928546057,False
2026-01-31 20:27:00+00:00,test,1.1053321622936736,False
2026-01-31 20:28:00+00:00,test,1.10390957518157,False
2026-01-31 20:29:00+00:00,test,1.0932298961403055,False
2026-01-31 20:30:00+00:00,test,1.1030522985190117,False
2026-01-31 20:31:00+00:00,test,1.1023325346726582,False
2026-01-31 20:32:00+00:00,test,1.0931362759754886,False
2026-01-31 20:33:00+00:00,test,1.106026753514127,False
2026-01-31 20:34:00+00:00,test,1.0719138046610905,False
2026-01-31 20:35:00+00:00,test,1.0850700186003124,False
2026-01-31 20:36:00+00:00,test,1.1094115278041234,False
2026-01-31 20:37:00+00:00,test,1.0836207939090108,False
2026-01-31 20:38:00+00:00,test,1.0584329827548147,False
2026-01-31 20:39:00+00:00,test,1.0494258769745504,False
2026-01-31 20:40:00+00:00,test,1.067496922518287,False
2026-01-31 20:41:00+00:00,test,1.0647925439324977,False
2026-01-31 20:42:00+00:00,test,1.0559294794680152,False
2026-01-31 20:43:00+00:00,test,1.0604972185250536,False
2026-01-31 20:44:00+00:00,test,1.0870526352752496,False
2026-01-31 20:45:00+00:00,test,1.1110296219173452,False
2026-01-31 20:46:00+00:00,test,1.1094275870688521,False
2026-01-31 20:47:00+00:00,test,1.0953419843159664,False
2026-01-31 20:48:00+00:00,test,1.1138940861616808,False
2026-01-31 20:49:00+00:00,test,1.0954187454953073,False
2026-01-31 20:50:00+00:00,test,1.0799067266785716,False
2026-01-31 20:51:00+00:00,test,1.0518826813835707,False
2026-01-31 20:52:00+00:00,test,1.06222759671717,False
2026-01-31 20:53:00+00:00,test,1.0660256886895765,False
2026-01-31 20:54:00+00:00,test,1.0737267937800625,False
2026-01-31 20:55:00+00:00,test,1.056802550348213,False
2026-01-31 20:56:00+00:00,test,1.0682632271436423,False
2026-01-31 20:57:00+00:00,test,1.0760599874303094,False
2026-01-31 20:58:00+00:00,test,1.06519698913851,False
2026-01-31 20:59:00+00:00,test,1.067675829332607,False
2026-01-31 21:00:00+00:00,test,1.0526271617650722,False
2026-01-31 21:01:00+00:00,test,1.0576379748362534,False
2026-01-31 21:02:00+00:00,test,1.0601779002929255,False
2026-01-31 21:03:00+00:00,test,1.4814677383325474,False
2026-01-31 21:04:00+00:00,test,1.0484249865198103,False
2026-01-31 21:05:00+00:00,test,1.0396045763680546,False
2026-01-31 21:06:00+00:00,test,1.0446245244048902,False
2026-01-31 21:07:00+00:00,test,1.0425483268334523,False
2026-01-31 21:08:00+00:00,test,0.4951936645896992,False
2026-01-31 21:09:00+00:00,test,0.5002869963295771,False
2026-01-31 21:10:00+00:00,test,0.5838092375674935,False
2026-01-31 21:11:00+00:00,test,0.5783151974136825,False
2026-01-31 21:12:00+00:00,test,0.5224952914528799,False
2026-01-31 21:13:00+00:00,test,0.6263393683019685,False
2026-01-31 21:14:00+00:00,test,0.6213434515870095,False
2026-01-31 21:15:00+00:00,test,0.6120774420574516,False
2026-01-31 21:16:00+00:00,test,0.6245469752128159,False
2026-01-31 21:17:00+00:00,test,0.6128330238136555,False
2026-01-31 21:18:00+00:00,test,0.6849956301334797,False
2026-01-31 21:19:00+00:00,test,0.6477204692405898,False
2026-01-31 21:20:00+00:00,test,0.6153305592208677,False
2026-01-31 21:21:00+00:00,test,0.589705612440151,False
2026-01-31 21:22:00+00:00,test,0.5735429351131528,False
2026-01-31 21:23:00+00:00,test,0.6060530633239616,False
2026-01-31 21:24:00+00:00,test,0.5616779053652841,False
2026-01-31 21:25:00+00:00,test,0.6102909448959732,False
2026-01-31 21:26:00+00:00,test,0.6029903196807916,False
2026-01-31 21:27:00+00:00,test,0.5803249611835724,False
2026-01-31 21:28:00+00:00,test,0.5888504469729946,False
2026-01-31 21:29:00+00:00,test,0.5048843370466812,False
2026-01-31 21:30:00+00:00,test,0.5004541700808232,False
2026-01-31 21:31:00+00:00,test,0.46467439510721115,False
2026-01-31 21:32:00+00:00,test,1.0575667249720488,False
2026-01-31 21:33:00+00:00,test,0.49911953995453767,False
2026-01-31 21:34:00+00:00,test,0.5803425379208976,False
2026-01-31 21:35:00+00:00,test,0.578406233951257,False
2026-01-31 21:36:00+00:00,test,0.9352621728608498,False
2026-01-31 21:37:00+00:00,test,0.6646048128612158,False
2026-01-31 21:38:00+00:00,test,0.7056744021880749,False
2026-01-31 21:39:00+00:00,test,0.6288780961288868,False
2026-01-31 21:40:00+00:00,test,0.6159978976631999,False
2026-01-31 21:41:00+00:00,test,0.5541589275013415,False
2026-01-31 21:42:00+00:00,test,0.5855246067145582,False
2026-01-31 21:43:00+00:00,test,0.4885410455146358,False
2026-01-31 21:44:00+00:00,test,0.5223729575081866,False
2026-01-31 21:45:00+00:00,test,0.5635806630005488,False
2026-01-31 21:46:00+00:00,test,0.9959899062500727,False
2026-01-31 21:47:00+00:00,test,0.7268726628189538,False
2026-01-31 21:48:00+00:00,test,0.6786306177092901,False
2026-01-31 21:49:00+00:00,test,0.6263994050714837,False
2026-01-31 21:50:00+00:00,test,0.5874349851296078,False
2026-01-31 21:51:00+00:00,test,0.5653945770148474,False
2026-01-31 21:52:00+00:00,test,0.5776108425375053,False
2026-01-31 21:53:00+00:00,test,0.5785450251827949,False
2026-01-31 21:54:00+00:00,test,0.6037459624871322,False
2026-01-31 21:55:00+00:00,test,0.6389860808608058,False
2026-01-31 21:56:00+00:00,test,0.6485729017395029,False
2026-01-31 21:57:00+00:00,test,0.6559337853145234,False
2026-01-31 21:58:00+00:00,test,0.5608205422412861,False
2026-01-31 21:59:00+00:00,test,0.6084776917349548,False
2026-01-31 22:00:00+00:00,test,0.5902702471708984,False
2026-01-31 22:01:00+00:00,test,0.5422194627554972,False
2026-01-31 22:02:00+00:00,test,0.6067526072824044,False
2026-01-31 22:03:00+00:00,test,0.6577893244045093,False
2026-01-31 22:04:00+00:00,test,0.591882019308445,False
2026-01-31 22:05:00+00:00,test,0.5543650848035079,False
2026-01-31 22:06:00+00:00,test,0.5975965752371549,False
2026-01-31 22:07:00+00:00,test,0.585597484596649,False
2026-01-31 22:08:00+00:00,test,0.6621611988543422,False
2026-01-31 22:09:00+00:00,test,0.519776398667702,False
2026-01-31 22:10:00+00:00,test,0.5254086068123719,False
2026-01-31 22:11:00+00:00,test,0.5035645176795286,False
2026-01-31 22:12:00+00:00,test,0.4590729701897279,False
2026-01-31 22:13:00+00:00,test,0.49966866995547043,False
2026-01-31 22:14:00+00:00,test,0.5468373081121615,False
2026-01-31 22:15:00+00:00,test,0.5944123029573346,False
2026-01-31 22:16:00+00:00,test,0.6159742996381924,False
2026-01-31 22:17:00+00:00,test,0.589252266750421,False
2026-01-31 22:18:00+00:00,test,0.5400097990693368,False
2026-01-31 22:19:00+00:00,test,0.5372407732941517,False
2026-01-31 22:20:00+00:00,test,0.6004600073757246,False
2026-01-31 22:21:00+00:00,test,0.6083968538726386,False
2026-01-31 22:22:00+00:00,test,1.0668451021277194,False
2026-01-31 22:23:00+00:00,test,0.6675871237672274,False
2026-01-31 22:24:00+00:00,test,0.6518778504878053,False
2026-01-31 22:25:00+00:00,test,0.6277572183390492,False
2026-01-31 22:26:00+00:00,test,0.6193271104437336,False
2026-01-31 22:27:00+00:00,test,0.5583820831823914,False
2026-01-31 22:28:00+00:00,test,0.5470536331110212,False
2026-01-31 22:29:00+00:00,test,0.5950783375727011,False
2026-01-31 22:30:00+00:00,test,0.6506975505603007,False
2026-01-31 22:31:00+00:00,test,0.6662079086990169,False
2026-01-31 22:32:00+00:00,test,0.6382208549045395,False
2026-01-31 22:33:00+00:00,test,0.6351242853088981,False
2026-01-31 22:34:00+00:00,test,0.5805818669024525,False
2026-01-31 22:35:00+00:00,test,0.5703149376935587,False
2026-01-31 22:36:00+00:00,test,0.561676709634207,False
2026-01-31 22:37:00+00:00,test,0.5562394317081143,False
2026-01-31 22:38:00+00:00,test,0.5512898223986251,False
2026-01-31 22:39:00+00:00,test,0.569263703184267,False
2026-01-31 22:40:00+00:00,test,0.5897828568941067,False
2026-01-31 22:41:00+00:00,test,0.6010979952672743,False
2026-01-31 22:42:00+00:00,test,0.5936239016685358,False
2026-01-31 22:43:00+00:00,test,0.6064073144574752,False
2026-01-31 22:44:00+00:00,test,0.5481986693287734,False
2026-01-31 22:45:00+00:00,test,0.6206012668718659,False
2026-01-31 22:46:00+00:00,test,0.6148363738437717,False
2026-01-31 22:47:00+00:00,test,0.616797175754259,False
2026-01-31 22:48:00+00:00,test,0.654571518788933,False
2026-01-31 22:49:00+00:00,test,0.6731290714805964,False
2026-01-31 22:50:00+00:00,test,0.6336851988418177,False
2026-01-31 22:51:00+00:00,test,0.6335996300344684,False
2026-01-31 22:52:00+00:00,test,0.6486419995481119,False
2026-01-31 22:53:00+00:00,test,0.6949114352722618,False
2026-01-31 22:54:00+00:00,test,0.6487530356533016,False
2026-01-31 22:55:00+00:00,test,0.6368915680980333,False
2026-01-31 22:56:00+00:00,test,0.5703791587775476,False
2026-01-31 22:57:00+00:00,test,0.5680550339174343,False
2026-01-31 22:58:00+00:00,test,0.5733229170244106,False
2026-01-31 22:59:00+00:00,test,0.5833607542513565,False
2026-01-31 23:00:00+00:00,test,0.5946062911127842,False
2026-01-31 23:01:00+00:00,test,1.067076436694267,False
2026-01-31 23:02:00+00:00,test,1.1862447795339877,False
2026-01-31 23:03:00+00:00,test,0.6896568432802423,False
2026-01-31 23:04:00+00:00,test,0.6655817958511431,False
2026-01-31 23:05:00+00:00,test,1.1284495206582958,False
2026-01-31 23:06:00+00:00,test,0.6078393901506485,False
2026-01-31 23:07:00+00:00,test,0.6790446197611016,False
2026-01-31 23:08:00+00:00,test,0.6554433542491459,False
2026-01-31 23:09:00+00:00,test,0.6836836914851333,False
2026-01-31 23:10:00+00:00,test,1.0554591480964075,False
2026-01-31 23:11:00+00:00,test,0.6190222564972749,False
2026-01-31 23:12:00+00:00,test,0.6474763735638583,False
2026-01-31 23:13:00+00:00,test,0.6341957635308094,False
2026-01-31 23:14:00+00:00,test,0.5779023131139513,False
2026-01-31 23:15:00+00:00,test,0.5420649778222391,False
2026-01-31 23:16:00+00:00,test,0.6516571693313068,False
2026-01-31 23:17:00+00:00,test,0.6617110510335479,False
2026-01-31 23:18:00+00:00,test,0.5894919844730787,False
2026-01-31 23:19:00+00:00,test,0.6011700590791109,False
2026-01-31 23:20:00+00:00,test,0.6237932247304994,False
2026-01-31 23:21:00+00:00,test,0.6173209659978323,False
2026-01-31 23:22:00+00:00,test,0.6151285147116456,False
2026-01-31 23:23:00+00:00,test,0.6012566611884396,False
2026-01-31 23:24:00+00:00,test,0.5891988441527337,False
2026-01-31 23:25:00+00:00,test,1.1161971503738386,False
2026-01-31 23:26:00+00:00,test,0.587096889482284,False
2026-01-31 23:27:00+00:00,test,0.593412679383015,False
2026-01-31 23:28:00+00:00,test,0.666915638202531,False
2026-01-31 23:29:00+00:00,test,0.6304664105697686,False
2026-01-31 23:30:00+00:00,test,0.9930147217274066,False
2026-01-31 23:31:00+00:00,test,0.69500459176115,False
2026-01-31 23:32:00+00:00,test,0.6995467540657813,False
2026-01-31 23:33:00+00:00,test,0.7912018857982351,False
2026-01-31 23:34:00+00:00,test,0.8642189710606274,False
2026-01-31 23:35:00+00:00,test,0.8974942618127922,False
2026-01-31 23:36:00+00:00,test,0.8611751402995436,False
2026-01-31 23:37:00+00:00,test,0.7778640151151055,False
2026-01-31 23:38:00+00:00,test,0.767074911333374,False
2026-01-31 23:39:00+00:00,test,0.7340080431989413,False
2026-01-31 23:40:00+00:00,test,0.6769320551416697,False
2026-01-31 23:41:00+00:00,test,0.6227662615719325,False
2026-01-31 23:42:00+00:00,test,1.0442654196282815,False
2026-01-31 23:43:00+00:00,test,0.642140035593634,False
2026-01-31 23:44:00+00:00,test,0.6363315895205558,False
2026-01-31 23:45:00+00:00,test,0.6954462852198223,False
2026-01-31 23:46:00+00:00,test,0.7322875257071463,False
2026-01-31 23:47:00+00:00,test,0.7691948157555271,False
2026-01-31 23:48:00+00:00,test,0.7510083701418743,False
2026-01-31 23:49:00+00:00,test,0.7769597935315149,False
2026-01-31 23:50:00+00:00,test,0.7634234808940954,False
2026-01-31 23:51:00+00:00,test,1.327722877225032,False
2026-01-31 23:52:00+00:00,test,0.6789176749555517,False
2026-01-31 23:53:00+00:00,test,0.6850267059238223,False
2026-01-31 23:54:00+00:00,test,0.666828963777991,False
2026-01-31 23:55:00+00:00,test,0.6282000944546906,False
2026-01-31 23:56:00+00:00,test,0.5860950851607655,False
2026-01-31 23:57:00+00:00,test,0.6008646456533898,False
2026-01-31 23:58:00+00:00,test,0.6098487634577102,False
