horizon_min,split,feature,abs_smd,smd
15,test,FLOW_RATE_PHOSPHORIC_ACID_1_lag_10,0.9637743054902427,0.9637743054902427
10,test,FLOW_RATE_PHOSPHORIC_ACID_1_lag_10,0.961400921342036,0.961400921342036
5,test,FLOW_RATE_PHOSPHORIC_ACID_1_lag_10,0.9592705582301772,0.9592705582301772
15,test,FLOW_RATE_PHOSPHORIC_ACID_1,0.9592453493916464,0.9592453493916464
1,test,FLOW_RATE_PHOSPHORIC_ACID_1_lag_10,0.9576815865657575,0.9576815865657575
10,test,FLOW_RATE_PHOSPHORIC_ACID_1,0.9570081377518471,0.9570081377518471
5,test,FLOW_RATE_PHOSPHORIC_ACID_1,0.9546707812364283,0.9546707812364283
1,test,FLOW_RATE_PHOSPHORIC_ACID_1,0.9531944479280251,0.9531944479280251
15,test,FLOW_RATE_PHOSPHORIC_ACID_1_roll_mean_10,0.9336225579189713,0.9336225579189713
10,test,FLOW_RATE_PHOSPHORIC_ACID_1_roll_mean_10,0.9313197438032855,0.9313197438032855
5,test,FLOW_RATE_PHOSPHORIC_ACID_1_roll_mean_10,0.9291096585095595,0.9291096585095595
1,test,FLOW_RATE_PHOSPHORIC_ACID_1_roll_mean_10,0.9274126923620505,0.9274126923620505
15,test,FLOW_RATE_PHOSPHORIC_ACID_1_roll_mean_30,0.874287796347962,0.874287796347962
10,test,FLOW_RATE_PHOSPHORIC_ACID_1_roll_mean_30,0.8718138941521184,0.8718138941521184
5,test,FLOW_RATE_PHOSPHORIC_ACID_1_roll_mean_30,0.8695149990785097,0.8695149990785097
1,test,FLOW_RATE_PHOSPHORIC_ACID_1_roll_mean_30,0.8675117083264794,0.8675117083264794
15,test,ACID_FLOW_IMBALANCE,0.6603645041751011,-0.6603645041751011
10,test,ACID_FLOW_IMBALANCE,0.6589242986429611,-0.6589242986429611
5,test,ACID_FLOW_IMBALANCE,0.6577135380427462,-0.6577135380427462
1,test,ACID_FLOW_IMBALANCE,0.6571867142406304,-0.6571867142406304
1,valid,FLOW_RATE_SLURRY_M3_HR_2,0.5721107935353832,0.5721107935353832
1,valid,FLOW_RATE_SLURRY_M3_HR_2_roll_mean_10,0.5708110678048075,0.5708110678048075
5,valid,FLOW_RATE_SLURRY_M3_HR_2,0.5706375819311004,0.5706375819311004
5,valid,FLOW_RATE_SLURRY_M3_HR_2_roll_mean_10,0.569348625478893,0.569348625478893
10,valid,FLOW_RATE_SLURRY_M3_HR_2,0.5689981138586023,0.5689981138586023
10,valid,FLOW_RATE_SLURRY_M3_HR_2_roll_mean_10,0.5676526320386971,0.5676526320386971
15,valid,FLOW_RATE_SLURRY_M3_HR_2,0.5670826605502998,0.5670826605502998
1,valid,FLOW_RATE_SLURRY_M3_HR_2_roll_mean_30,0.5666389257358794,0.5666389257358794
15,valid,FLOW_RATE_SLURRY_M3_HR_2_roll_mean_10,0.5656008532334477,0.5656008532334477
5,valid,FLOW_RATE_SLURRY_M3_HR_2_roll_mean_30,0.5651346600848787,0.5651346600848787
10,valid,FLOW_RATE_SLURRY_M3_HR_2_roll_mean_30,0.5631610332680617,0.5631610332680617
15,valid,FLOW_RATE_SLURRY_M3_HR_2_roll_mean_30,0.5608887673244412,0.5608887673244412
1,test,FLOW_RATE_SLURRY_M3_HR_2,0.5447231739994132,-0.5447231739994132
5,test,FLOW_RATE_SLURRY_M3_HR_2,0.543702798743223,-0.543702798743223
10,test,FLOW_RATE_SLURRY_M3_HR_2,0.5424733956838426,-0.5424733956838426
15,test,FLOW_RATE_SLURRY_M3_HR_2,0.5408036645258334,-0.5408036645258334
1,test,FLOW_RATE_SLURRY_M3_HR_2_roll_mean_10,0.5341964477518618,-0.5341964477518618
5,test,FLOW_RATE_SLURRY_M3_HR_2_roll_mean_10,0.5332547622255607,-0.5332547622255607
10,test,FLOW_RATE_SLURRY_M3_HR_2_roll_mean_10,0.5318710403349489,-0.5318710403349489
15,test,FLOW_RATE_SLURRY_M3_HR_2_roll_mean_10,0.530074184104339,-0.530074184104339
1,test,FLOW_RATE_SLURRY_M3_HR_2_roll_mean_30,0.5084933500012474,-0.5084933500012474
5,test,FLOW_RATE_SLURRY_M3_HR_2_roll_mean_30,0.5073180742697364,-0.5073180742697364
10,test,FLOW_RATE_SLURRY_M3_HR_2_roll_mean_30,0.5059057211701605,-0.5059057211701605
15,test,FLOW_RATE_SLURRY_M3_HR_2_roll_mean_30,0.5040458531596975,-0.5040458531596975
15,valid,FLOW_RATE_PHOSPHORIC_ACID_1_lag_10,0.43678955265323444,-0.43678955265323444
10,valid,FLOW_RATE_PHOSPHORIC_ACID_1_lag_10,0.43334110174044665,-0.43334110174044665
15,valid,FLOW_RATE_PHOSPHORIC_ACID_1,0.43144428608874075,-0.43144428608874075
5,valid,FLOW_RATE_PHOSPHORIC_ACID_1_lag_10,0.42964558990099033,-0.42964558990099033
15,valid,FLOW_RATE_PHOSPHORIC_ACID_1_roll_mean_10,0.42852713589711006,-0.42852713589711006
10,valid,FLOW_RATE_PHOSPHORIC_ACID_1,0.4276621428712918,-0.4276621428712918
1,valid,FLOW_RATE_PHOSPHORIC_ACID_1_lag_10,0.42706161687939453,-0.42706161687939453
10,valid,FLOW_RATE_PHOSPHORIC_ACID_1_roll_mean_10,0.4243476068097667,-0.4243476068097667
5,valid,FLOW_RATE_PHOSPHORIC_ACID_1,0.42425060666956105,-0.42425060666956105
1,valid,FLOW_RATE_PHOSPHORIC_ACID_1,0.4215931984645394,-0.4215931984645394
5,valid,FLOW_RATE_PHOSPHORIC_ACID_1_roll_mean_10,0.4209689049203101,-0.4209689049203101
15,valid,FLOW_RATE_PHOSPHORIC_ACID_1_roll_mean_30,0.42004502162032636,-0.42004502162032636
1,valid,FLOW_RATE_PHOSPHORIC_ACID_1_roll_mean_10,0.41836146182235784,-0.41836146182235784
10,valid,FLOW_RATE_PHOSPHORIC_ACID_1_roll_mean_30,0.4158616903580674,-0.4158616903580674
5,valid,FLOW_RATE_PHOSPHORIC_ACID_1_roll_mean_30,0.4121168222979626,-0.4121168222979626
1,valid,FLOW_RATE_PHOSPHORIC_ACID_1_roll_mean_30,0.40913170742372323,-0.40913170742372323
5,test,DEPRESSURE_SECHEUR_missing,0.3741993180895198,0.3741993180895198
10,test,DEPRESSURE_SECHEUR_missing,0.37415665020527117,0.37415665020527117
15,test,DEPRESSURE_SECHEUR_missing,0.3740372843998585,0.3740372843998585
1,test,DEPRESSURE_SECHEUR_missing,0.37227762708509654,0.37227762708509654
15,test,FLOW_RATE_PHOSPHORIC_ACID_1_roll_std_10,0.33393778103304594,0.33393778103304594
10,test,FLOW_RATE_PHOSPHORIC_ACID_1_roll_std_10,0.33335976257232636,0.33335976257232636
15,valid,LEVEL_CUVE_PASSAGE_roll_mean_30,0.3330866165244344,-0.3330866165244344
10,valid,LEVEL_CUVE_PASSAGE_roll_mean_30,0.3323336083991369,-0.3323336083991369
5,test,FLOW_RATE_PHOSPHORIC_ACID_1_roll_std_10,0.33208461538351924,0.33208461538351924
5,valid,LEVEL_CUVE_PASSAGE_roll_mean_30,0.33169746949587037,-0.33169746949587037
1,valid,LEVEL_CUVE_PASSAGE_roll_mean_30,0.3312206108664914,-0.3312206108664914
15,valid,LEVEL_CUVE_PASSAGE_roll_mean_10,0.33032616894725303,-0.33032616894725303
1,test,FLOW_RATE_PHOSPHORIC_ACID_1_roll_std_10,0.3302897281237351,0.3302897281237351
10,valid,LEVEL_CUVE_PASSAGE_roll_mean_10,0.3292324927175036,-0.3292324927175036
5,valid,LEVEL_CUVE_PASSAGE_roll_mean_10,0.3284070791475907,-0.3284070791475907
1,valid,LEVEL_CUVE_PASSAGE_roll_mean_10,0.3278832099987517,-0.3278832099987517
15,valid,LEVEL_CUVE_PASSAGE_lag_10,0.3277914360507567,-0.3277914360507567
10,valid,LEVEL_CUVE_PASSAGE_lag_10,0.32672835624881197,-0.32672835624881197
15,valid,LEVEL_CUVE_PASSAGE_lag_5,0.32667588240637013,-0.32667588240637013
15,valid,LEVEL_CUVE_PASSAGE,0.3259117937931399,-0.3259117937931399
5,valid,LEVEL_CUVE_PASSAGE_lag_10,0.3257713936692109,-0.3257713936692109
10,valid,LEVEL_CUVE_PASSAGE_lag_5,0.3257391738655714,-0.3257391738655714
1,valid,LEVEL_CUVE_PASSAGE_lag_10,0.32487785280087095,-0.32487785280087095
10,valid,LEVEL_CUVE_PASSAGE,0.32479806596929206,-0.32479806596929206
5,valid,LEVEL_CUVE_PASSAGE_lag_5,0.3246298724630333,-0.3246298724630333
5,valid,LEVEL_CUVE_PASSAGE,0.3243563633616561,-0.3243563633616561
1,valid,LEVEL_CUVE_PASSAGE_lag_5,0.32433855120496696,-0.32433855120496696
1,valid,LEVEL_CUVE_PASSAGE,0.3236820068150963,-0.3236820068150963
15,test,FLOW_RATE_SLURRY_T_PER_HR_lag_10,0.32147877851678186,0.32147877851678186
5,test,FLOW_RATE_GROUND_PHOSPHATE_roll_mean_30,0.3210350155984148,0.3210350155984148
1,test,FLOW_RATE_GROUND_PHOSPHATE_roll_mean_30,0.3208163705651484,0.3208163705651484
10,test,FLOW_RATE_SLURRY_T_PER_HR_lag_10,0.3208013172786323,0.3208013172786323
10,test,FLOW_RATE_GROUND_PHOSPHATE_roll_mean_30,0.32079493393358943,0.32079493393358943
15,test,FLOW_RATE_GROUND_PHOSPHATE_roll_mean_30,0.3203588702716582,0.3203588702716582
5,test,FLOW_RATE_SLURRY_T_PER_HR_lag_10,0.3201792971032972,0.3201792971032972
1,test,FLOW_RATE_SLURRY_T_PER_HR_lag_10,0.31973970953437353,0.31973970953437353
15,test,FLOW_RATE_SLURRY_T_PER_HR,0.3196702333004479,0.3196702333004479
10,test,FLOW_RATE_SLURRY_T_PER_HR,0.3189327768198717,0.3189327768198717
10,test,FLOW_RATE_GROUND_PHOSPHATE_roll_mean_10,0.3186491213809762,0.3186491213809762
15,test,FLOW_RATE_GROUND_PHOSPHATE_roll_mean_10,0.3185040931151143,0.3185040931151143
5,test,FLOW_RATE_SLURRY_T_PER_HR,0.31845474047483885,0.31845474047483885
5,test,FLOW_RATE_GROUND_PHOSPHATE_roll_mean_10,0.3180349811120366,0.3180349811120366
1,test,FLOW_RATE_SLURRY_T_PER_HR,0.31784433981921295,0.31784433981921295
1,test,FLOW_RATE_GROUND_PHOSPHATE_roll_mean_10,0.3173510763154466,0.3173510763154466
15,test,FLOW_RATE_GROUND_PHOSPHATE_lag_10,0.3172290766605567,0.3172290766605567
10,test,FLOW_RATE_GROUND_PHOSPHATE_lag_10,0.31682847991567964,0.31682847991567964
5,test,FLOW_RATE_GROUND_PHOSPHATE_lag_10,0.3164533501726425,0.3164533501726425
1,test,FLOW_RATE_GROUND_PHOSPHATE_lag_10,0.3161429841936193,0.3161429841936193
15,test,FLOW_RATE_GROUND_PHOSPHATE,0.3158516621717581,0.3158516621717581
10,test,FLOW_RATE_GROUND_PHOSPHATE,0.3152915904490438,0.3152915904490438
5,test,FLOW_RATE_PHOSPHORIC_ACID_2_missing,0.3152498770223875,0.3152498770223875
5,test,FLOW_RATE_GROUND_PHOSPHATE,0.31451514711562084,0.31451514711562084
1,test,FLOW_RATE_GROUND_PHOSPHATE,0.31402880168424857,0.31402880168424857
10,test,FLOW_RATE_PHOSPHORIC_ACID_2_missing,0.31387695712217517,0.31387695712217517
15,test,FLOW_RATE_PHOSPHORIC_ACID_2_missing,0.3137722014379949,0.3137722014379949
1,test,FLOW_RATE_PHOSPHORIC_ACID_2_missing,0.30789760385936393,0.30789760385936393
1,test,HOT_AIR_DRYER_OUTLET_GRADIENT,0.3026217312882304,-0.3026217312882304
5,test,HOT_AIR_DRYER_OUTLET_GRADIENT,0.3016619067382297,-0.3016619067382297
15,test,HOT_AIR_DRYER_OUTLET_GRADIENT,0.3013042603592532,-0.3013042603592532
10,test,HOT_AIR_DRYER_OUTLET_GRADIENT,0.3008740806140287,-0.3008740806140287
15,test,FLOW_RATE_SLURRY_T_PER_HR_roll_mean_30,0.29447825608050515,0.29447825608050515
10,test,FLOW_RATE_SLURRY_T_PER_HR_roll_mean_30,0.2935762227804013,0.2935762227804013
5,test,FLOW_RATE_SLURRY_T_PER_HR_roll_mean_30,0.2928949852266884,0.2928949852266884
1,test,FLOW_RATE_SLURRY_T_PER_HR_roll_mean_30,0.29219160409730305,0.29219160409730305
15,valid,DEPRESSURE_SECHEUR_roll_mean_30,0.2887182353361391,-0.2887182353361391
10,valid,DEPRESSURE_SECHEUR_roll_mean_30,0.2870147890658871,-0.2870147890658871
5,valid,DEPRESSURE_SECHEUR_roll_mean_30,0.2853402241686357,-0.2853402241686357
15,test,FLOW_RATE_SLURRY_M3_HR_lag_10,0.28483887678352654,0.28483887678352654
10,test,FLOW_RATE_SLURRY_M3_HR_lag_10,0.2842347831813016,0.2842347831813016
1,valid,DEPRESSURE_SECHEUR_roll_mean_30,0.28412695747916605,-0.28412695747916605
5,test,FLOW_RATE_SLURRY_M3_HR_lag_10,0.2839058758186518,0.2839058758186518
1,test,FLOW_RATE_SLURRY_M3_HR_lag_10,0.28348076035505776,0.28348076035505776
15,test,FLOW_RATE_SLURRY_M3_HR,0.2833861003058972,0.2833861003058972
10,test,FLOW_RATE_SLURRY_M3_HR,0.2827100204792237,0.2827100204792237
5,test,FLOW_RATE_SLURRY_M3_HR,0.28233507780472955,0.28233507780472955
15,valid,TOTAL_ACID_FLOW,0.2820887907562831,-0.2820887907562831
1,test,FLOW_RATE_SLURRY_M3_HR,0.28177100091651297,0.28177100091651297
10,test,FLOW_RATE_SLURRY_M3_HR_roll_mean_10,0.2816544211727716,0.2816544211727716
15,test,FLOW_RATE_SLURRY_M3_HR_roll_mean_10,0.2815961617751692,0.2815961617751692
5,test,FLOW_RATE_SLURRY_M3_HR_roll_mean_10,0.28116953772234116,0.28116953772234116
1,test,FLOW_RATE_SLURRY_M3_HR_roll_mean_10,0.2807973510651103,0.2807973510651103
10,valid,TOTAL_ACID_FLOW,0.2796886377345442,-0.2796886377345442
1,test,FLOW_RATE_SLURRY_M3_HR_roll_mean_30,0.2786644255782012,0.2786644255782012
5,test,FLOW_RATE_SLURRY_M3_HR_roll_mean_30,0.27862881391490507,0.27862881391490507
10,test,FLOW_RATE_SLURRY_M3_HR_roll_mean_30,0.2784826112642664,0.2784826112642664
15,test,FLOW_RATE_SLURRY_M3_HR_roll_mean_30,0.27838205747468303,0.27838205747468303
5,valid,TOTAL_ACID_FLOW,0.27735462087196583,-0.27735462087196583
15,valid,PRODUCTION_TSP_BALANCE_roll_mean_30,0.2763626395906232,-0.2763626395906232
1,valid,TOTAL_ACID_FLOW,0.27614933248132995,-0.27614933248132995
10,valid,PRODUCTION_TSP_BALANCE_roll_mean_30,0.2741374184136327,-0.2741374184136327
15,valid,DEPRESSURE_SECHEUR_roll_mean_10,0.2733206419425231,-0.2733206419425231
15,test,TOTAL_ACID_FLOW,0.2723369825825547,0.2723369825825547
5,valid,PRODUCTION_TSP_BALANCE_roll_mean_30,0.2723230399828011,-0.2723230399828011
10,valid,DEPRESSURE_SECHEUR_roll_mean_10,0.27190540547434777,-0.27190540547434777
10,test,TOTAL_ACID_FLOW,0.27147331192504986,0.27147331192504986
15,test,PRODUCTION_TSP_BALANCE,0.271252866167924,0.271252866167924
1,valid,PRODUCTION_TSP_BALANCE_roll_mean_30,0.2708387965972545,-0.2708387965972545
10,test,PRODUCTION_TSP_BALANCE,0.2704751397557747,0.2704751397557747
5,test,TOTAL_ACID_FLOW,0.27040993566402516,0.27040993566402516
1,test,TOTAL_ACID_FLOW,0.27031706933017124,0.27031706933017124
5,valid,DEPRESSURE_SECHEUR_roll_mean_10,0.270170119379893,-0.270170119379893
5,test,PRODUCTION_TSP_BALANCE,0.2695936607105077,0.2695936607105077
15,valid,PRODUCTION_TSP_BALANCE,0.26946995617263236,-0.26946995617263236
1,valid,DEPRESSURE_SECHEUR_roll_mean_10,0.2689280400062651,-0.2689280400062651
1,test,PRODUCTION_TSP_BALANCE,0.2688357742341317,0.2688357742341317
10,valid,PRODUCTION_TSP_BALANCE,0.26727664508106597,-0.26727664508106597
15,valid,DEPRESSURE_SECHEUR_lag_10,0.26525202319238256,-0.26525202319238256
5,valid,PRODUCTION_TSP_BALANCE,0.2652389008041578,-0.2652389008041578
15,valid,DEPRESSURE_SECHEUR_lag_5,0.26458886835659756,-0.26458886835659756
10,valid,DEPRESSURE_SECHEUR_lag_10,0.26430007922802135,-0.26430007922802135
15,valid,DEPRESSURE_SECHEUR_lag_1,0.263768467501678,-0.263768467501678
1,valid,PRODUCTION_TSP_BALANCE,0.2636128688963473,-0.2636128688963473
10,valid,DEPRESSURE_SECHEUR_lag_5,0.2633883699639343,-0.2633883699639343
15,valid,DEPRESSURE_SECHEUR,0.26324456298217186,-0.26324456298217186
5,valid,DEPRESSURE_SECHEUR_lag_10,0.2630737963756747,-0.2630737963756747
1,test,DEPRESSURE_SECHEUR_roll_mean_30,0.26294965397830194,0.26294965397830194
5,test,DEPRESSURE_SECHEUR_roll_mean_30,0.26282694507517945,0.26282694507517945
1,valid,DEPRESSURE_SECHEUR_lag_10,0.26177114358576725,-0.26177114358576725
10,valid,DEPRESSURE_SECHEUR_lag_1,0.26175658924758544,-0.26175658924758544
10,test,DEPRESSURE_SECHEUR_roll_mean_30,0.2616641301265664,0.2616641301265664
5,valid,DEPRESSURE_SECHEUR_lag_5,0.2616533727179574,-0.2616533727179574
10,valid,DEPRESSURE_SECHEUR,0.26138912604783754,-0.26138912604783754
15,test,DEPRESSURE_SECHEUR_roll_mean_30,0.2611711587305986,0.2611711587305986
1,valid,DEPRESSURE_SECHEUR_lag_5,0.260643036132685,-0.260643036132685
5,valid,DEPRESSURE_SECHEUR_lag_1,0.2603087394386925,-0.2603087394386925
15,test,PRODUCTION_TSP_BALANCE_roll_mean_30,0.25986654738433035,0.25986654738433035
5,valid,DEPRESSURE_SECHEUR,0.25953507995016983,-0.25953507995016983
10,test,PRODUCTION_TSP_BALANCE_roll_mean_30,0.25892184568204263,0.25892184568204263
1,valid,DEPRESSURE_SECHEUR_lag_1,0.2588977006843596,-0.2588977006843596
1,valid,DEPRESSURE_SECHEUR,0.258306560203536,-0.258306560203536
5,test,PRODUCTION_TSP_BALANCE_roll_mean_30,0.25810915497316167,0.25810915497316167
15,test,FLOW_RATE_PHOSPHORIC_ACID_2_lag_10,0.25768262693838234,-0.25768262693838234
1,test,PRODUCTION_TSP_BALANCE_roll_mean_30,0.25749370397881594,0.25749370397881594
10,test,FLOW_RATE_PHOSPHORIC_ACID_2_lag_10,0.2574021768977074,-0.2574021768977074
15,test,FLOW_RATE_PHOSPHORIC_ACID_2,0.25734633033630155,-0.25734633033630155
5,test,DEPRESSURE_SECHEUR_roll_mean_10,0.25705957819859276,0.25705957819859276
10,test,FLOW_RATE_PHOSPHORIC_ACID_2,0.2570179374712697,-0.2570179374712697
10,test,DEPRESSURE_SECHEUR_roll_mean_10,0.25687265572211404,0.25687265572211404
5,test,FLOW_RATE_PHOSPHORIC_ACID_2,0.25680952004345536,-0.25680952004345536
5,test,FLOW_RATE_PHOSPHORIC_ACID_2_lag_10,0.2568078758668775,-0.2568078758668775
1,test,FLOW_RATE_PHOSPHORIC_ACID_2,0.25664813295209565,-0.25664813295209565
1,test,FLOW_RATE_PHOSPHORIC_ACID_2_lag_10,0.25647176718075176,-0.25647176718075176
1,test,DEPRESSURE_SECHEUR_roll_mean_10,0.256284839677475,0.256284839677475
15,test,DEPRESSURE_SECHEUR_roll_mean_10,0.2560675049870889,0.2560675049870889
15,valid,STEAM_SLURRY_TEMP_GRADIENT,0.25353497211897374,-0.25353497211897374
5,test,DEPRESSURE_SECHEUR_lag_10,0.2523772212596607,0.2523772212596607
1,test,DEPRESSURE_SECHEUR_lag_10,0.25231247336691287,0.25231247336691287
10,test,DEPRESSURE_SECHEUR_lag_5,0.25202785944295814,0.25202785944295814
5,test,DEPRESSURE_SECHEUR_lag_5,0.2519062101941904,0.2519062101941904
10,valid,STEAM_SLURRY_TEMP_GRADIENT,0.25175701131155603,-0.25175701131155603
1,test,DEPRESSURE_SECHEUR_lag_5,0.2517069300333198,0.2517069300333198
15,test,DEPRESSURE_SECHEUR,0.25111798500076304,0.25111798500076304
10,test,DEPRESSURE_SECHEUR_lag_10,0.2510163318428399,0.2510163318428399
10,test,DEPRESSURE_SECHEUR_lag_1,0.2509495344994168,0.2509495344994168
10,test,DEPRESSURE_SECHEUR,0.25090183428922846,0.25090183428922846
15,test,DEPRESSURE_SECHEUR_lag_1,0.25081096725807434,0.25081096725807434
15,test,DEPRESSURE_SECHEUR_lag_5,0.25078755395354674,0.25078755395354674
5,test,DEPRESSURE_SECHEUR_lag_1,0.2506282353701243,0.2506282353701243
5,test,DEPRESSURE_SECHEUR,0.25041044721745576,0.25041044721745576
15,test,DEPRESSURE_SECHEUR_lag_10,0.2503201903665286,0.2503201903665286
5,valid,STEAM_SLURRY_TEMP_GRADIENT,0.2500766191130404,-0.2500766191130404
1,test,DEPRESSURE_SECHEUR_lag_1,0.24950590255285965,0.24950590255285965
1,valid,STEAM_SLURRY_TEMP_GRADIENT,0.24926031470458299,-0.24926031470458299
1,test,DEPRESSURE_SECHEUR,0.2491751316084565,0.2491751316084565
5,valid,FLOW_RATE_SLURRY_M3_HR_2_roll_std_10,0.24870736079432954,0.24870736079432954
1,valid,FLOW_RATE_SLURRY_M3_HR_2_roll_std_10,0.2486128218632689,0.2486128218632689
10,valid,FLOW_RATE_SLURRY_M3_HR_2_roll_std_10,0.2483113420361113,0.2483113420361113
15,valid,FLOW_RATE_SLURRY_M3_HR_2_roll_std_10,0.24810219818504806,0.24810219818504806
15,test,FLOW_RATE_PHOSPHORIC_ACID_2_roll_mean_30,0.23728438007607394,-0.23728438007607394
10,test,FLOW_RATE_PHOSPHORIC_ACID_2_roll_mean_30,0.2368619705849566,-0.2368619705849566
5,test,FLOW_RATE_PHOSPHORIC_ACID_2_roll_mean_30,0.23639386073279514,-0.23639386073279514
1,test,FLOW_RATE_PHOSPHORIC_ACID_2_roll_mean_30,0.23615067140020077,-0.23615067140020077
15,valid,RECYCLAGE_lag_10,0.2349491258031607,-0.2349491258031607
10,valid,RECYCLAGE_lag_10,0.23382361976729807,-0.23382361976729807
15,valid,RECYCLAGE,0.2333283147390016,-0.2333283147390016
5,valid,RECYCLAGE_lag_10,0.23302794675725774,-0.23302794675725774
1,valid,RECYCLAGE_lag_10,0.2324495283848287,-0.2324495283848287
10,valid,RECYCLAGE,0.23241311873356915,-0.23241311873356915
5,valid,RECYCLAGE,0.23151279482285278,-0.23151279482285278
1,valid,RECYCLAGE,0.23085567292962375,-0.23085567292962375
15,valid,FLOW_RATE_PHOSPHORIC_ACID_1_roll_std_10,0.22839592673367454,-0.22839592673367454
10,valid,FLOW_RATE_PHOSPHORIC_ACID_1_roll_std_10,0.22771697777889316,-0.22771697777889316
15,valid,FLOW_RATE_SLURRY_M3_HR_roll_mean_30,0.22688908394932883,-0.22688908394932883
5,valid,FLOW_RATE_PHOSPHORIC_ACID_1_roll_std_10,0.22610998877559077,-0.22610998877559077
10,valid,FLOW_RATE_SLURRY_M3_HR_roll_mean_30,0.22579477245119808,-0.22579477245119808
1,valid,FLOW_RATE_PHOSPHORIC_ACID_1_roll_std_10,0.225665414567803,-0.225665414567803
5,valid,FLOW_RATE_SLURRY_M3_HR_roll_mean_30,0.2249273861978685,-0.2249273861978685
1,valid,FLOW_RATE_SLURRY_M3_HR_roll_mean_30,0.2240940939618466,-0.2240940939618466
1,test,RECYCLAGE_lag_10,0.22035835445560353,0.22035835445560353
5,test,RECYCLAGE_lag_10,0.22033116307423908,0.22033116307423908
10,test,RECYCLAGE_lag_10,0.2201941808071173,0.2201941808071173
15,test,RECYCLAGE_lag_10,0.2201467880862838,0.2201467880862838
10,test,RECYCLAGE,0.21994920951882652,0.21994920951882652
15,valid,FLOW_RATE_GROUND_PHOSPHATE_roll_mean_30,0.2199096499501067,-0.2199096499501067
15,test,RECYCLAGE,0.2199034973898337,0.2199034973898337
15,test,FLOW_RATE_VAPEUR_lag_10,0.21983155500378693,0.21983155500378693
5,test,RECYCLAGE,0.21979126324855805,0.21979126324855805
15,test,FLOW_RATE_FIOUL_lag_10,0.2197631779745499,0.2197631779745499
1,test,RECYCLAGE,0.21950347906930706,0.21950347906930706
10,test,FLOW_RATE_FIOUL_lag_10,0.2191143052657919,0.2191143052657919
10,test,FLOW_RATE_VAPEUR_lag_10,0.21899665576914262,0.21899665576914262
10,valid,FLOW_RATE_GROUND_PHOSPHATE_roll_mean_30,0.21883091465760032,-0.21883091465760032
5,test,FLOW_RATE_FIOUL_lag_10,0.2186658004351001,0.2186658004351001
15,test,FLOW_RATE_FIOUL,0.21825340620990266,0.21825340620990266
1,test,FLOW_RATE_FIOUL_lag_10,0.2182516681719809,0.2182516681719809
5,test,FLOW_RATE_VAPEUR_lag_10,0.21823390394974856,0.21823390394974856
5,valid,FLOW_RATE_GROUND_PHOSPHATE_roll_mean_30,0.217814859720051,-0.217814859720051
10,test,FLOW_RATE_FIOUL,0.21760068652958084,0.21760068652958084
15,test,FLOW_RATE_VAPEUR,0.21746744802755494,0.21746744802755494
1,test,FLOW_RATE_VAPEUR_lag_10,0.217439865200112,0.217439865200112
5,test,FLOW_RATE_FIOUL,0.21712914461246832,0.21712914461246832
1,valid,FLOW_RATE_GROUND_PHOSPHATE_roll_mean_30,0.2166521517571111,-0.2166521517571111
15,valid,FLOW_RATE_GROUND_PHOSPHATE_lag_10,0.21664619650520256,-0.21664619650520256
10,test,FLOW_RATE_VAPEUR,0.2164538970307496,0.2164538970307496
1,test,FLOW_RATE_FIOUL,0.21639446223849762,0.21639446223849762
15,valid,FLOW_RATE_GROUND_PHOSPHATE_roll_mean_10,0.21571873994018984,-0.21571873994018984
5,test,FLOW_RATE_VAPEUR,0.2153231872407369,0.2153231872407369
15,valid,RECYCLAGE_roll_mean_30,0.21512522454322316,-0.21512522454322316
10,valid,FLOW_RATE_GROUND_PHOSPHATE_lag_10,0.2147449242024247,-0.2147449242024247
1,test,FLOW_RATE_VAPEUR,0.2146382899896502,0.2146382899896502
15,test,RECYCLAGE_roll_mean_30,0.21418668878196873,0.21418668878196873
5,test,RECYCLAGE_roll_mean_30,0.2140092609232143,0.2140092609232143
10,test,RECYCLAGE_roll_mean_30,0.21396383977925115,0.21396383977925115
10,valid,RECYCLAGE_roll_mean_30,0.2139233837747794,-0.2139233837747794
1,test,RECYCLAGE_roll_mean_30,0.2139120618693934,0.2139120618693934
15,valid,FLOW_RATE_GROUND_PHOSPHATE,0.21384692726188725,-0.21384692726188725
10,valid,FLOW_RATE_GROUND_PHOSPHATE_roll_mean_10,0.21371232954398875,-0.21371232954398875
5,valid,FLOW_RATE_GROUND_PHOSPHATE_lag_10,0.21313799103637085,-0.21313799103637085
5,valid,RECYCLAGE_roll_mean_30,0.21285964861482054,-0.21285964861482054
1,valid,RECYCLAGE_roll_mean_30,0.2122381871883545,-0.2122381871883545
15,test,FLOW_RATE_FIOUL_roll_mean_10,0.2122099334093841,0.2122099334093841
5,valid,FLOW_RATE_GROUND_PHOSPHATE_roll_mean_10,0.2119549432609408,-0.2119549432609408
1,valid,FLOW_RATE_GROUND_PHOSPHATE_lag_10,0.2117548110653286,-0.2117548110653286
10,valid,FLOW_RATE_GROUND_PHOSPHATE,0.21170261428412407,-0.21170261428412407
10,test,FLOW_RATE_FIOUL_roll_mean_10,0.21165199776370117,0.21165199776370117
5,test,FLOW_RATE_FIOUL_roll_mean_10,0.21116729629716582,0.21116729629716582
1,test,FLOW_RATE_FIOUL_roll_mean_10,0.21070183385710065,0.21070183385710065
1,valid,FLOW_RATE_GROUND_PHOSPHATE_roll_mean_10,0.2104997805511077,-0.2104997805511077
15,test,FLOW_RATE_VAPEUR_roll_mean_30,0.21046035155407186,0.21046035155407186
5,test,FLOW_RATE_VAPEUR_roll_mean_30,0.20991261294688005,0.20991261294688005
10,test,FLOW_RATE_VAPEUR_roll_mean_30,0.2098714081255944,0.2098714081255944
1,test,FLOW_RATE_VAPEUR_roll_mean_30,0.2098319063904231,0.2098319063904231
5,valid,FLOW_RATE_GROUND_PHOSPHATE,0.20979462060193885,-0.20979462060193885
1,valid,FLOW_RATE_GROUND_PHOSPHATE,0.2083300496020388,-0.2083300496020388
15,valid,FLOW_RATE_VAPEUR_lag_10,0.20486508699082098,-0.20486508699082098
15,valid,FLOW_RATE_SLURRY_M3_HR_roll_mean_10,0.20477303365488508,-0.20477303365488508
10,valid,FLOW_RATE_SLURRY_M3_HR_roll_mean_10,0.20402395280797223,-0.20402395280797223
15,valid,FLOW_RATE_VAPEUR,0.20338127057749109,-0.20338127057749109
10,valid,FLOW_RATE_VAPEUR_lag_10,0.20321631304101187,-0.20321631304101187
15,test,FLOW_RATE_FIOUL_roll_mean_30,0.20281194518193513,0.20281194518193513
5,valid,FLOW_RATE_SLURRY_M3_HR_roll_mean_10,0.20259600578192982,-0.20259600578192982
10,test,FLOW_RATE_FIOUL_roll_mean_30,0.2019437824970545,0.2019437824970545
5,valid,FLOW_RATE_VAPEUR_lag_10,0.20174969307386373,-0.20174969307386373
10,valid,FLOW_RATE_VAPEUR,0.20168967495599738,-0.20168967495599738
5,test,FLOW_RATE_FIOUL_roll_mean_30,0.20132428432715807,0.20132428432715807
1,valid,FLOW_RATE_SLURRY_M3_HR_roll_mean_10,0.20122627611042904,-0.20122627611042904
1,test,FLOW_RATE_SLURRY_M3_HR_2_roll_std_10,0.2008285496340811,-0.2008285496340811
1,test,FLOW_RATE_FIOUL_roll_mean_30,0.20081021045644254,0.20081021045644254
1,valid,FLOW_RATE_VAPEUR_lag_10,0.20045294334099406,-0.20045294334099406
5,test,FLOW_RATE_SLURRY_M3_HR_2_roll_std_10,0.20022484977841196,-0.20022484977841196
5,valid,FLOW_RATE_VAPEUR,0.19992458599880492,-0.19992458599880492
10,test,FLOW_RATE_SLURRY_M3_HR_2_roll_std_10,0.1996891156409054,-0.1996891156409054
15,test,FLOW_RATE_SLURRY_M3_HR_2_roll_std_10,0.19928782071833834,-0.19928782071833834
1,valid,FLOW_RATE_VAPEUR,0.19879237921996817,-0.19879237921996817
15,valid,FLOW_RATE_SLURRY_M3_HR_lag_10,0.19603797975770088,-0.19603797975770088
10,valid,FLOW_RATE_SLURRY_M3_HR_lag_10,0.19407192202347526,-0.19407192202347526
15,valid,FLOW_RATE_SLURRY_M3_HR,0.19391191040191358,-0.19391191040191358
5,valid,FLOW_RATE_SLURRY_M3_HR_lag_10,0.19271355630188702,-0.19271355630188702
10,valid,FLOW_RATE_SLURRY_M3_HR,0.19211310206271046,-0.19211310206271046
1,valid,FLOW_RATE_SLURRY_M3_HR_lag_10,0.19162619682997437,-0.19162619682997437
15,valid,FLOW_RATE_VAPEUR_roll_mean_30,0.1914635112351256,-0.1914635112351256
10,valid,FLOW_RATE_VAPEUR_roll_mean_30,0.19046417678780386,-0.19046417678780386
5,valid,FLOW_RATE_SLURRY_M3_HR,0.1904533396467716,-0.1904533396467716
15,valid,FLOW_RATE_SLURRY_T_PER_HR_lag_10,0.18971030738621739,-0.18971030738621739
5,valid,FLOW_RATE_VAPEUR_roll_mean_30,0.18968497626347267,-0.18968497626347267
1,valid,FLOW_RATE_VAPEUR_roll_mean_30,0.18928678102619415,-0.18928678102619415
1,valid,FLOW_RATE_SLURRY_M3_HR,0.18908788054588646,-0.18908788054588646
10,valid,FLOW_RATE_SLURRY_T_PER_HR_lag_10,0.18762961843581727,-0.18762961843581727
15,valid,FLOW_RATE_SLURRY_T_PER_HR,0.18726091985884993,-0.18726091985884993
5,valid,FLOW_RATE_SLURRY_T_PER_HR_lag_10,0.18615988610324657,-0.18615988610324657
10,valid,FLOW_RATE_SLURRY_T_PER_HR,0.18540501489858088,-0.18540501489858088
1,valid,FLOW_RATE_SLURRY_T_PER_HR_lag_10,0.18496067909671235,-0.18496067909671235
5,valid,FLOW_RATE_SLURRY_T_PER_HR,0.18361228908012692,-0.18361228908012692
1,valid,FLOW_RATE_SLURRY_T_PER_HR,0.18211331781384235,-0.18211331781384235
15,valid,ACID_FLOW_IMBALANCE,0.17970580406598216,0.17970580406598216
15,valid,STEAM_ENERGY_PROXY,0.17830957821534565,-0.17830957821534565
10,valid,ACID_FLOW_IMBALANCE,0.17811854998132579,0.17811854998132579
15,valid,PRESSURE_VAPEUR_lag_10,0.17718660502267009,-0.17718660502267009
5,valid,ACID_FLOW_IMBALANCE,0.1768380121612379,0.1768380121612379
1,valid,ACID_FLOW_IMBALANCE,0.17615290020955615,0.17615290020955615
10,valid,STEAM_ENERGY_PROXY,0.1760292129893004,-0.1760292129893004
15,valid,PRESSURE_VAPEUR_lag_5,0.17541924115246746,-0.17541924115246746
1,valid,TEMPERATURE_BRIQUE,0.1752342594762097,0.1752342594762097
5,valid,TEMPERATURE_BRIQUE,0.17518726440279472,0.17518726440279472
10,valid,PRESSURE_VAPEUR_lag_10,0.1751627097181442,-0.1751627097181442
10,valid,TEMPERATURE_BRIQUE,0.17509031142298848,0.17509031142298848
15,valid,TEMPERATURE_BRIQUE,0.17506760575662816,0.17506760575662816
15,test,TEMPERATURE_GAZ_SORTIE_SECHEUR_lag_10,0.17467435913166898,0.17467435913166898
10,test,TEMPERATURE_GAZ_SORTIE_SECHEUR_lag_10,0.17397002277870965,0.17397002277870965
5,valid,STEAM_ENERGY_PROXY,0.17393454070315736,-0.17393454070315736
15,valid,PRESSURE_VAPEUR,0.1739083177741413,-0.1739083177741413
15,test,TEMPERATURE_GAZ_SORTIE_SECHEUR_lag_5,0.17372352927538823,0.17372352927538823
5,test,TEMPERATURE_GAZ_SORTIE_SECHEUR_lag_10,0.1736068989644305,0.1736068989644305
5,valid,PRESSURE_VAPEUR_lag_10,0.1733684720419621,-0.1733684720419621
10,test,TEMPERATURE_GAZ_SORTIE_SECHEUR_lag_5,0.17331068791020393,0.17331068791020393
1,test,TEMPERATURE_GAZ_SORTIE_SECHEUR_lag_10,0.17329376961485354,0.17329376961485354
10,valid,PRESSURE_VAPEUR_lag_5,0.17324321424373396,-0.17324321424373396
15,test,TEMPERATURE_GAZ_SORTIE_SECHEUR,0.17319465384323823,0.17319465384323823
1,valid,STEAM_ENERGY_PROXY,0.1730913278335244,-0.1730913278335244
5,test,TEMPERATURE_GAZ_SORTIE_SECHEUR_lag_5,0.17293338011066534,0.17293338011066534
10,test,TEMPERATURE_GAZ_SORTIE_SECHEUR,0.1727666857118456,0.1727666857118456
1,test,TEMPERATURE_GAZ_SORTIE_SECHEUR_lag_5,0.17274970650102098,0.17274970650102098
15,valid,FLOW_RATE_SLURRY_T_PER_HR_roll_mean_30,0.1726734953732052,-0.1726734953732052
15,test,TEMPERATURE_GAZ_SORTIE_SECHEUR_roll_mean_10,0.17258475822849118,0.17258475822849118
5,test,TEMPERATURE_GAZ_SORTIE_SECHEUR,0.17257837489124236,0.17257837489124236
1,test,TEMPERATURE_GAZ_SORTIE_SECHEUR,0.17255232871069934,0.17255232871069934
15,valid,TEMPERATURE_CUVE_DE_PASSAGE,0.17252002387652296,0.17252002387652296
1,valid,TEMPERATURE_CUVE_DE_PASSAGE,0.1725129637344989,0.1725129637344989
5,valid,TEMPERATURE_CUVE_DE_PASSAGE,0.17250925443426168,0.17250925443426168
10,valid,TEMPERATURE_CUVE_DE_PASSAGE,0.17250919001990664,0.17250919001990664
1,valid,PRESSURE_VAPEUR_lag_10,0.17208319003359113,-0.17208319003359113
10,valid,PRESSURE_VAPEUR,0.17205209734142823,-0.17205209734142823
10,test,TEMPERATURE_GAZ_SORTIE_SECHEUR_roll_mean_10,0.17200724374078236,0.17200724374078236
15,valid,PRESSURE_VAPEUR_roll_mean_10,0.1720071499664477,-0.1720071499664477
5,valid,PRESSURE_VAPEUR_lag_5,0.17168430109595909,-0.17168430109595909
5,test,TEMPERATURE_GAZ_SORTIE_SECHEUR_roll_mean_10,0.17167228062806675,0.17167228062806675
1,valid,TEMPERATURE_BRIQUE_roll_mean_10,0.1716669871653809,0.1716669871653809
5,valid,TEMPERATURE_BRIQUE_roll_mean_10,0.17160967188119455,0.17160967188119455
1,test,TEMPERATURE_GAZ_SORTIE_SECHEUR_roll_mean_10,0.17155343410379548,0.17155343410379548
10,valid,TEMPERATURE_BRIQUE_roll_mean_10,0.17152558889037456,0.17152558889037456
15,valid,TEMPERATURE_BRIQUE_roll_mean_10,0.1714425862047364,0.1714425862047364
10,valid,FLOW_RATE_SLURRY_T_PER_HR_roll_mean_30,0.17131248998894288,-0.17131248998894288
1,valid,PRESSURE_VAPEUR_lag_5,0.17043942322848507,-0.17043942322848507
5,valid,PRESSURE_VAPEUR,0.17033836101209873,-0.17033836101209873
5,valid,FLOW_RATE_SLURRY_T_PER_HR_roll_mean_30,0.17020412819441003,-0.17020412819441003
10,valid,PRESSURE_VAPEUR_roll_mean_10,0.16989801068572688,-0.16989801068572688
5,valid,ATTACK_PASSAGE_TEMP_GRADIENT,0.1697779476840504,-0.1697779476840504
1,valid,PRESSURE_VAPEUR,0.16967520677251957,-0.16967520677251957
1,valid,ATTACK_PASSAGE_TEMP_GRADIENT,0.16948398186240463,-0.16948398186240463
1,valid,FLOW_RATE_SLURRY_T_PER_HR_roll_mean_30,0.1694002722715754,-0.1694002722715754
1,valid,TEMPERATURE_CUVE_DE_PASSAGE_roll_mean_30,0.16920576072683463,0.16920576072683463
5,valid,TEMPERATURE_CUVE_DE_PASSAGE_roll_mean_30,0.16914788177942816,0.16914788177942816
15,valid,PRESSURE_VAPEUR_roll_mean_30,0.16913092826050036,-0.16913092826050036
15,valid,ATTACK_PASSAGE_TEMP_GRADIENT,0.16909348443117303,-0.16909348443117303
10,valid,ATTACK_PASSAGE_TEMP_GRADIENT,0.16909021430958077,-0.16909021430958077
10,valid,TEMPERATURE_CUVE_DE_PASSAGE_roll_mean_30,0.16905998082723542,0.16905998082723542
15,valid,TEMPERATURE_CUVE_DE_PASSAGE_roll_mean_30,0.1689103301197532,0.1689103301197532
5,valid,PRESSURE_VAPEUR_roll_mean_10,0.1681172506787022,-0.1681172506787022
15,test,TEMPERATURE_GAZ_SORTIE_SECHEUR_roll_mean_30,0.16791075296936622,0.16791075296936622
10,test,TEMPERATURE_GAZ_SORTIE_SECHEUR_roll_mean_30,0.1671806692436359,0.1671806692436359
10,valid,PRESSURE_VAPEUR_roll_mean_30,0.1670835023734865,-0.1670835023734865
1,valid,PRESSURE_VAPEUR_roll_mean_10,0.16701063655546516,-0.16701063655546516
5,test,TEMPERATURE_GAZ_SORTIE_SECHEUR_roll_mean_30,0.16655551161128265,0.16655551161128265
1,test,TEMPERATURE_GAZ_SORTIE_SECHEUR_roll_mean_30,0.16616868937170268,0.16616868937170268
5,valid,PRESSURE_VAPEUR_roll_mean_30,0.1652543832343516,-0.1652543832343516
1,valid,TEMPERATURE_BRIQUE_roll_mean_30,0.1647350384013783,0.1647350384013783
5,valid,TEMPERATURE_BRIQUE_roll_mean_30,0.16468584588665292,0.16468584588665292
10,valid,TEMPERATURE_BRIQUE_roll_mean_30,0.16460879762011615,0.16460879762011615
15,valid,TEMPERATURE_BRIQUE_roll_mean_30,0.16455112292375523,0.16455112292375523
1,valid,PRESSURE_VAPEUR_roll_mean_30,0.16396318214979191,-0.16396318214979191
15,test,TOTAL_SLURRY_M3_FLOW,0.16040640190922167,0.16040640190922167
1,valid,TEMPERATURE_BRIQUE_roll_std_10,0.16036086516341017,-0.16036086516341017
5,valid,TEMPERATURE_BRIQUE_roll_std_10,0.15988001637572224,-0.15988001637572224
10,test,TOTAL_SLURRY_M3_FLOW,0.15948191037143838,0.15948191037143838
10,valid,TEMPERATURE_BRIQUE_roll_std_10,0.1591942203867436,-0.1591942203867436
5,test,TOTAL_SLURRY_M3_FLOW,0.15891739982567757,0.15891739982567757
15,valid,TEMPERATURE_BRIQUE_roll_std_10,0.1583836962640212,-0.1583836962640212
1,test,TOTAL_SLURRY_M3_FLOW,0.15823111804564677,0.15823111804564677
5,test,TEMPERATURE_CUVE_DE_PASSAGE_missing,0.15794054440767913,0.15794054440767913
10,test,TEMPERATURE_CUVE_DE_PASSAGE_missing,0.157910115939716,0.157910115939716
5,valid,TEMPERATURE_SLURRY_PULVERISATEUR_roll_mean_30,0.15735481309060775,0.15735481309060775
1,valid,TEMPERATURE_SLURRY_PULVERISATEUR_roll_mean_30,0.1573375878588319,0.1573375878588319
10,valid,TEMPERATURE_SLURRY_PULVERISATEUR_roll_mean_30,0.1573278549145137,0.1573278549145137
15,valid,TEMPERATURE_SLURRY_PULVERISATEUR_roll_mean_30,0.15720626108603625,0.15720626108603625
1,test,TEMPERATURE_CUVE_DE_PASSAGE_missing,0.1571449584159147,0.1571449584159147
15,test,TEMPERATURE_CUVE_DE_PASSAGE_missing,0.1570180306155692,0.1570180306155692
5,valid,TEMPERATURE_SLURRY_PULVERISATEUR,0.15659281165453945,0.15659281165453945
1,valid,TEMPERATURE_SLURRY_PULVERISATEUR,0.15657876310531987,0.15657876310531987
10,valid,TEMPERATURE_SLURRY_PULVERISATEUR,0.15656247131985632,0.15656247131985632
15,valid,TEMPERATURE_SLURRY_PULVERISATEUR,0.15648661774885472,0.15648661774885472
1,valid,TEMPERATURE_CUVE_ATTAQUE_lag_15,0.15503270535502978,0.15503270535502978
15,valid,TEMPERATURE_CUVE_ATTAQUE,0.15503208462511975,0.15503208462511975
10,valid,TEMPERATURE_CUVE_ATTAQUE,0.15503025839833723,0.15503025839833723
1,valid,TEMPERATURE_CUVE_ATTAQUE,0.15499528046883657,0.15499528046883657
5,valid,TEMPERATURE_CUVE_ATTAQUE,0.15499209579751771,0.15499209579751771
5,valid,TEMPERATURE_CUVE_ATTAQUE_lag_15,0.15498946156082466,0.15498946156082466
10,valid,TEMPERATURE_CUVE_ATTAQUE_lag_15,0.1549205509842546,0.1549205509842546
15,valid,TEMPERATURE_CUVE_ATTAQUE_lag_15,0.15488750262216636,0.15488750262216636
10,valid,TEMPERATURE_CUVE_ATTAQUE_roll_mean_10,0.1528435395091386,0.1528435395091386
5,valid,TEMPERATURE_CUVE_ATTAQUE_roll_mean_10,0.15282113389720153,0.15282113389720153
1,valid,TEMPERATURE_CUVE_ATTAQUE_roll_mean_10,0.15281270284524587,0.15281270284524587
15,valid,TEMPERATURE_CUVE_ATTAQUE_roll_mean_10,0.15280783793496763,0.15280783793496763
15,valid,FLOW_RATE_PHOSPHORIC_ACID_2_CV_10,0.15002008574339154,-0.15002008574339154
10,valid,FLOW_RATE_PHOSPHORIC_ACID_2_CV_10,0.1499880252939414,-0.1499880252939414
5,valid,FLOW_RATE_PHOSPHORIC_ACID_2_CV_10,0.14993644591485183,-0.14993644591485183
1,valid,FLOW_RATE_PHOSPHORIC_ACID_2_CV_10,0.14987444661782123,-0.14987444661782123
10,valid,TEMPERATURE_CUVE_ATTAQUE_roll_mean_30,0.1485016544537132,0.1485016544537132
5,valid,TEMPERATURE_CUVE_ATTAQUE_roll_mean_30,0.14848728112786486,0.14848728112786486
15,valid,TEMPERATURE_CUVE_ATTAQUE_roll_mean_30,0.1484772061315704,0.1484772061315704
1,valid,TEMPERATURE_CUVE_ATTAQUE_roll_mean_30,0.1484567898189006,0.1484567898189006
10,test,FLOW_RATE_LIQUIDE_LAVAGE_lag_5,0.14335710325675496,0.14335710325675496
15,test,FLOW_RATE_LIQUIDE_LAVAGE,0.14332316257393782,0.14332316257393782
10,test,FLOW_RATE_LIQUIDE_LAVAGE,0.14328180088248174,0.14328180088248174
5,test,FLOW_RATE_LIQUIDE_LAVAGE_lag_10,0.1432620652600759,0.1432620652600759
5,test,FLOW_RATE_LIQUIDE_LAVAGE_lag_5,0.14322309582720286,0.14322309582720286
15,test,FLOW_RATE_LIQUIDE_LAVAGE_lag_5,0.14317966685612668,0.14317966685612668
10,test,FLOW_RATE_LIQUIDE_LAVAGE_lag_10,0.14310460964249694,0.14310460964249694
1,test,FLOW_RATE_LIQUIDE_LAVAGE_lag_10,0.14304566089537302,0.14304566089537302
15,test,FLOW_RATE_LIQUIDE_LAVAGE_lag_10,0.14286148423522932,0.14286148423522932
1,test,FLOW_RATE_LIQUIDE_LAVAGE_lag_5,0.14244148395810657,0.14244148395810657
5,test,FLOW_RATE_LIQUIDE_LAVAGE,0.14228133117364594,0.14228133117364594
1,test,FLOW_RATE_LIQUIDE_LAVAGE,0.14162137746287612,0.14162137746287612
15,test,FLOW_RATE_LIQUIDE_LAVAGE_roll_mean_30,0.13965457809314685,0.13965457809314685
10,test,FLOW_RATE_LIQUIDE_LAVAGE_roll_mean_30,0.13941078812642857,0.13941078812642857
5,test,FLOW_RATE_LIQUIDE_LAVAGE_roll_mean_30,0.13910380005274642,0.13910380005274642
1,valid,TEMPERATURE_GAZ_SORTIE_SECHEUR,0.13890949906875721,0.13890949906875721
1,test,FLOW_RATE_LIQUIDE_LAVAGE_roll_mean_30,0.13887754124510457,0.13887754124510457
1,valid,TEMPERATURE_GAZ_SORTIE_SECHEUR_lag_5,0.13863007606270733,0.13863007606270733
5,test,FLOW_RATE_PHOSPHORIC_ACID_2_roll_std_10,0.1386005618702833,-0.1386005618702833
5,valid,TEMPERATURE_GAZ_SORTIE_SECHEUR,0.13857387930340875,0.13857387930340875
1,valid,TEMPERATURE_AIR_CHAUD,0.13845941289646033,0.13845941289646033
1,valid,TEMPERATURE_GAZ_SORTIE_SECHEUR_lag_10,0.13838699544114633,0.13838699544114633
5,valid,TEMPERATURE_GAZ_SORTIE_SECHEUR_lag_5,0.1383491463932163,0.1383491463932163
10,valid,TEMPERATURE_GAZ_SORTIE_SECHEUR,0.13832510201470427,0.13832510201470427
5,valid,TEMPERATURE_AIR_CHAUD,0.13831388410073786,0.13831388410073786
5,valid,TEMPERATURE_GAZ_SORTIE_SECHEUR_lag_10,0.13813143161745411,0.13813143161745411
10,valid,TEMPERATURE_AIR_CHAUD,0.13796271586235723,0.13796271586235723
10,valid,TEMPERATURE_GAZ_SORTIE_SECHEUR_lag_5,0.13795333875573035,0.13795333875573035
15,valid,TEMPERATURE_GAZ_SORTIE_SECHEUR,0.13786531122872153,0.13786531122872153
1,test,FLOW_RATE_PHOSPHORIC_ACID_2_roll_std_10,0.13772497833862327,-0.13772497833862327
15,valid,TEMPERATURE_AIR_CHAUD,0.13763553819626415,0.13763553819626415
1,valid,TEMPERATURE_AIR_CHAUD_lag_10,0.13761316732069162,0.13761316732069162
10,valid,TEMPERATURE_GAZ_SORTIE_SECHEUR_lag_10,0.13758054979949466,0.13758054979949466
10,test,FLOW_RATE_PHOSPHORIC_ACID_2_roll_std_10,0.13757751946126948,-0.13757751946126948
15,valid,TEMPERATURE_AIR_CHAUD_lag_10,0.13749111030008998,0.13749111030008998
10,valid,TEMPERATURE_AIR_CHAUD_lag_10,0.13741177619259645,0.13741177619259645
15,valid,TEMPERATURE_GAZ_SORTIE_SECHEUR_lag_5,0.1373343636033054,0.1373343636033054
5,valid,TEMPERATURE_AIR_CHAUD_lag_10,0.13731845567726372,0.13731845567726372
15,valid,TEMPERATURE_GAZ_SORTIE_SECHEUR_lag_10,0.13707640738751772,0.13707640738751772
15,test,FLOW_RATE_PHOSPHORIC_ACID_2_roll_std_10,0.13682017312431916,-0.13682017312431916
1,valid,TEMPERATURE_GAZ_SORTIE_SECHEUR_roll_mean_10,0.13669959576302906,0.13669959576302906
5,valid,TEMPERATURE_GAZ_SORTIE_SECHEUR_roll_mean_10,0.13645807570135685,0.13645807570135685
10,valid,TEMPERATURE_GAZ_SORTIE_SECHEUR_roll_mean_10,0.13622278826951745,0.13622278826951745
15,valid,TEMPERATURE_GAZ_SORTIE_SECHEUR_roll_mean_10,0.13570685286062842,0.13570685286062842
15,test,PRESSURE_VAPEUR_lag_10,0.13429411723902535,0.13429411723902535
15,test,PRESSURE_VAPEUR_roll_mean_10,0.13412184451089101,0.13412184451089101
1,valid,TEMPERATURE_GAZ_SORTIE_SECHEUR_roll_mean_30,0.13395269039351318,0.13395269039351318
5,valid,TEMPERATURE_GAZ_SORTIE_SECHEUR_roll_mean_30,0.13368949540443595,0.13368949540443595
15,valid,TEMPERATURE_AIR_CHAUD_roll_mean_30,0.1336593174291471,0.1336593174291471
10,test,PRESSURE_VAPEUR_lag_10,0.13360008339337484,0.13360008339337484
10,valid,TEMPERATURE_AIR_CHAUD_roll_mean_30,0.13353906255615372,0.13353906255615372
5,valid,TEMPERATURE_AIR_CHAUD_roll_mean_30,0.13348985904501803,0.13348985904501803
1,valid,TEMPERATURE_AIR_CHAUD_roll_mean_30,0.13347888153048784,0.13347888153048784
5,test,PRESSURE_VAPEUR_lag_10,0.13340636711001064,0.13340636711001064
10,test,PRESSURE_VAPEUR_roll_mean_10,0.13335636075258503,0.13335636075258503
15,test,PRESSURE_VAPEUR_lag_5,0.13321335322712727,0.13321335322712727
10,valid,TEMPERATURE_GAZ_SORTIE_SECHEUR_roll_mean_30,0.1332059732658096,0.1332059732658096
15,valid,RECYCLE_TO_PRODUCTION_RATIO,0.13311053754926122,0.13311053754926122
10,valid,RECYCLE_TO_PRODUCTION_RATIO,0.13286956249685258,0.13286956249685258
1,test,PRESSURE_VAPEUR_lag_10,0.13278036197660428,0.13278036197660428
10,test,PRESSURE_VAPEUR_lag_5,0.13274312917487643,0.13274312917487643
15,test,PRESSURE_VAPEUR,0.1327266202339232,0.1327266202339232
5,valid,RECYCLE_TO_PRODUCTION_RATIO,0.13266145274526392,0.13266145274526392
15,valid,TEMPERATURE_GAZ_SORTIE_SECHEUR_roll_mean_30,0.13250354229273575,0.13250354229273575
1,valid,RECYCLE_TO_PRODUCTION_RATIO,0.1324886501227564,0.1324886501227564
5,test,PRESSURE_VAPEUR_roll_mean_10,0.13231185310784763,0.13231185310784763
15,test,PRESSURE_VAPEUR_roll_mean_30,0.1321727853987945,0.1321727853987945
5,test,PRESSURE_VAPEUR_lag_5,0.13195769429795304,0.13195769429795304
10,test,PRESSURE_VAPEUR,0.13162812216829609,0.13162812216829609
10,test,PRESSURE_VAPEUR_roll_mean_30,0.13143978703881418,0.13143978703881418
1,test,PRESSURE_VAPEUR_roll_mean_10,0.1313534904933276,0.1313534904933276
1,test,PRESSURE_VAPEUR_lag_5,0.13126927410830985,0.13126927410830985
5,test,PRESSURE_VAPEUR,0.13083637721392444,0.13083637721392444
5,test,PRESSURE_VAPEUR_roll_mean_30,0.130483166893754,0.130483166893754
1,test,PRESSURE_VAPEUR,0.1304774281493599,0.1304774281493599
15,test,FLOW_RATE_PHOSPHORIC_ACID_1_CV_10,0.12987146812608652,-0.12987146812608652
10,test,FLOW_RATE_PHOSPHORIC_ACID_1_CV_10,0.12955858608302065,-0.12955858608302065
1,test,PRESSURE_VAPEUR_roll_mean_30,0.12947326091280262,0.12947326091280262
5,test,FLOW_RATE_PHOSPHORIC_ACID_1_CV_10,0.12942619639814795,-0.12942619639814795
1,test,FLOW_RATE_PHOSPHORIC_ACID_1_CV_10,0.1293972438284693,-0.1293972438284693
15,test,STEAM_ENERGY_PROXY,0.12921381661875952,0.12921381661875952
10,test,STEAM_ENERGY_PROXY,0.12811896732197572,0.12811896732197572
5,test,STEAM_ENERGY_PROXY,0.1271258830258528,0.1271258830258528
1,test,STEAM_ENERGY_PROXY,0.12663885308723988,0.12663885308723988
1,valid,FLOW_RATE_LIQUIDE_LAVAGE_roll_mean_30,0.12259338603158337,0.12259338603158337
5,valid,FLOW_RATE_LIQUIDE_LAVAGE_roll_mean_30,0.12256761634155561,0.12256761634155561
10,valid,FLOW_RATE_LIQUIDE_LAVAGE_roll_mean_30,0.12241533117813298,0.12241533117813298
15,valid,FLOW_RATE_LIQUIDE_LAVAGE_roll_mean_30,0.12211502709954845,0.12211502709954845
15,test,TEMPERATURE_VAPEUR_lag_10,0.11721281196551757,0.11721281196551757
10,test,TEMPERATURE_VAPEUR_lag_10,0.11673786310174572,0.11673786310174572
5,test,TEMPERATURE_VAPEUR_lag_10,0.11667336925911657,0.11667336925911657
1,test,TEMPERATURE_VAPEUR_lag_10,0.11655157703137528,0.11655157703137528
5,test,FLOW_RATE_GROUND_PHOSPHATE_missing,0.1163777187910709,0.1163777187910709
10,test,FLOW_RATE_GROUND_PHOSPHATE_missing,0.11634932189463121,0.11634932189463121
15,test,FLOW_RATE_GROUND_PHOSPHATE_missing,0.11628677738408343,0.11628677738408343
15,test,TEMPERATURE_VAPEUR_lag_5,0.11616325094181988,0.11616325094181988
15,test,TEMPERATURE_VAPEUR,0.11616022756241388,0.11616022756241388
10,test,TEMPERATURE_VAPEUR_lag_5,0.11589554510840902,0.11589554510840902
15,test,TEMPERATURE_SLURRY_PULVERISATEUR,0.11580023168084765,0.11580023168084765
15,test,TEMPERATURE_VAPEUR_lag_1,0.11579904126102274,0.11579904126102274
10,test,TEMPERATURE_SLURRY_PULVERISATEUR,0.11576913005798598,0.11576913005798598
15,valid,FLOW_RATE_VAPEUR_CV_10,0.11576686729099227,-0.11576686729099227
1,test,TEMPERATURE_SLURRY_PULVERISATEUR,0.11573370338566075,0.11573370338566075
1,test,FLOW_RATE_GROUND_PHOSPHATE_missing,0.1157063803907837,0.1157063803907837
5,valid,FLOW_RATE_VAPEUR_CV_10,0.11567336492262133,-0.11567336492262133
10,valid,FLOW_RATE_VAPEUR_CV_10,0.1156638108093761,-0.1156638108093761
5,test,TEMPERATURE_SLURRY_PULVERISATEUR,0.11565946111845132,0.11565946111845132
10,test,TEMPERATURE_VAPEUR,0.11560989297949528,0.11560989297949528
1,valid,FLOW_RATE_VAPEUR_CV_10,0.11559717421480839,-0.11559717421480839
5,test,TEMPERATURE_VAPEUR_lag_5,0.1155870192471632,0.1155870192471632
10,test,TEMPERATURE_VAPEUR_lag_1,0.1153525163710582,0.1153525163710582
5,test,TEMPERATURE_VAPEUR_roll_mean_30,0.11494707716096593,0.11494707716096593
10,test,TEMPERATURE_VAPEUR_roll_mean_30,0.1147342782348061,0.1147342782348061
1,test,TEMPERATURE_VAPEUR_lag_5,0.11466578573812089,0.11466578573812089
1,valid,FLOW_RATE_PHOSPHORIC_ACID_1_CV_10,0.11457046150369744,-0.11457046150369744
1,test,TEMPERATURE_VAPEUR_roll_mean_30,0.11451270408867044,0.11451270408867044
5,test,TEMPERATURE_VAPEUR,0.11442772860104544,0.11442772860104544
5,valid,FLOW_RATE_PHOSPHORIC_ACID_1_CV_10,0.11439720249759326,-0.11439720249759326
5,test,TEMPERATURE_VAPEUR_lag_1,0.11426455005164116,0.11426455005164116
10,valid,FLOW_RATE_PHOSPHORIC_ACID_1_CV_10,0.11422998577533809,-0.11422998577533809
15,test,TEMPERATURE_VAPEUR_roll_mean_30,0.11418024967372017,0.11418024967372017
15,valid,FLOW_RATE_PHOSPHORIC_ACID_1_CV_10,0.11398651753075324,-0.11398651753075324
1,test,TEMPERATURE_VAPEUR,0.11369413946149906,0.11369413946149906
1,test,TEMPERATURE_VAPEUR_lag_1,0.1133849750336959,0.1133849750336959
15,test,TEMPERATURE_VAPEUR_roll_mean_10,0.1132208720677517,0.1132208720677517
10,test,TEMPERATURE_VAPEUR_roll_mean_10,0.11292579047745285,0.11292579047745285
15,test,TEMPERATURE_SLURRY_PULVERISATEUR_roll_mean_30,0.11284273587929372,0.11284273587929372
5,test,TEMPERATURE_VAPEUR_roll_mean_10,0.11267431498173826,0.11267431498173826
10,test,TEMPERATURE_SLURRY_PULVERISATEUR_roll_mean_30,0.1126048088343671,0.1126048088343671
5,test,TEMPERATURE_SLURRY_PULVERISATEUR_roll_mean_30,0.11236993364928674,0.11236993364928674
1,test,TEMPERATURE_SLURRY_PULVERISATEUR_roll_mean_30,0.11215801405165618,0.11215801405165618
1,test,TEMPERATURE_VAPEUR_roll_mean_10,0.11189995433048305,0.11189995433048305
1,test,ATTACK_PASSAGE_TEMP_GRADIENT,0.10651340108967212,-0.10651340108967212
5,test,ATTACK_PASSAGE_TEMP_GRADIENT,0.10436198445907927,-0.10436198445907927
10,test,ATTACK_PASSAGE_TEMP_GRADIENT,0.10299893026397823,-0.10299893026397823
5,valid,FLOW_RATE_PHOSPHORIC_ACID_1_missing,0.10145668734924505,0.10145668734924505
1,valid,FLOW_RATE_PHOSPHORIC_ACID_1_missing,0.10080279534579673,0.10080279534579673
15,test,ATTACK_PASSAGE_TEMP_GRADIENT,0.10061665431435343,-0.10061665431435343
15,valid,FLOW_RATE_PHOSPHORIC_ACID_1_missing,0.10049251252590807,0.10049251252590807
10,valid,FLOW_RATE_PHOSPHORIC_ACID_1_missing,0.100384499933376,0.100384499933376
15,test,TEMPERATURE_VAPEUR_roll_std_10,0.09977683614129715,-0.09977683614129715
1,valid,FLOW_RATE_LIQUIDE_LAVAGE_roll_std_10,0.09939514306831815,0.09939514306831815
1,test,RECYCLE_TO_PRODUCTION_RATIO,0.09914145062158783,0.09914145062158783
5,test,RECYCLE_TO_PRODUCTION_RATIO,0.09903509484192201,0.09903509484192201
10,test,RECYCLE_TO_PRODUCTION_RATIO,0.09889396187554603,0.09889396187554603
15,test,RECYCLE_TO_PRODUCTION_RATIO,0.09870584758580832,0.09870584758580832
15,test,TEMPERATURE_CUVE_DE_PASSAGE,0.09859648723315403,0.09859648723315403
10,test,TEMPERATURE_CUVE_DE_PASSAGE,0.09857334203724116,0.09857334203724116
1,test,TEMPERATURE_CUVE_DE_PASSAGE,0.09856519751513186,0.09856519751513186
5,test,TEMPERATURE_CUVE_DE_PASSAGE,0.09855222893866122,0.09855222893866122
15,valid,TEMPERATURE_VAPEUR_roll_mean_30,0.09841732074272212,-0.09841732074272212
10,test,TEMPERATURE_VAPEUR_roll_std_10,0.09783895137423905,-0.09783895137423905
10,valid,TEMPERATURE_VAPEUR_roll_mean_30,0.09750855613180572,-0.09750855613180572
5,valid,FLOW_RATE_LIQUIDE_LAVAGE_roll_std_10,0.09738382245313255,0.09738382245313255
5,test,TEMPERATURE_VAPEUR_roll_std_10,0.09649635495382858,-0.09649635495382858
15,test,TEMPERATURE_CUVE_DE_PASSAGE_roll_mean_30,0.09592931740157863,0.09592931740157863
5,valid,TEMPERATURE_VAPEUR_roll_mean_30,0.09591148983121366,-0.09591148983121366
10,test,TEMPERATURE_CUVE_DE_PASSAGE_roll_mean_30,0.09583196567042368,0.09583196567042368
5,test,TEMPERATURE_CUVE_DE_PASSAGE_roll_mean_30,0.09577007909563245,0.09577007909563245
1,test,TEMPERATURE_CUVE_DE_PASSAGE_roll_mean_30,0.09570244314512205,0.09570244314512205
5,valid,FLOW_RATE_LIQUIDE_LAVAGE_lag_10,0.09565579916484648,0.09565579916484648
10,valid,FLOW_RATE_LIQUIDE_LAVAGE_lag_10,0.09559056309131189,0.09559056309131189
1,valid,FLOW_RATE_LIQUIDE_LAVAGE_lag_10,0.09558672066046757,0.09558672066046757
15,valid,FLOW_RATE_LIQUIDE_LAVAGE_lag_10,0.0955691061255829,0.0955691061255829
1,test,TEMPERATURE_VAPEUR_roll_std_10,0.09551606577019021,-0.09551606577019021
10,valid,FLOW_RATE_LIQUIDE_LAVAGE_roll_std_10,0.09545160843251588,0.09545160843251588
10,valid,FLOW_RATE_LIQUIDE_LAVAGE_lag_5,0.09509519862084438,0.09509519862084438
15,valid,FLOW_RATE_LIQUIDE_LAVAGE_lag_5,0.09509306450430706,0.09509306450430706
1,valid,FLOW_RATE_GROUND_PHOSPHATE_CV_10,0.09509129443997193,-0.09509129443997193
5,valid,FLOW_RATE_GROUND_PHOSPHATE_CV_10,0.09504672828923,-0.09504672828923
15,valid,FLOW_RATE_GROUND_PHOSPHATE_CV_10,0.09495096671478022,-0.09495096671478022
10,valid,FLOW_RATE_GROUND_PHOSPHATE_CV_10,0.09492298924154943,-0.09492298924154943
5,valid,FLOW_RATE_LIQUIDE_LAVAGE_lag_5,0.09476319582155344,0.09476319582155344
15,valid,FLOW_RATE_LIQUIDE_LAVAGE_roll_std_10,0.09447044945217757,0.09447044945217757
15,valid,FLOW_RATE_LIQUIDE_LAVAGE,0.09444136095366433,0.09444136095366433
15,test,TEMPERATURE_BRIQUE,0.09429415714932145,0.09429415714932145
1,valid,TEMPERATURE_VAPEUR_roll_mean_30,0.0942608262406921,-0.0942608262406921
10,test,TEMPERATURE_BRIQUE,0.09422676782392611,0.09422676782392611
1,valid,FLOW_RATE_LIQUIDE_LAVAGE_lag_5,0.0942095705958994,0.0942095705958994
5,test,TEMPERATURE_BRIQUE,0.09415433083939939,0.09415433083939939
1,test,TEMPERATURE_BRIQUE,0.09408405404519561,0.09408405404519561
10,valid,FLOW_RATE_LIQUIDE_LAVAGE,0.09388860688732059,0.09388860688732059
15,test,TEMPERATURE_AIR_CHAUD_roll_mean_30,0.09349359382071162,0.09349359382071162
5,valid,FLOW_RATE_LIQUIDE_LAVAGE,0.09337472372229433,0.09337472372229433
10,test,TEMPERATURE_AIR_CHAUD_roll_mean_30,0.09325236059263706,0.09325236059263706
1,valid,FLOW_RATE_LIQUIDE_LAVAGE,0.09322980109630609,0.09322980109630609
5,test,TEMPERATURE_AIR_CHAUD_roll_mean_30,0.0930436026981472,0.0930436026981472
1,test,TEMPERATURE_AIR_CHAUD_roll_mean_30,0.09287917932373164,0.09287917932373164
1,valid,FLOW_RATE_PHOSPHORIC_ACID_2_roll_std_10,0.09041946391433606,0.09041946391433606
5,valid,FLOW_RATE_PHOSPHORIC_ACID_2_roll_std_10,0.08977391756453511,0.08977391756453511
15,valid,FLOW_RATE_PHOSPHORIC_ACID_2_roll_std_10,0.08942952854499274,0.08942952854499274
10,valid,FLOW_RATE_PHOSPHORIC_ACID_2_roll_std_10,0.08924303657661666,0.08924303657661666
15,test,TEMPERATURE_BRIQUE_roll_mean_10,0.08868007819310948,0.08868007819310948
10,test,FLOW_RATE_VAPEUR_roll_std_10,0.08865229703159458,0.08865229703159458
10,test,TEMPERATURE_BRIQUE_roll_mean_10,0.08865095326034605,0.08865095326034605
5,test,TEMPERATURE_BRIQUE_roll_mean_10,0.08860663314934614,0.08860663314934614
1,test,TEMPERATURE_BRIQUE_roll_mean_10,0.08854803900954981,0.08854803900954981
1,test,FLOW_RATE_VAPEUR_roll_std_10,0.08803581623278596,0.08803581623278596
5,test,FLOW_RATE_VAPEUR_roll_std_10,0.0879883074806762,0.0879883074806762
15,test,FLOW_RATE_VAPEUR_roll_std_10,0.08793732006492737,0.08793732006492737
15,test,TEMPERATURE_CUVE_ATTAQUE_lag_15,0.08744983345412136,0.08744983345412136
10,test,TEMPERATURE_CUVE_ATTAQUE_lag_15,0.08712784259289448,0.08712784259289448
5,test,TEMPERATURE_CUVE_ATTAQUE_lag_15,0.08690604133594568,0.08690604133594568
1,test,TEMPERATURE_CUVE_ATTAQUE_lag_15,0.08677614119844841,0.08677614119844841
15,test,TEMPERATURE_CUVE_ATTAQUE,0.0866591122446867,0.0866591122446867
10,test,TEMPERATURE_CUVE_ATTAQUE,0.08646601646191601,0.08646601646191601
5,test,TEMPERATURE_CUVE_ATTAQUE,0.08633806593037069,0.08633806593037069
1,test,TEMPERATURE_CUVE_ATTAQUE,0.08620591847058329,0.08620591847058329
15,test,TEMPERATURE_AIR_CHAUD_lag_10,0.0848112711507703,0.0848112711507703
15,test,TEMPERATURE_CUVE_ATTAQUE_roll_std_10,0.08437706609505645,0.08437706609505645
10,test,TEMPERATURE_AIR_CHAUD_lag_10,0.0842903305423425,0.0842903305423425
10,test,TEMPERATURE_CUVE_ATTAQUE_roll_std_10,0.08403965465800087,0.08403965465800087
5,test,TEMPERATURE_AIR_CHAUD_lag_10,0.08396533323667331,0.08396533323667331
5,test,TEMPERATURE_CUVE_ATTAQUE_roll_std_10,0.08396512476144283,0.08396512476144283
1,valid,FLOW_RATE_FIOUL_CV_10,0.0838474928223115,-0.0838474928223115
15,test,TEMPERATURE_AIR_CHAUD,0.08383866313066102,0.08383866313066102
15,valid,FLOW_RATE_FIOUL_CV_10,0.08383590342967336,-0.08383590342967336
10,valid,FLOW_RATE_FIOUL_CV_10,0.08381356518227974,-0.08381356518227974
5,valid,FLOW_RATE_FIOUL_CV_10,0.08381004058443335,-0.08381004058443335
1,test,TEMPERATURE_CUVE_ATTAQUE_roll_std_10,0.08377534457145376,0.08377534457145376
1,test,TEMPERATURE_AIR_CHAUD_lag_10,0.0837737370148864,0.0837737370148864
10,test,TEMPERATURE_AIR_CHAUD,0.08353669004497148,0.08353669004497148
5,test,TEMPERATURE_AIR_CHAUD,0.08309838169898597,0.08309838169898597
5,valid,LEVEL_CUVE_PASSAGE_missing,0.08295410380062247,0.08295410380062247
15,valid,TEMPERATURE_VAPEUR_roll_mean_10,0.08281702871334272,-0.08281702871334272
1,test,TEMPERATURE_AIR_CHAUD,0.0827847757586398,0.0827847757586398
1,valid,TEMPERATURE_CUVE_ATTAQUE_roll_std_10,0.08251942267552866,-0.08251942267552866
15,valid,TEMPERATURE_CUVE_ATTAQUE_roll_std_10,0.08243378443120497,-0.08243378443120497
5,valid,TEMPERATURE_CUVE_ATTAQUE_roll_std_10,0.08219186938868983,-0.08219186938868983
1,valid,LEVEL_CUVE_PASSAGE_missing,0.08218361056286355,0.08218361056286355
10,valid,TEMPERATURE_CUVE_ATTAQUE_roll_std_10,0.0821449483831344,-0.0821449483831344
15,test,TEMPERATURE_CUVE_ATTAQUE_roll_mean_10,0.08177132470212442,0.08177132470212442
15,valid,FLOW_RATE_FIOUL_lag_10,0.08159065893387327,-0.08159065893387327
10,test,TEMPERATURE_CUVE_ATTAQUE_roll_mean_10,0.0815764093589237,0.0815764093589237
5,test,TEMPERATURE_CUVE_ATTAQUE_roll_mean_10,0.08141002455881728,0.08141002455881728
1,test,TEMPERATURE_CUVE_ATTAQUE_roll_mean_10,0.08129870098234704,0.08129870098234704
15,valid,FLOW_RATE_FIOUL_roll_mean_30,0.08072756889808685,-0.08072756889808685
10,valid,TEMPERATURE_VAPEUR_roll_mean_10,0.08044531896911249,-0.08044531896911249
1,valid,FLOW_RATE_VAPEUR_missing,0.08037822016409862,0.08037822016409862
10,valid,FLOW_RATE_VAPEUR_missing,0.08004148708445506,0.08004148708445506
10,valid,FLOW_RATE_FIOUL_lag_10,0.08000679086757993,-0.08000679086757993
5,valid,FLOW_RATE_VAPEUR_missing,0.07993981693511178,0.07993981693511178
5,test,TEMPERATURE_BRIQUE_roll_mean_30,0.07983166337848917,0.07983166337848917
15,test,TEMPERATURE_BRIQUE_roll_mean_30,0.07982224737617442,0.07982224737617442
10,test,TEMPERATURE_BRIQUE_roll_mean_30,0.07982222555164253,0.07982222555164253
1,test,TEMPERATURE_BRIQUE_roll_mean_30,0.07980955167089214,0.07980955167089214
15,valid,FLOW_RATE_SLURRY_M3_HR_missing,0.07976709832360485,-0.07976709832360485
10,valid,FLOW_RATE_SLURRY_M3_HR_missing,0.07976064331745732,-0.07976064331745732
5,valid,FLOW_RATE_SLURRY_M3_HR_missing,0.07975631795034192,-0.07975631795034192
15,valid,FLOW_RATE_FIOUL_roll_mean_10,0.07973385037296017,-0.07973385037296017
1,valid,FLOW_RATE_SLURRY_M3_HR_missing,0.07955224928135617,-0.07955224928135617
15,valid,FLOW_RATE_FIOUL,0.07935595394908256,-0.07935595394908256
15,valid,TEMPERATURE_VAPEUR_lag_10,0.0791553672007738,-0.0791553672007738
10,valid,FLOW_RATE_FIOUL_roll_mean_30,0.07910125577094378,-0.07910125577094378
5,valid,FLOW_RATE_FIOUL_lag_10,0.0786777456275713,-0.0786777456275713
15,valid,FLOW_RATE_VAPEUR_missing,0.0785228288834299,0.0785228288834299
10,valid,FLOW_RATE_FIOUL_roll_mean_10,0.07827903935322834,-0.07827903935322834
5,valid,TEMPERATURE_VAPEUR_roll_mean_10,0.07802971112593794,-0.07802971112593794
5,valid,FLOW_RATE_FIOUL_roll_mean_30,0.07795881963244207,-0.07795881963244207
10,valid,FLOW_RATE_FIOUL,0.0779471517657351,-0.0779471517657351
1,valid,FLOW_RATE_FIOUL_lag_10,0.07779836571149659,-0.07779836571149659
5,valid,FLOW_RATE_FIOUL_roll_mean_10,0.0773470186779883,-0.0773470186779883
1,valid,FLOW_RATE_FIOUL_roll_mean_30,0.07713732731829537,-0.07713732731829537
10,valid,TEMPERATURE_VAPEUR_lag_10,0.07710859229311726,-0.07710859229311726
15,valid,TEMPERATURE_VAPEUR_lag_5,0.07701070054476483,-0.07701070054476483
15,valid,FLOW_RATE_FIOUL_missing,0.07694046698530882,-0.07694046698530882
15,valid,TOTAL_SLURRY_M3_FLOW,0.07672890026616679,-0.07672890026616679
5,valid,FLOW_RATE_FIOUL,0.0766118662114297,-0.0766118662114297
1,valid,FLOW_RATE_FIOUL_roll_mean_10,0.07656823923964645,-0.07656823923964645
1,valid,TEMPERATURE_VAPEUR_roll_mean_10,0.07640257842313167,-0.07640257842313167
1,valid,TEMPERATURE_CUVE_DE_PASSAGE_roll_std_10,0.07571782654854439,-0.07571782654854439
15,valid,TEMPERATURE_VAPEUR,0.07563900421954174,-0.07563900421954174
1,valid,FLOW_RATE_FIOUL,0.07563592737674223,-0.07563592737674223
15,valid,TEMPERATURE_VAPEUR_lag_1,0.075568586436221,-0.075568586436221
15,test,FLOW_RATE_SLURRY_M3_HR_missing,0.07551269853442148,-0.07551269853442148
10,test,FLOW_RATE_SLURRY_M3_HR_missing,0.07548169431993035,-0.07548169431993035
5,valid,TEMPERATURE_CUVE_DE_PASSAGE_roll_std_10,0.07546582620495866,-0.07546582620495866
5,test,FLOW_RATE_SLURRY_M3_HR_missing,0.07545748863953572,-0.07545748863953572
10,valid,FLOW_RATE_FIOUL_missing,0.07536466687665695,-0.07536466687665695
5,valid,FLOW_RATE_FIOUL_missing,0.07535933225968355,-0.07535933225968355
1,valid,FLOW_RATE_FIOUL_missing,0.07534930906230525,-0.07534930906230525
5,valid,TEMPERATURE_VAPEUR_lag_10,0.07529126361806833,-0.07529126361806833
1,test,FLOW_RATE_SLURRY_M3_HR_missing,0.0752352320054402,-0.0752352320054402
15,valid,TEMPERATURE_CUVE_DE_PASSAGE_roll_std_10,0.07506956985948715,-0.07506956985948715
10,valid,TEMPERATURE_CUVE_DE_PASSAGE_roll_std_10,0.07506682374106105,-0.07506682374106105
10,valid,TEMPERATURE_VAPEUR_lag_5,0.07491692107479403,-0.07491692107479403
15,test,FLOW_RATE_FIOUL_CV_10,0.07478305104310662,-0.07478305104310662
10,valid,TOTAL_SLURRY_M3_FLOW,0.07476839402266502,-0.07476839402266502
10,test,FLOW_RATE_FIOUL_CV_10,0.07472599433148729,-0.07472599433148729
1,test,FLOW_RATE_FIOUL_CV_10,0.07469333143636427,-0.07469333143636427
5,test,FLOW_RATE_FIOUL_CV_10,0.07467179106620574,-0.07467179106620574
10,valid,LEVEL_CUVE_PASSAGE_missing,0.07379471721699103,0.07379471721699103
1,valid,TEMPERATURE_VAPEUR_lag_10,0.07352380295081572,-0.07352380295081572
1,test,FLOW_RATE_LIQUIDE_LAVAGE_roll_std_10,0.07349177863098659,0.07349177863098659
1,test,FLOW_RATE_FIOUL_missing,0.07329199737504803,0.07329199737504803
5,test,FLOW_RATE_FIOUL_missing,0.07326590076335643,0.07326590076335643
10,test,FLOW_RATE_FIOUL_missing,0.07323546367157409,0.07323546367157409
15,test,FLOW_RATE_FIOUL_missing,0.07317495881419757,0.07317495881419757
10,valid,TEMPERATURE_VAPEUR_lag_1,0.0731141374968703,-0.0731141374968703
1,test,STEAM_SLURRY_TEMP_GRADIENT,0.0730795085278975,-0.0730795085278975
5,valid,TOTAL_SLURRY_M3_FLOW,0.07296190165951796,-0.07296190165951796
10,valid,TEMPERATURE_VAPEUR,0.07290829345972599,-0.07290829345972599
5,valid,TEMPERATURE_VAPEUR_lag_5,0.07256043495064925,-0.07256043495064925
5,test,FLOW_RATE_LIQUIDE_LAVAGE_roll_std_10,0.07246379095010995,0.07246379095010995
5,test,STEAM_SLURRY_TEMP_GRADIENT,0.07246215461052419,-0.07246215461052419
10,test,FLOW_RATE_VAPEUR_missing,0.07181749897992759,-0.07181749897992759
10,test,STEAM_SLURRY_TEMP_GRADIENT,0.07181682439441406,-0.07181682439441406
10,test,FLOW_RATE_LIQUIDE_LAVAGE_roll_std_10,0.07175555592232324,0.07175555592232324
15,test,FLOW_RATE_LIQUIDE_LAVAGE_roll_std_10,0.07154684870826795,0.07154684870826795
1,valid,TOTAL_SLURRY_M3_FLOW,0.07148107698357192,-0.07148107698357192
15,test,STEAM_SLURRY_TEMP_GRADIENT,0.07147513051118053,-0.07147513051118053
15,test,TEMPERATURE_CUVE_ATTAQUE_roll_mean_30,0.0714109808733332,0.0714109808733332
10,test,TEMPERATURE_CUVE_ATTAQUE_roll_mean_30,0.07118441224672745,0.07118441224672745
15,test,FLOW_RATE_SLURRY_T_PER_HR_roll_std_10,0.07106291698994559,0.07106291698994559
5,test,TEMPERATURE_CUVE_ATTAQUE_roll_mean_30,0.0709772810261204,0.0709772810261204
5,valid,TEMPERATURE_VAPEUR_lag_1,0.07081920078318328,-0.07081920078318328
1,valid,TEMPERATURE_VAPEUR_lag_5,0.07080858242005188,-0.07080858242005188
1,test,TEMPERATURE_CUVE_ATTAQUE_roll_mean_30,0.0708072751187305,0.0708072751187305
10,test,FLOW_RATE_SLURRY_T_PER_HR_roll_std_10,0.07075512116687623,0.07075512116687623
5,valid,TEMPERATURE_VAPEUR,0.07049032044839627,-0.07049032044839627
5,test,FLOW_RATE_VAPEUR_missing,0.07018393010312425,-0.07018393010312425
5,test,FLOW_RATE_SLURRY_T_PER_HR_roll_std_10,0.07001464508073688,0.07001464508073688
1,test,FLOW_RATE_VAPEUR_missing,0.06994594704360566,-0.06994594704360566
1,valid,FLOW_RATE_SLURRY_T_PER_HR_missing,0.06977069614919258,0.06977069614919258
1,valid,TEMPERATURE_VAPEUR_lag_1,0.06944144921557566,-0.06944144921557566
1,valid,TEMPERATURE_VAPEUR,0.06943274041248561,-0.06943274041248561
1,test,FLOW_RATE_SLURRY_T_PER_HR_roll_std_10,0.06889369197445809,0.06889369197445809
15,test,FLOW_RATE_VAPEUR_missing,0.06862053242054249,-0.06862053242054249
15,valid,FLOW_RATE_SLURRY_T_PER_HR_missing,0.06846161707204762,0.06846161707204762
10,valid,FLOW_RATE_SLURRY_T_PER_HR_missing,0.06838413282231064,0.06838413282231064
1,test,SLURRY_DENSITY_PROXY,0.06775871061237414,0.06775871061237414
5,test,SLURRY_DENSITY_PROXY,0.0676449846758954,0.0676449846758954
5,valid,FLOW_RATE_SLURRY_T_PER_HR_missing,0.06758876603226112,0.06758876603226112
10,test,SLURRY_DENSITY_PROXY,0.06750307709353816,0.06750307709353816
15,test,SLURRY_DENSITY_PROXY,0.06727510058478188,0.06727510058478188
1,valid,TEMPERATURE_SLURRY_PULVERISATEUR_roll_std_10,0.0668848271023686,-0.0668848271023686
5,valid,TEMPERATURE_SLURRY_PULVERISATEUR_roll_std_10,0.0663700736926319,-0.0663700736926319
10,valid,TEMPERATURE_SLURRY_PULVERISATEUR_roll_std_10,0.06611526481403161,-0.06611526481403161
15,valid,TEMPERATURE_SLURRY_PULVERISATEUR_roll_std_10,0.06546964455767984,-0.06546964455767984
15,test,FLOW_RATE_FIOUL_roll_std_10,0.06440512684039744,0.06440512684039744
10,test,TEMPERATURE_AIR_CHAUD_roll_std_10,0.06427938948487293,0.06427938948487293
15,test,TEMPERATURE_AIR_CHAUD_roll_std_10,0.06377926924638479,0.06377926924638479
15,valid,DRYING_INTENSITY_PROXY,0.06373340030132708,0.06373340030132708
10,valid,DRYING_INTENSITY_PROXY,0.06371376951648915,0.06371376951648915
1,valid,DRYING_INTENSITY_PROXY,0.06368807179001963,0.06368807179001963
15,test,FLOW_RATE_GROUND_PHOSPHATE_roll_std_10,0.06351548854895289,0.06351548854895289
5,valid,DRYING_INTENSITY_PROXY,0.06326504058323398,0.06326504058323398
15,valid,LEVEL_CUVE_PASSAGE_missing,0.06320766862047772,0.06320766862047772
10,test,FLOW_RATE_FIOUL_roll_std_10,0.06319411621538489,0.06319411621538489
1,test,TEMPERATURE_AIR_CHAUD_roll_std_10,0.06318852139878328,0.06318852139878328
5,test,FLOW_RATE_FIOUL_roll_std_10,0.06313406416565323,0.06313406416565323
5,test,TEMPERATURE_AIR_CHAUD_roll_std_10,0.06309695816628205,0.06309695816628205
15,test,RECYCLAGE_missing,0.06216479443110753,-0.06216479443110753
10,test,RECYCLAGE_missing,0.06213768813535895,-0.06213768813535895
5,test,RECYCLAGE_missing,0.06211683329945822,-0.06211683329945822
1,test,RECYCLAGE_missing,0.06209792584477995,-0.06209792584477995
5,valid,TEMPERATURE_AIR_CHAUD_missing,0.06207688111308902,-0.06207688111308902
10,valid,TEMPERATURE_AIR_CHAUD_missing,0.062074947797381534,-0.062074947797381534
1,valid,TEMPERATURE_AIR_CHAUD_missing,0.06207143775606584,-0.06207143775606584
1,test,FLOW_RATE_FIOUL_roll_std_10,0.06186524251974958,0.06186524251974958
15,valid,TEMPERATURE_AIR_CHAUD_missing,0.06184004900213474,-0.06184004900213474
15,test,TEMPERATURE_SLURRY_PULVERISATEUR_missing,0.06146571845099798,-0.06146571845099798
10,test,TEMPERATURE_SLURRY_PULVERISATEUR_missing,0.06143928940871833,-0.06143928940871833
1,test,TEMPERATURE_SLURRY_PULVERISATEUR_missing,0.06140039381950954,-0.06140039381950954
5,test,TEMPERATURE_SLURRY_PULVERISATEUR_missing,0.061177471079952445,-0.061177471079952445
1,test,FLOW_RATE_GROUND_PHOSPHATE_roll_std_10,0.06083609814702155,0.06083609814702155
15,test,PRODUCTION_TSP_BALANCE_roll_std_10,0.06081848357763993,0.06081848357763993
10,test,FLOW_RATE_GROUND_PHOSPHATE_roll_std_10,0.06078066989223696,0.06078066989223696
5,test,FLOW_RATE_GROUND_PHOSPHATE_roll_std_10,0.06073544043156125,0.06073544043156125
1,test,PRODUCTION_TSP_BALANCE_roll_std_10,0.06029363313625003,0.06029363313625003
5,test,PRODUCTION_TSP_BALANCE_roll_std_10,0.06008086020923959,0.06008086020923959
10,test,PRODUCTION_TSP_BALANCE_roll_std_10,0.05984997946828759,0.05984997946828759
15,test,TEMPERATURE_CUVE_ATTAQUE_missing,0.05878460233353205,-0.05878460233353205
10,test,TEMPERATURE_CUVE_ATTAQUE_missing,0.05875731882224482,-0.05875731882224482
1,test,TEMPERATURE_CUVE_ATTAQUE_missing,0.05871787404591681,-0.05871787404591681
10,valid,TEMPERATURE_CUVE_ATTAQUE_missing,0.05870180057374532,-0.05870180057374532
15,valid,TEMPERATURE_CUVE_ATTAQUE_missing,0.05870126811680849,-0.05870126811680849
1,valid,TEMPERATURE_CUVE_ATTAQUE_missing,0.05869939404837934,-0.05869939404837934
5,test,TEMPERATURE_CUVE_ATTAQUE_missing,0.058490434321022515,-0.058490434321022515
5,valid,TEMPERATURE_CUVE_ATTAQUE_missing,0.05845801043166713,-0.05845801043166713
10,test,TEMPERATURE_AIR_CHAUD_missing,0.05723205609817236,-0.05723205609817236
5,test,TEMPERATURE_AIR_CHAUD_missing,0.0572102373979848,-0.0572102373979848
1,test,TEMPERATURE_AIR_CHAUD_missing,0.05719052689818269,-0.05719052689818269
15,test,TEMPERATURE_AIR_CHAUD_missing,0.057017450268655,-0.057017450268655
1,test,TEMPERATURE_BRIQUE_roll_std_10,0.05693499486216641,-0.05693499486216641
5,test,TEMPERATURE_BRIQUE_roll_std_10,0.05656287136597142,-0.05656287136597142
10,test,TEMPERATURE_BRIQUE_roll_std_10,0.055998354746635164,-0.055998354746635164
5,valid,TEMPERATURE_VAPEUR_missing,0.05574500235862749,-0.05574500235862749
1,valid,TEMPERATURE_VAPEUR_missing,0.05574115746905223,-0.05574115746905223
15,valid,TEMPERATURE_VAPEUR_missing,0.05573879050508384,-0.05573879050508384
10,valid,TEMPERATURE_VAPEUR_missing,0.055487193962765816,-0.055487193962765816
15,test,TEMPERATURE_BRIQUE_roll_std_10,0.0554610762914798,-0.0554610762914798
15,valid,PRODUCTION_TSP_BALANCE_missing,0.05428273545527308,0.05428273545527308
10,valid,PRODUCTION_TSP_BALANCE_missing,0.05420993693025912,0.05420993693025912
15,test,FLOW_RATE_SLURRY_M3_HR_2_missing,0.0541934866834507,-0.0541934866834507
10,test,FLOW_RATE_SLURRY_M3_HR_2_missing,0.054165004468774244,-0.054165004468774244
5,test,FLOW_RATE_SLURRY_M3_HR_2_missing,0.05414393732888901,-0.05414393732888901
1,valid,PRODUCTION_TSP_BALANCE_missing,0.05409462256942895,0.05409462256942895
1,test,FLOW_RATE_SLURRY_M3_HR_2_missing,0.05387001708884712,-0.05387001708884712
15,test,FLOW_RATE_LIQUIDE_LAVAGE_missing,0.05361770144137946,-0.05361770144137946
10,test,FLOW_RATE_LIQUIDE_LAVAGE_missing,0.053587134050156394,-0.053587134050156394
5,valid,PRODUCTION_TSP_BALANCE_missing,0.05358194499491166,0.05358194499491166
5,test,FLOW_RATE_LIQUIDE_LAVAGE_missing,0.05356486663534748,-0.05356486663534748
1,test,FLOW_RATE_LIQUIDE_LAVAGE_missing,0.05354479476881185,-0.05354479476881185
5,valid,FLOW_RATE_LIQUIDE_LAVAGE_missing,0.053522116839987546,-0.053522116839987546
1,valid,FLOW_RATE_LIQUIDE_LAVAGE_missing,0.05352038004473715,-0.05352038004473715
10,valid,FLOW_RATE_LIQUIDE_LAVAGE_missing,0.05351378646535217,-0.05351378646535217
15,valid,FLOW_RATE_LIQUIDE_LAVAGE_missing,0.05350760494378433,-0.05350760494378433
15,test,TEMPERATURE_CUVE_DE_PASSAGE_roll_std_10,0.052999698883700104,0.052999698883700104
5,test,TEMPERATURE_CUVE_DE_PASSAGE_roll_std_10,0.052361847086568776,0.052361847086568776
10,test,TEMPERATURE_CUVE_DE_PASSAGE_roll_std_10,0.05214400176590236,0.05214400176590236
1,test,TEMPERATURE_CUVE_DE_PASSAGE_roll_std_10,0.0521016074784162,0.0521016074784162
15,test,FLOW_RATE_PHOSPHORIC_ACID_2_CV_10,0.051259407981336706,-0.051259407981336706
10,test,FLOW_RATE_PHOSPHORIC_ACID_2_CV_10,0.05109007436004723,-0.05109007436004723
5,test,FLOW_RATE_PHOSPHORIC_ACID_2_CV_10,0.05103583410707758,-0.05103583410707758
1,test,FLOW_RATE_PHOSPHORIC_ACID_2_CV_10,0.05093893245207181,-0.05093893245207181
15,valid,RECYCLAGE_roll_std_10,0.050561664330007805,0.050561664330007805
1,valid,RECYCLAGE_roll_std_10,0.050311433365708536,0.050311433365708536
5,valid,RECYCLAGE_roll_std_10,0.05010905780908433,0.05010905780908433
10,valid,RECYCLAGE_roll_std_10,0.04921573538810558,0.04921573538810558
15,test,FLOW_RATE_VAPEUR_CV_10,0.04877163462749451,-0.04877163462749451
1,valid,FLOW_RATE_FIOUL_roll_std_10,0.048752232748316145,-0.048752232748316145
5,test,FLOW_RATE_VAPEUR_CV_10,0.04854820022374224,-0.04854820022374224
10,test,FLOW_RATE_VAPEUR_CV_10,0.04852224848860356,-0.04852224848860356
1,test,FLOW_RATE_VAPEUR_CV_10,0.04848012762964907,-0.04848012762964907
5,test,DRYING_INTENSITY_PROXY,0.048434042488147755,-0.048434042488147755
10,test,DRYING_INTENSITY_PROXY,0.048297623446173464,-0.048297623446173464
15,test,DRYING_INTENSITY_PROXY,0.048289958256686916,-0.048289958256686916
1,test,DRYING_INTENSITY_PROXY,0.04827672606932394,-0.04827672606932394
5,valid,FLOW_RATE_FIOUL_roll_std_10,0.04769207945222543,-0.04769207945222543
15,valid,FLOW_RATE_FIOUL_roll_std_10,0.04757999913219622,-0.04757999913219622
10,valid,FLOW_RATE_FIOUL_roll_std_10,0.047559196907919835,-0.047559196907919835
15,test,TEMPERATURE_BRIQUE_missing,0.04726661332335888,-0.04726661332335888
10,test,TEMPERATURE_BRIQUE_missing,0.04723558640922398,-0.04723558640922398
5,test,TEMPERATURE_BRIQUE_missing,0.04721352991626525,-0.04721352991626525
1,test,TEMPERATURE_BRIQUE_missing,0.04719370175894863,-0.04719370175894863
10,valid,FLOW_RATE_SLURRY_M3_HR_roll_std_10,0.04696211090667678,-0.04696211090667678
5,valid,FLOW_RATE_SLURRY_M3_HR_roll_std_10,0.04646722445026498,-0.04646722445026498
15,test,RECYCLAGE_roll_std_10,0.04580274691875008,0.04580274691875008
1,valid,FLOW_RATE_SLURRY_M3_HR_roll_std_10,0.04574794458263592,-0.04574794458263592
10,test,RECYCLAGE_roll_std_10,0.04555244280508397,0.04555244280508397
15,valid,FLOW_RATE_SLURRY_M3_HR_roll_std_10,0.04538402144873818,-0.04538402144873818
1,test,RECYCLAGE_roll_std_10,0.044899644257345765,0.044899644257345765
1,valid,TEMPERATURE_SLURRY_PULVERISATEUR_missing,0.04480029867789897,0.04480029867789897
5,test,RECYCLAGE_roll_std_10,0.04469583231593183,0.04469583231593183
1,valid,FLOW_RATE_GROUND_PHOSPHATE_missing,0.044597330167794325,-0.044597330167794325
5,valid,FLOW_RATE_GROUND_PHOSPHATE_missing,0.04430465458534063,-0.04430465458534063
10,valid,FLOW_RATE_GROUND_PHOSPHATE_missing,0.04429654989104955,-0.04429654989104955
15,valid,FLOW_RATE_GROUND_PHOSPHATE_missing,0.044290298673731805,-0.044290298673731805
5,valid,TEMPERATURE_SLURRY_PULVERISATEUR_missing,0.04358092114029051,0.04358092114029051
15,test,FLOW_RATE_PHOSPHORIC_ACID_1_missing,0.0432919773452375,-0.0432919773452375
15,valid,TEMPERATURE_SLURRY_PULVERISATEUR_missing,0.04326762741719815,0.04326762741719815
10,test,FLOW_RATE_PHOSPHORIC_ACID_1_missing,0.043262314087092066,-0.043262314087092066
10,valid,TEMPERATURE_SLURRY_PULVERISATEUR_missing,0.04319779200404117,0.04319779200404117
1,test,FLOW_RATE_PHOSPHORIC_ACID_1_missing,0.04293986170526519,-0.04293986170526519
5,test,FLOW_RATE_PHOSPHORIC_ACID_1_missing,0.04267488941530407,-0.04267488941530407
5,test,PRODUCTION_TSP_BALANCE_missing,0.04255590126719647,-0.04255590126719647
15,test,PRODUCTION_TSP_BALANCE_missing,0.042298752904438436,-0.042298752904438436
10,test,PRODUCTION_TSP_BALANCE_missing,0.042272553260149656,-0.042272553260149656
1,test,PRODUCTION_TSP_BALANCE_missing,0.04223683664465039,-0.04223683664465039
1,test,LEVEL_CUVE_PASSAGE_missing,0.04138187564091831,-0.04138187564091831
5,test,LEVEL_CUVE_PASSAGE_missing,0.04107179041099081,-0.04107179041099081
5,valid,TEMPERATURE_CUVE_DE_PASSAGE_missing,0.040288124698882335,-0.040288124698882335
10,valid,TEMPERATURE_CUVE_DE_PASSAGE_missing,0.04027791633554328,-0.04027791633554328
1,valid,TEMPERATURE_CUVE_DE_PASSAGE_missing,0.03867453833477913,-0.03867453833477913
15,valid,TEMPERATURE_CUVE_DE_PASSAGE_missing,0.038652407609691936,-0.038652407609691936
1,valid,FLOW_RATE_PHOSPHORIC_ACID_1_slope_10,0.0366405232812559,0.0366405232812559
10,test,FLOW_RATE_SLURRY_M3_HR_2_slope_10,0.036318288052690065,-0.036318288052690065
5,test,TEMPERATURE_SLURRY_PULVERISATEUR_roll_std_10,0.03623959683310742,0.03623959683310742
1,test,TEMPERATURE_SLURRY_PULVERISATEUR_roll_std_10,0.036231332856193094,0.036231332856193094
15,test,FLOW_RATE_SLURRY_M3_HR_2_slope_10,0.03614273110924605,-0.03614273110924605
15,test,TEMPERATURE_SLURRY_PULVERISATEUR_roll_std_10,0.035945287000178044,0.035945287000178044
5,valid,FLOW_RATE_PHOSPHORIC_ACID_1_slope_10,0.03589645582535605,0.03589645582535605
10,test,TEMPERATURE_SLURRY_PULVERISATEUR_roll_std_10,0.035652156767290104,0.035652156767290104
1,test,LEVEL_CUVE_PASSAGE_roll_mean_30,0.03563566899955536,0.03563566899955536
15,valid,FLOW_RATE_PHOSPHORIC_ACID_1_slope_10,0.035476103271160145,0.035476103271160145
5,valid,FLOW_RATE_SLURRY_M3_HR_2_missing,0.035449675986672785,-0.035449675986672785
10,valid,FLOW_RATE_SLURRY_M3_HR_2_missing,0.035430810790194306,-0.035430810790194306
15,valid,FLOW_RATE_SLURRY_M3_HR_2_missing,0.03541422769442613,-0.03541422769442613
10,valid,FLOW_RATE_PHOSPHORIC_ACID_1_slope_10,0.035289491189501414,0.035289491189501414
1,valid,FLOW_RATE_SLURRY_M3_HR_2_missing,0.03516194840745884,-0.03516194840745884
5,test,FLOW_RATE_SLURRY_M3_HR_2_slope_10,0.035134909042161676,-0.035134909042161676
5,test,LEVEL_CUVE_PASSAGE_roll_mean_30,0.03489715287670154,0.03489715287670154
1,test,FLOW_RATE_SLURRY_M3_HR_2_slope_10,0.034802380202012546,-0.034802380202012546
10,test,LEVEL_CUVE_PASSAGE_roll_mean_30,0.03400263640328337,0.03400263640328337
5,valid,TEMPERATURE_GAZ_SORTIE_SECHEUR_missing,0.033165821594830544,-0.033165821594830544
15,test,LEVEL_CUVE_PASSAGE_roll_mean_30,0.03309614475240103,0.03309614475240103
5,test,DEPRESSURE_SECHEUR_roll_std_10,0.033047900314249604,0.033047900314249604
10,test,LEVEL_CUVE_PASSAGE_missing,0.0328992711742628,-0.0328992711742628
1,valid,TEMPERATURE_GAZ_SORTIE_SECHEUR_missing,0.032826410867279034,-0.032826410867279034
1,valid,DEPRESSURE_SECHEUR_missing,0.032546386283773446,-0.032546386283773446
5,valid,DEPRESSURE_SECHEUR_missing,0.03254302299695291,-0.03254302299695291
10,valid,DEPRESSURE_SECHEUR_missing,0.032528020990474776,-0.032528020990474776
15,valid,DEPRESSURE_SECHEUR_missing,0.03251496281241577,-0.03251496281241577
10,test,DEPRESSURE_SECHEUR_roll_std_10,0.03244047162015386,0.03244047162015386
1,test,DEPRESSURE_SECHEUR_roll_std_10,0.03186720946517646,0.03186720946517646
15,valid,FLOW_RATE_PHOSPHORIC_ACID_2_lag_10,0.03162537347514394,-0.03162537347514394
15,valid,FLOW_RATE_PHOSPHORIC_ACID_2,0.03154606404548161,-0.03154606404548161
10,valid,FLOW_RATE_PHOSPHORIC_ACID_2_lag_10,0.031397525724528356,-0.031397525724528356
10,valid,FLOW_RATE_PHOSPHORIC_ACID_2,0.03119281115534031,-0.03119281115534031
5,valid,FLOW_RATE_PHOSPHORIC_ACID_2_lag_10,0.031115422036469387,-0.031115422036469387
1,valid,FLOW_RATE_PHOSPHORIC_ACID_2_lag_10,0.03099579013968076,-0.03099579013968076
15,test,DEPRESSURE_SECHEUR_roll_std_10,0.03094785898277816,0.03094785898277816
10,valid,TEMPERATURE_GAZ_SORTIE_SECHEUR_missing,0.0307556050976026,-0.0307556050976026
15,valid,TEMPERATURE_GAZ_SORTIE_SECHEUR_missing,0.03074300176425582,-0.03074300176425582
5,valid,FLOW_RATE_PHOSPHORIC_ACID_2,0.030658304978126105,-0.030658304978126105
1,valid,FLOW_RATE_PHOSPHORIC_ACID_2,0.03038740780899215,-0.03038740780899215
15,test,FLOW_RATE_SLURRY_M3_HR_roll_std_10,0.029541486723661123,0.029541486723661123
1,test,TEMPERATURE_GAZ_SORTIE_SECHEUR_roll_std_10,0.02935727598269125,0.02935727598269125
10,test,TEMPERATURE_GAZ_SORTIE_SECHEUR_roll_std_10,0.029223459916008165,0.029223459916008165
5,test,TEMPERATURE_GAZ_SORTIE_SECHEUR_roll_std_10,0.029150755910072837,0.029150755910072837
15,test,TEMPERATURE_GAZ_SORTIE_SECHEUR_roll_std_10,0.02881984790038354,0.02881984790038354
10,test,FLOW_RATE_SLURRY_M3_HR_roll_std_10,0.028805940910751247,0.028805940910751247
15,valid,FLOW_RATE_SLURRY_M3_HR_2_slope_10,0.028554443241826273,0.028554443241826273
5,test,FLOW_RATE_SLURRY_M3_HR_roll_std_10,0.028110791093408475,0.028110791093408475
1,valid,FLOW_RATE_SLURRY_M3_HR_2_slope_10,0.027883501126598112,0.027883501126598112
10,test,FLOW_RATE_GROUND_PHOSPHATE_CV_10,0.027545559802621505,-0.027545559802621505
5,test,FLOW_RATE_GROUND_PHOSPHATE_CV_10,0.02739426781154506,-0.02739426781154506
1,test,FLOW_RATE_GROUND_PHOSPHATE_CV_10,0.027292136478456512,-0.027292136478456512
5,valid,FLOW_RATE_SLURRY_M3_HR_2_slope_10,0.027223385764505528,0.027223385764505528
15,test,FLOW_RATE_GROUND_PHOSPHATE_CV_10,0.027128009479589123,-0.027128009479589123
1,test,FLOW_RATE_SLURRY_M3_HR_roll_std_10,0.0270206294886814,0.0270206294886814
10,valid,FLOW_RATE_SLURRY_M3_HR_2_slope_10,0.02651757143163704,0.02651757143163704
1,valid,PRESSURE_VAPEUR_missing,0.02578720724417997,-0.02578720724417997
5,test,FLOW_RATE_PHOSPHORIC_ACID_1_slope_10,0.02578465825157193,-0.02578465825157193
5,valid,PRESSURE_VAPEUR_missing,0.02578340382420479,-0.02578340382420479
15,valid,PRESSURE_VAPEUR_missing,0.025756222277487317,-0.025756222277487317
5,valid,PRODUCTION_TSP_BALANCE_roll_std_10,0.0256317204207123,0.0256317204207123
1,valid,PRODUCTION_TSP_BALANCE_roll_std_10,0.025526851047504184,0.025526851047504184
1,test,LEVEL_CUVE_PASSAGE_roll_mean_10,0.025474815761026916,0.025474815761026916
10,valid,PRODUCTION_TSP_BALANCE_roll_std_10,0.025426516614845865,0.025426516614845865
15,valid,PRODUCTION_TSP_BALANCE_roll_std_10,0.02542190599888691,0.02542190599888691
10,valid,PRESSURE_VAPEUR_missing,0.02537434575466253,-0.02537434575466253
1,test,FLOW_RATE_PHOSPHORIC_ACID_1_slope_10,0.025233460695979672,-0.025233460695979672
15,test,FLOW_RATE_PHOSPHORIC_ACID_1_slope_10,0.025030730038345574,-0.025030730038345574
5,test,LEVEL_CUVE_PASSAGE_roll_mean_10,0.024735878483018083,0.024735878483018083
10,test,FLOW_RATE_PHOSPHORIC_ACID_1_slope_10,0.024388972604005042,-0.024388972604005042
10,test,LEVEL_CUVE_PASSAGE_roll_mean_10,0.02383578610008348,0.02383578610008348
1,valid,FLOW_RATE_GROUND_PHOSPHATE_roll_std_10,0.023198956369111925,0.023198956369111925
10,valid,FLOW_RATE_GROUND_PHOSPHATE_roll_std_10,0.023132522493406905,0.023132522493406905
5,valid,FLOW_RATE_GROUND_PHOSPHATE_roll_std_10,0.02307190394779092,0.02307190394779092
15,test,LEVEL_CUVE_PASSAGE_roll_mean_10,0.023006494412318054,0.023006494412318054
15,valid,FLOW_RATE_GROUND_PHOSPHATE_roll_std_10,0.022775980325257135,0.022775980325257135
10,valid,FLOW_RATE_PHOSPHORIC_ACID_2_missing,0.022719027698902525,-0.022719027698902525
15,valid,FLOW_RATE_PHOSPHORIC_ACID_2_missing,0.02270034661670141,-0.02270034661670141
1,test,PRODUCTION_TSP_BALANCE_slope_10,0.022477694255668982,-0.022477694255668982
5,valid,FLOW_RATE_PHOSPHORIC_ACID_2_missing,0.02237145803886446,-0.02237145803886446
15,test,LEVEL_CUVE_PASSAGE_missing,0.022283361017272966,-0.022283361017272966
1,valid,FLOW_RATE_GROUND_PHOSPHATE_slope_10,0.021740196869672018,0.021740196869672018
10,valid,FLOW_RATE_PHOSPHORIC_ACID_2_roll_mean_30,0.021480429850009326,-0.021480429850009326
15,valid,FLOW_RATE_PHOSPHORIC_ACID_2_roll_mean_30,0.021455335007621663,-0.021455335007621663
5,valid,FLOW_RATE_SLURRY_M3_HR_slope_10,0.021358796569985062,0.021358796569985062
5,valid,FLOW_RATE_PHOSPHORIC_ACID_2_roll_mean_30,0.021328201314586348,-0.021328201314586348
1,test,LEVEL_CUVE_PASSAGE,0.021303401795263573,0.021303401795263573
1,valid,FLOW_RATE_PHOSPHORIC_ACID_2_roll_mean_30,0.0212777742116427,-0.0212777742116427
5,test,LEVEL_CUVE_PASSAGE,0.02116686875129135,0.02116686875129135
5,test,PRODUCTION_TSP_BALANCE_slope_10,0.02111806038618246,-0.02111806038618246
5,valid,FLOW_RATE_GROUND_PHOSPHATE_slope_10,0.021023800936191363,0.021023800936191363
1,test,LEVEL_CUVE_PASSAGE_lag_5,0.020964937081294745,0.020964937081294745
1,test,FLOW_RATE_GROUND_PHOSPHATE_slope_10,0.020885092222178735,-0.020885092222178735
1,valid,TEMPERATURE_BRIQUE_missing,0.020671600224598984,-0.020671600224598984
5,valid,TEMPERATURE_BRIQUE_missing,0.020660275849744336,-0.020660275849744336
10,valid,TEMPERATURE_BRIQUE_missing,0.020630035000337825,-0.020630035000337825
15,valid,TEMPERATURE_BRIQUE_missing,0.02060236397629132,-0.02060236397629132
1,valid,FLOW_RATE_SLURRY_M3_HR_slope_10,0.020561670525057626,0.020561670525057626
15,valid,FLOW_RATE_SLURRY_M3_HR_slope_10,0.02039138246116532,0.02039138246116532
10,test,LEVEL_CUVE_PASSAGE,0.02033177310236883,0.02033177310236883
5,test,LEVEL_CUVE_PASSAGE_lag_5,0.020242965679608146,0.020242965679608146
5,test,FLOW_RATE_GROUND_PHOSPHATE_slope_10,0.02021205178011623,-0.02021205178011623
1,test,LEVEL_CUVE_PASSAGE_lag_10,0.020069083793066347,0.020069083793066347
15,valid,FLOW_RATE_VAPEUR_roll_std_10,0.01994680429179699,-0.01994680429179699
15,test,PRODUCTION_TSP_BALANCE_slope_10,0.019932815539373358,-0.019932815539373358
15,valid,TEMPERATURE_CUVE_ATTAQUE_slope_10,0.01990998719392362,0.01990998719392362
5,valid,FLOW_RATE_PHOSPHORIC_ACID_1_diff_5,0.019870709837214715,0.019870709837214715
10,test,PRODUCTION_TSP_BALANCE_slope_10,0.019862140458483436,-0.019862140458483436
10,valid,FLOW_RATE_VAPEUR_roll_std_10,0.019783483394162412,-0.019783483394162412
5,valid,FLOW_RATE_VAPEUR_roll_std_10,0.019722238990679913,-0.019722238990679913
15,valid,FLOW_RATE_PHOSPHORIC_ACID_1_diff_5,0.01964506959446949,0.01964506959446949
1,test,PRESSURE_VAPEUR_missing,0.01960758431538623,0.01960758431538623
5,test,PRESSURE_VAPEUR_missing,0.01959093967228929,0.01959093967228929
15,test,LEVEL_CUVE_PASSAGE,0.019588719299433774,0.019588719299433774
10,valid,FLOW_RATE_GROUND_PHOSPHATE_slope_10,0.019534828237217555,0.019534828237217555
5,test,LEVEL_CUVE_PASSAGE_lag_10,0.019511516669344982,0.019511516669344982
10,test,LEVEL_CUVE_PASSAGE_lag_5,0.019495866027146026,0.019495866027146026
15,test,PRESSURE_VAPEUR_roll_std_10,0.019449081821700874,-0.019449081821700874
10,valid,FLOW_RATE_SLURRY_M3_HR_slope_10,0.0192449866717944,0.0192449866717944
10,valid,TEMPERATURE_CUVE_ATTAQUE_slope_10,0.01908572133397591,0.01908572133397591
1,valid,FLOW_RATE_VAPEUR_roll_std_10,0.019035570766004307,-0.019035570766004307
5,valid,TEMPERATURE_CUVE_ATTAQUE_slope_10,0.01897948711120246,0.01897948711120246
5,test,PRESSURE_VAPEUR_roll_std_10,0.01890374901331571,-0.01890374901331571
1,test,PRESSURE_VAPEUR_roll_std_10,0.018855958406690947,-0.018855958406690947
10,test,FLOW_RATE_SLURRY_M3_HR_2_diff_5,0.018787340725629004,-0.018787340725629004
1,valid,TEMPERATURE_CUVE_ATTAQUE_slope_10,0.01871517939048706,0.01871517939048706
15,valid,FLOW_RATE_GROUND_PHOSPHATE_slope_10,0.018664020869188797,0.018664020869188797
1,valid,FLOW_RATE_PHOSPHORIC_ACID_1_diff_5,0.0186135241643836,0.0186135241643836
10,test,LEVEL_CUVE_PASSAGE_lag_10,0.018523061905454438,0.018523061905454438
15,test,LEVEL_CUVE_PASSAGE_lag_5,0.018515639866021418,0.018515639866021418
1,test,TEMPERATURE_GAZ_SORTIE_SECHEUR_missing,0.018443970888696128,0.018443970888696128
10,test,TEMPERATURE_GAZ_SORTIE_SECHEUR_missing,0.018404673361974568,0.018404673361974568
15,test,TEMPERATURE_GAZ_SORTIE_SECHEUR_missing,0.018367046785970793,0.018367046785970793
15,valid,RECYCLAGE_missing,0.018365426995735214,-0.018365426995735214
10,test,PRESSURE_VAPEUR_roll_std_10,0.018338723119393566,-0.018338723119393566
15,test,TEMPERATURE_VAPEUR_missing,0.018029044259557724,-0.018029044259557724
10,valid,FLOW_RATE_PHOSPHORIC_ACID_1_diff_5,0.017999202460159902,0.017999202460159902
5,test,TEMPERATURE_VAPEUR_missing,0.01797021650572591,-0.01797021650572591
1,test,TEMPERATURE_VAPEUR_missing,0.017949996823246304,-0.017949996823246304
10,test,FLOW_RATE_GROUND_PHOSPHATE_slope_10,0.017936405666342664,-0.017936405666342664
5,test,TEMPERATURE_GAZ_SORTIE_SECHEUR_missing,0.017932781224809496,0.017932781224809496
15,test,FLOW_RATE_SLURRY_M3_HR_2_diff_5,0.017878313555560632,-0.017878313555560632
10,test,PRESSURE_VAPEUR_missing,0.017853034690637006,0.017853034690637006
15,test,LEVEL_CUVE_PASSAGE_lag_10,0.017734706095569992,0.017734706095569992
5,valid,FLOW_RATE_SLURRY_T_PER_HR_roll_std_10,0.017676627046620704,-0.017676627046620704
10,test,TEMPERATURE_VAPEUR_missing,0.017661018233495876,-0.017661018233495876
1,test,FLOW_RATE_SLURRY_M3_HR_2_diff_5,0.017637146710368836,-0.017637146710368836
5,test,FLOW_RATE_SLURRY_M3_HR_2_diff_5,0.01747308127412115,-0.01747308127412115
10,valid,FLOW_RATE_SLURRY_T_PER_HR_roll_std_10,0.01743748074599881,-0.01743748074599881
15,test,PRESSURE_VAPEUR_missing,0.017266945428249945,0.017266945428249945
1,valid,PRODUCTION_TSP_BALANCE_slope_10,0.016815278124733202,0.016815278124733202
1,valid,FLOW_RATE_SLURRY_T_PER_HR_roll_std_10,0.016770672541001858,-0.016770672541001858
1,valid,FLOW_RATE_PHOSPHORIC_ACID_2_missing,0.016694009726266383,-0.016694009726266383
15,valid,TEMPERATURE_CUVE_ATTAQUE_diff_5,0.01662603286562737,0.01662603286562737
15,test,FLOW_RATE_GROUND_PHOSPHATE_slope_10,0.0164152144378352,-0.0164152144378352
1,valid,PRESSURE_VAPEUR_roll_std_10,0.016249498091402147,0.016249498091402147
15,valid,FLOW_RATE_SLURRY_T_PER_HR_roll_std_10,0.016175915562788083,-0.016175915562788083
15,valid,PRESSURE_VAPEUR_roll_std_10,0.01605510117778376,0.01605510117778376
10,valid,PRESSURE_VAPEUR_roll_std_10,0.01600482359647245,0.01600482359647245
5,test,FLOW_RATE_PHOSPHORIC_ACID_1_diff_5,0.015977529800156588,-0.015977529800156588
1,valid,TEMPERATURE_CUVE_ATTAQUE_diff_5,0.01582130217040301,0.01582130217040301
10,valid,TEMPERATURE_CUVE_ATTAQUE_diff_5,0.01564903648358726,0.01564903648358726
5,valid,PRODUCTION_TSP_BALANCE_slope_10,0.01561236483138323,0.01561236483138323
1,valid,PRODUCTION_TSP_BALANCE_diff_5,0.015606570026009504,0.015606570026009504
5,valid,TEMPERATURE_CUVE_ATTAQUE_diff_5,0.015262422883202738,0.015262422883202738
1,test,FLOW_RATE_PHOSPHORIC_ACID_1_diff_5,0.015128149291157713,-0.015128149291157713
5,valid,PRESSURE_VAPEUR_roll_std_10,0.015043195753760095,0.015043195753760095
5,valid,PRODUCTION_TSP_BALANCE_diff_5,0.014770360369701935,0.014770360369701935
10,test,FLOW_RATE_PHOSPHORIC_ACID_1_diff_5,0.01476057222198298,-0.01476057222198298
15,test,FLOW_RATE_PHOSPHORIC_ACID_1_diff_5,0.014740682684825916,-0.014740682684825916
5,test,TEMPERATURE_CUVE_ATTAQUE_slope_10,0.014605401482529284,0.014605401482529284
1,test,TEMPERATURE_CUVE_ATTAQUE_slope_10,0.014542518812505428,0.014542518812505428
10,valid,PRODUCTION_TSP_BALANCE_slope_10,0.014228097009682795,0.014228097009682795
10,test,TEMPERATURE_CUVE_ATTAQUE_slope_10,0.014144660266154643,0.014144660266154643
15,test,TEMPERATURE_CUVE_ATTAQUE_slope_10,0.014078517439268952,0.014078517439268952
1,test,TEMPERATURE_AIR_CHAUD_slope_10,0.013942759841961057,-0.013942759841961057
15,valid,PRODUCTION_TSP_BALANCE_diff_5,0.013864743180822103,0.013864743180822103
15,valid,PRODUCTION_TSP_BALANCE_slope_10,0.013829815363623916,0.013829815363623916
10,valid,PRODUCTION_TSP_BALANCE_diff_5,0.013671820717477353,0.013671820717477353
10,valid,TEMPERATURE_GAZ_SORTIE_SECHEUR_roll_std_10,0.013601697241410405,-0.013601697241410405
1,test,TEMPERATURE_CUVE_DE_PASSAGE_slope_10,0.01357691072533607,0.01357691072533607
5,test,TEMPERATURE_AIR_CHAUD_slope_10,0.013473617743478704,-0.013473617743478704
15,valid,FLOW_RATE_SLURRY_M3_HR_2_diff_5,0.013444880557361745,0.013444880557361745
10,test,TEMPERATURE_CUVE_DE_PASSAGE_slope_10,0.01328957460235282,0.01328957460235282
5,test,TEMPERATURE_CUVE_DE_PASSAGE_slope_10,0.013260778073249964,0.013260778073249964
15,test,TEMPERATURE_AIR_CHAUD_slope_10,0.013112070084708808,-0.013112070084708808
5,valid,TEMPERATURE_GAZ_SORTIE_SECHEUR_roll_std_10,0.01299054431877102,-0.01299054431877102
1,test,DEPRESSURE_SECHEUR_diff_5,0.01277270870010399,-0.01277270870010399
5,test,TEMPERATURE_CUVE_ATTAQUE_diff_5,0.012737815929865021,0.012737815929865021
15,valid,TEMPERATURE_GAZ_SORTIE_SECHEUR_roll_std_10,0.012684116841905674,-0.012684116841905674
15,test,TEMPERATURE_CUVE_ATTAQUE_diff_5,0.012594862578704596,0.012594862578704596
5,valid,FLOW_RATE_GROUND_PHOSPHATE_diff_5,0.01248718685759597,0.01248718685759597
5,valid,FLOW_RATE_SLURRY_M3_HR_2_diff_5,0.012483153347660368,0.012483153347660368
1,valid,TEMPERATURE_GAZ_SORTIE_SECHEUR_roll_std_10,0.012355855182256138,-0.012355855182256138
1,valid,FLOW_RATE_SLURRY_M3_HR_2_diff_5,0.012319109731979047,0.012319109731979047
10,valid,FLOW_RATE_SLURRY_M3_HR_2_diff_5,0.012293370997422004,0.012293370997422004
1,test,TEMPERATURE_CUVE_ATTAQUE_diff_5,0.012274165994915324,0.012274165994915324
15,valid,FLOW_RATE_FIOUL_slope_10,0.012265526182191382,0.012265526182191382
15,test,TEMPERATURE_CUVE_DE_PASSAGE_slope_10,0.012212069954989644,0.012212069954989644
10,test,TEMPERATURE_CUVE_ATTAQUE_diff_5,0.012122436400155348,0.012122436400155348
10,test,TEMPERATURE_AIR_CHAUD_slope_10,0.011852740171477805,-0.011852740171477805
1,valid,HOT_AIR_DRYER_OUTLET_GRADIENT,0.01181261931173181,-0.01181261931173181
5,valid,FLOW_RATE_FIOUL_slope_10,0.01180920166246465,0.01180920166246465
10,valid,FLOW_RATE_GROUND_PHOSPHATE_diff_5,0.011784682984298618,0.011784682984298618
1,test,FLOW_RATE_SLURRY_T_PER_HR_slope_10,0.011757787890799223,-0.011757787890799223
10,valid,HOT_AIR_DRYER_OUTLET_GRADIENT,0.011580722634474162,-0.011580722634474162
1,valid,FLOW_RATE_GROUND_PHOSPHATE_diff_5,0.01156911489988998,0.01156911489988998
10,test,FLOW_RATE_SLURRY_T_PER_HR_slope_10,0.011271670996420778,-0.011271670996420778
5,valid,HOT_AIR_DRYER_OUTLET_GRADIENT,0.011216239197611106,-0.011216239197611106
15,test,FLOW_RATE_SLURRY_T_PER_HR_slope_10,0.011192778875683845,-0.011192778875683845
10,valid,FLOW_RATE_FIOUL_slope_10,0.01114535681354978,0.01114535681354978
15,valid,HOT_AIR_DRYER_OUTLET_GRADIENT,0.011121671261404268,-0.011121671261404268
5,valid,FLOW_RATE_LIQUIDE_LAVAGE_slope_10,0.010982599648274026,-0.010982599648274026
5,test,FLOW_RATE_SLURRY_T_PER_HR_slope_10,0.010974397723450055,-0.010974397723450055
1,test,PRODUCTION_TSP_BALANCE_diff_5,0.010845303835585633,-0.010845303835585633
1,valid,FLOW_RATE_FIOUL_slope_10,0.010810583383904056,0.010810583383904056
1,valid,FLOW_RATE_LIQUIDE_LAVAGE_slope_10,0.010672460112328057,-0.010672460112328057
5,test,DEPRESSURE_SECHEUR_diff_5,0.010480043652239883,-0.010480043652239883
1,test,DEPRESSURE_SECHEUR_slope_10,0.010366576011453141,-0.010366576011453141
5,test,PRODUCTION_TSP_BALANCE_diff_5,0.010240887065345554,-0.010240887065345554
1,test,TEMPERATURE_VAPEUR_slope_10,0.010217830719306821,-0.010217830719306821
1,test,FLOW_RATE_SLURRY_M3_HR_slope_10,0.010179683225230668,-0.010179683225230668
15,valid,FLOW_RATE_GROUND_PHOSPHATE_diff_5,0.010079010364015038,0.010079010364015038
10,test,FLOW_RATE_SLURRY_M3_HR_slope_10,0.010008545488029414,-0.010008545488029414
5,test,TEMPERATURE_VAPEUR_slope_10,0.010008144059160876,-0.010008144059160876
10,valid,RECYCLAGE_missing,0.009991758586496308,-0.009991758586496308
15,test,FLOW_RATE_SLURRY_M3_HR_slope_10,0.0097372682924711,-0.0097372682924711
10,test,DEPRESSURE_SECHEUR_diff_5,0.009720419026315756,-0.009720419026315756
5,test,FLOW_RATE_SLURRY_M3_HR_slope_10,0.00951195437474428,-0.00951195437474428
10,valid,FLOW_RATE_LIQUIDE_LAVAGE_slope_10,0.009346799737103052,-0.009346799737103052
5,test,FLOW_RATE_VAPEUR_slope_10,0.009249837540103736,-0.009249837540103736
1,test,TEMPERATURE_CUVE_DE_PASSAGE_diff_5,0.009123181961504422,0.009123181961504422
10,test,PRODUCTION_TSP_BALANCE_diff_5,0.00906277623389488,-0.00906277623389488
15,test,PRODUCTION_TSP_BALANCE_diff_5,0.008880120262643636,-0.008880120262643636
5,test,DEPRESSURE_SECHEUR_slope_10,0.008740924105600149,-0.008740924105600149
15,valid,TEMPERATURE_CUVE_DE_PASSAGE_slope_10,0.008733373648766028,0.008733373648766028
10,valid,TEMPERATURE_CUVE_DE_PASSAGE_slope_10,0.008694881046736214,0.008694881046736214
10,valid,LEVEL_CUVE_PASSAGE_diff_5,0.008577072681273128,0.008577072681273128
15,valid,FLOW_RATE_LIQUIDE_LAVAGE_slope_10,0.008516962343614093,-0.008516962343614093
10,test,TEMPERATURE_CUVE_DE_PASSAGE_diff_5,0.008504288625259806,0.008504288625259806
5,test,TEMPERATURE_CUVE_DE_PASSAGE_diff_5,0.008482225840415785,0.008482225840415785
1,test,FLOW_RATE_FIOUL_diff_5,0.008428351921048407,-0.008428351921048407
5,valid,FLOW_RATE_SLURRY_T_PER_HR_slope_10,0.008417892119085276,0.008417892119085276
1,test,FLOW_RATE_FIOUL_slope_10,0.008386065003631392,-0.008386065003631392
1,valid,FLOW_RATE_SLURRY_M3_HR_diff_5,0.008294604993298699,0.008294604993298699
1,test,FLOW_RATE_VAPEUR_slope_10,0.008249970295878423,-0.008249970295878423
5,test,FLOW_RATE_GROUND_PHOSPHATE_diff_5,0.008235341963732629,-0.008235341963732629
5,valid,TEMPERATURE_CUVE_DE_PASSAGE_slope_10,0.008217665689393402,0.008217665689393402
5,valid,FLOW_RATE_SLURRY_M3_HR_diff_5,0.008160948459293686,0.008160948459293686
5,test,FLOW_RATE_SLURRY_T_PER_HR_missing,0.008134568695185399,-0.008134568695185399
1,valid,TEMPERATURE_CUVE_DE_PASSAGE_slope_10,0.008134458758662824,0.008134458758662824
1,test,FLOW_RATE_SLURRY_T_PER_HR_missing,0.008118752622695985,-0.008118752622695985
1,valid,FLOW_RATE_SLURRY_T_PER_HR_slope_10,0.008011556771798099,0.008011556771798099
10,test,FLOW_RATE_VAPEUR_slope_10,0.007955342804657482,-0.007955342804657482
1,valid,FLOW_RATE_VAPEUR_slope_10,0.007887078605655498,0.007887078605655498
10,test,FLOW_RATE_VAPEUR_diff_5,0.00786113152942569,-0.00786113152942569
15,valid,LEVEL_CUVE_PASSAGE_diff_5,0.0078241217283791,0.0078241217283791
1,test,FLOW_RATE_SLURRY_T_PER_HR_diff_5,0.007776790324873424,-0.007776790324873424
15,test,TEMPERATURE_CUVE_DE_PASSAGE_diff_5,0.007755475606969504,0.007755475606969504
10,test,FLOW_RATE_SLURRY_T_PER_HR_diff_5,0.0077373100287856005,-0.0077373100287856005
15,test,FLOW_RATE_SLURRY_T_PER_HR_missing,0.0077316543890919645,-0.0077316543890919645
10,test,FLOW_RATE_SLURRY_T_PER_HR_missing,0.007702621929201309,-0.007702621929201309
10,valid,FLOW_RATE_SLURRY_M3_HR_diff_5,0.0075767767131050285,0.0075767767131050285
15,test,FLOW_RATE_SLURRY_T_PER_HR_diff_5,0.007539904014828869,-0.007539904014828869
1,test,FLOW_RATE_GROUND_PHOSPHATE_diff_5,0.007520601419724556,-0.007520601419724556
1,valid,FLOW_RATE_PHOSPHORIC_ACID_2_slope_10,0.007518850201938538,0.007518850201938538
5,test,FLOW_RATE_VAPEUR_diff_5,0.007449551269379133,-0.007449551269379133
5,valid,FLOW_RATE_VAPEUR_slope_10,0.007436689136200645,0.007436689136200645
15,valid,FLOW_RATE_SLURRY_T_PER_HR_slope_10,0.007426410292984409,0.007426410292984409
15,valid,LEVEL_CUVE_PASSAGE_slope_10,0.00733548149979484,0.00733548149979484
10,valid,FLOW_RATE_FIOUL_diff_5,0.007267739568648929,0.007267739568648929
10,test,FLOW_RATE_FIOUL_slope_10,0.007120133124449669,-0.007120133124449669
10,valid,LEVEL_CUVE_PASSAGE_slope_10,0.007099890037782755,0.007099890037782755
10,test,FLOW_RATE_SLURRY_M3_HR_diff_5,0.0070555064343124346,-0.0070555064343124346
15,valid,FLOW_RATE_SLURRY_M3_HR_diff_5,0.00699000036795537,0.00699000036795537
15,test,FLOW_RATE_FIOUL_slope_10,0.006940089044026001,-0.006940089044026001
5,valid,FLOW_RATE_FIOUL_diff_5,0.006908533568200509,0.006908533568200509
1,test,FLOW_RATE_SLURRY_M3_HR_diff_5,0.006899143133451548,-0.006899143133451548
5,test,FLOW_RATE_FIOUL_slope_10,0.00685838989768506,-0.00685838989768506
5,test,PRESSURE_VAPEUR_slope_10,0.006785716129720954,-0.006785716129720954
15,valid,FLOW_RATE_FIOUL_diff_5,0.006720747875327359,0.006720747875327359
15,test,TEMPERATURE_VAPEUR_slope_10,0.006692572192691839,-0.006692572192691839
10,test,TEMPERATURE_VAPEUR_slope_10,0.006668236721569623,-0.006668236721569623
15,test,FLOW_RATE_VAPEUR_slope_10,0.006657327026550354,-0.006657327026550354
10,valid,FLOW_RATE_SLURRY_T_PER_HR_slope_10,0.006645953104558308,0.006645953104558308
10,test,FLOW_RATE_FIOUL_diff_5,0.006565806393509136,-0.006565806393509136
5,test,FLOW_RATE_SLURRY_T_PER_HR_diff_5,0.006561652283714241,-0.006561652283714241
10,valid,FLOW_RATE_VAPEUR_slope_10,0.006410025889210685,0.006410025889210685
15,test,FLOW_RATE_SLURRY_M3_HR_diff_5,0.006404309985021672,-0.006404309985021672
15,test,LEVEL_CUVE_PASSAGE_roll_std_10,0.006395424031709409,0.006395424031709409
1,valid,FLOW_RATE_FIOUL_diff_5,0.006366907759252499,0.006366907759252499
15,test,FLOW_RATE_VAPEUR_diff_5,0.006363786757196449,-0.006363786757196449
1,test,FLOW_RATE_VAPEUR_diff_5,0.006350173244065593,-0.006350173244065593
5,valid,FLOW_RATE_PHOSPHORIC_ACID_2_slope_10,0.006271152629140166,0.006271152629140166
5,test,FLOW_RATE_FIOUL_diff_5,0.006196967447125025,-0.006196967447125025
15,test,DEPRESSURE_SECHEUR_diff_5,0.0061341311244452095,-0.0061341311244452095
10,test,LEVEL_CUVE_PASSAGE_roll_std_10,0.006058343757907362,0.006058343757907362
5,test,FLOW_RATE_SLURRY_M3_HR_diff_5,0.005835532491776828,-0.005835532491776828
10,test,PRESSURE_VAPEUR_slope_10,0.0057930192770219635,-0.0057930192770219635
5,valid,LEVEL_CUVE_PASSAGE_diff_5,0.00579184268762688,0.00579184268762688
10,test,FLOW_RATE_GROUND_PHOSPHATE_diff_5,0.005790408188924023,-0.005790408188924023
1,valid,ACID_TO_PHOSPHATE_RATIO,0.005736939679353577,0.005736939679353577
5,valid,ACID_TO_PHOSPHATE_RATIO,0.005712747981167797,0.005712747981167797
10,valid,ACID_TO_PHOSPHATE_RATIO,0.005682023739605506,0.005682023739605506
15,valid,ACID_TO_PHOSPHATE_RATIO,0.005676792335252872,0.005676792335252872
1,test,TEMPERATURE_AIR_CHAUD_diff_5,0.005638830995692117,-0.005638830995692117
10,test,DEPRESSURE_SECHEUR_slope_10,0.005634633196763271,-0.005634633196763271
5,test,TEMPERATURE_AIR_CHAUD_diff_5,0.0056307831204171705,-0.0056307831204171705
5,valid,FLOW_RATE_SLURRY_T_PER_HR_diff_5,0.0056261216799316765,0.0056261216799316765
1,test,PRESSURE_VAPEUR_slope_10,0.005610311649249246,-0.005610311649249246
15,test,PRESSURE_VAPEUR_slope_10,0.005562558554566334,-0.005562558554566334
15,valid,FLOW_RATE_VAPEUR_slope_10,0.005547267539622772,0.005547267539622772
15,test,TEMPERATURE_GAZ_SORTIE_SECHEUR_slope_10,0.005544439386913364,-0.005544439386913364
5,test,LEVEL_CUVE_PASSAGE_roll_std_10,0.005523163071865785,0.005523163071865785
15,test,FLOW_RATE_FIOUL_diff_5,0.005432047723135369,-0.005432047723135369
1,valid,FLOW_RATE_SLURRY_T_PER_HR_diff_5,0.0054108286198818354,0.0054108286198818354
5,valid,TEMPERATURE_VAPEUR_diff_5,0.005375570917237159,0.005375570917237159
5,test,LEVEL_CUVE_PASSAGE_slope_10,0.00528794077700574,0.00528794077700574
1,test,FLOW_RATE_PHOSPHORIC_ACID_2_diff_5,0.0052441665032696115,-0.0052441665032696115
1,valid,LEVEL_CUVE_PASSAGE_diff_5,0.005190983288808982,0.005190983288808982
1,test,LEVEL_CUVE_PASSAGE_roll_std_10,0.005183786290037342,0.005183786290037342
5,valid,LEVEL_CUVE_PASSAGE_slope_10,0.005180890614528136,0.005180890614528136
15,test,LEVEL_CUVE_PASSAGE_slope_10,0.005167034049257993,0.005167034049257993
15,test,FLOW_RATE_GROUND_PHOSPHATE_diff_5,0.005137107867306147,-0.005137107867306147
5,valid,FLOW_RATE_VAPEUR_diff_5,0.005078483843176359,0.005078483843176359
1,valid,RECYCLAGE_missing,0.005063132159953156,0.005063132159953156
10,valid,TEMPERATURE_VAPEUR_diff_5,0.0050409809718042434,0.0050409809718042434
10,test,LEVEL_CUVE_PASSAGE_slope_10,0.004981319303565974,0.004981319303565974
5,valid,FLOW_RATE_LIQUIDE_LAVAGE_diff_5,0.004980498154727973,-0.004980498154727973
5,test,FLOW_RATE_PHOSPHORIC_ACID_2_diff_5,0.00492946315124615,-0.00492946315124615
15,test,TEMPERATURE_AIR_CHAUD_diff_5,0.004840475629880952,-0.004840475629880952
1,test,FLOW_RATE_PHOSPHORIC_ACID_2_slope_10,0.004799715760919997,-0.004799715760919997
10,valid,FLOW_RATE_PHOSPHORIC_ACID_2_slope_10,0.004788008750692433,0.004788008750692433
1,valid,DEPRESSURE_SECHEUR_slope_10,0.004785664043913711,0.004785664043913711
1,test,LEVEL_CUVE_PASSAGE_slope_10,0.0046938853403596156,0.0046938853403596156
15,valid,FLOW_RATE_PHOSPHORIC_ACID_2_slope_10,0.004667990235657153,0.004667990235657153
10,test,TEMPERATURE_GAZ_SORTIE_SECHEUR_slope_10,0.004622447342887512,-0.004622447342887512
1,valid,DEPRESSURE_SECHEUR_diff_5,0.004614187724287522,0.004614187724287522
10,test,PRESSURE_VAPEUR_diff_5,0.0046086119914413946,-0.0046086119914413946
1,test,FLOW_RATE_LIQUIDE_LAVAGE_slope_10,0.004578611587983602,-0.004578611587983602
5,test,PRESSURE_VAPEUR_diff_5,0.004564095431558759,-0.004564095431558759
1,test,TEMPERATURE_BRIQUE_slope_10,0.004538489297036459,-0.004538489297036459
10,valid,FLOW_RATE_SLURRY_T_PER_HR_diff_5,0.004498374902841859,0.004498374902841859
10,valid,FLOW_RATE_LIQUIDE_LAVAGE_diff_5,0.004437321036629695,-0.004437321036629695
15,valid,FLOW_RATE_SLURRY_T_PER_HR_diff_5,0.004423759500160692,0.004423759500160692
10,valid,FLOW_RATE_VAPEUR_diff_5,0.004411966705610647,0.004411966705610647
1,valid,RECYCLAGE_diff_5,0.004399931835095555,0.004399931835095555
10,test,TEMPERATURE_AIR_CHAUD_diff_5,0.0043554617263818615,-0.0043554617263818615
5,valid,DEPRESSURE_SECHEUR_slope_10,0.004298174843914613,0.004298174843914613
1,valid,FLOW_RATE_VAPEUR_diff_5,0.004293817230186609,0.004293817230186609
5,test,TEMPERATURE_BRIQUE_slope_10,0.004248331155016668,-0.004248331155016668
15,valid,LEVEL_CUVE_PASSAGE_roll_std_10,0.00409618959566239,0.00409618959566239
1,valid,RECYCLAGE_slope_10,0.004067660202710239,0.004067660202710239
10,valid,SLURRY_DENSITY_PROXY,0.00405597212151568,-0.00405597212151568
5,valid,DEPRESSURE_SECHEUR_diff_5,0.004025607091923509,0.004025607091923509
5,valid,RECYCLAGE_diff_5,0.004007878839188385,0.004007878839188385
10,valid,TEMPERATURE_GAZ_SORTIE_SECHEUR_slope_10,0.003982478415576167,0.003982478415576167
5,valid,SLURRY_DENSITY_PROXY,0.003967736283467969,-0.003967736283467969
1,valid,SLURRY_DENSITY_PROXY,0.00395603564462301,-0.00395603564462301
15,valid,SLURRY_DENSITY_PROXY,0.0039226297180706415,-0.0039226297180706415
10,test,TEMPERATURE_BRIQUE_slope_10,0.0038945513554796375,-0.0038945513554796375
10,valid,DEPRESSURE_SECHEUR_diff_5,0.0038877190489411506,0.0038877190489411506
1,valid,LEVEL_CUVE_PASSAGE_slope_10,0.0038656827687862435,0.0038656827687862435
10,valid,DEPRESSURE_SECHEUR_slope_10,0.003859063204835549,0.003859063204835549
10,test,TEMPERATURE_GAZ_SORTIE_SECHEUR_diff_5,0.003857449481687739,-0.003857449481687739
10,valid,LEVEL_CUVE_PASSAGE_roll_std_10,0.0038372149470891695,0.0038372149470891695
1,test,RECYCLAGE_slope_10,0.0037784524624005266,-0.0037784524624005266
15,test,TEMPERATURE_GAZ_SORTIE_SECHEUR_diff_5,0.0037583889454032293,-0.0037583889454032293
1,valid,FLOW_RATE_LIQUIDE_LAVAGE_diff_5,0.003744921778978761,-0.003744921778978761
15,valid,PRESSURE_VAPEUR_diff_5,0.003713266415903755,0.003713266415903755
1,valid,TEMPERATURE_GAZ_SORTIE_SECHEUR_slope_10,0.00371176320706474,0.00371176320706474
1,test,RECYCLAGE_diff_5,0.003653750289189245,-0.003653750289189245
15,test,DEPRESSURE_SECHEUR_slope_10,0.0036386287080320216,-0.0036386287080320216
1,test,PRESSURE_VAPEUR_diff_5,0.0036305387482183605,-0.0036305387482183605
15,valid,TEMPERATURE_VAPEUR_diff_5,0.003525066722515616,0.003525066722515616
1,valid,TEMPERATURE_VAPEUR_diff_5,0.0035027468914828005,0.0035027468914828005
1,valid,TEMPERATURE_SLURRY_PULVERISATEUR_slope_10,0.003441498189114702,0.003441498189114702
5,test,FLOW_RATE_LIQUIDE_LAVAGE_slope_10,0.003426857549920196,-0.003426857549920196
10,valid,TEMPERATURE_SLURRY_PULVERISATEUR_slope_10,0.00342394735185898,0.00342394735185898
5,valid,TEMPERATURE_GAZ_SORTIE_SECHEUR_slope_10,0.003408950656548488,0.003408950656548488
15,valid,FLOW_RATE_VAPEUR_diff_5,0.003397295601767064,0.003397295601767064
15,valid,TEMPERATURE_GAZ_SORTIE_SECHEUR_slope_10,0.0033930208541754657,0.0033930208541754657
5,valid,TEMPERATURE_SLURRY_PULVERISATEUR_diff_5,0.0033131246534464018,0.0033131246534464018
15,test,TEMPERATURE_BRIQUE_slope_10,0.0033100819934174614,-0.0033100819934174614
5,valid,TEMPERATURE_CUVE_DE_PASSAGE_diff_5,0.0033076023438110475,0.0033076023438110475
10,valid,TEMPERATURE_SLURRY_PULVERISATEUR_diff_5,0.003294572675457912,0.003294572675457912
15,valid,TEMPERATURE_SLURRY_PULVERISATEUR_slope_10,0.0032904118230280863,0.0032904118230280863
5,valid,TEMPERATURE_SLURRY_PULVERISATEUR_slope_10,0.0032786984700075637,0.0032786984700075637
10,test,FLOW_RATE_PHOSPHORIC_ACID_2_diff_5,0.0032527396974375714,-0.0032527396974375714
10,valid,RECYCLAGE_slope_10,0.00324053349068781,0.00324053349068781
5,test,TEMPERATURE_VAPEUR_diff_5,0.0032116065029079736,-0.0032116065029079736
5,test,FLOW_RATE_PHOSPHORIC_ACID_2_slope_10,0.003132979276812118,-0.003132979276812118
5,valid,LEVEL_CUVE_PASSAGE_roll_std_10,0.0030358189311924743,0.0030358189311924743
15,valid,TEMPERATURE_CUVE_DE_PASSAGE_diff_5,0.0029798667211625657,0.0029798667211625657
5,valid,RECYCLAGE_slope_10,0.002976166911498473,0.002976166911498473
5,valid,PRESSURE_VAPEUR_diff_5,0.002956539030069778,0.002956539030069778
15,valid,RECYCLAGE_diff_5,0.0029543740107530613,0.0029543740107530613
5,valid,TEMPERATURE_VAPEUR_slope_10,0.0029228636825163468,0.0029228636825163468
5,test,TEMPERATURE_GAZ_SORTIE_SECHEUR_slope_10,0.00291699171958969,-0.00291699171958969
1,valid,TEMPERATURE_SLURRY_PULVERISATEUR_diff_5,0.0029081764835661925,0.0029081764835661925
15,valid,TEMPERATURE_GAZ_SORTIE_SECHEUR_diff_5,0.0028949062747208585,0.0028949062747208585
10,valid,RECYCLAGE_diff_5,0.002859402403930952,0.002859402403930952
5,test,TEMPERATURE_GAZ_SORTIE_SECHEUR_diff_5,0.002823816519966371,-0.002823816519966371
5,test,RECYCLAGE_diff_5,0.0027931502836194603,-0.0027931502836194603
10,valid,TEMPERATURE_VAPEUR_slope_10,0.0027911979709741453,0.0027911979709741453
15,valid,TEMPERATURE_AIR_CHAUD_slope_10,0.002786298298928974,-0.002786298298928974
1,test,TEMPERATURE_VAPEUR_diff_5,0.0027773633866195937,-0.0027773633866195937
1,valid,TEMPERATURE_CUVE_DE_PASSAGE_diff_5,0.0027692688546856366,0.0027692688546856366
15,valid,FLOW_RATE_LIQUIDE_LAVAGE_diff_5,0.0027422583805230684,-0.0027422583805230684
15,valid,RECYCLAGE_slope_10,0.002739941876389863,0.002739941876389863
1,test,TEMPERATURE_BRIQUE_diff_5,0.00272270390110921,-0.00272270390110921
10,valid,PRESSURE_VAPEUR_diff_5,0.002696892146306582,0.002696892146306582
10,valid,TEMPERATURE_CUVE_DE_PASSAGE_diff_5,0.002640844471356572,0.002640844471356572
5,test,TEMPERATURE_BRIQUE_diff_5,0.0026220211979726595,-0.0026220211979726595
15,test,TEMPERATURE_SLURRY_PULVERISATEUR_slope_10,0.002620653840381452,-0.002620653840381452
5,test,FLOW_RATE_LIQUIDE_LAVAGE_diff_5,0.0026075793385463833,-0.0026075793385463833
15,valid,PRESSURE_VAPEUR_slope_10,0.002576532552716596,0.002576532552716596
15,valid,TEMPERATURE_SLURRY_PULVERISATEUR_diff_5,0.002543375329855816,0.002543375329855816
15,test,PRESSURE_VAPEUR_diff_5,0.0025330171470247056,-0.0025330171470247056
5,valid,TEMPERATURE_AIR_CHAUD_diff_5,0.002521219218602021,0.002521219218602021
1,test,TEMPERATURE_GAZ_SORTIE_SECHEUR_slope_10,0.002415710153804726,-0.002415710153804726
1,valid,LEVEL_CUVE_PASSAGE_roll_std_10,0.0023485416026952483,0.0023485416026952483
1,valid,TEMPERATURE_VAPEUR_slope_10,0.0023450662309615956,0.0023450662309615956
15,valid,TEMPERATURE_BRIQUE_slope_10,0.0023419101446195065,0.0023419101446195065
10,test,TEMPERATURE_BRIQUE_diff_5,0.002316133573793,-0.002316133573793
1,test,FLOW_RATE_LIQUIDE_LAVAGE_diff_5,0.002277156192008019,-0.002277156192008019
15,valid,DEPRESSURE_SECHEUR_diff_5,0.002266576105050367,0.002266576105050367
10,valid,PRESSURE_VAPEUR_slope_10,0.0022491016408560656,0.0022491016408560656
10,valid,TEMPERATURE_AIR_CHAUD_diff_5,0.0022230510194784655,0.0022230510194784655
5,test,TEMPERATURE_SLURRY_PULVERISATEUR_slope_10,0.002185271174555189,-0.002185271174555189
15,valid,DEPRESSURE_SECHEUR_slope_10,0.002125443838056256,0.002125443838056256
1,test,TEMPERATURE_GAZ_SORTIE_SECHEUR_diff_5,0.0020980333031774914,-0.0020980333031774914
5,valid,DEPRESSURE_SECHEUR_roll_std_10,0.0020885093154744865,0.0020885093154744865
15,valid,DEPRESSURE_SECHEUR_roll_std_10,0.002064979503368558,0.002064979503368558
10,valid,TEMPERATURE_GAZ_SORTIE_SECHEUR_diff_5,0.002063864235843569,0.002063864235843569
15,valid,TEMPERATURE_BRIQUE_diff_5,0.0019462530209858248,0.0019462530209858248
10,valid,TEMPERATURE_BRIQUE_slope_10,0.0019444666003237312,0.0019444666003237312
5,valid,TEMPERATURE_BRIQUE_slope_10,0.0019203562501478783,0.0019203562501478783
10,valid,DEPRESSURE_SECHEUR_roll_std_10,0.001913089309071509,0.001913089309071509
15,test,FLOW_RATE_PHOSPHORIC_ACID_2_diff_5,0.0019115503612725368,-0.0019115503612725368
1,valid,DEPRESSURE_SECHEUR_roll_std_10,0.0018994598693889888,0.0018994598693889888
1,valid,TEMPERATURE_BRIQUE_slope_10,0.0018836260035542836,0.0018836260035542836
15,valid,FLOW_RATE_PHOSPHORIC_ACID_2_diff_5,0.0018524970624629502,-0.0018524970624629502
1,valid,TEMPERATURE_AIR_CHAUD_roll_std_10,0.0017970091465607102,0.0017970091465607102
1,valid,TEMPERATURE_GAZ_SORTIE_SECHEUR_diff_5,0.0017242629432615265,0.0017242629432615265
5,test,RECYCLAGE_slope_10,0.001685900666469024,-0.001685900666469024
1,valid,TEMPERATURE_AIR_CHAUD_diff_5,0.0016791137604828287,0.0016791137604828287
15,test,TEMPERATURE_BRIQUE_diff_5,0.001668890515596045,-0.001668890515596045
5,valid,RECYCLAGE_missing,0.0016323744286049005,-0.0016323744286049005
1,test,TEMPERATURE_SLURRY_PULVERISATEUR_diff_5,0.0015959293876919689,0.0015959293876919689
10,test,FLOW_RATE_PHOSPHORIC_ACID_2_slope_10,0.0015958007145021294,-0.0015958007145021294
10,test,TEMPERATURE_SLURRY_PULVERISATEUR_slope_10,0.0015880174143884265,-0.0015880174143884265
5,valid,TEMPERATURE_GAZ_SORTIE_SECHEUR_diff_5,0.0015156131721408951,0.0015156131721408951
15,valid,TEMPERATURE_VAPEUR_roll_std_10,0.00151308148820556,-0.00151308148820556
10,valid,TEMPERATURE_VAPEUR_roll_std_10,0.0015009518849964003,-0.0015009518849964003
1,valid,FLOW_RATE_PHOSPHORIC_ACID_2_diff_5,0.0014776100484827667,0.0014776100484827667
5,valid,PRESSURE_VAPEUR_slope_10,0.0014560790786637956,0.0014560790786637956
1,test,TEMPERATURE_SLURRY_PULVERISATEUR_slope_10,0.0014204683229270322,-0.0014204683229270322
10,test,FLOW_RATE_LIQUIDE_LAVAGE_slope_10,0.0014184018473311112,-0.0014184018473311112
5,valid,TEMPERATURE_BRIQUE_diff_5,0.001401839699430477,0.001401839699430477
15,test,LEVEL_CUVE_PASSAGE_diff_5,0.0013797953187182723,0.0013797953187182723
5,valid,TEMPERATURE_AIR_CHAUD_slope_10,0.0013557775792576955,0.0013557775792576955
15,valid,TEMPERATURE_AIR_CHAUD_roll_std_10,0.0012793598833294479,-0.0012793598833294479
10,valid,FLOW_RATE_PHOSPHORIC_ACID_2_diff_5,0.0012574758989755933,-0.0012574758989755933
15,test,FLOW_RATE_PHOSPHORIC_ACID_2_slope_10,0.0011833288717148914,-0.0011833288717148914
10,test,TEMPERATURE_VAPEUR_diff_5,0.0011791726969137483,-0.0011791726969137483
5,valid,TEMPERATURE_AIR_CHAUD_roll_std_10,0.0010606737678311323,0.0010606737678311323
1,valid,TEMPERATURE_BRIQUE_diff_5,0.0010291205754928865,0.0010291205754928865
10,valid,TEMPERATURE_AIR_CHAUD_roll_std_10,0.0010262953730882532,-0.0010262953730882532
1,valid,PRESSURE_VAPEUR_diff_5,0.0010125206228928237,0.0010125206228928237
15,valid,TEMPERATURE_VAPEUR_slope_10,0.0009501961076598515,0.0009501961076598515
1,valid,TEMPERATURE_AIR_CHAUD_slope_10,0.0008534600160109727,0.0008534600160109727
15,test,RECYCLAGE_diff_5,0.000811294407931017,-0.000811294407931017
1,valid,PRESSURE_VAPEUR_slope_10,0.0007868452307136632,0.0007868452307136632
5,test,LEVEL_CUVE_PASSAGE_diff_5,0.0007610598903203837,0.0007610598903203837
15,valid,TEMPERATURE_AIR_CHAUD_diff_5,0.0006917589019287279,-0.0006917589019287279
15,test,FLOW_RATE_LIQUIDE_LAVAGE_diff_5,0.0006895446476684088,0.0006895446476684088
15,test,TEMPERATURE_SLURRY_PULVERISATEUR_diff_5,0.0006664329873876569,-0.0006664329873876569
10,test,TEMPERATURE_SLURRY_PULVERISATEUR_diff_5,0.0006007615997669248,0.0006007615997669248
10,test,RECYCLAGE_diff_5,0.0005927224386231382,-0.0005927224386231382
10,valid,TEMPERATURE_BRIQUE_diff_5,0.0004960050916177335,0.0004960050916177335
10,test,LEVEL_CUVE_PASSAGE_diff_5,0.0003913339470144053,0.0003913339470144053
5,test,TEMPERATURE_SLURRY_PULVERISATEUR_diff_5,0.00034178611676186863,-0.00034178611676186863
1,test,LEVEL_CUVE_PASSAGE_diff_5,0.00029879260470491606,0.00029879260470491606
10,test,RECYCLAGE_slope_10,0.00029737948849304957,-0.00029737948849304957
10,valid,TEMPERATURE_AIR_CHAUD_slope_10,0.000289003821737859,-0.000289003821737859
15,test,RECYCLAGE_slope_10,0.00027947242817566263,-0.00027947242817566263
1,valid,TEMPERATURE_VAPEUR_roll_std_10,0.00025497389724074576,0.00025497389724074576
15,test,FLOW_RATE_LIQUIDE_LAVAGE_slope_10,0.0001790615412390414,0.0001790615412390414
15,test,ACID_TO_PHOSPHATE_RATIO,0.00014293594807353847,0.00014293594807353847
5,valid,FLOW_RATE_PHOSPHORIC_ACID_2_diff_5,0.00010950622282551502,-0.00010950622282551502
10,test,ACID_TO_PHOSPHATE_RATIO,9.330471491408227e-05,9.330471491408227e-05
15,test,TEMPERATURE_VAPEUR_diff_5,9.078492910262421e-05,-9.078492910262421e-05
5,test,ACID_TO_PHOSPHATE_RATIO,5.903683632577202e-05,5.903683632577202e-05
10,test,FLOW_RATE_LIQUIDE_LAVAGE_diff_5,4.13645528395733e-05,4.13645528395733e-05
5,valid,TEMPERATURE_VAPEUR_roll_std_10,4.067561260887903e-05,-4.067561260887903e-05
1,test,ACID_TO_PHOSPHATE_RATIO,3.777408987517586e-05,3.777408987517586e-05
